dataset,task_id,representation,source_sha256,utf8_bytes,cl100k_base,o200k_base,o200k_harmony,o200k_token_ids_equal
HumanEval+,HumanEval/0,python,5a34f1958758f07c984ae067df89ad58e338cddd331499c9f42f3738983e945d,290,66,67,67,True
HumanEval+,HumanEval/0,kern,5142fb13fad2312e336737535b1cd0b6431505553cf479aab8f1cbac1c090933,215,51,53,53,True
HumanEval+,HumanEval/0,kern_compact,1d43619fa4d5c8b6891fd7705cde3d3480e3f6c54a47e94b21b7e250a47021b4,156,47,49,49,True
HumanEval+,HumanEval/0,python_minifier,1578103a2caf66c2271015704265182bedae160229134ad579dc18afa229ead7,165,43,43,43,True
HumanEval+,HumanEval/1,python,a887eb370b5c82cf268ecd2aab4b36ead8ec7a6ffed4b9ceca245318d3ee8f4d,361,95,96,96,True
HumanEval+,HumanEval/1,kern,09794ef69e6bdd9d7da0a0cd3ca8838007c3378a8832bceb4689dc249516b7ef,241,73,74,74,True
HumanEval+,HumanEval/1,kern_compact,fdd7bdb2ce67ae24135dd9b6f32b7ab2f392b44298490a5115cad26805466974,190,71,73,73,True
HumanEval+,HumanEval/1,python_minifier,f9fcf13324b1b49c0ebf00445fe119919569e94460522d8dd5241a3d039b070a,207,75,76,76,True
HumanEval+,HumanEval/2,python,fcbde999e5b9e274b05390e6a1c398472a4821f63e75414295e506484740fe98,82,18,18,18,True
HumanEval+,HumanEval/2,kern,d734f2bc95368e9b9a17349f5664ea761046362082cd683793452d2929f2701a,55,12,12,12,True
HumanEval+,HumanEval/2,kern_compact,d734f2bc95368e9b9a17349f5664ea761046362082cd683793452d2929f2701a,55,12,12,12,True
HumanEval+,HumanEval/2,python_minifier,0122f121c7cc451c4442a7ea2f4b31565a005bd90a67f8b8b6353260209f0fff,52,14,14,14,True
HumanEval+,HumanEval/3,python,c527aad16e227c574618c0c9c030b3a720cd6d681834f592bab89e4f3e93d806,218,49,49,49,True
HumanEval+,HumanEval/3,kern,4497f9b1fa5faf4d0386effc7efc358d22295fa5afb54d5b6ff960b531384bd3,142,35,36,36,True
HumanEval+,HumanEval/3,kern_compact,96c618f474a64de69ecb6e54c7273f7ab36cd742bda90df23de3c94fbf27f1a3,108,33,35,35,True
HumanEval+,HumanEval/3,python_minifier,223cd22049aaf82e43a30d5e61682cff6197844f67e5a789a9f09f4ab947e9f9,120,35,35,35,True
HumanEval+,HumanEval/4,python,0aa1e2e70a7e6551d6017df25794e83903a87c0420d10b41bc7842c086ef4741,189,45,46,46,True
HumanEval+,HumanEval/4,kern,4ebeab07b2b0270f59535549486ec9b164c153d3b9e70df8da351c9a794c5f3f,151,37,39,39,True
HumanEval+,HumanEval/4,kern_compact,8899688bad4d0e6e68246fcc5f94c0d8d9450aa22107599983cbcabc94ca9daf,148,38,40,40,True
HumanEval+,HumanEval/4,python_minifier,af65ba9600b9c30e87344a5bc089dd05677be5f9ebe9440ea08e7816a85f82a7,124,37,37,37,True
HumanEval+,HumanEval/5,python,2b9537eb56ba7dced8a29a090417e24506dd6c6519b35ebf472ac7db8a11f0b5,256,61,63,63,True
HumanEval+,HumanEval/5,kern,5bee986380dbeff8eb9190df44b531f03a5fb305c0332562d8e019c1e31223e2,183,48,50,50,True
HumanEval+,HumanEval/5,kern_compact,c1db0a33e08905c6204aa9fb6b2d4e82c8c9b7f9b4d5201f88cfe50d32314ddd,175,48,50,50,True
HumanEval+,HumanEval/5,python_minifier,9cf2af0ba255d0366f1b51d3dae1204c9cd00add26cca95421e74ca00999d0e6,164,47,49,49,True
HumanEval+,HumanEval/6,python,17160ecac9bcf3088f806d433ef5519038c367db946eab6c451d11d128ae27ad,393,107,107,107,True
HumanEval+,HumanEval/6,kern,7dff9d839c1811d96f5cf74abd746a63cce25840733f5e2c54674c184bbc1dbc,259,82,82,82,True
HumanEval+,HumanEval/6,kern_compact,16c26fe628da534d0707d1f0e187bee4db6151157c422384394d21f12c4e1dd8,216,76,76,76,True
HumanEval+,HumanEval/6,python_minifier,6ea6d9c642c7d8308f8246a6f003ee5c24800910aef33529a03b0f4d12ca343d,212,77,77,77,True
HumanEval+,HumanEval/7,python,a467beadd4e6587a1059d022b903b04be8459d85a98c63d857cce0e89e7e60b8,161,36,36,36,True
HumanEval+,HumanEval/7,kern,3534f6f2a940ed1cb657d71e009db30302ad69e407664ee358e1317af0a46176,126,32,32,32,True
HumanEval+,HumanEval/7,kern_compact,3534f6f2a940ed1cb657d71e009db30302ad69e407664ee358e1317af0a46176,126,32,32,32,True
HumanEval+,HumanEval/7,python_minifier,7f6488c7baad950850bffb73c551847b3e79c8e00cf268d8a7e4ca74f150a78c,119,26,26,26,True
HumanEval+,HumanEval/8,python,b92b3e95effc332a23e4373fca8eb350e6a6b164543afe0c5de9584664a104ed,190,54,54,54,True
HumanEval+,HumanEval/8,kern,fab5a3c2b5d725ada9435c91b0d775b62be7a69cb2abd63037faae872daf0fcb,128,38,38,38,True
HumanEval+,HumanEval/8,kern_compact,730f7c99279825f7193d73f102d14f7c264dc73149f2e7d0eca768f693697003,113,38,38,38,True
HumanEval+,HumanEval/8,python_minifier,56980552741f9e46e161abc8ee15d976a04de554d1c0cab1e688dfacbbfec4eb,104,34,34,34,True
HumanEval+,HumanEval/9,python,20852dc7e52a71949978beee14b20f301a51700f39d9be802eb18baf304002a7,148,38,38,38,True
HumanEval+,HumanEval/9,kern,ae688350fef211a590b25385153b0ecc2e0a05a91408f923c5adc34df68f55d9,118,31,33,33,True
HumanEval+,HumanEval/9,kern_compact,ae688350fef211a590b25385153b0ecc2e0a05a91408f923c5adc34df68f55d9,118,31,33,33,True
HumanEval+,HumanEval/9,python_minifier,d6e866193ded1ae070d597d8e4b24b1c4ec3ff0c8200716003d09b8ebb244c36,107,31,32,32,True
HumanEval+,HumanEval/10,python,95e918e51a1113bb15a7af5f5a6590f9d8e3282047583305324b582259eae593,288,70,70,70,True
HumanEval+,HumanEval/10,kern,3de31952f42e867f217207c9075a708ed321be438056699983b19cc3ae6051d5,199,56,56,56,True
HumanEval+,HumanEval/10,kern_compact,a6dad94fe783e32d0864c1930844d059da5ce59088914adecdd61ab607534c3e,194,54,54,54,True
HumanEval+,HumanEval/10,python_minifier,d3d7188f7c74cdc9db0a1c09d43c82b2513dc17c4e2b480e8eef6ce793407871,192,61,61,61,True
HumanEval+,HumanEval/11,python,87522c51ead4f985b4c1d6f707fe1f03d3028fe371beec81030a8dd0499f0831,138,40,41,41,True
HumanEval+,HumanEval/11,kern,4c475145c06563ea4ea8d912897d2f735ba1d75b20397aaa58c6c9973762d1f1,106,33,34,34,True
HumanEval+,HumanEval/11,kern_compact,4c475145c06563ea4ea8d912897d2f735ba1d75b20397aaa58c6c9973762d1f1,106,33,34,34,True
HumanEval+,HumanEval/11,python_minifier,d4afacf392beeeefe017c3dfc4dae90c4b7744eb800661fbb766c0e4207e018b,105,31,32,32,True
HumanEval+,HumanEval/12,python,d5e844db7b83b101becf37437fe0817d5234e4ce67d503206d40610363ab743c,243,57,59,59,True
HumanEval+,HumanEval/12,kern,1edb2aaaf4eaddf3844af9f96637b13291de5814bc5dd8b9f67e1fbadd92bf40,166,47,49,49,True
HumanEval+,HumanEval/12,kern_compact,cdd92b4c419ee8e97baebb21aee448c05f0223ba3fb11b3505c4fa36a62a75c9,152,44,44,44,True
HumanEval+,HumanEval/12,python_minifier,4a020036e6f9bcb169d13e3989c38f46ee98d4965c2fc719770a3de5f819108c,144,43,43,43,True
HumanEval+,HumanEval/13,python,9d22d80225d272ba89acc8f151a25e0d9d34732899db6ccd85d10d9fbe06e507,182,61,61,61,True
HumanEval+,HumanEval/13,kern,852d47db762a529f84b1e2cdfbbd756b41104aa893f49b8dad66f6e74bd2cd9b,117,42,41,41,True
HumanEval+,HumanEval/13,kern_compact,22b19022000a930b0201ffd24915d2147d3cd9c96d426ccc5d818476a720a7b1,93,36,35,35,True
HumanEval+,HumanEval/13,python_minifier,428c2b7e86461a16bb2f0bd8dbbafaef8387d4e0a4e1f0442011f89245ffafe0,91,31,30,30,True
HumanEval+,HumanEval/14,python,11cfea265f64d19ae9be2a1e3099d4783437d2298cf7f6ac7d0226af302ad029,130,36,36,36,True
HumanEval+,HumanEval/14,kern,9fe9e11976565a94bc58d835cadd2300aa2d6290713228b90e0d0ceeb41cb595,99,27,29,29,True
HumanEval+,HumanEval/14,kern_compact,9fe9e11976565a94bc58d835cadd2300aa2d6290713228b90e0d0ceeb41cb595,99,27,29,29,True
HumanEval+,HumanEval/14,python_minifier,f7d95455cef8ae6dbfb05aacff771f1e4eea721d4ba772b0659ffa1a6214c25b,95,29,30,30,True
HumanEval+,HumanEval/15,python,9421dc58d0b254fcc2dad77dd77cce3ee443dedf0d322001b7fdfc53fa924595,85,25,25,25,True
HumanEval+,HumanEval/15,kern,21c7aee094f32d8d3a848f2c3b1038db9ba4992ed99b65fa578a84c385e21464,57,17,17,17,True
HumanEval+,HumanEval/15,kern_compact,21c7aee094f32d8d3a848f2c3b1038db9ba4992ed99b65fa578a84c385e21464,57,17,17,17,True
HumanEval+,HumanEval/15,python_minifier,89a1d67348b11bd6057dd3cd66faeca7d7cf020d8fb331ec4e6f9808c890d0ee,58,17,17,17,True
HumanEval+,HumanEval/16,python,bab57cc20f09f9983504b524748637b260d57b29b1c0a021040036f84e8837d7,91,20,21,21,True
HumanEval+,HumanEval/16,kern,3f689aea129f8a19f03a5ca15418b11f4f986d9bc5105fc553e25ca17c43db10,67,13,14,14,True
HumanEval+,HumanEval/16,kern_compact,3f689aea129f8a19f03a5ca15418b11f4f986d9bc5105fc553e25ca17c43db10,67,13,14,14,True
HumanEval+,HumanEval/16,python_minifier,b8563a1e0ce7a040a7ff8f8afdf562db9f9482c53468c194a496d4806392e83a,69,13,14,14,True
HumanEval+,HumanEval/17,python,74a1fec3905c6f24b9acbc8814bccb944f02df301f98d04b4d4d0daefbeeab89,323,87,87,87,True
HumanEval+,HumanEval/17,kern,d243e871e05276a2cd6616dde21d5fe0d1aaaa72322ffb26ce379a6341b62234,214,69,69,69,True
HumanEval+,HumanEval/17,kern_compact,96360ca9f28df6181ad94ae870679850696d9409a7ae7428ba4d776b5cbfe205,190,62,62,62,True
HumanEval+,HumanEval/17,python_minifier,d8ddca7607d647bc3dd7d0f53e42bd9dd79a02a77e0e96ff49995509e81ea88a,215,73,73,73,True
HumanEval+,HumanEval/18,python,6b526fb83048bb515f1b5b9501e103aaf7dc1d951e4770e1a11b931b38b3ed6e,208,55,52,52,True
HumanEval+,HumanEval/18,kern,d8e14166da15ace89409a01c20e10686899502748bce6919bce4c4295c9dc8f5,148,41,38,38,True
HumanEval+,HumanEval/18,kern_compact,3e2c2b7215754227c96fde895469c44c7ad7668e98f318e103441721b127f93f,121,34,34,34,True
HumanEval+,HumanEval/18,python_minifier,9d6f5970275899913e3384d217b6c4c9c0cfa0193d1cafdf7a0a14cccac5fc3a,124,38,38,38,True
HumanEval+,HumanEval/19,python,bf1128f5b5c69b2d004e703e95b1b16049d3fec90a0c7404526708260b1991dc,302,106,106,106,True
HumanEval+,HumanEval/19,kern,f46d65b3c5d1b1f740933d749626fffda36d02e00a4fbb5778ca2e51e03b5601,226,79,80,80,True
HumanEval+,HumanEval/19,kern_compact,f46d65b3c5d1b1f740933d749626fffda36d02e00a4fbb5778ca2e51e03b5601,226,79,80,80,True
HumanEval+,HumanEval/19,python_minifier,a4eead7874918721bc14f3e78ee117851ce5270bcca92ab51178338dadb2b274,230,77,78,78,True
HumanEval+,HumanEval/20,python,9d70c4f3bf0571b15293a534b818e3f81a0dd5418a2c67066a8845c9b04f3924,350,91,93,93,True
HumanEval+,HumanEval/20,kern,374a853153fe071574958675e08041eb0d9bf37d2c7e1236b986dcba21a39455,245,68,71,71,True
HumanEval+,HumanEval/20,kern_compact,0b3f02c5fbfeb09e5d008fac3e4aabf44bf54cccc64f93aba102c21c3ac88099,194,59,63,63,True
HumanEval+,HumanEval/20,python_minifier,c49a4e9bc42adeb9891a78cc53101a6968f0a48913c770748ccff071b92191ff,175,62,64,64,True
HumanEval+,HumanEval/21,python,e86108a69b9bd9909fe8a1647d23927775a217a850e1d771d1cf84ea32c8d1a1,203,58,60,60,True
HumanEval+,HumanEval/21,kern,e5d2245515ec451f4ea3085d8a9bafe4db3f434e3ad672197217978f88eaed44,148,49,49,49,True
HumanEval+,HumanEval/21,kern_compact,d4fdaa07b06a282518bf8b2a3166173926f42b50ae13d650ece45d814cc7b910,143,47,49,49,True
HumanEval+,HumanEval/21,python_minifier,76f61265f915f27b7fa6c8ea95c39de081e6d692e237450324dc45e2d02c0e11,127,43,43,43,True
HumanEval+,HumanEval/22,python,c292983cdad0a7d0fb684c82faeac9f0374f692a718b40d7b16b5b3d5b7cc09b,144,35,36,36,True
HumanEval+,HumanEval/22,kern,025457f0c4569e55011e1ddf54c4ee4c5c1ea54ea3a734e4b8ce840fe839fa65,108,30,31,31,True
HumanEval+,HumanEval/22,kern_compact,025457f0c4569e55011e1ddf54c4ee4c5c1ea54ea3a734e4b8ce840fe839fa65,108,30,31,31,True
HumanEval+,HumanEval/22,python_minifier,78f649fb9fb1e3864355a57c63d898de472464177ad60fae4ab194ee0d4ac105,105,25,26,26,True
HumanEval+,HumanEval/23,python,10ee528fe05e32582ffef4a7a3a8aa16313c8d5a9154ea367085a01af931d308,59,15,15,15,True
HumanEval+,HumanEval/23,kern,60dbe198431f12bfaee53ee81633a024a3dd3593e081cf5d363cc1b24aa53879,35,8,8,8,True
HumanEval+,HumanEval/23,kern_compact,60dbe198431f12bfaee53ee81633a024a3dd3593e081cf5d363cc1b24aa53879,35,8,8,8,True
HumanEval+,HumanEval/23,python_minifier,c15e5f32b2a68187e870f0fbe326cc7a2f767029bac73bc37fa43b97ec176b1a,37,8,8,8,True
HumanEval+,HumanEval/24,python,a2c1073c675b4007ce0a028836b4209e88e249e53e4e35c1d07a974ad38a72a8,117,41,41,41,True
HumanEval+,HumanEval/24,kern,ec6655dedc9d6b16813bb66b8356559dff6aae28b25e718b94f0a79de0ff2305,66,28,28,28,True
HumanEval+,HumanEval/24,kern_compact,a49404e1c36c52d971fdd92ecdf05f58d5dab0cab70d968d6c924fdb2a0cf3e0,62,27,27,27,True
HumanEval+,HumanEval/24,python_minifier,383edef954a41ec1f64f90972fe19646647de2d5cf67dcf67bc3d5cd1d70a7bb,79,28,28,28,True
HumanEval+,HumanEval/25,python,ae79ed8ab2c548e988e1d1fea9a9458004ca1580858792fdf662ab6c4568e19b,299,87,88,88,True
HumanEval+,HumanEval/25,kern,3a43640cdc87a7b62e84fad55df7c071eacd1dc92be8200b70a6f3faf705041e,167,62,62,62,True
HumanEval+,HumanEval/25,kern_compact,fcc09b0e9072f5786b4a5cb4363aeb6f81383e091d48cf960d7e4197e32518d8,157,63,64,64,True
HumanEval+,HumanEval/25,python_minifier,a82e42a3ea7227acb36cb056460c7bd05577cad2a22f8b6e2ff5406d9d9220aa,166,60,60,60,True
HumanEval+,HumanEval/26,python,a5d2b42f649fb01dbee3c2f8dfe0b4d8a8ec65bf8d8223b1135af583480564dd,293,72,72,72,True
HumanEval+,HumanEval/26,kern,b98a23e0c0696eebd3a373f72dc9533d10cb3348da873f6cb205e121e1a6bf51,221,55,55,55,True
HumanEval+,HumanEval/26,kern_compact,217dd6fc10d9f2159649a1793b4549af92881d6af140986bdd11d68486fbd855,156,48,48,48,True
HumanEval+,HumanEval/26,python_minifier,4d7f94e3ca93bb19ebac859bbc9ff13e7fd0e59e8c695fd2a6848104d3e73d0a,154,51,51,51,True
HumanEval+,HumanEval/27,python,271d352336d1c83e05f0fc4a79d7c908753acfdfcdfc0d46f39bc8ecbf97c1f7,95,25,25,25,True
HumanEval+,HumanEval/27,kern,cfc4559df4546c632cde5a411973b670ac63b7775a0c4b3b3c870dbb88caba1a,65,19,19,19,True
HumanEval+,HumanEval/27,kern_compact,cfc4559df4546c632cde5a411973b670ac63b7775a0c4b3b3c870dbb88caba1a,65,19,19,19,True
HumanEval+,HumanEval/27,python_minifier,06e57b76564bec48e51738908ee97c94f713c655f1dc52bf7887234cc23efd4c,70,17,17,17,True
HumanEval+,HumanEval/28,python,2ae0bf8bb5934caae4e4bae873ee272166f5e3569f56fd72ad4fd66e941457de,100,21,21,21,True
HumanEval+,HumanEval/28,kern,ccd9b3dddc85c004120ab709dafec3a2d8b55dd05490cef1a4843c89cfad3c6e,73,18,18,18,True
HumanEval+,HumanEval/28,kern_compact,ccd9b3dddc85c004120ab709dafec3a2d8b55dd05490cef1a4843c89cfad3c6e,73,18,18,18,True
HumanEval+,HumanEval/28,python_minifier,107703f09992f1e81aba6059916d26446f08927a6e2f910509c6de86abdf5cdb,71,14,14,14,True
HumanEval+,HumanEval/29,python,6eb45eda71db207d87d9afd944e23bcba05135025b846968dfa7006b6a2f897d,161,35,35,35,True
HumanEval+,HumanEval/29,kern,db3a7f8485acc960e6040ad713cfdc96f1c082f4be4ebc10235244d444d50f00,126,30,30,30,True
HumanEval+,HumanEval/29,kern_compact,db3a7f8485acc960e6040ad713cfdc96f1c082f4be4ebc10235244d444d50f00,126,30,30,30,True
HumanEval+,HumanEval/29,python_minifier,ff3e2ab58f748eeef2aee22b82a67881b019c71598ad5a1b429223030ceb0029,119,24,24,24,True
HumanEval+,HumanEval/30,python,298b5f9320630e292e7b796b341c9bf8627d428cf892bd38f7019579da30a2db,75,22,22,22,True
HumanEval+,HumanEval/30,kern,4f40281bf8be608ae7a6351d91f00c75bd38cec442140b3acca49c32c0cdb4af,45,16,16,16,True
HumanEval+,HumanEval/30,kern_compact,4f40281bf8be608ae7a6351d91f00c75bd38cec442140b3acca49c32c0cdb4af,45,16,16,16,True
HumanEval+,HumanEval/30,python_minifier,2e510ab2f24be7f57200e5f0cf36c7c112eb6642c1c4c3bd57474b8e9f18d9a8,55,15,15,15,True
HumanEval+,HumanEval/31,python,da5796e17eb6e1a03b8a44ea7ab159c1d3e7edd386863e8b1a7ba71772b6cff4,210,73,77,77,True
HumanEval+,HumanEval/31,kern,f239fef0506095adfb2f8aa4d474193dbdc32ff04cc78c20603fb92892a5d5f5,120,48,54,54,True
HumanEval+,HumanEval/31,kern_compact,e3dff0647c82570d31fd0ecd496c31229d6fb2e3530cad60a207e7136b02e5ce,100,44,46,46,True
HumanEval+,HumanEval/31,python_minifier,3fbc676a7bbabe9a9b1784feda90c3d1c55f6785bce188488192286adcb7a0ed,132,51,51,51,True
HumanEval+,HumanEval/32,python,f41a918b12b3aade15bb098bb48ac35607f77dad8a220cf810389cd40e62216f,461,149,149,149,True
HumanEval+,HumanEval/32,kern,2ddfc279f548b1ff8ebd6c26bf807d9f6a26ca0c0bf19a98fe0684e2f90c468e,289,112,113,113,True
HumanEval+,HumanEval/32,kern_compact,0e93ce942b4181ea44786d9accc70332bf7f4ea67e01253d06eb69671c8f4bd7,242,100,100,100,True
HumanEval+,HumanEval/32,python_minifier,2466b4de4bb7f60ee1e6743fa69e3d2f0d339f72bfff472633cede871a83d819,285,107,109,109,True
HumanEval+,HumanEval/33,python,beba8c8e582a48643f09b57732ea9e0bb178bbb4d9623785305d97edb2690c4f,176,64,65,65,True
HumanEval+,HumanEval/33,kern,afe7112d79301259fc8d2838e32c7c7403f287354ebf7ff2d0d5db60b2bc3789,135,50,52,52,True
HumanEval+,HumanEval/33,kern_compact,1df0119dd40649f2310df7979376208bb341b9a297d3099d6638ea448c1ac139,123,50,53,53,True
HumanEval+,HumanEval/33,python_minifier,03f5a14b6f834193f32fb00354539a8af7fa044d121b963ea36375f5b998ab9d,123,50,52,52,True
HumanEval+,HumanEval/34,python,3fb85fe919b58f5657167cbf53e32a8eb1eb4d0f07673d90e16301822e0d8b44,51,13,13,13,True
HumanEval+,HumanEval/34,kern,af69586a6a63940330c8fb6756f481bb9cbfc8122acf2d3b7bebf1409bab2411,29,8,8,8,True
HumanEval+,HumanEval/34,kern_compact,af69586a6a63940330c8fb6756f481bb9cbfc8122acf2d3b7bebf1409bab2411,29,8,8,8,True
HumanEval+,HumanEval/34,python_minifier,48be642af6ad0a11211ad31b747ecb93ed8c55ef3c6810913a5133f4db05bcdc,35,9,9,9,True
HumanEval+,HumanEval/35,python,9d83c02aeddf0538af4b331fde725072567d7ed66810cb21591bd8f1f3f97508,48,13,13,13,True
HumanEval+,HumanEval/35,kern,dc303e952b61a3bf04f8f169bd393937ae4b67c998b524aa1713a91c784bf3c2,26,8,8,8,True
HumanEval+,HumanEval/35,kern_compact,dc303e952b61a3bf04f8f169bd393937ae4b67c998b524aa1713a91c784bf3c2,26,8,8,8,True
HumanEval+,HumanEval/35,python_minifier,7ec428015393ff194a8b77a881e1a19e8d46e60f4145b1a648541edfe11e5b57,32,9,9,9,True
HumanEval+,HumanEval/36,python,fab618ea3ea6f3882c840c98382eee8ef855bc0bedfd8783f166081a8018c191,181,61,61,61,True
HumanEval+,HumanEval/36,kern,d94b3fc1d0075fb0761c755c98351864ed8821b7068fbe8789a9197c9eb6e027,108,47,47,47,True
HumanEval+,HumanEval/36,kern_compact,65009c393e050dd46c1a5ff91ee2ec9fa6d15a7ef071842e294b7d31fe460c74,98,45,45,45,True
HumanEval+,HumanEval/36,python_minifier,cfd97f0e1ecd3190ffe19f6fba55d10705f31f0c903c87887fa0a4f80f2508a1,121,45,45,45,True
HumanEval+,HumanEval/37,python,52a36278c83c5741b7c6a8ad5d9cb324b38d39b528348e75c0db112cae6546e3,172,64,64,64,True
HumanEval+,HumanEval/37,kern,91601c601ce67a8c9f795e1d4d9fe2c78ff0eff251dd92dd241dc36c867ed8a9,131,50,51,51,True
HumanEval+,HumanEval/37,kern_compact,0b9fa53e877885e4aca6fe1c5f03d8b8735425e909b2cdd043d86a289580260a,122,50,52,52,True
HumanEval+,HumanEval/37,python_minifier,1d2be15a0aff78cd6b4eb2527dcaab63e39bf7a6227a80ec8ef52f144dd892dc,122,50,51,51,True
HumanEval+,HumanEval/38,python,16a0e8662326a14b5c2f442ceddfe2649ebc4d81152052099d820a2f57b71cf9,584,189,191,191,True
HumanEval+,HumanEval/38,kern,3e9d8148bc9802d3e5faa8bacd4fd55f10b53f79af2af3dd911e2c6f967c5173,356,121,125,125,True
HumanEval+,HumanEval/38,kern_compact,a5b41fb674881a30f54bee050cbd991a459dcffe3d2b93194530521c384aa942,276,118,122,122,True
HumanEval+,HumanEval/38,python_minifier,05554e5116ef2a83e45d034317d9fd903bf381d7a2cd80c2ac864acd6cbda468,281,121,125,125,True
HumanEval+,HumanEval/39,python,91882140a6e7b78383454bdfd230fa3358693436c1d6b85d2fe0b6fca2941ddc,818,249,250,250,True
HumanEval+,HumanEval/39,kern,e1cfbee53575e6c844eced4ccc27b65de2c44a02c41dbefcd987ac6ddb380f0a,357,162,168,168,True
HumanEval+,HumanEval/39,kern_compact,e6fe6004db71cef42eeb10523081719937dfb3534f8882676e9cb62d7e7f61a7,313,154,160,160,True
HumanEval+,HumanEval/39,python_minifier,5d0fa5517a27ceb715eeea6b74dffe4eaf984b2170c7416dd5d2a50078659da0,410,185,186,186,True
HumanEval+,HumanEval/40,python,9f1e103dfd8a1973271f4d46e6f3afbfddd57ff9d25ff96cbf76db02e1c11133,260,71,71,71,True
HumanEval+,HumanEval/40,kern,93705a2f1fd977d46368eee92b5d69809c682f419727204c4a0f53e25d75193d,150,57,58,58,True
HumanEval+,HumanEval/40,kern_compact,93705a2f1fd977d46368eee92b5d69809c682f419727204c4a0f53e25d75193d,150,57,58,58,True
HumanEval+,HumanEval/40,python_minifier,2fcf8b6191174eab540471b92aa7350411a31e190e6e5bf93ece128e7c68beea,183,59,59,59,True
HumanEval+,HumanEval/41,python,4037945dcb4b7cc381ed628c86f671bfa51d5dc18dbe78f2e630a4ca5a053425,55,17,18,18,True
HumanEval+,HumanEval/41,kern,ecf8da11ae06d561fce0bbc166b19670ace8ec57c43fb51e3507b434ebc74e6e,30,9,10,10,True
HumanEval+,HumanEval/41,kern_compact,ecf8da11ae06d561fce0bbc166b19670ace8ec57c43fb51e3507b434ebc74e6e,30,9,10,10,True
HumanEval+,HumanEval/41,python_minifier,0ea92f0f9f142b51a8b975c83478df8f9876f53a2cb3249347d63c15a598203e,37,10,11,11,True
HumanEval+,HumanEval/42,python,9cd4901e15e1e74d5115cca7e12b79ff0bd5faa8ec7f34c8419c506dc0e1ceec,58,20,20,20,True
HumanEval+,HumanEval/42,kern,5cbee38bb89667d25b4192152fec39ad705986c6e6e01ef8dc88ba1809e5c40f,34,14,15,15,True
HumanEval+,HumanEval/42,kern_compact,5cbee38bb89667d25b4192152fec39ad705986c6e6e01ef8dc88ba1809e5c40f,34,14,15,15,True
HumanEval+,HumanEval/42,python_minifier,5ab261bf10ab2950ea731a9801395d682ec1c84147e23e48d20772ffab63ee0c,39,14,14,14,True
HumanEval+,HumanEval/43,python,ec5648997099aec18bc5c8568f79bcdc8ddc6e6056adcbbd71fd419aa2244a0a,179,49,49,49,True
HumanEval+,HumanEval/43,kern,58515da7c02872abbf64b680dcc5c106d419c873d0fee336563ca398ec3ea85c,102,36,37,37,True
HumanEval+,HumanEval/43,kern_compact,58515da7c02872abbf64b680dcc5c106d419c873d0fee336563ca398ec3ea85c,102,36,37,37,True
HumanEval+,HumanEval/43,python_minifier,c6fb55828a95171ae3205294f0f1b68ba48d1022fd1ac0bec0e4304e4ef6b5bf,130,40,40,40,True
HumanEval+,HumanEval/44,python,832e53422cc4420eef75fb6012b455ea51a60b06312e9042dec5046876f7a3a8,166,55,56,56,True
HumanEval+,HumanEval/44,kern,235009e71c83b5e83fdbba85f3533f40d9fb1c79d8352300c6942245696b27aa,92,36,36,36,True
HumanEval+,HumanEval/44,kern_compact,856b263b8f68108caba2c532db9d73d15492fd0fa3ef986a1dd07e4dc9c51a58,84,35,36,36,True
HumanEval+,HumanEval/44,python_minifier,a588aeefa137598cdf4950bff654f3e21642e7c332d535667c80bff37ec214c6,96,34,34,34,True
HumanEval+,HumanEval/45,python,56393f89f8a7abc6f91fb9bf2bf2f89681f5453e1a489f3e80ff4b8831a8ad15,51,18,18,18,True
HumanEval+,HumanEval/45,kern,507a5e6b7d73d5c27d161089d8b77498067a5f18a21b03a6faa22586a37842e2,24,9,9,9,True
HumanEval+,HumanEval/45,kern_compact,507a5e6b7d73d5c27d161089d8b77498067a5f18a21b03a6faa22586a37842e2,24,9,9,9,True
HumanEval+,HumanEval/45,python_minifier,a90b1688ad48731bd54f5181138e9fa425a7ad9db5f0376669022f94e430f026,35,11,11,11,True
HumanEval+,HumanEval/46,python,29991dc67f22a396dd40d773c2f91bde580c80700e6d2c41cd771c77b63b84c5,302,121,121,121,True
HumanEval+,HumanEval/46,kern,709f1a16b9ea62a987bd695eb6e4e9f18c237ddae90bee82237ac2d93f0549ac,129,72,76,76,True
HumanEval+,HumanEval/46,kern_compact,8fc2c54804ac0035d045fe14267ab3496cbc49643fe82e18452b38ab16eaa2ad,118,66,70,70,True
HumanEval+,HumanEval/46,python_minifier,8ec5b76abf8512479b7a478d1192b60a639b0234314b14f046aeeb52908a94bc,172,79,79,79,True
HumanEval+,HumanEval/47,python,de79d7b11d2c2422bb821e2de685a1fd8079978c8848ef4406d2b1b88154d2f8,193,70,70,70,True
HumanEval+,HumanEval/47,kern,5765f77d13cbf341ed714679fec73f89e15cdd50cab774e79a8a39e74512201e,121,45,46,46,True
HumanEval+,HumanEval/47,kern_compact,f16c52ae7bb7f6ff6270aed9d8c5afc6e8bcad03bdb0ee562f0d9bf57f524569,81,37,38,38,True
HumanEval+,HumanEval/47,python_minifier,80f80d2816b349a1e70b027a9a0c1593804a29855d9744d021d789fc4bb7dd48,107,40,40,40,True
HumanEval+,HumanEval/48,python,b72278d130d7341ffa4548630f7539438b03c334c80a55eb82c77f0110d8e766,64,17,17,17,True
HumanEval+,HumanEval/48,kern,e79df7e319a6b5a5ed1b4348f83167280f25d31e572df8c64b6bfb984293b894,40,12,12,12,True
HumanEval+,HumanEval/48,kern_compact,984f91b6b4e9f54ac223131de0908b45bec223eef2d358cda2883b6087418adc,35,10,10,10,True
HumanEval+,HumanEval/48,python_minifier,42d8cb946b9f1bd6c090d55785df3472628d6ecd6f19396e55a6dd87ff11fb84,47,13,13,13,True
HumanEval+,HumanEval/49,python,a5ccd58210c076517aab4315f4ddbda7c67cf88b93fe7b969ab872322140fa96,177,71,72,72,True
HumanEval+,HumanEval/49,kern,d60c7c6b40b606e361385e3112f830e7d51226cd1ac16aab6eb54378ddd7e0e2,81,40,43,43,True
HumanEval+,HumanEval/49,kern_compact,45c23391a852273e57fbfd0de1dda0ff71c4e3eae2984caa47f5cbfc998624d7,73,40,42,42,True
HumanEval+,HumanEval/49,python_minifier,d43f9b7e735bcac593ac3f49c34cfb0a16a3ad720735957bf2a0ffa084a24843,84,42,45,45,True
HumanEval+,HumanEval/50,python,4b201c368476ba3d1266febd5476280987fff5c8ab0a5879e012d1d7c5b706d5,226,83,83,83,True
HumanEval+,HumanEval/50,kern,ef0488aded4b8071c556b1260ebebcc0fd8a86e1c618d33e1bc6b6e0f83bb86e,164,66,66,66,True
HumanEval+,HumanEval/50,kern_compact,a1b580d9b5170198ccad41e0c041b9b67656cc515ac47f4a80fef89b423dec04,160,66,66,66,True
HumanEval+,HumanEval/50,python_minifier,6cfae5d521ad2f6330544aa6b84152547179df1781898bdd65abc95f0868de84,170,66,66,66,True
HumanEval+,HumanEval/51,python,ccd8751e46fb14c7cc45781176ff5059f1dc03b99281de454a09478d46e69896,103,29,28,28,True
HumanEval+,HumanEval/51,kern,18b99e0bd3921d002149aff99ee93636f3deb20c6d06c7590773150fd777dd70,76,27,26,26,True
HumanEval+,HumanEval/51,kern_compact,18b99e0bd3921d002149aff99ee93636f3deb20c6d06c7590773150fd777dd70,76,27,26,26,True
HumanEval+,HumanEval/51,python_minifier,6e46639740f0e941b7587a11f3a2d6e4c6368d8da4b0b04c122ae7814cd55143,89,27,26,26,True
HumanEval+,HumanEval/52,python,1db5e8db3e74c3916380ca04c44aa76d45157ec02b217a566ac0f004467dcedf,75,23,23,23,True
HumanEval+,HumanEval/52,kern,b236bcc659f7af453aefd57f57a1f9a45afdbd37c0dc0e1672ca64f15135303b,49,15,15,15,True
HumanEval+,HumanEval/52,kern_compact,b236bcc659f7af453aefd57f57a1f9a45afdbd37c0dc0e1672ca64f15135303b,49,15,15,15,True
HumanEval+,HumanEval/52,python_minifier,a83376090275f4c56e561f4834199d2d965c9214e1a36a1957db6e23ccb8f80f,51,15,15,15,True
HumanEval+,HumanEval/53,python,4282cc31e24dd23b3112ba037b2abfd856bd599549566bf1e6f8236e6d31c16d,46,17,17,17,True
HumanEval+,HumanEval/53,kern,582fe4d313eb95c4f69829103f1699cea54b5a7fa0bd03bea2f0d286e0251219,20,8,8,8,True
HumanEval+,HumanEval/53,kern_compact,582fe4d313eb95c4f69829103f1699cea54b5a7fa0bd03bea2f0d286e0251219,20,8,8,8,True
HumanEval+,HumanEval/53,python_minifier,925d1105235a07add86a337dd77b081632dbda338b62f34123640c4b88cebdc4,23,8,8,8,True
HumanEval+,HumanEval/54,python,c7f5fe7cd8e72ff0e8b91ba920bcd5093336d3c48425e1a20190891726b4d2af,68,25,25,25,True
HumanEval+,HumanEval/54,kern,e1c0a87498a9996ab0bdc8edeb085261cf5fe2ab5fc175be118275435f8e876c,42,17,17,17,True
HumanEval+,HumanEval/54,kern_compact,e1c0a87498a9996ab0bdc8edeb085261cf5fe2ab5fc175be118275435f8e876c,42,17,17,17,True
HumanEval+,HumanEval/54,python_minifier,100117b6a00dc258547546038b1c87b3f3aa48fb5bb4b06396200dd4022f9291,45,17,17,17,True
HumanEval+,HumanEval/55,python,2cd199a3d1287197c260950c85ccafcbb388e7043e28434f4dbf38de55b7e1e7,154,70,70,70,True
HumanEval+,HumanEval/55,kern,82942c88c8b00ef368651bfef80de25e218f31c7f02cf1b2c3531ef55082d330,75,41,43,43,True
HumanEval+,HumanEval/55,kern_compact,82942c88c8b00ef368651bfef80de25e218f31c7f02cf1b2c3531ef55082d330,75,41,43,43,True
HumanEval+,HumanEval/55,python_minifier,943f6b5f276a3b0c07cf014bf1a316efdb658fbf4dd47a7a5fc559cdff08b634,99,45,45,45,True
HumanEval+,HumanEval/56,python,af10bf4866343dcb08bdc6bf6da382e35459bcb4be2a2f2789075663c6ff8c79,192,63,63,63,True
HumanEval+,HumanEval/56,kern,5d90250bd3e0b5dc679f170af8cbcd40bb5adabfbd3e1aafa111474910f3cd9d,114,43,44,44,True
HumanEval+,HumanEval/56,kern_compact,e87269c55b583e3b8ffbed7c2e66fe6309b732ecb9842741be41b09acbb927cb,104,42,43,43,True
HumanEval+,HumanEval/56,python_minifier,0759f8f5125b88423cd83be1a4094d3c1cf771968d72b8d61d2e75f84ec8adba,127,49,49,49,True
HumanEval+,HumanEval/57,python,1b049e03a8a42dfde82be3f358eead8f5a25a7c306f1c784fcfb9e84a72eef4f,188,67,67,67,True
HumanEval+,HumanEval/57,kern,4b905af1c99f71545198eca76a1234872e9f511f1c01eafcdcd99c7d7c8cfb79,120,47,48,48,True
HumanEval+,HumanEval/57,kern_compact,6e99d40c8866eea381d8146fae1a36e5e462e0b9436af2cdd5065750a08115df,108,46,47,47,True
HumanEval+,HumanEval/57,python_minifier,e942071674c2cd4336abcd16673e8520f723e6cfc2da49622a99d0539d366928,124,52,53,53,True
HumanEval+,HumanEval/58,python,3636bd33e1ffa4d922396d9f1da4adc50de38dbb5217b444346a2e35e1fd77f2,91,26,26,26,True
HumanEval+,HumanEval/58,kern,e736290f671f294cfe80700ed761a7355609112d0e12be0617cedb4bc795132a,67,19,19,19,True
HumanEval+,HumanEval/58,kern_compact,e736290f671f294cfe80700ed761a7355609112d0e12be0617cedb4bc795132a,67,19,19,19,True
HumanEval+,HumanEval/58,python_minifier,4bf400f7ab0ecbba1efcd732994665a797120067fc20edffa4fbeff7324980f8,68,19,19,19,True
HumanEval+,HumanEval/59,python,0bfc421869ce0f5f062a6d752a8d92e3897920369656a3416d13bd506eca4946,292,98,98,98,True
HumanEval+,HumanEval/59,kern,38c2e9190646248d5f70d650b70e57f0f3dd6bc0009d759ed32b0b0b5dfee2e4,176,70,70,70,True
HumanEval+,HumanEval/59,kern_compact,ce263ec7c5b9a5172ca194d40d60b3db1a2e2be1a734b5db42c6741e1209a489,152,68,68,68,True
HumanEval+,HumanEval/59,python_minifier,74d17ac0fe14685378b385d6acda5dcce184217fd2c61d761ce63165a0fb19a6,173,68,68,68,True
HumanEval+,HumanEval/60,python,16c0edef05cbfaeecad4a84ae8b86db0bf890027f6baebcaa5bbee9aca88d30f,55,24,24,24,True
HumanEval+,HumanEval/60,kern,e11947068a81f23b219bb748bd51c8ded312d0eeb7e4db40f3926b58fb6e8ecf,26,13,14,14,True
HumanEval+,HumanEval/60,kern_compact,e11947068a81f23b219bb748bd51c8ded312d0eeb7e4db40f3926b58fb6e8ecf,26,13,14,14,True
HumanEval+,HumanEval/60,python_minifier,c0dc3eb625eafb2e3933e189d812b62e842b740a3e0118f9b10153032db10d17,32,14,14,14,True
HumanEval+,HumanEval/61,python,74b8c98e6f159398c135f37a6aebe3b75ff60eb374c3bf08f5d92af7e286950c,192,63,63,63,True
HumanEval+,HumanEval/61,kern,cdd63b798084066daede6ab0fb24b65cbc3a7f1e936dada77a30bcfb5f3941ec,114,42,43,43,True
HumanEval+,HumanEval/61,kern_compact,f7ebe302bbf324e29cc07e1e2898912ad95ebaacc5a568c91c48db376022074e,104,41,42,42,True
HumanEval+,HumanEval/61,python_minifier,9a6261cf32570eccf2763ef0481c19d3a37f59108436204622613848ecf40327,127,48,48,48,True
HumanEval+,HumanEval/62,python,547759852c312ec9c9c74e08e1a8754aef5f11bd8ca7465c0d56bf9ac5e48935,81,27,27,27,True
HumanEval+,HumanEval/62,kern,9fade239f562e0246898f77845724dad0210722cfc7f432db5760896602a7642,55,19,20,20,True
HumanEval+,HumanEval/62,kern_compact,9fade239f562e0246898f77845724dad0210722cfc7f432db5760896602a7642,55,19,20,20,True
HumanEval+,HumanEval/62,python_minifier,c270b067d7cad9c28d05dc24c0228fd7fb7412b0d2bf3f839bf76562332e478e,60,19,20,20,True
HumanEval+,HumanEval/63,python,fed2b60d2dbbd346c8cfb0ab5ce8ad0dd33e014d9d30085a16ad0485b5f2f47e,200,88,88,88,True
HumanEval+,HumanEval/63,kern,8dd75461cb34ab224dde81d4ef4259fb5b95aa3019f00458c1a790da31dba0cc,96,53,55,55,True
HumanEval+,HumanEval/63,kern_compact,f81e5eaea2ab99c497c222b40a016031837dd5295e00e76d873174b4d736f207,94,52,54,54,True
HumanEval+,HumanEval/63,python_minifier,c37747bc952fbe2d877b6b23347b81b8911e765a3fa166eb14a4cccc5d452496,122,56,56,56,True
HumanEval+,HumanEval/64,python,06d212d6b9e93c5da401fde3596e9a526c871a981de90791d94d2f619497c5bf,193,65,65,65,True
HumanEval+,HumanEval/64,kern,79360b2961351c4c9eed4f77235e1a0e0ae7f0380019884b42b6bf3fc5dc9cfe,137,58,57,57,True
HumanEval+,HumanEval/64,kern_compact,7ff4d6ac667821ea75ae8522793492be8778b5743be466c80b99bc124b57bd13,131,57,57,57,True
HumanEval+,HumanEval/64,python_minifier,81020ed33a4ce4e99ba7257f0b0a692f61f9750ca04bca0fa99c81a7b8a718d9,153,56,56,56,True
HumanEval+,HumanEval/65,python,1ffe840f10000297495fdfc0c548f5cef2017423055ecb2bc09bbe437c78b361,208,65,65,65,True
HumanEval+,HumanEval/65,kern,e056e9a01e4718ee678c7443e20ef97a4edc43ba1eb78a41f145b5c27629b23b,126,50,52,52,True
HumanEval+,HumanEval/65,kern_compact,c8fbb324425df1cfbf06748533236a06fada083b1f088ab2c14ca7d73003b15e,116,48,49,49,True
HumanEval+,HumanEval/65,python_minifier,7fa1a5425095189e2676c82d1fd4e22785c4934bc11bf29ed3992c957081ee07,142,54,54,54,True
HumanEval+,HumanEval/66,python,dccd13b607f62f918c0a9aac377515f869671bf8a33d543d8e8d03f9b8334c14,74,23,23,23,True
HumanEval+,HumanEval/66,kern,b1c4786184d78f0403385ec12e68c323795461dc79d9876635dd50b882919a5d,54,19,19,19,True
HumanEval+,HumanEval/66,kern_compact,0a65aaa5bf21905eaccab74d802f711f9d9bd040feaeeb23e556ae46544a9da2,51,18,18,18,True
HumanEval+,HumanEval/66,python_minifier,99e9e671ec2651833f4cd0307a78ca72498b2ae9d7195548795984a9e4dcb7c4,61,21,21,21,True
HumanEval+,HumanEval/67,python,8d4c49649d99dc31a241bf9efadecf1abf01dc049788d040e7295dd201540ae0,189,66,66,66,True
HumanEval+,HumanEval/67,kern,6315a1bbe6b14a96d446564c2be98850fae17f557704933f70e0917ce49a63fc,120,42,43,43,True
HumanEval+,HumanEval/67,kern_compact,4b704c77e62efcd231ed5e3d3d770fed6985685ad33b6418c1c0c213b7993e4a,102,36,37,37,True
HumanEval+,HumanEval/67,python_minifier,4a4111bba2d40c69d59f6f15809a8f8a0612ded087ad26bb50850234ef9ede80,112,37,38,38,True
HumanEval+,HumanEval/68,python,8fa9060a7d85ced84d4cb3e6e796831c804b8b0dd910b3da0c9801920391a998,219,68,68,68,True
HumanEval+,HumanEval/68,kern,f23ec4f5f08e8d4a44d6324447659fe5ece1f1f42157ae48e47d5aabd84bd2b2,143,51,51,51,True
HumanEval+,HumanEval/68,kern_compact,ac4efe0e090ef9e5410bc3992301caa541efeb22ec7d935b7cae85549d8fcb0f,118,48,48,48,True
HumanEval+,HumanEval/68,python_minifier,b68b5b4c9ab99ecdcba1ff71fdf16760bb99476796f925d77e864149096a95f5,142,52,52,52,True
HumanEval+,HumanEval/69,python,93d9a94d506258f0b37a24ab22e3ed4662dc7f084891f569308261c9ea003934,258,73,73,73,True
HumanEval+,HumanEval/69,kern,519119333e6edade23f8e4dbd7bde0ccb9372d8e944fb940bacd1b76e471c44b,156,50,50,50,True
HumanEval+,HumanEval/69,kern_compact,8ffa155e08f0f28d214bb4783cc44a4d900ffee222433d6718f02acf60062f50,110,47,47,47,True
HumanEval+,HumanEval/69,python_minifier,32108bd462045b25a9df5e1d48f81421c29aa97f5cd858d4dbcca59644949c2a,134,53,53,53,True
HumanEval+,HumanEval/70,python,d33d8edec90bd5e6e8453c1259ac7cff5eaad10e14bc30cf84b18e60b7e30666,279,81,81,81,True
HumanEval+,HumanEval/70,kern,9ae719436e12931dd1fddd376be006590521311d36a3be9b71e561439ee1664e,192,59,60,60,True
HumanEval+,HumanEval/70,kern_compact,e5d5e7c7f3528b7b53259d337b9573a28725a187487f2b6d7ce46392b0c632b1,125,53,54,54,True
HumanEval+,HumanEval/70,python_minifier,bf26934b8b4e40b7e5f1c00b4226999c4772ae39fd65a54a4e68c6f83f39b576,147,53,53,53,True
HumanEval+,HumanEval/71,python,4725f74bec2d1cd37e5c4080725a62d4dadb6dac915aebf314dcde56e527ccce,175,81,81,81,True
HumanEval+,HumanEval/71,kern,9b5a09db24d6098a6460cd7776e3384ed74724ee8234b8c8238a2db91052cb2e,98,52,52,52,True
HumanEval+,HumanEval/71,kern_compact,9b5a09db24d6098a6460cd7776e3384ed74724ee8234b8c8238a2db91052cb2e,98,52,52,52,True
HumanEval+,HumanEval/71,python_minifier,78e18fd760f3c03fe3677c027cb867981402dfa0328296d608f65bcc509206a0,120,54,54,54,True
HumanEval+,HumanEval/72,python,6d186108c4e53c4e6332e38daf7367c117c1681871b030d5fc31c9c168d2b958,65,24,24,24,True
HumanEval+,HumanEval/72,kern,6cd378b3d09fdb7dc25f4d2f7235c8e332ee13a252652346f1cd16d13348f6b0,38,18,18,18,True
HumanEval+,HumanEval/72,kern_compact,526cc02ec71a9dee55bcab4417ed74cbc92cbfbdfc79b29af060191d5d225ca5,30,16,16,16,True
HumanEval+,HumanEval/72,python_minifier,5bb57aa002854c82ace16a6f239e8e8a1bcedc3c9f9939e84fdbd299c5a74b02,51,20,20,20,True
HumanEval+,HumanEval/73,python,5d147e1911afd8374a2e982abccc1b6ebfd5b0ab5fa907ede7d6549d4717c416,175,53,53,53,True
HumanEval+,HumanEval/73,kern,16bb4e999e4f8905ea64e75245a8ff8c7f51b4a3b7fba20f42167fc4be8e9fb0,116,40,40,40,True
HumanEval+,HumanEval/73,kern_compact,d59b33e854e5fcdb625a5c58944f686c0819ade8b4ce15b59ceeda201a13a01a,83,33,33,33,True
HumanEval+,HumanEval/73,python_minifier,d028f24f4a07549eea86595e52c0d8331efe4e902a83838cd85aca19f6a83f8a,105,40,40,40,True
HumanEval+,HumanEval/74,python,694c8d9fa0f240e96e3cbeb9f8b6eeff565cc69d705d2488a0dc24c36b0a2bf9,150,53,53,53,True
HumanEval+,HumanEval/74,kern,46b04c007fa8a56dfd6ba12b1814f3d8201204258df77e5ccbedd1b2cb2ec892,108,46,48,48,True
HumanEval+,HumanEval/74,kern_compact,8550e2d41c94674ded8c11c8561ff1e973bae93c28569f5076326a0f7b7897fe,104,43,45,45,True
HumanEval+,HumanEval/74,python_minifier,0352ac8a3b9804145c8ab7e14e0c2d8e198294d1ef604159c6f203ce28f14ff7,122,41,43,43,True
HumanEval+,HumanEval/75,python,0dd2c455f61940556b802e37be502419065110e7e10e1189227c453a98ce850d,377,129,131,131,True
HumanEval+,HumanEval/75,kern,3e8dd3922a85ecb5b2b9545e96d92e65465272786cca0490d0acb1a4236075a4,221,91,93,93,True
HumanEval+,HumanEval/75,kern_compact,45d124bf79a4d5f0e29104b44833b6423e05ae30212ccc2ae8852224f91b0cc5,185,87,89,89,True
HumanEval+,HumanEval/75,python_minifier,e2cdaa0c9ced1dd318ccdb329750ee1b618f1d595bfb74e56eea6ccebc9173f9,219,94,95,95,True
HumanEval+,HumanEval/76,python,5134c989789ad45de48c1eede8833c9cc771a2d14bb677e8b2bf5bc8e397e5b4,254,94,94,94,True
HumanEval+,HumanEval/76,kern,80aeb59fea7eb4632cc2dfd1410bcc93f54219cd73e52b1cb4fb224e44956c91,134,58,63,63,True
HumanEval+,HumanEval/76,kern_compact,80aeb59fea7eb4632cc2dfd1410bcc93f54219cd73e52b1cb4fb224e44956c91,134,58,63,63,True
HumanEval+,HumanEval/76,python_minifier,51475000f1a3a7f2a2c0b7ffae8bbef5a4a69a8cf19def0656e97cf0970065a3,187,67,67,67,True
HumanEval+,HumanEval/77,python,0902349c05ee4c53a93b0dc91b49d03cc6045290f711aa4607119dd9ec2f5ac0,80,31,31,31,True
HumanEval+,HumanEval/77,kern,61e8548b8ad4c9f1319927236fdf3757276a12a23adf0859023463196521e059,48,24,25,25,True
HumanEval+,HumanEval/77,kern_compact,61e8548b8ad4c9f1319927236fdf3757276a12a23adf0859023463196521e059,48,24,25,25,True
HumanEval+,HumanEval/77,python_minifier,394566625ca6b65dd242011f3bf529b6d0e71a71c8d81867e78ebf80fcc7fe58,57,23,24,24,True
HumanEval+,HumanEval/78,python,144d45354325500237791d734c5c6cc615a35b817824410f4c861e7f1e4402c7,85,24,24,24,True
HumanEval+,HumanEval/78,kern,91b24107411125ac93a30c04de2bf7bd668a3c9317c2a0f65ee223e9a082b81a,54,19,19,19,True
HumanEval+,HumanEval/78,kern_compact,91b24107411125ac93a30c04de2bf7bd668a3c9317c2a0f65ee223e9a082b81a,54,19,19,19,True
HumanEval+,HumanEval/78,python_minifier,124c3f73b92d263c2e41226a78174adb8b9f37fcc01b2724da386d5cc84076df,68,20,20,20,True
HumanEval+,HumanEval/79,python,9e15748b6cc13663a9158502e85edbb5868b30bab4d9e25b1d589cfbdcb593cc,78,23,23,23,True
HumanEval+,HumanEval/79,kern,06e26718953d6420e7ff1d5d5157cc0ef5916010095ed3c6dca2b8fcd64aa2a8,53,16,16,16,True
HumanEval+,HumanEval/79,kern_compact,06e26718953d6420e7ff1d5d5157cc0ef5916010095ed3c6dca2b8fcd64aa2a8,53,16,16,16,True
HumanEval+,HumanEval/79,python_minifier,879a6a10d8043bac9e5e141319a9c564baeb300601aada7145d1f442ad1aa0b9,63,18,18,18,True
HumanEval+,HumanEval/80,python,e0960e6c4b4913e8cdb7a6ffc32a95fcea9ad124087921c4c4842b10849b5113,198,76,76,76,True
HumanEval+,HumanEval/80,kern,e4d299a8bd327ddf1bd5ca664663a0b277485d2e4ee7f553b68761113e5b16f7,114,55,56,56,True
HumanEval+,HumanEval/80,kern_compact,e4d299a8bd327ddf1bd5ca664663a0b277485d2e4ee7f553b68761113e5b16f7,114,55,56,56,True
HumanEval+,HumanEval/80,python_minifier,ca9b3535b4d6447987872b883cff4607350e7b74feb299f9ce2f501dec073cf8,146,61,61,61,True
HumanEval+,HumanEval/81,python,f4b4eed19f0938968ca7ec3ccb5558fa32e503607300a7d45b0b8e1b437df197,679,214,214,214,True
HumanEval+,HumanEval/81,kern,230563082b6ead489650e9aa8c9da76b21f0f35378dee21beb7a01cbdb450164,346,152,152,152,True
HumanEval+,HumanEval/81,kern_compact,c9b26744361cbc429764bdca4d9713129ba3db03919944b3e7898f95bdc23a2a,319,150,150,150,True
HumanEval+,HumanEval/81,python_minifier,fb49e10eb8ff1e8505f64191aedbf733a144659406b35955d4b241bf03978312,383,150,153,153,True
HumanEval+,HumanEval/82,python,1c02ec5dab9b0d098d7314365eebfa312ca88289f39d609e00ac218b092ae7f5,167,54,54,54,True
HumanEval+,HumanEval/82,kern,eb694073566b5fc889fb1a01b43a1f0fae3f5694717d62c72bc9932f6521b674,109,39,39,39,True
HumanEval+,HumanEval/82,kern_compact,619464bc9a59531307ec2e486dc68cc48c53ef578b293d8c80f731ce3e622bc9,95,37,37,37,True
HumanEval+,HumanEval/82,python_minifier,af3d3de1924668dd2b3ee94afbeed5d0aba3103c5132ac2bce46903b3b3dd6e1,120,39,39,39,True
HumanEval+,HumanEval/83,python,a453b3e415753c327e16038c8bd951e6ea411c37a81cf757b472a6178c414153,82,33,34,34,True
HumanEval+,HumanEval/83,kern,35a34052ca25524906a9d3dff48fc89a3f4f777e5744ede5be17ac5989adf2bd,43,21,24,24,True
HumanEval+,HumanEval/83,kern_compact,35a34052ca25524906a9d3dff48fc89a3f4f777e5744ede5be17ac5989adf2bd,43,21,24,24,True
HumanEval+,HumanEval/83,python_minifier,5ed66b21bc26f2ccd3bf4fb0cefd6fe4865372aacd30b5f35b820bc27357be1d,62,24,26,26,True
HumanEval+,HumanEval/84,python,a011fbb111415d9b4f591dd9073cb0782cd297414a42c927f08bea83c2f7ae1c,83,27,27,27,True
HumanEval+,HumanEval/84,kern,22f65edae1ae737af170cdad738ccb10bdc822047c8975427bba0b7dd4c9db38,51,21,21,21,True
HumanEval+,HumanEval/84,kern_compact,22f65edae1ae737af170cdad738ccb10bdc822047c8975427bba0b7dd4c9db38,51,21,21,21,True
HumanEval+,HumanEval/84,python_minifier,041bd583c03de7217e3a4b49ba2d1d71a63b2f862055595485cc37fc1c279f72,65,21,21,21,True
HumanEval+,HumanEval/85,python,d7e6a1767c627b8d8a93ab92ad94eda10d81bca6a069219b1c9748e7b4090343,129,48,48,48,True
HumanEval+,HumanEval/85,kern,543b6fc3333050c3217dbb9e736744c243ea9326c404f40bfd32b2e60c5d2114,69,32,32,32,True
HumanEval+,HumanEval/85,kern_compact,543b6fc3333050c3217dbb9e736744c243ea9326c404f40bfd32b2e60c5d2114,69,32,32,32,True
HumanEval+,HumanEval/85,python_minifier,1e1737a821ab9321d907d28f565f27499beab41467b1eb35ff3b77ed278c5cde,86,38,38,38,True
HumanEval+,HumanEval/86,python,f93f2a273b299c24d36f5e051adb14bdf640c9763a78dd286ea34c13cc931184,135,36,36,36,True
HumanEval+,HumanEval/86,kern,a5ffda6dadfacc069bc89d65a3de1a0ec42d653908c941283e3a87a1352f128c,98,32,33,33,True
HumanEval+,HumanEval/86,kern_compact,b92fba96049aeab6a712fbd820526e2ee6f1e651d8155a697f94b7d52dcac72a,90,32,33,33,True
HumanEval+,HumanEval/86,python_minifier,58d3cc4b86a3e42349b4663a0422997416d82cff3d13c13cb74ea47d13d5eae0,107,31,32,32,True
HumanEval+,HumanEval/87,python,61fb94f8b7fae0d9ef9b92a43a61487a603859580034bb826dedceba904f9344,173,58,58,58,True
HumanEval+,HumanEval/87,kern,0312827909be266822039e9dce17229c852a458f74f83d274070f2b90e2ba125,113,42,42,42,True
HumanEval+,HumanEval/87,kern_compact,c8c89fe338e122ef38b7b6144e5cdbd891fc3815985e731856a2021b06b6ff2e,107,42,42,42,True
HumanEval+,HumanEval/87,python_minifier,55980b02a6d96e2f711019caff7b35222beaec4f8a63a32ba94a085b31298b99,127,44,44,44,True
HumanEval+,HumanEval/88,python,857b596c18194639c483cc6d8029c89da46a9a7704d10fe48152492b78e38562,121,37,37,37,True
HumanEval+,HumanEval/88,kern,70c9022eae75521d3d6072f2b8735f29ee7fb3a82e384e693a548f1480625628,83,30,30,30,True
HumanEval+,HumanEval/88,kern_compact,70c9022eae75521d3d6072f2b8735f29ee7fb3a82e384e693a548f1480625628,83,30,30,30,True
HumanEval+,HumanEval/88,python_minifier,1ffe69e75b616040da7c857fbb429ccb0293afac90e7495174165450f0e2b24a,94,34,34,34,True
HumanEval+,HumanEval/89,python,3c3714cbc3ed171d9dbca49d27a8ddda7879873780208c81a1e598f59f994e35,160,50,50,50,True
HumanEval+,HumanEval/89,kern,845e7919294a061e6892ea422461fdd3a439dac4418ed74fa11626f72f950090,121,41,42,42,True
HumanEval+,HumanEval/89,kern_compact,845e7919294a061e6892ea422461fdd3a439dac4418ed74fa11626f72f950090,121,41,42,42,True
HumanEval+,HumanEval/89,python_minifier,540058e9c1966856ddc663be8a80ec29e5cea2a7eee427c6da05de04bd41878b,133,40,41,41,True
HumanEval+,HumanEval/90,python,89d456933f733e020462f8a3344d3123eb72ea21aed631d2ce9c67d6af370c1f,171,46,46,46,True
HumanEval+,HumanEval/90,kern,2e858cc5ca6d395caaf9ef4c3942ff4dc16e70abad29493db90ef80a90d3dd1c,108,35,36,36,True
HumanEval+,HumanEval/90,kern_compact,49859f2e3983c5ddf95daca53ce842209f09eb9aa8ca7de37aeaedc9fa92bc73,67,29,29,29,True
HumanEval+,HumanEval/90,python_minifier,36ebe530c703d83cefe7fb12bc006478acbc79a4ccc29a80d71fcfad7cf06340,96,33,33,33,True
HumanEval+,HumanEval/91,python,002dd88a6f515dab8f0354f1de10955c76ff2197c2cc7965987a75a25d23872c,176,48,48,48,True
HumanEval+,HumanEval/91,kern,ba370ef1a3ede5c9291bf1c91febe9216c9484e76fc109bc94e4417db7030a62,139,43,43,43,True
HumanEval+,HumanEval/91,kern_compact,f641f7d134c68495c4dd6b04c3514432abf030c8b7aaeea710bcf8d5be2a667c,123,41,41,41,True
HumanEval+,HumanEval/91,python_minifier,59393200b2f1aade15a5bc1d576065ea54411b6594fc2643d4e26d0d2280dde7,137,47,47,47,True
HumanEval+,HumanEval/92,python,60430c09a79eb2f08aeab746b06b64b393ae305b9dc203803c9237fec492d934,147,53,53,53,True
HumanEval+,HumanEval/92,kern,1ed95b8b9a636e5d92c2a0df9e9e7150b134b4891854f7f18a1d33d400a4c3ff,89,39,42,42,True
HumanEval+,HumanEval/92,kern_compact,1ed95b8b9a636e5d92c2a0df9e9e7150b134b4891854f7f18a1d33d400a4c3ff,89,39,42,42,True
HumanEval+,HumanEval/92,python_minifier,15cc48c1e5f2619b76f009fc003f79b828ff54e222ca0ae586e013dbb50476c5,116,40,42,42,True
HumanEval+,HumanEval/93,python,c4e92662f8feff0e53372fe22f048c80a5e7e08b4a4943afaebee73fbbe5552c,436,122,122,122,True
HumanEval+,HumanEval/93,kern,b90117530b0217f6f023da23b7b9fb2411c05c37fb2e24426b49aeee897e5cab,270,94,95,95,True
HumanEval+,HumanEval/93,kern_compact,776de37615891d0148918acf0612e3ef5ddc7d740c93ced9af598e850f189bf0,221,86,86,86,True
HumanEval+,HumanEval/93,python_minifier,b6035639e106ddadec1bec6225b379a788d3482a29c349b18815c535c882efe4,281,99,99,99,True
HumanEval+,HumanEval/94,python,888691706740c31fc8c6bdd6280d6a004ee952688c558a97325ecfd91a3508e6,271,87,86,86,True
HumanEval+,HumanEval/94,kern,443b0f93075cde61fecaeb29831a519e73edef22d9e9b00b35136e56fba273f6,178,68,68,68,True
HumanEval+,HumanEval/94,kern_compact,dfeaf3d5e458d840cb3731a240bb11c32c555a8e069036471a354b45d26659cd,132,61,61,61,True
HumanEval+,HumanEval/94,python_minifier,f19ede8e5879b656a1dde79156259c5e8b8e41826e690fe3cdf81ca9877c00c1,177,66,65,65,True
HumanEval+,HumanEval/95,python,b2bd4c822365b42d5e0c701c83415547914a6f6033449389bf73844452f4e76a,329,84,84,84,True
HumanEval+,HumanEval/95,kern,651025b529ff012bb973df703b040304d286a72c63bfb1e666af593e4e4e2c05,215,60,63,63,True
HumanEval+,HumanEval/95,kern_compact,8961be35d2ee09f79d459abbbcd7c2c672614e0d81c7e9d0e8633035f8d22e4c,174,58,61,61,True
HumanEval+,HumanEval/95,python_minifier,dce75edd6930e78a91efc49ed6f7017c7e14f835c6e8a535a07dcc6d098ae111,197,67,69,69,True
HumanEval+,HumanEval/96,python,7fb090a2ddd5588786f52ac5d766b6bbfd68302bf008230c030e2f8344b93a00,234,72,72,72,True
HumanEval+,HumanEval/96,kern,73120b5b6b2b0e56872bb03fa875704c7d165095ceb233a906d03503af1dd90d,137,50,50,50,True
HumanEval+,HumanEval/96,kern_compact,444bef7caaed0aae1f19e1af6dbd4a6109b29fc13f696d0441ac40c0f2d4f48b,109,47,47,47,True
HumanEval+,HumanEval/96,python_minifier,52c45dca20d68bc0228bb34aa64c6009dd905c18b178496e0e0f18c60316c877,136,52,52,52,True
HumanEval+,HumanEval/97,python,493f8549e1898419dd6e6298f978740c9d1cacbf77a8dfd45cf3f0652e75a4a7,68,22,24,24,True
HumanEval+,HumanEval/97,kern,a5472e8bb325c09013b362d2bfe36296baf464b03172394a348e18a7f25b03ab,45,16,18,18,True
HumanEval+,HumanEval/97,kern_compact,a5472e8bb325c09013b362d2bfe36296baf464b03172394a348e18a7f25b03ab,45,16,18,18,True
HumanEval+,HumanEval/97,python_minifier,e8510671117514fb4a73fe796ef49a7270a964fe42a4e29f55bc1fdfb77305d5,56,18,20,20,True
HumanEval+,HumanEval/98,python,580cc782f967c1eea5482f2e24f6ec056a7c7a01a4cf6794cdbd2e9932a0b002,133,47,47,47,True
HumanEval+,HumanEval/98,kern,0d123b2f22a687ccf2e7a948f25618e3a01224512be27e9e71ff25c4f111b16b,78,34,34,34,True
HumanEval+,HumanEval/98,kern_compact,b3fe314f59eea1acc9e024e398ed531458135f7ddfca844fd79f496f8ce6bbaf,72,33,33,33,True
HumanEval+,HumanEval/98,python_minifier,e657c4c8c4c972d2d48d3c92830ef4138131ac2e5520e0df3eed7f49969ed0a9,87,37,37,37,True
HumanEval+,HumanEval/99,python,3f7edd628225551fe245b68ebd517aae303f04592a9ca29dbf081e19af297582,256,65,65,65,True
HumanEval+,HumanEval/99,kern,b085ca9cc63b6dda1638c25574ee35b4633b45ef0be22dfabb10710d8c967679,135,43,46,46,True
HumanEval+,HumanEval/99,kern_compact,8d867acbff8bf3ad46a03791142a35e1a1b008a9b3a1337b218ac9d6e975414c,116,40,42,42,True
HumanEval+,HumanEval/99,python_minifier,c5ecb3f749335e700a5f962c48c2331b0f5011260079da999e27a1ea9a0186e9,159,51,52,52,True
HumanEval+,HumanEval/100,python,3d96560f1597504eaf811605c6c8ebc72fe200e654b36fcb3c209dbfdc997071,124,39,39,39,True
HumanEval+,HumanEval/100,kern,683889ea5316c43d3c21c5ade71a8722409ae49bdb6af363f0c448a07ffa38f2,73,26,26,26,True
HumanEval+,HumanEval/100,kern_compact,3fcae8fe0035652715a93fa804b60460a2bb10baa10e3e5382e539272ee960d7,57,26,26,26,True
HumanEval+,HumanEval/100,python_minifier,7570de1f51b4684692a84e2e837a1a9e1e282115881ab9db3d31ac4c67faab2c,75,28,28,28,True
HumanEval+,HumanEval/101,python,5c63af9c8e4c4db4334f4acb1bd868c66cd0310f411dcbfcd5f69415d408efe5,116,31,31,31,True
HumanEval+,HumanEval/101,kern,625fbdef54d0714936626c147b3a709f93d55cdc9c0163ee2d4cd50d7d5a7a6d,86,22,22,22,True
HumanEval+,HumanEval/101,kern_compact,90cd37f7eb022076757d37567de00b8a787c226174f4e692f4b713116b63c4d3,69,22,22,22,True
HumanEval+,HumanEval/101,python_minifier,b2cfe3288a8607623f39919eb6a33c509cbc4d3a6ed166e7b78d193273b0f425,78,23,23,23,True
HumanEval+,HumanEval/102,python,d949002ca9e13cab079029cbe66fb578236c5dd728e4627f5e738ede1f7df4a3,134,56,56,56,True
HumanEval+,HumanEval/102,kern,438fee7599b7b4e866d84d32cb510e962f05a81fcbbe29383f96bbf62591dcfc,77,39,41,41,True
HumanEval+,HumanEval/102,kern_compact,438fee7599b7b4e866d84d32cb510e962f05a81fcbbe29383f96bbf62591dcfc,77,39,41,41,True
HumanEval+,HumanEval/102,python_minifier,f6eac29e04b7f2e387ec0e4072cdae161349a75b56267a02358cded573d56479,101,41,42,42,True
HumanEval+,HumanEval/103,python,dcf6f0b58f4791defb8c9fe15a33620c854d4d3bbc1374a541407ee474f378b8,100,37,37,37,True
HumanEval+,HumanEval/103,kern,60683c7887e95fdfee5954287bbd9bb23ea209834f29a2e2e2e38017ed0ffc0e,56,25,26,26,True
HumanEval+,HumanEval/103,kern_compact,51501c765180f308d44ba4f16749f6e6b19bbb854ff2efc58938e3c3fedef936,52,23,24,24,True
HumanEval+,HumanEval/103,python_minifier,895cbbc3b069afa5afdbe5f80efba01808059e94f9415168fc6c0ed790cdaf53,70,26,27,27,True
HumanEval+,HumanEval/104,python,60940a1f0a0c1462e79579f3a5eac9a729eb081acc02536753907430a87abb8f,194,49,49,49,True
HumanEval+,HumanEval/104,kern,a5f4cdedda5c658bb5c48030e5f33d0eeb8d7aa8dc308c9c98cdb22e1c406dd0,102,32,33,33,True
HumanEval+,HumanEval/104,kern_compact,48a87d40691c1e629956008f71075667b9180b8298162116077061189571b681,92,31,32,32,True
HumanEval+,HumanEval/104,python_minifier,7b6f7a62dac3465d5e7e0aa50cbfdc4b50dae3aa0d97105f5c2431b2b854d14d,130,38,38,38,True
HumanEval+,HumanEval/105,python,4e4dd42a4af321599f106860cccace860e35a0a4f8a09325395410943475d8af,554,162,162,162,True
HumanEval+,HumanEval/105,kern,cde05b9b5915c359d8d6d3fae650cc0c7cca66e7da6dce25509748d5e170d393,286,115,115,115,True
HumanEval+,HumanEval/105,kern_compact,a43ea0cadd556f5de5a386930fcee3a2610e7b18cda8bab610054a6ddc3d0b3f,217,104,104,104,True
HumanEval+,HumanEval/105,python_minifier,37244d58c9cb93d33a7e6cbb31bb467190149d92e9b1dece15aca58846e9b73c,325,118,118,118,True
HumanEval+,HumanEval/106,python,06b64a22e969355af979a44635deefe535baec7ebf9548d0d5453200f775de33,286,113,113,113,True
HumanEval+,HumanEval/106,kern,aa888acb483c2c86e1c30ce3a5e068bc0ab3b8804f4ca232b9b8b754bf6066d6,152,79,79,79,True
HumanEval+,HumanEval/106,kern_compact,95517dff464c5f172a2c413642e91e02f096e113698e3d0b6be9b6a6af2e77b6,136,75,75,75,True
HumanEval+,HumanEval/106,python_minifier,dbfd62a38bd63f281e0124455f1023829eb79aae0b4b53a20c8a5e9d3c989940,177,80,80,80,True
HumanEval+,HumanEval/107,python,a7c2498c02e80bcc54b6da96985489bd817155028328d64400024623f944f733,259,82,83,83,True
HumanEval+,HumanEval/107,kern,3a3a3deb6f889f7cc16e080120c0dc24708bc13be1b8f4a40d79bfabbff3cfa3,146,60,61,61,True
HumanEval+,HumanEval/107,kern_compact,f7b4f7c540eb93faeaa095750af02151219496e306b0306fa5607459c45d583b,102,49,50,50,True
HumanEval+,HumanEval/107,python_minifier,a9b2d748f49937005fb752c48a3c94ac5be5044b8d311834ad6b1982923c1a52,130,55,56,56,True
HumanEval+,HumanEval/108,python,a7c10580006cf9e953211026b54e080c48986e7a54312a308ee85b3752c7d52f,302,95,95,95,True
HumanEval+,HumanEval/108,kern,f7044005e339ef96861bcdd6a44164f7ba7ea51b21b7332ab1f777af401c41ca,166,65,67,67,True
HumanEval+,HumanEval/108,kern_compact,a82bd07d3c52b912e388588144dd5dafaef871173e8bc31a57fc3cbbb6c273b9,155,65,66,66,True
HumanEval+,HumanEval/108,python_minifier,53e2ef2f473dd41e76a808da3ecf9a5a0f1eb856923a5bd1505a87578af7565e,181,70,71,71,True
HumanEval+,HumanEval/109,python,a0a9676ae8d28d4c171d3b0282c79ca4957503dd2071794d826e217acb2c0921,217,58,58,58,True
HumanEval+,HumanEval/109,kern,28a9ac11747f9f03950beae676f728c979046baad7c0215f6f4edf85e2b01dd4,137,43,45,45,True
HumanEval+,HumanEval/109,kern_compact,c8833fdc62fc553e36db3861ef6ecb1bf587870164bdba8411865f9ca644973b,95,34,34,34,True
HumanEval+,HumanEval/109,python_minifier,e25fe8004184712d0e6ee0f56789c79a5f36f2496e5ab7b092d97f8ae6ac9963,136,47,47,47,True
HumanEval+,HumanEval/110,python,15eaebd8bea394247682f6057b1b311d0d3400b05b3cd9d24ade393bc91a30bd,201,67,69,69,True
HumanEval+,HumanEval/110,kern,cf612ebcc2d3c9f662a5d2e83594c65bcc078b6ddac5680e5b403e095347af14,146,54,56,56,True
HumanEval+,HumanEval/110,kern_compact,6f51409b026200743bf06d330a9548abeb005d079fe58620b3224fa3c9018f95,120,50,50,50,True
HumanEval+,HumanEval/110,python_minifier,52992d8e467490515e7b8ac9400f85e175069675e1fb7cb29ee7fe5653c477d0,135,50,50,50,True
HumanEval+,HumanEval/111,python,7810f98d75c29c670f48a46a79dc54fc938f48affd07b46e382e763f229c9da1,351,94,94,94,True
HumanEval+,HumanEval/111,kern,99a4b7b9a8bb1dabc7cc5ac46e303d5b879cfcdf69df04ec145c82ab4a7cff8c,225,70,69,69,True
HumanEval+,HumanEval/111,kern_compact,0a5131e074bfe26e3c2da53337770d9d17028d4c48c98d6a77d95677e6678143,176,67,66,66,True
HumanEval+,HumanEval/111,python_minifier,12611d493ef31a5c6e7f4c54b4f596023780191e48217a9530f8aea248cadace,210,72,72,72,True
HumanEval+,HumanEval/112,python,7405fddf1bfa0d54d2e7f0a26abe5cf69cf7910d9a99bc99255e4d9ab8eb5d82,110,33,33,33,True
HumanEval+,HumanEval/112,kern,21447ce85a856cdce8ea7e130383a74cda5993484749c9cec5eac34a36d158e0,76,30,30,30,True
HumanEval+,HumanEval/112,kern_compact,aea9d8d2fa8ac0eec08c495b0c459668aabf088cdfd8223d98a89a0dc1dfa32d,67,26,27,27,True
HumanEval+,HumanEval/112,python_minifier,51544ce0501c3c7903b3583690eab901c6dc81f3ea1e575b88e3b321c87f8f35,86,28,28,28,True
HumanEval+,HumanEval/113,python,3a5844f1e1f73c853d19e3461ab4d9966539ec63189812a2ac6836fd66606283,264,72,72,72,True
HumanEval+,HumanEval/113,kern,ba926158bcaebe75cac53c602eb0e4ae965f40c56a422a3802652a0a3b005453,202,59,59,59,True
HumanEval+,HumanEval/113,kern_compact,f553c3b4c9c6b7800b25e7ce9212ab4297e12f63a88eead0969e9d4e1f355427,170,54,54,54,True
HumanEval+,HumanEval/113,python_minifier,85dde4e204a1329a6e6692c33361ec204586c82536246b8a3d56520e0b61e67b,188,52,52,52,True
HumanEval+,HumanEval/114,python,c07202df107eec9a52ebdb69982419cc732dfb9e0d4e456eb089ac6b5657a469,199,71,71,71,True
HumanEval+,HumanEval/114,kern,33413e669733064972f3f4164a35c7609621476d784e744325ac47480d5ae55d,119,50,50,50,True
HumanEval+,HumanEval/114,kern_compact,44e13f6dd078671d999d5a9de67373502d2459a31dc4915a9b3a79b628d91ae4,111,49,49,49,True
HumanEval+,HumanEval/114,python_minifier,f6447c3449f305727b01f7a38e7ea9cc4a1bc849c38303da570c23a07e3a9ac0,136,58,58,58,True
HumanEval+,HumanEval/115,python,50d202a58da2d0508b399c12f34839ae70080af88b6190924741f11737d15647,140,38,38,38,True
HumanEval+,HumanEval/115,kern,310884a62e275765e3bf37939a57158fddd66022ac18fceee423470cf1c7d2ae,89,30,29,29,True
HumanEval+,HumanEval/115,kern_compact,bc80049eec625c7b65d0670bdf9c8f15155315f6477a0596de8af23de042a79c,80,29,29,29,True
HumanEval+,HumanEval/115,python_minifier,7c83c0ab36ec08eb42a8b5bee6eb65b0bfce5a46d3c98bc053d028e14baf8dd3,100,30,29,29,True
HumanEval+,HumanEval/116,python,67941683767d482d79171e53d849c4606bbf3da9874a3d5e5dc3266bee2e2124,320,97,98,98,True
HumanEval+,HumanEval/116,kern,f3b3846cbb1dd95d78a2d6c29c02b9911603d01d25d0d8f393dbaf93fa607be1,208,77,79,79,True
HumanEval+,HumanEval/116,kern_compact,89a9a31ed2bbeb6c126a5e97cec333d80df08b50ca054ddb3ffa27e169ed2ead,194,69,69,69,True
HumanEval+,HumanEval/116,python_minifier,027e3c1d868fdf746a4fd60a22538d3f3a643fe9bcbff60dcf15bfd510ee0c5f,229,70,70,70,True
HumanEval+,HumanEval/117,python,0919d0fc536f9f0d5d566fb1cddedc94cd9bb9315de951db3933cbfeec405a8b,232,64,64,64,True
HumanEval+,HumanEval/117,kern,b85b69353035cff4793c060d9e1d32bbeec76cb12e8b720d1a31ee0c38510205,155,53,53,53,True
HumanEval+,HumanEval/117,kern_compact,54d0c725bcc272c5b4c2e7d287ba220ac90ffe776bce47e33ad548b1be82a3a9,129,49,49,49,True
HumanEval+,HumanEval/117,python_minifier,035a0e17543a9686b8306eb9ae4e9e35218e1d7a2ecace64b4fd7c6e66b437ef,155,52,52,52,True
HumanEval+,HumanEval/118,python,7a707e20b09d2b538850412208dce8fb46a6477e12c1cc2975b451ee66b70a53,271,87,87,87,True
HumanEval+,HumanEval/118,kern,c8b29e3923e537f0c4f4ed2d00b61dc587c4683d152171fb3d4daf144c54f3e5,182,70,70,70,True
HumanEval+,HumanEval/118,kern_compact,a9c69c9702331bc3f71fd87886051d885e6fa54e6e0bd5b92b7679ab2b975b41,154,62,62,62,True
HumanEval+,HumanEval/118,python_minifier,95b4d0acc4a1ca87fae758c2ccb91bee056bc6552d7a58ef3b88cbe5e78964e2,173,67,67,67,True
HumanEval+,HumanEval/119,python,5b2d9637e4da55de5a4582c8bb95dafffa44854009ce88db219ecd1ffb30ed1b,308,105,101,101,True
HumanEval+,HumanEval/119,kern,debd71fbfb183ccb9945f6d69d94afeeb5878b147839197c611e019805e28b66,194,81,78,78,True
HumanEval+,HumanEval/119,kern_compact,f16d31ce5923245957fa982df9897cac5118623073e23f0240883cdad2368b24,147,69,70,70,True
HumanEval+,HumanEval/119,python_minifier,748cb2c0eee17e87ab6860c8d1228dd92a16f6cae8bf2d8ab1cb4eb8b330c28f,175,82,81,81,True
HumanEval+,HumanEval/120,python,c03415bbcb202bfd1248cd44209ee860e55a22cbc1ef48b7d65c8409afd63581,66,19,19,19,True
HumanEval+,HumanEval/120,kern,565ede8bf299adb1ce7980a1c40152e9453851d2596fed855057f6e7a848272c,44,13,13,13,True
HumanEval+,HumanEval/120,kern_compact,dee52b6fd2c8c8897145b19cf2cf25587f8c4ec87416a0a5899e9332003d4212,32,11,11,11,True
HumanEval+,HumanEval/120,python_minifier,ca3c1c00090008983306eb245b2569e2295a786b90fedd33ffb504d7b49d7e05,55,15,15,15,True
HumanEval+,HumanEval/121,python,6b8944b2c1c8dbe36dc2682f3ba0745f63c54a83ca54ae5a98b2e5b78279c2da,105,38,38,38,True
HumanEval+,HumanEval/121,kern,48a3d50c3ee57b52ecdd39397452885f175757d323ed27caf2d16b098705e788,73,28,28,28,True
HumanEval+,HumanEval/121,kern_compact,48a3d50c3ee57b52ecdd39397452885f175757d323ed27caf2d16b098705e788,73,28,28,28,True
HumanEval+,HumanEval/121,python_minifier,ca90f6851133f083b8ddb517089d34316b2ff0d9a46de3d9a0be6ce5cf16dbed,85,34,34,34,True
HumanEval+,HumanEval/122,python,541c45a2c29da7999b3c5918b897ab8169a284da7cf96b5d86859c456599d44f,191,62,62,62,True
HumanEval+,HumanEval/122,kern,6fd7a163b998f5a09149d86c71ee75d154aac6cf73b70f7212879cf071d3da1d,122,44,44,44,True
HumanEval+,HumanEval/122,kern_compact,6fd7a163b998f5a09149d86c71ee75d154aac6cf73b70f7212879cf071d3da1d,122,44,44,44,True
HumanEval+,HumanEval/122,python_minifier,5929a6b16eac843ba8ad3dc899c13c55ab3677e5e42896699074c05278216e49,129,42,43,43,True
HumanEval+,HumanEval/123,python,9a632aa58a68d9656893932f20f2dca895c9bf2e4ab218f09148ebed53983ea2,191,73,74,74,True
HumanEval+,HumanEval/123,kern,0d03c408f751f44fc26e5873499a6471731471545af3078e3dbce8e1af55f890,119,53,54,54,True
HumanEval+,HumanEval/123,kern_compact,f8a183c8ba7b512173c38e6a4b41efc9c2ca0e86ec3ee317324cf5d8e6fe111b,104,52,53,53,True
HumanEval+,HumanEval/123,python_minifier,406d8dff07c72339abc3a6f34b49226be9e4abd36039492c990d15211135b577,130,55,56,56,True
HumanEval+,HumanEval/124,python,29c44092f3f65ae056d013545040a4c5047e8e1e48810c077e372961dddcbe84,420,161,164,164,True
HumanEval+,HumanEval/124,kern,8dc1e93af179219820e1e23a4ae5aa0d166ab9dc620fb54b9f6727c6194f1de5,295,123,127,127,True
HumanEval+,HumanEval/124,kern_compact,fcc4272d6a96939c08ff4fd2fcc63ab51da95ce98ce9cdd74cd8bc2140635daf,289,123,127,127,True
HumanEval+,HumanEval/124,python_minifier,072a8ead174d77c1d8a363dd5fbccff10cfdef057ce3503b817f179e00702ce5,315,132,135,135,True
HumanEval+,HumanEval/125,python,c616b479ce89e3d365d8913dfc30b18a666e8328354e662fb9e71522076a907c,277,86,87,87,True
HumanEval+,HumanEval/125,kern,0aefbc07bf397eb573d5304de520c85b990fe739e355db32619a5a20c59265e9,199,70,71,71,True
HumanEval+,HumanEval/125,kern_compact,92353a3fc33f0215ff750df5d3b409fee69815d08fd2b7dbde2a8a83ba21c99e,172,67,68,68,True
HumanEval+,HumanEval/125,python_minifier,1010a2cc441160d514e9c04470984d3326415f0d8c2bf1943b5a15fb85491abe,199,74,74,74,True
HumanEval+,HumanEval/126,python,d1b33dfe9adec653d84fd87997672cca488e730a963f190cae3cf44c66645d3d,191,59,59,59,True
HumanEval+,HumanEval/126,kern,c4f0447503f42f6d24bc8277e639f789aa975719186cbab33c47cc37deed7afe,120,40,41,41,True
HumanEval+,HumanEval/126,kern_compact,0222eb45b4dc03a218bd4cda5db5beb6dfb6619589eb1e9ee889bcbe50eee055,93,39,40,40,True
HumanEval+,HumanEval/126,python_minifier,e5e9076e1426a98194a0db00bbad6ccc5f2aab15224c002e97007481311cd741,127,49,49,49,True
HumanEval+,HumanEval/127,python,6c2a166425678761f18395e9c8ec5820fa8dee88ad23718c83df3b6ea74c1f53,331,113,113,113,True
HumanEval+,HumanEval/127,kern,7fa60fd9ab16ba7360d2be495405e661d0ff7d2f7a63854a5d80fd54ea8bf543,250,90,90,90,True
HumanEval+,HumanEval/127,kern_compact,37982171d74f2ab20b9b9e134e38f96660bc088723e6399d5457237cd515f5ea,236,88,88,88,True
HumanEval+,HumanEval/127,python_minifier,cc995a8c9d0fe1b1ef630e2f4701dfae720408f14064fbd68047aafc79f805e9,211,89,89,89,True
HumanEval+,HumanEval/128,python,707b264dd5c422061464848a1fba7d91d425767e5410e5aa9950ba5fa0652daf,184,68,68,68,True
HumanEval+,HumanEval/128,kern,c653aa87cb383dbd1747913df9fac0c32f2c37dadb9c4b178f897b42efd88194,102,48,50,50,True
HumanEval+,HumanEval/128,kern_compact,4ea5a4a45aa30eb3fe78154c61f2baaa855e75f78d6b170fe138219df46ea544,92,43,44,44,True
HumanEval+,HumanEval/128,python_minifier,445c31857f8094e7b74aac51745ac6bbd0cc2932fb7e0657b27218278915cfe3,120,52,53,53,True
HumanEval+,HumanEval/129,python,d473754e8a4b6c8a01ad871431acd041a2f303fb167c1fc1faddd929cc607f7a,420,175,175,175,True
HumanEval+,HumanEval/129,kern,b1cde7d213c4f74f3f25b4fffd5a86b950090bed5475614ebde064fd17283467,273,129,129,129,True
HumanEval+,HumanEval/129,kern_compact,3eed9d8b163d1398fa2729834678febde73ab8e58a7b8e544b000614c6354ee4,249,121,121,121,True
HumanEval+,HumanEval/129,python_minifier,12c991736de4d2a63d88526f2854e9aeb6784e174865ed8f7d9871895ff6ed88,276,127,129,129,True
HumanEval+,HumanEval/130,python,65e5016415253f53e9684b5a46d0c7e99ef2144353b1b8039c22a072878fb02a,264,107,107,107,True
HumanEval+,HumanEval/130,kern,2710c1fc9dfbb72aad96edf41f1e71cee942490d4a4597c274bc766a4fcb3b16,142,73,73,73,True
HumanEval+,HumanEval/130,kern_compact,8ce48e353780879e880cb0e53db2bd805f7e5a9107a887a07f5a267b2b5daea1,126,69,69,69,True
HumanEval+,HumanEval/130,python_minifier,d22849c2c55a981bcec8ff48c99e9024e255a970fe956f04004bbcf74e5f0fce,161,75,75,75,True
HumanEval+,HumanEval/131,python,77d8cea9c22f0a57139d31dd0a46368865d61994476def948eabc10019e1ed1e,192,59,62,62,True
HumanEval+,HumanEval/131,kern,340f5dc7bcde0b02ef1c8f68cff551890035cffc1d9adb23f33567ba27ba8bfe,119,42,45,45,True
HumanEval+,HumanEval/131,kern_compact,0eae8706b39b5f6ebc220ddc8ecaedaa0b9963576125466bc5ab0efe6bd95bae,89,37,37,37,True
HumanEval+,HumanEval/131,python_minifier,5db9c587d6da04b1ee52eeecd2f6a257ac8ea388f55022514eec6b6ea6b1ec35,105,40,40,40,True
HumanEval+,HumanEval/132,python,b098f564ad8b5248c5bea098a89a687b514a990343999ae21c428f80052ff292,440,110,110,110,True
HumanEval+,HumanEval/132,kern,29ca8d58115d5ef4920146168bb0d488ad711f1979b18316a08b91aa07105346,229,79,81,81,True
HumanEval+,HumanEval/132,kern_compact,90695082c5d77e78ab8daf4469aa389a1ff68d2663401a61eabd745e1df09081,191,68,70,70,True
HumanEval+,HumanEval/132,python_minifier,71a8cdd04d76f4981113d1b75bdbf1981da437b747618a3623ab9b1dd61221ca,227,84,84,84,True
HumanEval+,HumanEval/133,python,1e08b97b5329b5451329e6d244c894883bbcd4b803ead936827d14ecb3d767a8,96,28,28,28,True
HumanEval+,HumanEval/133,kern,a9011b7ee0ebcb57b479c448482d3177fe5ad24088aaf36113b80ef371dbdef2,61,23,23,23,True
HumanEval+,HumanEval/133,kern_compact,a9011b7ee0ebcb57b479c448482d3177fe5ad24088aaf36113b80ef371dbdef2,61,23,23,23,True
HumanEval+,HumanEval/133,python_minifier,0ea08fee23d3e46c4bbd621d2190c43c2bd6d962aa2eb9afba0d50631bd28572,78,23,23,23,True
HumanEval+,HumanEval/134,python,3eb97e3178726b2cb66ac2f9731fbcb7bd7394325fabfb239fb1221085edeef5,170,54,54,54,True
HumanEval+,HumanEval/134,kern,cc377580e9f12fe408842fa442b6f2f65bec3c0d6e8bec53e2e11a2cdc156a1e,120,40,42,42,True
HumanEval+,HumanEval/134,kern_compact,cc377580e9f12fe408842fa442b6f2f65bec3c0d6e8bec53e2e11a2cdc156a1e,120,40,42,42,True
HumanEval+,HumanEval/134,python_minifier,363994210f72b01e9b4ec3d2334957d7786f31239be7c6401173bd28b583319e,145,46,46,46,True
HumanEval+,HumanEval/135,python,73746f936348886317a874a0d2a1655b66a4a94565b60592fc427b5b2bf43dd2,141,49,49,49,True
HumanEval+,HumanEval/135,kern,a0d88b5aef991df8fa30b5400f6f155a151ab560164cb5d5f6f3d2866b1c0760,81,34,34,34,True
HumanEval+,HumanEval/135,kern_compact,a0d88b5aef991df8fa30b5400f6f155a151ab560164cb5d5f6f3d2866b1c0760,81,34,34,34,True
HumanEval+,HumanEval/135,python_minifier,233d8e7abbef6ac960f87c501ecf2f6b71490e02aa0860d6b09ed379072493cd,101,40,40,40,True
HumanEval+,HumanEval/136,python,9bd611c80f1d39f04b980a74dae11a4759cdb7361de4b795207ba2ff48f6db14,205,60,61,61,True
HumanEval+,HumanEval/136,kern,0a7c10debec5170daacb7be9c2abaddf269050ae2d88b406ddb2495b568e196b,153,52,52,52,True
HumanEval+,HumanEval/136,kern_compact,9b165b1355b0cc0bb3ba1b1eba00567c496fa150073ffbe97c5171a8dae76aba,141,50,50,50,True
HumanEval+,HumanEval/136,python_minifier,e0f680eac24cac65446c44fa3d56ed9972397a3bd7cd680c41199aa4585e4a99,157,49,50,50,True
HumanEval+,HumanEval/137,python,de9d65b86d654516b375454b6579aac10af6340d1481826e754dd1a14da34cb5,195,57,57,57,True
HumanEval+,HumanEval/137,kern,65c1c835a55dbe92188249e5f8f964a0fdc206ba4e2a687c8707b3e04468ea00,137,46,45,45,True
HumanEval+,HumanEval/137,kern_compact,d2324a075ac9d75b42809f11676868bae48df1dd1b9e5db2898c2e40a11666af,109,37,36,36,True
HumanEval+,HumanEval/137,python_minifier,41784dc8ac0f3aafceecec6d230bc6dc88fea587478911d4372f7033a796fa05,128,38,37,37,True
HumanEval+,HumanEval/138,python,0f0c4a409b0a8f6762671e2c02dd4be0ac4820ca99017d6c3d364a16162d0707,65,24,24,24,True
HumanEval+,HumanEval/138,kern,3bc162dbb7d46e62d39e3a1ec550df8f9ac78a2b1c0820eb748a8db4aea8bba7,36,16,16,16,True
HumanEval+,HumanEval/138,kern_compact,3bc162dbb7d46e62d39e3a1ec550df8f9ac78a2b1c0820eb748a8db4aea8bba7,36,16,16,16,True
HumanEval+,HumanEval/138,python_minifier,d5223cc1d8a7ecac2389db998a4f37664532635b892ce07a4b5e24e7bc119e71,50,18,18,18,True
HumanEval+,HumanEval/139,python,f9f55003f1ddae8e0b9327f6c227691e80b2aa6510036ea1121d119df5864e6f,131,46,46,46,True
HumanEval+,HumanEval/139,kern,46ac1e1f1c8ba7e8506dd9b7cd573fc131b4fdef5bf1cd8db1168df8df31f25e,75,32,32,32,True
HumanEval+,HumanEval/139,kern_compact,f23bee4eee68bec197a9eb3058fc106e4ec7fc580395f79a4a7bf52d80a3b7b0,63,30,30,30,True
HumanEval+,HumanEval/139,python_minifier,5ed170e19de6ce7ee7f30b1749ca3eaa56b4a8aacd5cc1af7ba89c7d650f347c,77,33,33,33,True
HumanEval+,HumanEval/140,python,584cc56e41ad906ad46b4056d99dc7c314e03fdecb0a254bc74e488f10ec7c82,151,45,45,45,True
HumanEval+,HumanEval/140,kern,6766fd7d7d445204ae9ce973a863ac7df89b7dc40da0b8ebb37a01a4d026aab0,105,35,35,35,True
HumanEval+,HumanEval/140,kern_compact,a602615e9dc11985d733356e02fd09c387d9123a3db9a3ae7edb107af77b4a64,97,34,34,34,True
HumanEval+,HumanEval/140,python_minifier,0ecb2394fa8663dbc8a6c1123582b880b325ed01f07d9293842535cd8e57c12d,111,35,35,35,True
HumanEval+,HumanEval/141,python,dbb998e7dad472b9d524a21fead8c6f0c8f070209523bdd8dcd31c23c73f2d1f,355,114,115,115,True
HumanEval+,HumanEval/141,kern,80afd717207596355e87a55c7c1747ec9454b4c0dca8b0fee788901edcb82a44,253,91,93,93,True
HumanEval+,HumanEval/141,kern_compact,288154a4018d2c777186b4e961ddefab16de103ed9a928c7d20b5743617ca33d,228,86,88,88,True
HumanEval+,HumanEval/141,python_minifier,5fc216ce1b56fa74e4cb20fc0f5e326bb92421162307f8e420e14a238e9aaff5,266,89,92,92,True
HumanEval+,HumanEval/142,python,c8f56f64db682b188745d4704e7104ebeb4098f59983ac96a9f385b767ff8380,229,70,70,70,True
HumanEval+,HumanEval/142,kern,82f97bd8ee7678313e8b7822d77997973f1968bdbe9052037e8709cf6a0eebb5,115,49,49,49,True
HumanEval+,HumanEval/142,kern_compact,6082029505ad18f84f5e3ad674d4735f6471f1f73a6d298f5dbeb8852725fdee,97,45,45,45,True
HumanEval+,HumanEval/142,python_minifier,e733e9f4e663e9e998740b36ae27a75a461e6283a4dcec9500cbdf41c6f98fc6,118,52,52,52,True
HumanEval+,HumanEval/143,python,bc63c1d6f38aea7f582a5156341f830bab1c925ea20d4b71f9d91b8abf83f7e2,230,69,69,69,True
HumanEval+,HumanEval/143,kern,e0fda8631a992e9e2922b8c061d2830f115aad831a0d2d96660627bddce39eca,166,53,52,52,True
HumanEval+,HumanEval/143,kern_compact,e0fda8631a992e9e2922b8c061d2830f115aad831a0d2d96660627bddce39eca,166,53,52,52,True
HumanEval+,HumanEval/143,python_minifier,58d2ad5f2451016b29e503ddeeb5b80bacc350fa5412bee3961206eb7e5a729d,180,52,52,52,True
HumanEval+,HumanEval/144,python,97c7777332befdc729e374fa7b4352f7c3ee57cd4a3622034ad3b0edacb97ddc,134,57,57,57,True
HumanEval+,HumanEval/144,kern,36b44f1abbe3f8135471ce56b02a795983b5b678c800a4bf1c7c9b9ff654f434,87,39,39,39,True
HumanEval+,HumanEval/144,kern_compact,51d9f508c944bbfab15eeccfc4af351896f3961f5cd055e7ff3290921f7dafa5,79,32,32,32,True
HumanEval+,HumanEval/144,python_minifier,1947c2508c086ac446396651c0b8b2f2962391945cff26718fa829a7b472ea49,89,31,32,32,True
HumanEval+,HumanEval/145,python,4b4bd3caf9ab4d2d99e9cf28444672a19443255bf3e5d78dd5c8cd66f1628730,340,92,92,92,True
HumanEval+,HumanEval/145,kern,877cf812058f0b55acf26a69a2b11fc487fb9d8a544a8dff10e11d681d81f203,209,68,68,68,True
HumanEval+,HumanEval/145,kern_compact,7052feebdd844d14b0dc20072b370a9fd8177ec1bb315904aaf14dc7a51be505,141,53,54,54,True
HumanEval+,HumanEval/145,python_minifier,9b50889e4948665fb3c68d09f4c127179ded74396e31a1e9b450fe3babd4c549,176,63,63,63,True
HumanEval+,HumanEval/146,python,204dd89e7d48fc2a7a16d0698d0a8816f615f9c121f940148f48898fa0ddea4d,197,68,69,69,True
HumanEval+,HumanEval/146,kern,dff5d168279416467f359a528dee091873420efecd9a31352366087472a2887f,130,51,52,52,True
HumanEval+,HumanEval/146,kern_compact,225a8cfa8b80a9402582fd358648813ed9344cecd2f6d8e0e0b68486184d3afc,110,49,50,50,True
HumanEval+,HumanEval/146,python_minifier,0241fe7f32b63e33cd4e531a7483b49b2b0d82cfceeb37fd510c7438c0ed6e62,131,52,53,53,True
HumanEval+,HumanEval/147,python,1c61acc634e9be600131f65fb8a68c6d4a2b2a95f97ed260aba9210ae8539497,238,104,104,104,True
HumanEval+,HumanEval/147,kern,878750a67a9f0586a8f25bd34f59622d442b78f744cce3b276e7427cf3a27a70,155,68,69,69,True
HumanEval+,HumanEval/147,kern_compact,7c27077daa1eeffc07ed379bba4ed09daba0478eee787aacda3fd7b53c703f48,97,55,56,56,True
HumanEval+,HumanEval/147,python_minifier,e3dc7905c06fa3f550a3b9b65cd8df5964e59e7e871eb02567e2b580e3bd640e,116,59,59,59,True
HumanEval+,HumanEval/148,python,e4e957a36c9275f8bc9ed4cb205320e72871ee28fa5dadefd9f3b21dad182c48,326,115,114,114,True
HumanEval+,HumanEval/148,kern,142b2336416207d1442011ca8c5ef75312e821ce6a6c3c0ec761d2f21a33c871,257,94,95,95,True
HumanEval+,HumanEval/148,kern_compact,1123c2ed9e27cfae612aadfbcf76a62d5e61614c4db515cac0df46fec9a16e97,211,81,81,81,True
HumanEval+,HumanEval/148,python_minifier,bfb9f083dee2f550c1c73a5a30522365e64c4b1c4a74b6908873c3a33acaafc9,231,84,83,83,True
HumanEval+,HumanEval/149,python,2250edd2ed1efd48c201a79d31b3d593892e00674a22f2dd640c9cef9a3ffa26,278,83,84,84,True
HumanEval+,HumanEval/149,kern,8205167d2ff8148bb10ddeae94bfd4b2e7a8797fe8c845e919419e682831ca95,182,63,65,65,True
HumanEval+,HumanEval/149,kern_compact,367d371e56f75cdbe65f895b9499e15d104e332e744be94d90e48e63aac37e9c,174,63,64,64,True
HumanEval+,HumanEval/149,python_minifier,e1eb8845878001a0bdc02e84269385feb08ee079cd5dd63216f2b644de186cd2,207,65,66,66,True
HumanEval+,HumanEval/150,python,cd50fb46e35becc4eec6c750bc44e7330311ca8f93e9ea36dc1190a1d7155bdf,163,63,63,63,True
HumanEval+,HumanEval/150,kern,325a294d64985861a1db3be05e0c4bae3fd428618ff2ed59678d522d1d9e1a0a,104,45,45,45,True
HumanEval+,HumanEval/150,kern_compact,10cc0637c07a8e5c1e16ec0432ecb4b9a2fe4be6d160c03ee4e8125c8abaacbe,90,43,43,43,True
HumanEval+,HumanEval/150,python_minifier,e9c5eabd400a4d6621a3c3610012e316d6729db6611af193c27ba4b7fcbeb3b0,114,45,45,45,True
HumanEval+,HumanEval/151,python,d310a5d492c77541090ebcee2392c4d67665c002832ee4e2853ca89e4e44c7ec,171,52,52,52,True
HumanEval+,HumanEval/151,kern,34415a9908d01cdec89f95fba1398b2c162b6f54d8e6d7594ef6d07425a6455a,104,39,39,39,True
HumanEval+,HumanEval/151,kern_compact,f894216520d1ffbeb9fd17ca7419ac337dfe4fcbfd574603a86918509bf1f6ae,88,38,39,39,True
HumanEval+,HumanEval/151,python_minifier,67c36c998c68a4c17e783c0d4ae70d43f260ef561b8ef20792cb1ee4ce5fe6fc,109,42,42,42,True
HumanEval+,HumanEval/152,python,73985aca527b160e9efcce3502dc87574ee169ab939d6121975b94fd055cb284,92,27,27,27,True
HumanEval+,HumanEval/152,kern,c3ade462a8b1090e7f60a5717161a3f1a266ef9382173ac28130bb01bce649aa,69,20,21,21,True
HumanEval+,HumanEval/152,kern_compact,c3ade462a8b1090e7f60a5717161a3f1a266ef9382173ac28130bb01bce649aa,69,20,21,21,True
HumanEval+,HumanEval/152,python_minifier,4fad232e3893940320e29d36d9218acee3666c7af11d2ed7f501d66f44ed017a,78,22,23,23,True
HumanEval+,HumanEval/153,python,77e5f4038735099dc0b180aa65ddd9ea6f1f729fb688fa1d2f42b6961b73a585,384,102,102,102,True
HumanEval+,HumanEval/153,kern,d3c4c7536fc1205bd5e566e9fa098451e797b8d1760f244dc494dc27c8131a77,249,76,76,76,True
HumanEval+,HumanEval/153,kern_compact,abf3b4626d0d0e6997e43d31ebc3e6e1c426a3d950389fbbf7cf3a463f5bac2d,194,71,71,71,True
HumanEval+,HumanEval/153,python_minifier,5db29e69922ded0eb4cf4dcd9e2321173f05c7705b99d1a15674c53ed4265aa5,222,81,80,80,True
HumanEval+,HumanEval/154,python,88251b23b42ee2b2bab01000ea4554e78e1ccc23c2e057f2463ae67aba97dba0,206,60,60,60,True
HumanEval+,HumanEval/154,kern,a8c54b63d270fc4f64680e5239fede6ea7f2fd31fb2e82d78319c0b630f2a226,108,44,46,46,True
HumanEval+,HumanEval/154,kern_compact,eda0922d9e45f2abafa68300b291e3ed195bc6e9af61d9591fa15119da018282,102,39,41,41,True
HumanEval+,HumanEval/154,python_minifier,798cb6162eefb928c456234e813596edc1351976fc09c30ba6de20b4c7309832,142,50,50,50,True
HumanEval+,HumanEval/155,python,3501a0a472afa67e2ba4e6e97a7f7432b72c66a55bbadb1b2de8256c9d0758d3,165,57,58,58,True
HumanEval+,HumanEval/155,kern,859f85e0ee498221fc6ba23a379eca76aefa7a39825859e5e2dfad73251e0386,110,43,44,44,True
HumanEval+,HumanEval/155,kern_compact,f700d208ea7f8f5c005e299576268aa9f1f7c9139740af3a89e587d6910d98d5,92,41,42,42,True
HumanEval+,HumanEval/155,python_minifier,a9bf432fdf67e7b0a58dbeee629f33ec2f0e51da1e5e9ed64505931ad233a6b9,109,46,47,47,True
HumanEval+,HumanEval/156,python,ce68a3a5688ff4b0067ca670db1290a648e4926fad8583fa6d5a921ef8efabf9,442,177,178,178,True
HumanEval+,HumanEval/156,kern,b5ac85a4425d994ea6db92352e7006c7fd559a3d91fc763d3c8c60eecc95764b,324,122,124,124,True
HumanEval+,HumanEval/156,kern_compact,0475cdbe11d0eb50638f009f67e07b8bdf3e3eb961dc3751cc5ff8e20b148189,282,115,118,118,True
HumanEval+,HumanEval/156,python_minifier,fdf1aebc2ab7c4016176f123f3cdc8cd9c46d8e6d0d061f5b505f2885a3ee0bd,281,123,125,125,True
HumanEval+,HumanEval/157,python,0bce6c821a01347b1dd173b1181a2d6f0a8cc59589bab78f88d5d79ed99a5c0a,138,59,59,59,True
HumanEval+,HumanEval/157,kern,fdefd0329ab35ec3bf06af853d9defbc8d313f971ddf141346d0e01a2958799b,77,39,39,39,True
HumanEval+,HumanEval/157,kern_compact,fdefd0329ab35ec3bf06af853d9defbc8d313f971ddf141346d0e01a2958799b,77,39,39,39,True
HumanEval+,HumanEval/157,python_minifier,3d2a392e7289fd06f10528bc0abf2e38b8a1c93467d12a444bf022bd1fcc5e21,92,41,41,41,True
HumanEval+,HumanEval/158,python,67b73d4ef576ad870c7bcebdce4a8ccddf4615351f6093ab6ffe6db440c686b6,236,70,70,70,True
HumanEval+,HumanEval/158,kern,6cc02b59c7c52e0ecb3963b1171dcd0334b4ede30e564ac0debd1e4031c644bb,156,55,55,55,True
HumanEval+,HumanEval/158,kern_compact,47e5c7d3e8f81d00b411f735156e724876202c6ffab5a2cf03e1eda30fa913af,84,36,38,38,True
HumanEval+,HumanEval/158,python_minifier,56d5b27f83eefb72af4e26e9ea401420165540f5e2a1ff07675ac5d144d8573c,106,40,40,40,True
HumanEval+,HumanEval/159,python,91ea2a014f93b5958f33545512e813912e64768c5fd461d2d14e99b8bfd2272c,162,40,40,40,True
HumanEval+,HumanEval/159,kern,4c2e99934c374ca2cf8436e1ed8ee61f9979558f8acb796657755b66db80cc1c,102,30,30,30,True
HumanEval+,HumanEval/159,kern_compact,e127f1c9561be6180abc0ee5e8c14650383223c1eccc18bce473e796044071d1,97,28,28,28,True
HumanEval+,HumanEval/159,python_minifier,a5757a1e5b3c162bd4eeca4f704572ae37ecfb7ab4a9fddd2b3b6136b0a9a023,105,37,37,37,True
HumanEval+,HumanEval/160,python,cff5283c4eb0f4fa99fd6d73adaf0810535119b871ba92568af9f4647141a430,181,48,48,48,True
HumanEval+,HumanEval/160,kern,e1f92a9469cf79063aef1fe0e91315ecbd5a969f88aa60ac90453c9013b968d8,131,39,39,39,True
HumanEval+,HumanEval/160,kern_compact,e1f92a9469cf79063aef1fe0e91315ecbd5a969f88aa60ac90453c9013b968d8,131,39,39,39,True
HumanEval+,HumanEval/160,python_minifier,8d9eba71ac25b74af5744bc3f7a0568076ec158903d4e69827e8428e9fa90498,145,39,39,39,True
HumanEval+,HumanEval/161,python,1b0866af3825a1d2589a6350c0a93fb04627cb3786699ad155336bd3956d8b6e,232,58,58,58,True
HumanEval+,HumanEval/161,kern,398ab95ada1b3a291c49a7e07b474b5904cf9f8703416119dc3b48aac7e136e2,140,45,45,45,True
HumanEval+,HumanEval/161,kern_compact,5c223e5a08101ebf45ad6df8fbf44cea593ff84faf28996d03ec9cfa6ce6c140,96,37,37,37,True
HumanEval+,HumanEval/161,python_minifier,ae0b6258316b853b8500d2e2caafc76efe60f9c7550e25cd6d8426a6c2cd7068,120,44,44,44,True
HumanEval+,HumanEval/162,python,46da35eac4afc333f3bbd58ee3e8aba88d3192a345ef546c1b5277c5179c31f2,160,44,44,44,True
HumanEval+,HumanEval/162,kern,d33a3a5ca76acfa2765be1da4005f0dc388bf2d55188601671e9323fc2ae6e57,111,36,36,36,True
HumanEval+,HumanEval/162,kern_compact,0db04ce862757340ef40d83e631642e1862d105cc327633b10f4346fe2b5a460,106,36,36,36,True
HumanEval+,HumanEval/162,python_minifier,a1de659ec7e9b99088f2ebc2f46263004d97025277eaf6867a127cc699f63331,127,37,37,37,True
HumanEval+,HumanEval/163,python,7f3c755ba801620c8ca4ddcc2c452ee3d08bb7776ecf62ac646ae3bd2663c313,122,52,53,53,True
HumanEval+,HumanEval/163,kern,2616f55fbe5047d7fb56d5a85a6918ca10573cc02abd96985d8780dd3b5b703c,82,35,36,36,True
HumanEval+,HumanEval/163,kern_compact,2616f55fbe5047d7fb56d5a85a6918ca10573cc02abd96985d8780dd3b5b703c,82,35,36,36,True
HumanEval+,HumanEval/163,python_minifier,a327e53dac78e0b51db22e17a19fcebcef20118d3e5fec88f4f4aa5f19b4f398,93,36,37,37,True
MBPP+,Mbpp/2,python,67898a7a95c894d2e2984e1090b96d69256841aab85455d68da66dbf618bd023,93,30,30,30,True
MBPP+,Mbpp/2,kern,ef3dce537fc54ccf0fe8b980db280c2b576c94f4b24bcf19f56daba8b840a68d,74,24,24,24,True
MBPP+,Mbpp/2,kern_compact,ef3dce537fc54ccf0fe8b980db280c2b576c94f4b24bcf19f56daba8b840a68d,74,24,24,24,True
MBPP+,Mbpp/2,python_minifier,b99dbbc8b119b60a4226bfcd51e9b174ae8b54e1a9f22f61edcb362e8f51f055,85,26,26,26,True
MBPP+,Mbpp/3,python,ad5ce53de189a0f10c36880a137bee86e45caac2e0e38fb5c961bf00aa96b3e5,177,53,53,53,True
MBPP+,Mbpp/3,kern,e6113ac3aa4195ade2fef30d0aa294e0316ea3b232dbf37227292f762dc34d80,99,37,39,39,True
MBPP+,Mbpp/3,kern_compact,e6113ac3aa4195ade2fef30d0aa294e0316ea3b232dbf37227292f762dc34d80,99,37,39,39,True
MBPP+,Mbpp/3,python_minifier,7f0c772a8f0c89d657287792b63c9fc4d6c91b2d4dff45f9bd89e1993da08c0e,131,40,40,40,True
MBPP+,Mbpp/4,python,b0448e5c6abf3580b88718fc29dbd1f54615f3bf81d13efdb962d8ebb682583c,131,40,40,40,True
MBPP+,Mbpp/4,kern,aee15f9cbbc6cc97bd51201db37a9638ca2ab6a17aef9b30ea5a1513cf2e8d9a,91,30,29,29,True
MBPP+,Mbpp/4,kern_compact,40f09e6e04cf97b21dfb912634a0bc0673fe91762556c343be13f382e8169998,77,25,25,25,True
MBPP+,Mbpp/4,python_minifier,e2f29c720f258adfc58923358fa65284a4d06ba979619c4e6801e94ef0dbb18a,80,26,26,26,True
MBPP+,Mbpp/6,python,d4a63d938826edde4d9fd4b650ef2f10174668e4f4751e0787e442f9942595f0,147,57,63,63,True
MBPP+,Mbpp/6,kern,c9ad77c7ae6d2e0d236f65b0d7aa2a2596776f4a36160f0bf873aa6e336510ba,92,41,47,47,True
MBPP+,Mbpp/6,kern_compact,c9ad77c7ae6d2e0d236f65b0d7aa2a2596776f4a36160f0bf873aa6e336510ba,92,41,47,47,True
MBPP+,Mbpp/6,python_minifier,ab8f9b11a2895d80f4dfa766b601555fac435de96e4922609e928cc5fed4ff24,105,41,47,47,True
MBPP+,Mbpp/7,python,3a1e7a1e2d642870855734f5a85f85bbb571309d028ff1ed1bb4852c672968e6,80,28,28,28,True
MBPP+,Mbpp/7,kern,0bd551c1b64699314c33945aaae71b2b01dcbbc994e7361079183dfd4c8be037,60,22,22,22,True
MBPP+,Mbpp/7,kern_compact,0bd551c1b64699314c33945aaae71b2b01dcbbc994e7361079183dfd4c8be037,60,22,22,22,True
MBPP+,Mbpp/7,python_minifier,8ae76a356ded230a07674ccf99a89ea9ce2318375749c12584b435ffd31af87c,74,24,24,24,True
MBPP+,Mbpp/8,python,8fdc627c00ee7af2a38a7c5c670de1c005baf9c16a4417cf59e575fe79cb4f1d,53,16,16,16,True
MBPP+,Mbpp/8,kern,0d96faaeeaa86fec689a78559d4ee274fb656b5ef7200bab2a0ebe1d6094a544,38,13,13,13,True
MBPP+,Mbpp/8,kern_compact,0d96faaeeaa86fec689a78559d4ee274fb656b5ef7200bab2a0ebe1d6094a544,38,13,13,13,True
MBPP+,Mbpp/8,python_minifier,71a1c634901b5fb51ebd449ff8db31d087ae59b933cd305fc301e40cf028066b,48,14,14,14,True
MBPP+,Mbpp/9,python,43d8a5a6ae8f3c624c9369fda66babf6822044a58a1687d03ba784faca77e9b9,150,57,57,57,True
MBPP+,Mbpp/9,kern,62f160c381ce0e828578791c843deac8d52a9ec2c9e7f7fd548d045686351ac1,79,39,39,39,True
MBPP+,Mbpp/9,kern_compact,62f160c381ce0e828578791c843deac8d52a9ec2c9e7f7fd548d045686351ac1,79,39,39,39,True
MBPP+,Mbpp/9,python_minifier,a0a9a01f0660c78e33e3d7f970594bff2b580ac7ad10cd8805859dc6fb52916a,102,42,42,42,True
MBPP+,Mbpp/11,python,abc34b6c4975d4c5bd2350cd2c269dd5766f895885475e6e37a3821564157f19,108,41,41,41,True
MBPP+,Mbpp/11,kern,6376fdd2e22a7e79516e18062f5cf4cbbe83d291430df293f06fcf61ff9aed07,71,29,29,29,True
MBPP+,Mbpp/11,kern_compact,4c3b1b612291ec67044add243c948315222236d5ca579ba61a533a94ced7827c,61,26,26,26,True
MBPP+,Mbpp/11,python_minifier,00d68b498b5558583ff065cd72b13e7490a76de5efa7d1b8fe8bfbbf49c480ec,83,31,31,31,True
MBPP+,Mbpp/12,python,c5e74f0b1c4b1e11b7443b6199bf2e930cbbb74c3e3714bb2d7c4cdc22c0a990,71,19,19,19,True
MBPP+,Mbpp/12,kern,b2edb21fc81c1993052b6afe72709bdd586af3dd65ea4ce9d91a661157a6557d,40,12,12,12,True
MBPP+,Mbpp/12,kern_compact,097ead90e1733b1384e8e97ed62286b2cf6bd9c97697d4e54bcd799cfb65f1fd,32,9,9,9,True
MBPP+,Mbpp/12,python_minifier,9eb884d95830dbd5ec784188a8b4092b2626d4affbf887f158f9fd016e4a14ec,47,14,14,14,True
MBPP+,Mbpp/14,python,4f3e87cd2fd4ffc9378d2713e0f89b5af8328d71fda2457a81bdcd1f9996204d,57,25,26,26,True
MBPP+,Mbpp/14,kern,f79ad9e2affd8414dce4c472cdd92707c83e00ac4f3b1395f70a9e3f58aed12c,26,12,13,13,True
MBPP+,Mbpp/14,kern_compact,f79ad9e2affd8414dce4c472cdd92707c83e00ac4f3b1395f70a9e3f58aed12c,26,12,13,13,True
MBPP+,Mbpp/14,python_minifier,f88f508acb12dd0075dcd12e36de39d59d26e3e6f32ec9996fbd95d3fbfa0581,37,14,15,15,True
MBPP+,Mbpp/16,python,9bd5293cd9724fe610cc792d9b18a657566986073a7473e7e8c64ed59079a1b8,106,30,31,31,True
MBPP+,Mbpp/16,kern,5eb250c7c032a5794fc75a31118847b8baf891867d41145f3ee5ec64e9557134,80,26,27,27,True
MBPP+,Mbpp/16,kern_compact,5eb250c7c032a5794fc75a31118847b8baf891867d41145f3ee5ec64e9557134,80,26,27,27,True
MBPP+,Mbpp/16,python_minifier,f379da0ae4182fd90791cbdb42bd66c14ad2dd6e0e44002fc4d4b071da3bc968,94,28,29,29,True
MBPP+,Mbpp/17,python,f23d4bdba83dfbd7626bef07b2037c29cd059a974308d222ae6ad238118b5243,39,13,13,13,True
MBPP+,Mbpp/17,kern,94faa5370c653772721724298800bf8a2c147034a3fe713ac4b3873d1ff46625,23,7,7,7,True
MBPP+,Mbpp/17,kern_compact,94faa5370c653772721724298800bf8a2c147034a3fe713ac4b3873d1ff46625,23,7,7,7,True
MBPP+,Mbpp/17,python_minifier,e250486d0187150dd84690a876b0d480115417dd943583683cfeea5f49d1f8b4,34,10,10,10,True
MBPP+,Mbpp/18,python,3fcf1eda45f79aa4d46ee3060da6deebec7f9a280328d55c5d0d6e53859c5ad8,128,28,28,28,True
MBPP+,Mbpp/18,kern,64e4a1653c86ec313ab8455e3f8bef865106f7039916861f775b34619f1f5b20,105,22,22,22,True
MBPP+,Mbpp/18,kern_compact,0975c7ef6a5de9fd9be6f82976b18f9afb809c5f709e4177280d380b2c01d3d5,99,22,22,22,True
MBPP+,Mbpp/18,python_minifier,0bea65c4bc5fb3be489d1fbb63ef637a089c43784204dedcec39e2e03cdc9afb,107,26,26,26,True
MBPP+,Mbpp/19,python,7444b831b427c10e71fccce61f971a7c541c51613629afac4ffc051900884a6e,81,19,19,19,True
MBPP+,Mbpp/19,kern,0ad05f8de8bacfa1921979c8f2d9b9e4e70e8f82a3f60161be32643b03aac42e,61,14,14,14,True
MBPP+,Mbpp/19,kern_compact,0ad05f8de8bacfa1921979c8f2d9b9e4e70e8f82a3f60161be32643b03aac42e,61,14,14,14,True
MBPP+,Mbpp/19,python_minifier,c7f87f1c4a23c7bdfc57f168910c25afb9833e30034050eb441a1ae4f72da801,68,18,18,18,True
MBPP+,Mbpp/20,python,f0b0fe2f76e5da2872ddde0a35744222cc7b1a87109dc025be16c22493d44dab,235,98,98,98,True
MBPP+,Mbpp/20,kern,21f6568e20e01c023ee19474dcc095d5b4ab415c9abc2568f57a53eef4edc656,135,59,62,62,True
MBPP+,Mbpp/20,kern_compact,21f6568e20e01c023ee19474dcc095d5b4ab415c9abc2568f57a53eef4edc656,135,59,62,62,True
MBPP+,Mbpp/20,python_minifier,b0e0a1bfc7168bce94c4fcfd92b286f6d61b611de00752028b500f41b8714ccb,180,73,73,73,True
MBPP+,Mbpp/56,python,861edc79778c159f036dba23a92d48ce31f0aff6335b0f573dc5f5d458807ff5,61,24,24,24,True
MBPP+,Mbpp/56,kern,a983d4f826fa27af88f689143ef99822cc33d82dab88295f92294c417507d0bb,33,15,15,15,True
MBPP+,Mbpp/56,kern_compact,fb23d2057b84cb189abc9447092a95fb642b1e52d7a76bd5f2067b64a12bdbb0,28,14,14,14,True
MBPP+,Mbpp/56,python_minifier,2632236f6b613d2da224bb282a0970bf4a246f8ff52e2f21927cb033523b56d5,44,17,17,17,True
MBPP+,Mbpp/57,python,d68de8a6eafb6d6ceef0b094f881a24431cb73f76dee096b80f1fb0a23d2c679,93,26,27,27,True
MBPP+,Mbpp/57,kern,3c206df9e7ae3a2f73a9b3d3343c252c95664f38731052d8da71f16e0bb70551,68,19,20,20,True
MBPP+,Mbpp/57,kern_compact,3c206df9e7ae3a2f73a9b3d3343c252c95664f38731052d8da71f16e0bb70551,68,19,20,20,True
MBPP+,Mbpp/57,python_minifier,bc31f7ee918c2f318f699b25986c3ed1013ed4e0827390f170ebcdd9d87d1f21,78,20,21,21,True
MBPP+,Mbpp/58,python,e4045d9d628cfd79ab9291af5d8022a46e622544602cfc4f421f4816993504fe,53,22,21,21,True
MBPP+,Mbpp/58,kern,2c3c9d83a7d965f7353dff3bd3a1057b67fbba7f354ee6b8aa3a962227c1aa75,25,13,12,12,True
MBPP+,Mbpp/58,kern_compact,2c3c9d83a7d965f7353dff3bd3a1057b67fbba7f354ee6b8aa3a962227c1aa75,25,13,12,12,True
MBPP+,Mbpp/58,python_minifier,6b3f8cfc44dc74003ab502b4b8e46a65524916e618a66d75ae8d32d7c8ecb720,36,14,13,13,True
MBPP+,Mbpp/59,python,890fac5d612156f7969bd7d9a7474ab12e0a49de0dda6e459fd866a152d0b0f7,50,21,21,21,True
MBPP+,Mbpp/59,kern,b18275ebeb9b9a5b85bb1ae49af36063a08394a2fb616828321cd1f203e34d39,25,11,11,11,True
MBPP+,Mbpp/59,kern_compact,b18275ebeb9b9a5b85bb1ae49af36063a08394a2fb616828321cd1f203e34d39,25,11,11,11,True
MBPP+,Mbpp/59,python_minifier,8055b0117e598a5548e6aa598d32a82f77fd31a1402c37ad44088ab6e01b2843,36,14,14,14,True
MBPP+,Mbpp/61,python,7c7ee0568c51ed1ba2d18f1c4de432ffc9e9bd5e95e242ca6f99ed21dc8316e4,281,95,95,95,True
MBPP+,Mbpp/61,kern,fd1d6db93a60b6014fad7fec721ef9e68695776b036bb01032fa9c5e7be8062e,189,68,69,69,True
MBPP+,Mbpp/61,kern_compact,387cb1c06a4cf0063f51b11c8a89155ea78f8597a15f39e275c7732665756aca,161,66,67,67,True
MBPP+,Mbpp/61,python_minifier,42a1626fc623fa9e32aaac33b2fec16b7f512e01281ff8b5c17d63b7d1a9cb58,193,70,71,71,True
MBPP+,Mbpp/62,python,7b430feaf008c4797f6acc3e6952a8fad1cc1fc6b062b395bd248ef98c801e34,79,24,24,24,True
MBPP+,Mbpp/62,kern,6865813d6c1586d91c9395d7aa4f8c7d647598bf9201aad81ded40cf9bac24b3,59,18,18,18,True
MBPP+,Mbpp/62,kern_compact,6865813d6c1586d91c9395d7aa4f8c7d647598bf9201aad81ded40cf9bac24b3,59,18,18,18,True
MBPP+,Mbpp/62,python_minifier,aab3acf9e8e153656c703e5dc07e74505a74c8592ae1d1b3a42717a081ba4a59,69,18,18,18,True
MBPP+,Mbpp/63,python,8a92239de5b158c9e8188b1e357d9bb9bcbc387ab16e915b8fb24358f1affa83,79,23,23,23,True
MBPP+,Mbpp/63,kern,3a673a6bcbd7261cd5db4e8601ed6b373fc0be8e1168fbb9d6e2781559adfd33,60,17,17,17,True
MBPP+,Mbpp/63,kern_compact,3a673a6bcbd7261cd5db4e8601ed6b373fc0be8e1168fbb9d6e2781559adfd33,60,17,17,17,True
MBPP+,Mbpp/63,python_minifier,e9c52edbaf3ce8f63ccb6962d2c0d7dd42826861905633302119727810762603,70,20,20,20,True
MBPP+,Mbpp/64,python,2eed01dafa5ed4a65d25a700d50880a3b9f911bba39777652faf03d7a1ab94ac,189,53,53,53,True
MBPP+,Mbpp/64,kern,61a694eb9552f823965a75b1407934f5238714a3e83f29e80487460f315c21fe,74,19,20,20,True
MBPP+,Mbpp/64,kern_compact,61a694eb9552f823965a75b1407934f5238714a3e83f29e80487460f315c21fe,74,19,20,20,True
MBPP+,Mbpp/64,python_minifier,cdcec082d681fa266f0afbaef3ac258f1a286e65efca1300bc7d0df214303593,81,22,22,22,True
MBPP+,Mbpp/65,python,69dc13e69794ffa2a4c63a2eb67a4b7814453b7a63db3369cc31504d3738c8cb,202,51,51,51,True
MBPP+,Mbpp/65,kern,4f03567ba12067a01e53851dd4b205f710c3c6242556e97ad2a12ad51eb3d451,161,41,41,41,True
MBPP+,Mbpp/65,kern_compact,4a3366548bb339fbcedf220867eb0f145056aca056bdec1e031a342912a4c55d,113,37,38,38,True
MBPP+,Mbpp/65,python_minifier,9eda906cfc73e1c08657a9550f3f506d846f1baf8ff030c1232c5f104230c20f,132,41,41,41,True
MBPP+,Mbpp/66,python,fdc2d685841779b60ebcc713731b4d420bd46c73015a77caba54274e685a6ef1,57,21,21,21,True
MBPP+,Mbpp/66,kern,b1d5eaffd7cc5e7b4e1991d33ff8b5f9ecf65f0fe7e8b5342bc29a80fec14e6c,39,16,16,16,True
MBPP+,Mbpp/66,kern_compact,b1d5eaffd7cc5e7b4e1991d33ff8b5f9ecf65f0fe7e8b5342bc29a80fec14e6c,39,16,16,16,True
MBPP+,Mbpp/66,python_minifier,90af0fcc17ede65feea992e9ad084f434bd7cdaa9769f75eaa8c923cff961135,50,18,18,18,True
MBPP+,Mbpp/67,python,7ebcb33d22cb9fa943f745dface92f21a3825f00aed086ec924caf051662d9dd,282,116,116,116,True
MBPP+,Mbpp/67,kern,c1490dc48d2d347afba8282ba98fe21583025e33bea35f46d32e5c0edfd8abc7,199,92,93,93,True
MBPP+,Mbpp/67,kern_compact,e4168c1607435b90e4710ce581a11ca88eea93d299170e0b99c66c3d244c2b0a,175,91,92,92,True
MBPP+,Mbpp/67,python_minifier,b431b4d05a8463f817120650fa61543d9ba0f9b49589c97e5597ccc291bf86f2,193,95,96,96,True
MBPP+,Mbpp/68,python,0046cdb35cecbd4dd8e9ffc8bbcba1355d6f6951d15fe5d9ea2fd171fb99983b,113,47,47,47,True
MBPP+,Mbpp/68,kern,6f8e5b8bf891d3c135d682ecaed5aab83d8efe109f4cadaf81b1d82108130234,84,38,38,38,True
MBPP+,Mbpp/68,kern_compact,6f8e5b8bf891d3c135d682ecaed5aab83d8efe109f4cadaf81b1d82108130234,84,38,38,38,True
MBPP+,Mbpp/68,python_minifier,59a602f986dc853dfc6d99cfe02ff84e536b31d400ad1cce5d4b3fe5d4533286,96,42,42,42,True
MBPP+,Mbpp/69,python,5d2fb30a839acd1ac7f396d3fa3cae9c5f04e1fa788e08860b11c0cc6e9a5a23,123,43,44,44,True
MBPP+,Mbpp/69,kern,356a30421f42c05df20f59d60584a997abcb06b2309d55a4f58fd3eca992c046,94,38,39,39,True
MBPP+,Mbpp/69,kern_compact,356a30421f42c05df20f59d60584a997abcb06b2309d55a4f58fd3eca992c046,94,38,39,39,True
MBPP+,Mbpp/69,python_minifier,788a9f951391af9ef63406b2e6c1d3a508b2837917d39286b4585254d28140f4,113,39,40,40,True
MBPP+,Mbpp/70,python,7f84a51b5cc18c01e13046f74e34a2cba7ea90de7e0ef75ee9aef7152baf9c14,75,22,22,22,True
MBPP+,Mbpp/70,kern,4614fef280eef62d24683768530b9702abf3c467cd49f42cddc936ac1f4193ac,57,15,16,16,True
MBPP+,Mbpp/70,kern_compact,89b2ca4431e510cb1dd170126b885a1c8fd2f91de9f0b5f64e387f3ca6949d33,51,14,15,15,True
MBPP+,Mbpp/70,python_minifier,6f38e0cffe033a759e3a637826f89eaa79963fdfbe78fa62cee818cbfdf4df20,61,17,18,18,True
MBPP+,Mbpp/71,python,b9b93960737dc6e7b1e3ed8c91679f9336d62d88764b8080086e8c3a46bdc045,398,113,113,113,True
MBPP+,Mbpp/71,kern,44233ac5e2669f66ae74e3303db42f558722a3c732d6978a782e2c6c7d257135,233,88,88,88,True
MBPP+,Mbpp/71,kern_compact,588603fde34751d18c21311221b20b1f7c618a12326ce035213ca0eafdbe5beb,179,75,75,75,True
MBPP+,Mbpp/71,python_minifier,1f75025b4e388e0df5c530dc41001880ae13f5cf61438f180b4d8de2b3f19448,189,87,88,88,True
MBPP+,Mbpp/72,python,384805fbe66100798603e5ac29a4da82e5f1fbde74ed9610514637a0aab0384d,139,44,44,44,True
MBPP+,Mbpp/72,kern,7639f5af888fe9e045068ab5bf27317e30298fe2914594c5109877e1c4ddb6fe,20,10,10,10,True
MBPP+,Mbpp/72,kern_compact,7639f5af888fe9e045068ab5bf27317e30298fe2914594c5109877e1c4ddb6fe,20,10,10,10,True
MBPP+,Mbpp/72,python_minifier,299f84bffe179e5588e066729742dc702d6ec8ba7820950ee8f90062a6dba954,31,12,12,12,True
MBPP+,Mbpp/74,python,a22fac2a45da0dae2debfccbb1f67a46fc171a4eccd27c9ebdb51b69aca1c1ce,346,78,78,78,True
MBPP+,Mbpp/74,kern,82846f3c163ac2eca797e345aa4bb59d3bd131a55c7575b908ba646c61fb9544,275,66,65,65,True
MBPP+,Mbpp/74,kern_compact,21c2e93583b9e766141e8c7f63e3e55f47fbc8ff3eb60905fcb9b81bbdb3d635,180,56,55,55,True
MBPP+,Mbpp/74,python_minifier,4c380f03dd2885513bc82402b798bea8c75b5c84d66796dfeae94245dd118def,183,64,64,64,True
MBPP+,Mbpp/75,python,2b527263939cf7381c9a33ec7f7dc24b6ed4b298533f024ddb66750bacac1ab9,116,36,37,37,True
MBPP+,Mbpp/75,kern,9164f61b7515dc6b126abcdd89a7835be507748fc0604ddcd5a56e04f2d039d2,88,27,28,28,True
MBPP+,Mbpp/75,kern_compact,44e5204f58f112934924eef95df2a5d6c633996d7fa73cf52424452081f778b5,73,25,26,26,True
MBPP+,Mbpp/75,python_minifier,276f49320ce5e10918be1b13f560734bc35383043005ab0940241568dc7554ec,88,29,31,31,True
MBPP+,Mbpp/77,python,8c691e73ed69d043d27f272815caa31ee7718334c2d00d53f248676a8acbe610,42,18,18,18,True
MBPP+,Mbpp/77,kern,9a61252a90d70a9201f7e9f831d766a4ff0ba6e018067f0ab2168468897afa43,18,10,10,10,True
MBPP+,Mbpp/77,kern_compact,9a61252a90d70a9201f7e9f831d766a4ff0ba6e018067f0ab2168468897afa43,18,10,10,10,True
MBPP+,Mbpp/77,python_minifier,a628a22fe6c1902273d9760f8af82a8f89e6f88bfba00232ef80c0f52e4c7be7,29,12,12,12,True
MBPP+,Mbpp/79,python,9957cb8a81b31c28a4e0a2d8c9c3f724da02383a5782960081d535eced6c0c77,46,19,19,19,True
MBPP+,Mbpp/79,kern,f6b4a5df1c1f4f52eece0a8f8b8894ce4552c2bd343cb5d8a7c7e707a523b04f,23,10,10,10,True
MBPP+,Mbpp/79,kern_compact,f6b4a5df1c1f4f52eece0a8f8b8894ce4552c2bd343cb5d8a7c7e707a523b04f,23,10,10,10,True
MBPP+,Mbpp/79,python_minifier,2bd53ff3991c3b62c348a8cf8b6b03ae652d3e87d3aeea93806d4ab0f669a8b4,34,12,12,12,True
MBPP+,Mbpp/80,python,21ff353f2706766860cbd7b747fa4c0dd48c9eabde30f20d1c4780625b3c5e2a,65,30,29,29,True
MBPP+,Mbpp/80,kern,a11407e33332fb0ff0301f3097003030b0404f78fe25b76274cecfef95522bd1,37,17,17,17,True
MBPP+,Mbpp/80,kern_compact,a11407e33332fb0ff0301f3097003030b0404f78fe25b76274cecfef95522bd1,37,17,17,17,True
MBPP+,Mbpp/80,python_minifier,b58c06eb0be0affb7e3b17ed2d939ba0ca575e50250348e23a7dc33b0bbb396a,48,19,18,18,True
MBPP+,Mbpp/82,python,ac6ee0b41c53f9e2eeafa05e3eb8734c7edad0b008d8a0e98d1fdbcc8095c78d,71,25,26,26,True
MBPP+,Mbpp/82,kern,30815c879dd53dad6ec6a13779e8ba3f2c225339e69fb1dd8add95be6c8d061f,46,19,21,21,True
MBPP+,Mbpp/82,kern_compact,30815c879dd53dad6ec6a13779e8ba3f2c225339e69fb1dd8add95be6c8d061f,46,19,21,21,True
MBPP+,Mbpp/82,python_minifier,e5c43470d840016e8825c1ee924ba0369f8094b88c9043c423223bcbb04fa2c1,58,19,20,20,True
MBPP+,Mbpp/84,python,287bbacf6d86194b7cb438abc4ac813054fb24f41698314d9ff2e8a0583e5fc5,186,87,90,90,True
MBPP+,Mbpp/84,kern,61bebdb47a5d1844da5195b28e3dd30867ea785b2aceaf5241134347ba5e73f5,125,65,67,67,True
MBPP+,Mbpp/84,kern_compact,7f9060b6dc107870f63062eea2a8ec47a953d9038d2eb0b16fcc395e2e5165ab,107,62,65,65,True
MBPP+,Mbpp/84,python_minifier,9f9de320267a71e7825fcc5b5f9936d8aeafeabedc87970f3fd3a302cab15ba7,130,65,65,65,True
MBPP+,Mbpp/85,python,744feb6bc97e77be47cafbbe4400e7bb2a955bbc28e4e206b8fd6278943ece57,70,23,24,24,True
MBPP+,Mbpp/85,kern,1c71f4087b30602a4c8e8e992254f57dbfa2fc0c1d11b58c2302c19c89984a3a,45,14,16,16,True
MBPP+,Mbpp/85,kern_compact,1c71f4087b30602a4c8e8e992254f57dbfa2fc0c1d11b58c2302c19c89984a3a,45,14,16,16,True
MBPP+,Mbpp/85,python_minifier,d3b2223dbe2d720b30d6aa2ff10d25654c3ddea38e6bfe9be1574d91da60b16c,59,17,19,19,True
MBPP+,Mbpp/86,python,ac979a2eff094e816619a6690bba52aad1da3000ab1cbbd3069e27d070affc1f,64,25,25,25,True
MBPP+,Mbpp/86,kern,13c5dd9a5e11035e51fa76192e96951922c3236978e086d3b52b0566a610d71b,40,15,15,15,True
MBPP+,Mbpp/86,kern_compact,13c5dd9a5e11035e51fa76192e96951922c3236978e086d3b52b0566a610d71b,40,15,15,15,True
MBPP+,Mbpp/86,python_minifier,d9c06c4fae640e7d743640f2ebbb2b9c6938c81f926b5c9ca0bf408dc6f18fa0,51,17,17,17,True
MBPP+,Mbpp/87,python,7c281c05ad0e79c8e9ef1ba4fd28a8237e9cd4e913f9edffda10387a8d217d01,157,43,44,44,True
MBPP+,Mbpp/87,kern,b14427be1d4ee8641cb457adae8b035df303877e0a09c904c4488b1e02fe48f0,118,35,36,36,True
MBPP+,Mbpp/87,kern_compact,70356c6bbe79c9ae81f904f65dc83d4fa4d17c4e5180b6d8414f1db33de01208,105,32,33,33,True
MBPP+,Mbpp/87,python_minifier,5b4de46aba6ed9de21cedbf26496e48c1ac89534ab2e6afd54b4050e66522017,123,36,37,37,True
MBPP+,Mbpp/88,python,b3da11c622f7c56e9b763e25fcd1fa31b438ab2db97c75415f4d5e347f4466d4,104,24,24,24,True
MBPP+,Mbpp/88,kern,236fc7ece26193a0f83d65e3f6844a44bb5a3d711651a430e6af613baa0d9c6d,72,17,17,17,True
MBPP+,Mbpp/88,kern_compact,087abbb58896883b24bcb1cff2e5005bc8093caf1f6cdcf7b80b3ff7afb2a659,60,13,13,13,True
MBPP+,Mbpp/88,python_minifier,d2025daef48172f18ecfe8f1f5566779517c2f6dba8e4857d9cd57aa16bf57bb,78,18,18,18,True
MBPP+,Mbpp/89,python,56a6f6826dcc2900db64b121cfcdb68ac9f02bf8619a6cca17a52cdc3c8b8d10,38,14,14,14,True
MBPP+,Mbpp/89,kern,082a680a0458c5458a11d4c417621347877cc8014b2aa4b7d8904aa3fdb1e0d8,18,7,7,7,True
MBPP+,Mbpp/89,kern_compact,082a680a0458c5458a11d4c417621347877cc8014b2aa4b7d8904aa3fdb1e0d8,18,7,7,7,True
MBPP+,Mbpp/89,python_minifier,408a93f681240cd7194af6694705cd12a8a332e1f20f173403a3c1c01e1054be,29,9,9,9,True
MBPP+,Mbpp/90,python,3ca8af129c3d88fb8ab51a2b27dbd06e46439a683f56b2f272555a738957050d,59,19,19,19,True
MBPP+,Mbpp/90,kern,8bbe943b9505593203864c21782bc42fa152ac027f2eadb21f5da90dd40f2d5b,41,15,15,15,True
MBPP+,Mbpp/90,kern_compact,8bbe943b9505593203864c21782bc42fa152ac027f2eadb21f5da90dd40f2d5b,41,15,15,15,True
MBPP+,Mbpp/90,python_minifier,eef3aa951458b76609f8021c29c4f81df417a783bb0a8b7c11f57310ff8a1f6f,51,17,17,17,True
MBPP+,Mbpp/91,python,f18807c6c6529dacf19127da546048776c86c949982183f92930d594992d9172,78,24,24,24,True
MBPP+,Mbpp/91,kern,35914f9f0b6f8e45629a39d76addc008a57d7217567d79579e0b4acb44d93256,60,20,20,20,True
MBPP+,Mbpp/91,kern_compact,35914f9f0b6f8e45629a39d76addc008a57d7217567d79579e0b4acb44d93256,60,20,20,20,True
MBPP+,Mbpp/91,python_minifier,a75d41b74af3598160cd67fd01e7aa7528410296b40a2c97a3ba6700f9d2c3f1,71,22,22,22,True
MBPP+,Mbpp/92,python,1981ce32d7a47e09a9fbacfe883b367b053d9891aea95949037953896b5ecf3a,165,54,56,56,True
MBPP+,Mbpp/92,kern,bcf630be15448511d95171b26989dd4ff15752a5f4efb73eebf28a08065b65a4,131,45,49,49,True
MBPP+,Mbpp/92,kern_compact,8129d5347c7a8026b3177640ea90f7b9b2194de0312447d94ce45f818acf0e4e,103,42,44,44,True
MBPP+,Mbpp/92,python_minifier,4a5742075e4c0e06348748e92e0f404f521ccf3d6b3d8932cb23064c8770ec6d,122,45,45,45,True
MBPP+,Mbpp/93,python,4fe61498b679cb2059d67ecc1c8bad3f931e38073c539b4bb1ad6a6fce35a786,33,12,12,12,True
MBPP+,Mbpp/93,kern,e9f1c90981595d489790a7354600ad5ba16573ead6cddd95aa5def046a690e24,15,7,7,7,True
MBPP+,Mbpp/93,kern_compact,e9f1c90981595d489790a7354600ad5ba16573ead6cddd95aa5def046a690e24,15,7,7,7,True
MBPP+,Mbpp/93,python_minifier,dc6fd9689a54281fe8f878fd1be77298f9013f61dc53491e4ee49fc00436b3a1,26,9,9,9,True
MBPP+,Mbpp/94,python,958de83521febf54f89bae6f1370b4dd42abe7844b0350daeaa03b0a60aa5555,127,35,36,36,True
MBPP+,Mbpp/94,kern,bf5d34d41c2b4e9fab377f25ea081e3f39fda4ae22c2ad283ecfb762321d53ce,94,24,25,25,True
MBPP+,Mbpp/94,kern_compact,534f2de2cfe4010e96fefc1c2977675a2343a0b9f6da089189b71381de727afc,89,22,23,23,True
MBPP+,Mbpp/94,python_minifier,717e42e7ba1fcabb35730d0c5894323daa1a9fe1f8526f575a88866d9fc434a5,107,26,27,27,True
MBPP+,Mbpp/95,python,729e7406a5ba2bb924a1ffe37f5c1d0007b54e288fbab0b78b3907dc05937207,93,24,26,26,True
MBPP+,Mbpp/95,kern,177f76c0394370e1189c95c5cca07ebd13fecbf373de3e35c6d43713f965e6cb,56,17,17,17,True
MBPP+,Mbpp/95,kern_compact,63faeafc87ac6584d7ce546aef13a66d7e6b89c2cafe6bc84e27beffcdfd35a6,45,14,14,14,True
MBPP+,Mbpp/95,python_minifier,b066fef9f67e28388d01c2736d15e6ed202cea37925262d84d9f6f7526ad640a,59,18,18,18,True
MBPP+,Mbpp/96,python,b8788a4425f02f09e137c4503adc11e69475b72e3682f57eeefd4b9e822d2c9f,72,30,30,30,True
MBPP+,Mbpp/96,kern,b57fa9132ea8598ba80f825e493cca532f11fe34520850051cf8d8d726356d8b,49,23,23,23,True
MBPP+,Mbpp/96,kern_compact,b57fa9132ea8598ba80f825e493cca532f11fe34520850051cf8d8d726356d8b,49,23,23,23,True
MBPP+,Mbpp/96,python_minifier,719780a2d22720664103d583968f398a6d37f1aaac6b1776fbc8470a2f7e6715,59,24,24,24,True
MBPP+,Mbpp/97,python,ea04cc857cc35a382cd96d1ca13500b2645ca0f7612797e17f41e42e2e0e87db,135,39,41,41,True
MBPP+,Mbpp/97,kern,bb39860424e8565533808b58bebf69d8406b77c8660f7eb8ba332b3cd2ecd2b0,111,32,34,34,True
MBPP+,Mbpp/97,kern_compact,6dab2e29826100bbab5d9d89feb546ca8ec32ab0b61bf684f0ee8c6aef742f66,86,31,31,31,True
MBPP+,Mbpp/97,python_minifier,0b7e0fd455437d361a2996b9c7c45d2a56b0a201bb163f2af0bd5674aa023f53,93,34,34,34,True
MBPP+,Mbpp/98,python,0a3e20c57d34846554423417af31f78185e5b6b71c88398b758880cf47275ec6,125,31,31,31,True
MBPP+,Mbpp/98,kern,d03b496b33716742b99647e71683bd7a18b39bbf293f060857a869c3a38bdd0a,88,23,23,23,True
MBPP+,Mbpp/98,kern_compact,45bdeb18430ee2d15f1386a7e5fb33c070e1840bdfaf5073c7078f88b4b7bdb9,88,24,25,25,True
MBPP+,Mbpp/98,python_minifier,73df2d99698ea357102274d1b63e8955c49de003e6b69d8d5861027d2f341ac8,103,28,28,28,True
MBPP+,Mbpp/99,python,5f546a988411c7cc48cafeb4e4c57268e63556a085712db38e9471ded13a47eb,64,20,20,20,True
MBPP+,Mbpp/99,kern,0dd79d6d40bbcfaa4508f0c5173d00f457bb95f503253198ad68a8791b7f7905,44,14,14,14,True
MBPP+,Mbpp/99,kern_compact,0dd79d6d40bbcfaa4508f0c5173d00f457bb95f503253198ad68a8791b7f7905,44,14,14,14,True
MBPP+,Mbpp/99,python_minifier,7d14219831701cff74c540dac15a3677bb60f4ed0bb30a87a3adcf8b3976b139,55,16,16,16,True
MBPP+,Mbpp/100,python,bf348c640fbbef54d97623b98c00ffe866ddfc742f28b1c364953ec35dda8584,1224,337,338,338,True
MBPP+,Mbpp/100,kern,c6663c54f692d8d5652de816a7dfc5445796d899c09137f4f851197529f5f8d4,517,210,212,212,True
MBPP+,Mbpp/100,kern_compact,fa4f1ffa908e17b27144329bdfe091726c8f10dc1125f463bbddde39344f4101,422,190,191,191,True
MBPP+,Mbpp/100,python_minifier,425865d5adfa572ec13ef3c55cba36a1570cd55bbc3c9335e85c01aa7c50ba33,440,217,219,219,True
MBPP+,Mbpp/101,python,0a87b3a00cd4b6dd21d770e80e98423e308b79b39afcc0637f7e63f5bbd12ab2,44,16,15,15,True
MBPP+,Mbpp/101,kern,f7f902c07aa634669069aae81b4ad99b7e048cb20a4eef0963db68d68ca709b8,27,11,11,11,True
MBPP+,Mbpp/101,kern_compact,f7f902c07aa634669069aae81b4ad99b7e048cb20a4eef0963db68d68ca709b8,27,11,11,11,True
MBPP+,Mbpp/101,python_minifier,94257ac888bad64b280c3469ec30f3e59d77133d4d9f6216de05aee2bc98ee33,38,13,12,12,True
MBPP+,Mbpp/102,python,2267aaf84f5300b5750a7d3f4bd8c543235479ac50541d0afb7b778b13a90af8,94,24,24,24,True
MBPP+,Mbpp/102,kern,12def13042059f0749b45580911cb0fd1b5fc124a76d794f5c39a050b0dc72df,74,22,22,22,True
MBPP+,Mbpp/102,kern_compact,12def13042059f0749b45580911cb0fd1b5fc124a76d794f5c39a050b0dc72df,74,22,22,22,True
MBPP+,Mbpp/102,python_minifier,5e34cfbf6cef9cf2d4cdc97c3604d3b8977ecac5fba226114c5364191a4478f9,83,23,23,23,True
MBPP+,Mbpp/103,python,a8ebde28e51998eb469ee2f762e1b4f7df039b577fbeed75d558018e8285182e,170,78,81,81,True
MBPP+,Mbpp/103,kern,dd2b34da16b75a58de7d290075083bb72267e473179234279067ab95268bb096,100,52,54,54,True
MBPP+,Mbpp/103,kern_compact,dd2b34da16b75a58de7d290075083bb72267e473179234279067ab95268bb096,100,52,54,54,True
MBPP+,Mbpp/103,python_minifier,2b99a7ba9c22cc742dbca10949c64aee44144f4d7081a9ed10c45e6e5f84fa89,127,55,56,56,True
MBPP+,Mbpp/104,python,2e0885fb23e2a48ef8e6409fe0906ae172e9b46f5c8c9664af386d419946ed96,75,20,21,21,True
MBPP+,Mbpp/104,kern,879a86e7488e22733460e600fef9a420d24d758637bcf6bd855c7453efdc95ad,57,16,17,17,True
MBPP+,Mbpp/104,kern_compact,bb1d2540efd4e36ff535468a4403cfb9036290098fb7758c4d9c73bd0168c3e1,50,15,16,16,True
MBPP+,Mbpp/104,python_minifier,25e87578ed69edd0f07be640ad9ab0076e4c9a4dabedf896aa711e87a7eef0dc,66,18,19,19,True
MBPP+,Mbpp/105,python,4cd019738f51aa215170577b5de879710042d58b66a69f796c3fabc9627a68bc,41,12,12,12,True
MBPP+,Mbpp/105,kern,d82d442328a9b608356041a6eaa88891360786c77551894bf8f4cda66c2f9782,19,6,6,6,True
MBPP+,Mbpp/105,kern_compact,6ec2c24a288bcd334add0580daceafad6fe50533c161ee017e89c46163d0fb65,16,5,5,5,True
MBPP+,Mbpp/105,python_minifier,3b978b2cc8c28a4a07c7fb9f1654547b1820a5ab3b2bb64895096905338e4da8,30,8,8,8,True
MBPP+,Mbpp/106,python,1b8176c3a89c394703ad72d99e975d99254ac3d1bfbfe1f1810cdb7ec74f2a47,74,21,21,21,True
MBPP+,Mbpp/106,kern,2b19b41a5a72ef681d21dc22f298b7de1017f2ea96e14ca12b372a15a4844eb1,55,16,16,16,True
MBPP+,Mbpp/106,kern_compact,2b19b41a5a72ef681d21dc22f298b7de1017f2ea96e14ca12b372a15a4844eb1,55,16,16,16,True
MBPP+,Mbpp/106,python_minifier,c4dfa3ae4392dfe16de941d0d4dee8d07cfda782c4e335e0ccf722b2b5ecc7d6,66,18,18,18,True
MBPP+,Mbpp/108,python,cded30bc3cb74ebaf7af252a252ef7baa592da08f8b67501f314c2c907dca410,89,27,28,28,True
MBPP+,Mbpp/108,kern,9523fdd3ebc65f1c029483eb4abe1a8e29522b41fd7e8a5b3d53d99325847140,66,23,24,24,True
MBPP+,Mbpp/108,kern_compact,9523fdd3ebc65f1c029483eb4abe1a8e29522b41fd7e8a5b3d53d99325847140,66,23,24,24,True
MBPP+,Mbpp/108,python_minifier,e0c4763b9ae6e836c7b4b853f363467f134efbbe62c7c0a8be4f6a6b8ec789e2,80,25,26,26,True
MBPP+,Mbpp/109,python,9b33e258e3ae136902d1c3997729bad553d7e3afce5ebcc649a11412aa3fbeea,140,48,47,47,True
MBPP+,Mbpp/109,kern,3a142001680f9528789fbde3d8eaaf2ce65b8afb2dcf661d9c84a3d164697220,81,31,30,30,True
MBPP+,Mbpp/109,kern_compact,93677b5559fb1f992a50d646e3c7dcab2ccac539bccfc9ae0bf3fa6c0f4df24d,61,29,28,28,True
MBPP+,Mbpp/109,python_minifier,25c765d806bea20529d227f5a98c5f38051b2db11bbc57eab1a92335d7e3a5d7,82,34,33,33,True
MBPP+,Mbpp/111,python,a79f7cd3302bf11f0bf9d4cfaaa666e708f8f03455c176520f5f0c27dac3bbd5,98,22,23,23,True
MBPP+,Mbpp/111,kern,2a3416cbf36c07391ea5cabd10585def9f132613bd255362e7a9949f9034af41,79,18,19,19,True
MBPP+,Mbpp/111,kern_compact,2a3416cbf36c07391ea5cabd10585def9f132613bd255362e7a9949f9034af41,79,18,19,19,True
MBPP+,Mbpp/111,python_minifier,da6436f19538cf5bddd025f9fa4a341436dc9ac77a1d28910ddf8975086b9462,90,20,21,21,True
MBPP+,Mbpp/113,python,f60524fad58022e3582f8b71e83dff5fad6a53f246a59d7dc2459f8e89f0c025,163,47,48,48,True
MBPP+,Mbpp/113,kern,6337c8067373b62d5bb0d12274e0ca3323c8b5d7046a1aed43425a07d52821b5,112,37,39,39,True
MBPP+,Mbpp/113,kern_compact,23737093165417eb3bd1148612ff0556cf9c58d506dcc9f876fa8a8badaf5a67,103,34,35,35,True
MBPP+,Mbpp/113,python_minifier,48aa966373c3d57c4164cf46d1a490fc9920eb28907e7f5d0b607bfe969a17a9,116,41,42,42,True
MBPP+,Mbpp/116,python,c2193c95b26d68f3d85a660b236be9240329953a2e4b08cc31013f99ac3dbb98,64,18,18,18,True
MBPP+,Mbpp/116,kern,a6ad37a353659bf486d70aa8866404b1e190f222d8bdf69eefb055c5988ec4fb,46,14,14,14,True
MBPP+,Mbpp/116,kern_compact,a6ad37a353659bf486d70aa8866404b1e190f222d8bdf69eefb055c5988ec4fb,46,14,14,14,True
MBPP+,Mbpp/116,python_minifier,2df5cf7458d377c8467384640d11e27a04a2be2bd17f7db81020d38ba18dc01a,57,16,16,16,True
MBPP+,Mbpp/118,python,a36046d809fef830953fcbf5f2130a09e798a666f92f874c6a5b28a691ab4b70,59,14,14,14,True
MBPP+,Mbpp/118,kern,d3d3199e2d56fbee214f20ef63808a984879e648ad34cbe44be759d2e31dfe9d,40,9,9,9,True
MBPP+,Mbpp/118,kern_compact,d3d3199e2d56fbee214f20ef63808a984879e648ad34cbe44be759d2e31dfe9d,40,9,9,9,True
MBPP+,Mbpp/118,python_minifier,0495cd1457f810f68d5f95b251ee734c2dd392826c2d8bc6724ca012b1f127a2,51,11,11,11,True
MBPP+,Mbpp/119,python,ad48a06b121603c8fcb069d505bc1904b4a7093437f0faf5ec03ad1dac421e6f,115,39,39,39,True
MBPP+,Mbpp/119,kern,3c0fab1b96cb3ccb7c8892217bef40abc00fec90eab009e9e9a8260e555015f6,66,29,29,29,True
MBPP+,Mbpp/119,kern_compact,481d53fec297f8385a571d10c982eabd4723bd329723dc7751770ceb7a22e2f0,54,23,24,24,True
MBPP+,Mbpp/119,python_minifier,7a83e18686b1e88b32e257e305c10c8cf31046a970550c1a69f869956c6de35d,72,26,26,26,True
MBPP+,Mbpp/120,python,d897bfa7406aedc095b64afb22a76f5726ec2a28985e137ac2ab8cf0ab52a606,76,24,24,24,True
MBPP+,Mbpp/120,kern,7c56b25954288132c757826caf7cad1cd01cbebc839b5bbdb798f6d8bd837fe5,55,18,18,18,True
MBPP+,Mbpp/120,kern_compact,7c56b25954288132c757826caf7cad1cd01cbebc839b5bbdb798f6d8bd837fe5,55,18,18,18,True
MBPP+,Mbpp/120,python_minifier,5d0c9756fe44c0fa386daa4e36c739cf3c78c814b468fc0f2886c1f4ac1aec54,65,21,22,22,True
MBPP+,Mbpp/123,python,bc92f474dc93f09c8d4256cca9697ad05fcccc394bf14f4498099d4532ff92c5,555,157,153,153,True
MBPP+,Mbpp/123,kern,675a9a32d8125235e2ea87256502313a10a286c64b00e85e32a726448ea61b25,335,119,118,118,True
MBPP+,Mbpp/123,kern_compact,ea036de1d5d7cdb7c91c6065975833076b005a417724af0ed33dc9afa5b0ffd8,227,96,98,98,True
MBPP+,Mbpp/123,python_minifier,94b17419311473e8b60618eaf69c234f86cb7f1d01c8ef16c263ecdd5c36cc57,276,116,116,116,True
MBPP+,Mbpp/124,python,a8905b9f2afca52c425d787a75c1f1de80cae5ecfc90fa79541ce72d2ed9a8be,78,23,23,23,True
MBPP+,Mbpp/124,kern,c60635e5f56b17a84b0e6bfe07cacbf9c1b35e1ee04bd0cd14f6ed025caa8247,52,17,17,17,True
MBPP+,Mbpp/124,kern_compact,5e84721c3c470425a1c55069982d477ad078d5a459ae42d4a999733573754b55,45,14,14,14,True
MBPP+,Mbpp/124,python_minifier,f9075e38cddaefeec97672aaa1e4bc02b13348cb88aa713efde0b036b0352b49,63,19,19,19,True
MBPP+,Mbpp/125,python,6e67277606012e798d24b55291eecaa3cd92b1a9feb19705303205ff65edc80e,212,73,73,73,True
MBPP+,Mbpp/125,kern,3d4ba084bbdad12a8de4ddc60e79b74acdedd77e9ed040d9701663abca66320d,165,52,52,52,True
MBPP+,Mbpp/125,kern_compact,a3bfb4faff654ba350b626ff99ada4f408f16fbe4bcc5c3f12419244f3635fb4,91,38,39,39,True
MBPP+,Mbpp/125,python_minifier,575403d7de20cbd583de2b380b629d885a11ffe3ca515e14e8c8e922a9beeac6,110,48,48,48,True
MBPP+,Mbpp/126,python,27e06a6840f336824d66c4baf2e6f7ef3a372dc04cbf79fbb813a14ae6cf86de,244,87,87,87,True
MBPP+,Mbpp/126,kern,919beec81c8162846f1bccaa8eea7e1a893e9b52410f9b5d61d300b07713e52d,123,55,55,55,True
MBPP+,Mbpp/126,kern_compact,713d90259ecb4246587dbb573218c95349a2c079ca93cc6c3308d2cf12944c2c,93,45,46,46,True
MBPP+,Mbpp/126,python_minifier,e6546002dc6d7686f26abd636907daf32f9bb007bc8c4328ad2e1c91712d2772,149,62,62,62,True
MBPP+,Mbpp/127,python,68ede2d6ba3a17fd6538130d4e014b88aa7320512bd1698f14a06369930d2377,42,14,14,14,True
MBPP+,Mbpp/127,kern,299c1321cd76bb898cd3d05d4c84023b1cebcd56823df94d750bd3239877c5c4,21,7,7,7,True
MBPP+,Mbpp/127,kern_compact,299c1321cd76bb898cd3d05d4c84023b1cebcd56823df94d750bd3239877c5c4,21,7,7,7,True
MBPP+,Mbpp/127,python_minifier,e4fdccf81a403d4ec96254706c80b8d3e5ad348e0c338a7bda1c4b9b88257603,32,9,9,9,True
MBPP+,Mbpp/128,python,85e36bbdce33a006ae19ddf2ba6d328a9128929c6961fa7d05eeebe4f8e34cb3,83,26,26,26,True
MBPP+,Mbpp/128,kern,50e8ed153faf97c46d414d8bd74f2f231bd113b4c51437bca85001b12c59b9de,56,20,21,21,True
MBPP+,Mbpp/128,kern_compact,50e8ed153faf97c46d414d8bd74f2f231bd113b4c51437bca85001b12c59b9de,56,20,21,21,True
MBPP+,Mbpp/128,python_minifier,bb8b71b4f0acd427b093e867e3ffe7bda0a6e1624cbc691bc174afdaeeb4f1d7,71,20,21,21,True
MBPP+,Mbpp/129,python,c2c1d71f4d1f1a5e72d36beb39a75121afc2770b35bbc5f4cc6612401a58bf48,503,143,143,143,True
MBPP+,Mbpp/129,kern,ea06d333825d1b54088c3c96dac9d539744afb2630d2f166242c6d78cfe8424a,334,102,104,104,True
MBPP+,Mbpp/129,kern_compact,230667772655f70f58c002f14eb32b65b8b20f2731488a7ce677495ba3023663,323,103,105,105,True
MBPP+,Mbpp/129,python_minifier,2fa50e67f43f83dc055baa83446ec811ef61512e568a1d56af20de771b6451b0,296,104,104,104,True
MBPP+,Mbpp/130,python,c9c60b43bd6c1cdf21182074b7442135daab5924a5f2c942b0a301ab53ab8fb7,155,41,41,41,True
MBPP+,Mbpp/130,kern,73bf1197033ad1a9cc04f4adaa21b512a998e2eda9aa3f6126cb094a0020bd9f,113,31,32,32,True
MBPP+,Mbpp/130,kern_compact,73bf1197033ad1a9cc04f4adaa21b512a998e2eda9aa3f6126cb094a0020bd9f,113,31,32,32,True
MBPP+,Mbpp/130,python_minifier,f82004c22563ec93edb932b60913e2e693fc7bca8c38c9d067a370af77f292c1,130,32,33,33,True
MBPP+,Mbpp/131,python,16756204abeae966fb0c424cf633eedea77562db4583ef15b4262c11487c52f3,197,68,67,67,True
MBPP+,Mbpp/131,kern,a203dc68b545f0f50a95a4e285616d1abb8b3aacff55b2731bff523cf8686a35,166,61,61,61,True
MBPP+,Mbpp/131,kern_compact,a203dc68b545f0f50a95a4e285616d1abb8b3aacff55b2731bff523cf8686a35,166,61,61,61,True
MBPP+,Mbpp/131,python_minifier,cb7414386fddcbd8826f20c1ead71faff7b0aefe92e0c9c1947b683452914331,150,58,58,58,True
MBPP+,Mbpp/132,python,7587b1517be86e59c5f312e56e14807e4ae11e3684ab7519c1c8bd9678dd4daf,46,16,16,16,True
MBPP+,Mbpp/132,kern,e5f5021698e7cc203cf199f2a4c516a420d587d719934470db8b8f47b74f92c9,30,14,14,14,True
MBPP+,Mbpp/132,kern_compact,e5f5021698e7cc203cf199f2a4c516a420d587d719934470db8b8f47b74f92c9,30,14,14,14,True
MBPP+,Mbpp/132,python_minifier,43706cd47cbe8672135257199437d077f0cffac144be843f73eb3949332fbbcd,40,14,14,14,True
MBPP+,Mbpp/133,python,06ff5deb0e7464b6612630d91bc4cbf5b56709bd4918a7cd708d5f1c65b84bb5,67,23,22,22,True
MBPP+,Mbpp/133,kern,4ab51000d40e8838a43e30435ba257b0d8f1cb5fe964ef5611c034b4a89c6b04,49,18,17,17,True
MBPP+,Mbpp/133,kern_compact,4ab51000d40e8838a43e30435ba257b0d8f1cb5fe964ef5611c034b4a89c6b04,49,18,17,17,True
MBPP+,Mbpp/133,python_minifier,a5365a8455c7bf847472ce5ce9084344ed7a0b2671d5dc0ee864bcdbd455d767,60,20,19,19,True
MBPP+,Mbpp/135,python,5804f9c8b4d68fc54f01f035afd9ff0c77692bc6649847ef320f00777aead860,49,20,20,20,True
MBPP+,Mbpp/135,kern,1e1bd28d41ddb6566ff9e753513c20c9dd8d60f621460230439f92191736ac18,26,12,12,12,True
MBPP+,Mbpp/135,kern_compact,1e1bd28d41ddb6566ff9e753513c20c9dd8d60f621460230439f92191736ac18,26,12,12,12,True
MBPP+,Mbpp/135,python_minifier,a244972295e4c425b3cb542d2b70c9cfa40fa1e6f2075ad6d5d3c210c8cd45f5,37,14,14,14,True
MBPP+,Mbpp/137,python,871061ab560c73449802a5691a425eb150de9e1f64db9efc4a6b10831cf3d86c,150,47,47,47,True
MBPP+,Mbpp/137,kern,560e14b02667fbc014ab6ceb5f50f475f1d9b2d0af689af7fb5734167c5e8d93,106,38,38,38,True
MBPP+,Mbpp/137,kern_compact,560e14b02667fbc014ab6ceb5f50f475f1d9b2d0af689af7fb5734167c5e8d93,106,38,38,38,True
MBPP+,Mbpp/137,python_minifier,90ff76b4b8ad74ac5d5c06f935e8eae602e2fbecf87a9438a64ae552d4286011,124,43,43,43,True
MBPP+,Mbpp/138,python,3e89499735fe643ea2aad49755c6ea8ed8793ce65c3ca62a3058f95184ea1578,66,28,31,31,True
MBPP+,Mbpp/138,kern,c71ccf5e2309cd0ac56a4d765df444428eaf78fb8e9e5a0bd887ab6c2a920368,38,19,22,22,True
MBPP+,Mbpp/138,kern_compact,c71ccf5e2309cd0ac56a4d765df444428eaf78fb8e9e5a0bd887ab6c2a920368,38,19,22,22,True
MBPP+,Mbpp/138,python_minifier,0e8cd7f53fd1478af6dc717acfb649271db861ef8c074a51b256d399e44162fd,52,21,24,24,True
MBPP+,Mbpp/139,python,176d71412520a3c783a85c02e79308dc85ffe4bf0f18b57cc763bf12553cc814,67,22,22,22,True
MBPP+,Mbpp/139,kern,3a12519b37b3ed2827d604108f34338c95e0a9f80b0a4b3c5b249d1ef8713366,44,14,15,15,True
MBPP+,Mbpp/139,kern_compact,3a12519b37b3ed2827d604108f34338c95e0a9f80b0a4b3c5b249d1ef8713366,44,14,15,15,True
MBPP+,Mbpp/139,python_minifier,f34c0eacf71903fb5034ae3c589c5b1ee1c66a7f65d55f7eb1dc0aaf35f7dccb,58,17,18,18,True
MBPP+,Mbpp/140,python,93dfcda256f84b71688eaede21ece3ee1864a82d96707b1be1bbe6eabec77d4b,98,23,25,25,True
MBPP+,Mbpp/140,kern,a9ae89b533d17c51878442447db50d9139d1b97b49382bbb99de4aea5fe8c6ca,82,19,21,21,True
MBPP+,Mbpp/140,kern_compact,caba059cbdba343c3ff09af0a517e43e4d69be829b0a42bed42890de7780457e,64,19,19,19,True
MBPP+,Mbpp/140,python_minifier,57c3523b67e281f0f2a850ac4304dedf1b3d078dae91fcdf77070936c32ff3e1,75,21,21,21,True
MBPP+,Mbpp/141,python,851521b2f53c2c2e5903684553e929b21de76ab2c1480649ed860d146f4e8a2f,267,82,83,83,True
MBPP+,Mbpp/141,kern,2474cff3ff64787bc087ca791a3e39acfce8daaade0c1b5382000b187e6444c4,193,66,72,72,True
MBPP+,Mbpp/141,kern_compact,56081e8043496c1e9fe60f4f075e801d5581665431052cfb9cd791fed437e180,154,57,62,62,True
MBPP+,Mbpp/141,python_minifier,93675a7de0a144a7eb465180d675f276d6094c2b4ff18899e0f37d203e2cedcf,139,59,63,63,True
MBPP+,Mbpp/142,python,ea24ca9b2cf7386659582c31f4dcb9248149c77eb3614fa6d64a3cc66b829f3c,106,35,35,35,True
MBPP+,Mbpp/142,kern,d10595004fd0298b286a928c6213a857e0f38327d9af129f450f4d0a8e26f745,82,29,29,29,True
MBPP+,Mbpp/142,kern_compact,d10595004fd0298b286a928c6213a857e0f38327d9af129f450f4d0a8e26f745,82,29,29,29,True
MBPP+,Mbpp/142,python_minifier,f511c501fb7989a15b6eb0d0ddfc1e327ffa813c7fad9ab92683526c1a789e0f,93,32,32,32,True
MBPP+,Mbpp/145,python,c1920098f38eb0e9b192a1cad62d8d2ba193497b2c059ec65231477bc0cd7c63,56,19,19,19,True
MBPP+,Mbpp/145,kern,c8a6f55b1e97ce284c4cc58f9a1e050d3350c99ec70ac381bff23ccb882aa6a5,35,13,13,13,True
MBPP+,Mbpp/145,kern_compact,c8a6f55b1e97ce284c4cc58f9a1e050d3350c99ec70ac381bff23ccb882aa6a5,35,13,13,13,True
MBPP+,Mbpp/145,python_minifier,0dfc06f181ec0ac924f9f7aa5d96b7b2dae4b5ebaee2d5c4836a340a5a8e3d9d,46,15,15,15,True
MBPP+,Mbpp/160,python,b2594fd3db55559fa7bbd21094e80c84bdf02c4fb7692f6583a7d05e7bd41740,144,66,66,66,True
MBPP+,Mbpp/160,kern,8b73542961a65dcdfeb02ff2b349c37604415f8d755c1b9f8338c01b062ec5cd,79,39,40,40,True
MBPP+,Mbpp/160,kern_compact,bb62a81059536f202722e726dbf44cc57d42afd8c0acc0d9a69568049127d3eb,75,38,39,39,True
MBPP+,Mbpp/160,python_minifier,1361e8d34ed2930acdbac5344231f6c21a854a7e9baacef6fb13abe19c77fbfc,90,40,40,40,True
MBPP+,Mbpp/161,python,323763c6d5bf508298a0de85af7000e0b85aeadda263705818640e1ac30b32f8,84,26,26,26,True
MBPP+,Mbpp/161,kern,2706167ad79134ffb1480e22022cf516f98968b54e12082f40239eee386c7666,65,21,21,21,True
MBPP+,Mbpp/161,kern_compact,2706167ad79134ffb1480e22022cf516f98968b54e12082f40239eee386c7666,65,21,21,21,True
MBPP+,Mbpp/161,python_minifier,42206a33ac02f6366ac1b6187ebbb302491d99ab38e2852c473b5e37379d79fe,75,22,22,22,True
MBPP+,Mbpp/162,python,2d602fa204422d9c16794baa9a2711be6dbd76fb68e78e413e586daf410fc076,97,39,39,39,True
MBPP+,Mbpp/162,kern,458b4c4729a998e35fcaf10cb2d89a0f51fd4c711a6706ef09262b70c3f5e82a,59,27,28,28,True
MBPP+,Mbpp/162,kern_compact,458b4c4729a998e35fcaf10cb2d89a0f51fd4c711a6706ef09262b70c3f5e82a,59,27,28,28,True
MBPP+,Mbpp/162,python_minifier,731bf3acf8b9b1d3eb4db95b5ba523015fb19934af0c1797070ef2735e5b7b1d,78,29,29,29,True
MBPP+,Mbpp/165,python,5d92838841111b1a26a607fcab77e7b52f195083731f59315849444c869726c6,110,32,32,32,True
MBPP+,Mbpp/165,kern,e733f418af046faf99dad5269d08fb61521e59ad23a1b172ddf0196ca957ab92,86,25,26,26,True
MBPP+,Mbpp/165,kern_compact,6d898d68ad98ce577ce4170509422bbed05a3ffe8706bba4a67c04c314e58aaf,84,25,26,26,True
MBPP+,Mbpp/165,python_minifier,08d9b94cc3ce87f1825029abfb4b615b38218bc90d62e29b5b95c4e485432cc7,95,28,29,29,True
MBPP+,Mbpp/166,python,8c6781724f3e6a6bd16c538b8ff24f8141e977b7f176079132677ab72e6df3fd,131,54,54,54,True
MBPP+,Mbpp/166,kern,12cc8c1266966f06a484dd16650f510f70d8b51004873c895d8b5a29057c992e,90,38,40,40,True
MBPP+,Mbpp/166,kern_compact,12cc8c1266966f06a484dd16650f510f70d8b51004873c895d8b5a29057c992e,90,38,40,40,True
MBPP+,Mbpp/166,python_minifier,91ad45bab6836ba1ceabb92563d96f64a425036323c5fb08bce98c877f41e7f1,108,41,42,42,True
MBPP+,Mbpp/167,python,d0f9c848f1e339bcd436e65261b3382a2b4bc45c0c18f115fd28d2a9ba8c95c2,135,58,58,58,True
MBPP+,Mbpp/167,kern,61db0cda2f000ecabb8a97d03432f33c757db7f9a95095c7bb22eaac4edc31c7,75,40,41,41,True
MBPP+,Mbpp/167,kern_compact,2d6fff2dd9fa6e336951b5f13a5d8cd999d99cb0938273db78530a02910441ab,69,39,40,40,True
MBPP+,Mbpp/167,python_minifier,d81c29775fe97ce59b1e4f8d85d269f56b2684b20e0ea3e71085aa1349ab2f10,91,40,40,40,True
MBPP+,Mbpp/168,python,5529d845d180c2373d25d852729d48aabf7e1c65884a53884a741e1dd59c149e,44,13,13,13,True
MBPP+,Mbpp/168,kern,dad8be3d529a744e3b5f67203007fa05c254cd99e32bd057441065708608beee,25,8,8,8,True
MBPP+,Mbpp/168,kern_compact,7fbf0372f720c4656cf701090cff67034ded5a56e9966ef6805f3a00ef40c9d8,18,7,7,7,True
MBPP+,Mbpp/168,python_minifier,fa76b7b5bdc1000b3835723178ddceba8058ca2ac1eab40f71f8e3fc73e1794e,36,10,10,10,True
MBPP+,Mbpp/170,python,9eab719719737ff58b7f7f08c62df14d75000ddae0d1d73b686a7dff72c4f43a,259,27,27,27,True
MBPP+,Mbpp/170,kern,1924a0a4a2c205d94f5f82c67eec1aefe0fd27e9d21890ac2c3fde1d3fc882eb,43,16,16,16,True
MBPP+,Mbpp/170,kern_compact,1924a0a4a2c205d94f5f82c67eec1aefe0fd27e9d21890ac2c3fde1d3fc882eb,43,16,16,16,True
MBPP+,Mbpp/170,python_minifier,dca4b268cc62a892273e690a7c721da8845d087fb36f8da8e6c050d60422ec5b,54,18,18,18,True
MBPP+,Mbpp/171,python,bcb45ab9304d3560aad1c464c7efbc9da58bc41aedffdaed0ae286751c6b536f,43,15,15,15,True
MBPP+,Mbpp/171,kern,bc41790873d7f15ba0e92b4a2eec4db43a74b35c28783cc49c40efb44202260b,25,9,9,9,True
MBPP+,Mbpp/171,kern_compact,bc41790873d7f15ba0e92b4a2eec4db43a74b35c28783cc49c40efb44202260b,25,9,9,9,True
MBPP+,Mbpp/171,python_minifier,9c91313234460b313c57deb2958b008bb3acdc4a25c135232b729333b0279efd,36,11,11,11,True
MBPP+,Mbpp/172,python,8c353687e2681a8fa4fadbff86b3d65dd1bffb42cc76b8255e47874bb2aafc7f,49,15,15,15,True
MBPP+,Mbpp/172,kern,62fc9f11aaea8dbf2b1221fb9867d55536a594d6e58ae73cd644a34d00a3b3dd,33,11,11,11,True
MBPP+,Mbpp/172,kern_compact,310f9caddbcc9e6edb3dbc56e3f4d4fa8a69c5bcc75d311b4fe19e6649b17cdf,26,10,11,11,True
MBPP+,Mbpp/172,python_minifier,71f38f65779538960d59699251438d49407bde09f7cab6746469cb79dfe24610,44,13,13,13,True
MBPP+,Mbpp/222,python,439ea0b0a660dc8ae4891e6f9bcc0d2948441c4ff3e310a86b4e05cbb1229b40,106,25,26,26,True
MBPP+,Mbpp/222,kern,ab189f65eed51091d23f835c3c4110f8488eef55d417c92a0e2892910278c060,87,20,21,21,True
MBPP+,Mbpp/222,kern_compact,59bf626631945b0ea348da7c8b9815930acc263803beee0a2f25395403672e15,81,20,21,21,True
MBPP+,Mbpp/222,python_minifier,fd2d1afa89e87cde7644c72ffcb96bce32847e0f239b0c2cef494e3e52925a74,86,24,25,25,True
MBPP+,Mbpp/223,python,5ca8874e3759c993bf9cf95fe7f0aedd4303998d3da78d6576ad838f7cc7ed91,180,61,61,61,True
MBPP+,Mbpp/223,kern,01cff657306194257b3067935a4f2afac19b1737732ec76e41b43bfb60e71bec,136,48,50,50,True
MBPP+,Mbpp/223,kern_compact,01cff657306194257b3067935a4f2afac19b1737732ec76e41b43bfb60e71bec,136,48,50,50,True
MBPP+,Mbpp/223,python_minifier,6ce6a7866df93b31f3586a100d7c6cfb6a32859e052c7c29361bd233228ea1f2,159,54,55,55,True
MBPP+,Mbpp/224,python,111f3ccd6171fdd73d633d91a12a1ac289340d10f162639398d2a9089966e375,58,20,20,20,True
MBPP+,Mbpp/224,kern,b960db2618ad60cb1e2ba436454dbb649144a2f3c77dfe566d477e3cafc49e61,39,15,15,15,True
MBPP+,Mbpp/224,kern_compact,b960db2618ad60cb1e2ba436454dbb649144a2f3c77dfe566d477e3cafc49e61,39,15,15,15,True
MBPP+,Mbpp/224,python_minifier,f000b036256b2b6a79b93f5e8da31a3ca0a782dc362548e3acf40f668d507e8c,50,17,17,17,True
MBPP+,Mbpp/226,python,94fe16712aed1f8cdf6bf68b41402750fe1ac5d48776b213686734239ffe331d,90,30,30,30,True
MBPP+,Mbpp/226,kern,9e121d3a1ed057e0594d4b2d2465272c91ab6daca6f8fcf3a0a91779e773d14f,70,25,25,25,True
MBPP+,Mbpp/226,kern_compact,9e121d3a1ed057e0594d4b2d2465272c91ab6daca6f8fcf3a0a91779e773d14f,70,25,25,25,True
MBPP+,Mbpp/226,python_minifier,cc4dc6fa51675bac4c256016602df75a461271becd34ab4445b949b613e559c6,79,26,26,26,True
MBPP+,Mbpp/227,python,62eb7949bc74213ed5eee0609c48d3caeb62529b394df6873798601c276359b8,49,19,19,19,True
MBPP+,Mbpp/227,kern,a4092989baceeee83f3bcf64d0746cc091922bbbae6c63207cf856d29c20d7bf,30,12,12,12,True
MBPP+,Mbpp/227,kern_compact,a4092989baceeee83f3bcf64d0746cc091922bbbae6c63207cf856d29c20d7bf,30,12,12,12,True
MBPP+,Mbpp/227,python_minifier,2735f0f7cd492240af76923fe8b841e30fda20bc4e327c94e71face97f2c3b2d,41,14,14,14,True
MBPP+,Mbpp/230,python,67acda69dd107e364a2569b3a3daed672b619505ba4ec5355e15c01c68c2dcad,67,18,18,18,True
MBPP+,Mbpp/230,kern,e2367f5ea7967c185fdd72aea766c8651ba5e4e253222867566ff6beda0d78cb,47,13,13,13,True
MBPP+,Mbpp/230,kern_compact,e2367f5ea7967c185fdd72aea766c8651ba5e4e253222867566ff6beda0d78cb,47,13,13,13,True
MBPP+,Mbpp/230,python_minifier,d70e72862628385983b4d25f1df179b65fc3c760533772ccd5af449310511c75,58,15,15,15,True
MBPP+,Mbpp/232,python,83a822fefada498e7465d1688a98c9e07ec099344326132efa53d6d0f052f8df,74,23,24,24,True
MBPP+,Mbpp/232,kern,651f21883b55bfee29ae4561173a11afef2eb7e360c933c2fea80b190ef53da2,52,19,19,19,True
MBPP+,Mbpp/232,kern_compact,651f21883b55bfee29ae4561173a11afef2eb7e360c933c2fea80b190ef53da2,52,19,19,19,True
MBPP+,Mbpp/232,python_minifier,b9278f9e32f4909a41268957987792c561c1ac44cf0c82003dcee8a1bffe0b02,66,20,21,21,True
MBPP+,Mbpp/233,python,73291f517cfd78c467c7d09ae31a833c40b18d9be02b10696ccb39f92fb5dd51,76,27,27,27,True
MBPP+,Mbpp/233,kern,1d7220a3f620fd8c5d06aa86acab36fbc298b29e610048beab3ec1069225d527,50,17,18,18,True
MBPP+,Mbpp/233,kern_compact,1d7220a3f620fd8c5d06aa86acab36fbc298b29e610048beab3ec1069225d527,50,17,18,18,True
MBPP+,Mbpp/233,python_minifier,585f4c2f715175d14762c6629785307b383005feb320f7cb96fb8cd5da6bbb92,64,20,21,21,True
MBPP+,Mbpp/234,python,1912782615799d0c3ea74be414dca36c662bee0d469180788ffa1158d6098b4a,37,13,13,13,True
MBPP+,Mbpp/234,kern,02ab68f6bb842bd45ab3b260009ede5d1d6acfa8b753704639ac80a30fc242bb,19,7,7,7,True
MBPP+,Mbpp/234,kern_compact,02ab68f6bb842bd45ab3b260009ede5d1d6acfa8b753704639ac80a30fc242bb,19,7,7,7,True
MBPP+,Mbpp/234,python_minifier,24b35116ab63b2ac13020b8c569e80ec23d4d75e048365085bb600a2ef55619f,30,9,9,9,True
MBPP+,Mbpp/235,python,ca89166cac5049dcf9464f79709b44641129472f3cea8fd64f05de430df95dcd,113,36,36,36,True
MBPP+,Mbpp/235,kern,05ea92c905882ebdff1619f13def16f89af7518924fd3242b54182fca3321cf8,62,23,25,25,True
MBPP+,Mbpp/235,kern_compact,7b7954abcb51fff844b5223b8135325e279c82a0e1f39fad879aa556c82ec68d,50,23,24,24,True
MBPP+,Mbpp/235,python_minifier,cb219db76a3432a36350dbc15e1da1223136efdccc51649ff93b9381a8dd6ce6,64,25,26,26,True
MBPP+,Mbpp/237,python,9d134e57a3864e06d8386849654f85c6edeea88ffee45a0a331edf04b446de35,127,29,29,29,True
MBPP+,Mbpp/237,kern,bf8043c74c6c602ca190006c71fdf404c086fe6ef83e80e5b078091785917143,107,25,25,25,True
MBPP+,Mbpp/237,kern_compact,05c19da98aa686d0eb796af5905e40a81c8013a3d6cc6e5999256aa93fbb619b,100,25,25,25,True
MBPP+,Mbpp/237,python_minifier,c30ef4d5105a8d2ac6ac275d345ccf20b1139ab2a7c672b961d777ef3e4f0c1e,120,27,27,27,True
MBPP+,Mbpp/238,python,8af18315881d05b40b863c9016850965aaa6d66b6865a85a6ceb264a4aea27a1,93,33,33,33,True
MBPP+,Mbpp/238,kern,f418364f8e7f23ef5c3cc692299ea303edfca0820d2dd308dd389e1501babc0e,68,23,23,23,True
MBPP+,Mbpp/238,kern_compact,d7f6a15106c6cb51bc4d185c90f168e7127c6bbfe57968743d0e69461f5a185f,50,19,19,19,True
MBPP+,Mbpp/238,python_minifier,dda1b549122b88e4b6d4d3f91bb4ff3abc446f0cbbc661e0a9157a548da25fdd,60,21,21,21,True
MBPP+,Mbpp/239,python,84289ea4b828a5ab9c8390eef82e47848e48827dfbb3358ea8397e8b03a9137c,312,142,143,143,True
MBPP+,Mbpp/239,kern,a15f7e6a5d2ed35e3a878c45dbb435099e7d5100b96f93ad3a85d8aced6a246a,231,107,109,109,True
MBPP+,Mbpp/239,kern_compact,a15f7e6a5d2ed35e3a878c45dbb435099e7d5100b96f93ad3a85d8aced6a246a,231,107,109,109,True
MBPP+,Mbpp/239,python_minifier,eef8852909e7ab21a7e96ba1e828965c21511eb37648fe66182cc854c0bcf240,261,113,113,113,True
MBPP+,Mbpp/240,python,5f7126940ceb44eaf08ad971226218554000062c34f8d61971567d638db548c3,63,21,21,21,True
MBPP+,Mbpp/240,kern,e7cf0759e21ce9ecaf4965e714c03130c42b19f68247fd166628d00ea17ac11c,42,14,14,14,True
MBPP+,Mbpp/240,kern_compact,e7cf0759e21ce9ecaf4965e714c03130c42b19f68247fd166628d00ea17ac11c,42,14,14,14,True
MBPP+,Mbpp/240,python_minifier,6c10c666b34e54911a3bef44283cc1ea9798a6bfce920c91223b6ed9acc08b8e,53,16,16,16,True
MBPP+,Mbpp/242,python,821e04944d1497b9b87f55533ef0cc6db5c3d3a1e80086a9bf7de9e994d957ec,46,14,14,14,True
MBPP+,Mbpp/242,kern,426e290c1ac8bc56dae69f0f01bd7f6b2130a233d155c49f741caf070b0be2c8,28,10,10,10,True
MBPP+,Mbpp/242,kern_compact,426e290c1ac8bc56dae69f0f01bd7f6b2130a233d155c49f741caf070b0be2c8,28,10,10,10,True
MBPP+,Mbpp/242,python_minifier,789e5308ab294076b7fde170339ce74b26ac50b0003b6ca5698caba10b085543,39,12,12,12,True
MBPP+,Mbpp/244,python,a05ea4c1e038d593f6e5563e7a339936fb5d318f071b70f89b47f688edd20972,142,47,47,47,True
MBPP+,Mbpp/244,kern,1913389b1c8be2f72b5b62e83a9d6ffc75f5bc88a7f6272d33bf747cf4db7a76,87,34,35,35,True
MBPP+,Mbpp/244,kern_compact,319aef948b3d6be4c372d6b0dddd6412cffeb3fc3191f75a3e8339dd73403dbc,75,29,30,30,True
MBPP+,Mbpp/244,python_minifier,c701e38bd5005e88ce815c8367c3a1c3a39f3638e5144a9f439d4381c5ad14fe,97,32,32,32,True
MBPP+,Mbpp/245,python,5629f2c2b5d493ddc920ed6d3807277bb7ebcad50924d7a4a4973011bd4063f4,477,211,211,211,True
MBPP+,Mbpp/245,kern,4e2102f5003b5d7503acc1561ffc7d5b5af94b0eb78f5972499d2358a9664c87,370,164,165,165,True
MBPP+,Mbpp/245,kern_compact,81933140f1f8e6a2f29bc0929545e43e2091d1dbad77ffd8176c95895da5581a,290,131,133,133,True
MBPP+,Mbpp/245,python_minifier,26c5b4d9396a33595bcc673316e81661dc1762f3e2fe35d0fae0d048255be8bf,312,138,140,140,True
MBPP+,Mbpp/247,python,6695b7d5cf1257c2652cf5cc18b666c44339cbe2d4756ee5298fa8e872aad05c,280,134,134,134,True
MBPP+,Mbpp/247,kern,3532e162fa146db4726e774c7449563f770f21e6170e42bf4756860c3394cc13,207,105,106,106,True
MBPP+,Mbpp/247,kern_compact,6dad44b824d35c6232acc7d82b34475a04c42b08aad0d1e4508461ee70724b70,193,105,105,105,True
MBPP+,Mbpp/247,python_minifier,fcb034a57fed20fff21c52bd2cbb85e8929c7b414e3dc9d6eb04ca5bf52c2a07,222,110,110,110,True
MBPP+,Mbpp/250,python,374dfc0681970066f66067f7460932c8ccc8467a439adb77bd676ed5f14d7a4e,47,16,16,16,True
MBPP+,Mbpp/250,kern,a3fe77183eb455b9878eab3a609d8d24fa42885fe568e61f2dfe48aefe732428,27,11,11,11,True
MBPP+,Mbpp/250,kern_compact,9b5c0c9fa459c2f6f62ac60b758bace1298fd95b0402a6e6bed0ef36b3941573,20,10,10,10,True
MBPP+,Mbpp/250,python_minifier,eb8782aecd60821ba02456dd22df6c7e781f93e96467e52d4019ddbd5b4a8cb9,38,12,12,12,True
MBPP+,Mbpp/251,python,6d0314a9e2348ad74b02ee8d2eba39bfd2c79bbba7bc7ab98cbfffc442ec8775,111,33,33,33,True
MBPP+,Mbpp/251,kern,2ece31c9bd9ae47cb188e3c7cb134e0f8751717787f76824c7a8c4b7e4ae7479,80,25,25,25,True
MBPP+,Mbpp/251,kern_compact,75ddf5cc3ea37d075218e1a39b8859a5f77222a4d259bbe86d9999a330a5feb6,76,24,24,24,True
MBPP+,Mbpp/251,python_minifier,9dbc488dbfc7becd21993af9b9efc352bffc814114e187a0ce3a4c0f27c5a320,87,27,28,28,True
MBPP+,Mbpp/252,python,4f793b5b47705b841b8a5e62f6315e939cc536b82f4080f62ac1f3d0d3b3ece7,74,19,19,19,True
MBPP+,Mbpp/252,kern,eb5b4b14dee5abb129e2dfbf6df34b66f1ca3a7e8d71e842b1a3ac6037c0f91d,47,12,12,12,True
MBPP+,Mbpp/252,kern_compact,eb5b4b14dee5abb129e2dfbf6df34b66f1ca3a7e8d71e842b1a3ac6037c0f91d,47,12,12,12,True
MBPP+,Mbpp/252,python_minifier,37d200c57e8afad55cd38146de9a67c81ff24c105cebf9a798e565ee2d46fd80,61,15,15,15,True
MBPP+,Mbpp/253,python,5fbf53615765f945ced8fdf9a3a8becdfab52c8ca2b189e14ce5c6e80ee7265d,77,21,22,22,True
MBPP+,Mbpp/253,kern,146459887cb864a8e670b94b994f84722a148eb53d24871466fc55f08940cb81,58,16,17,17,True
MBPP+,Mbpp/253,kern_compact,146459887cb864a8e670b94b994f84722a148eb53d24871466fc55f08940cb81,58,16,17,17,True
MBPP+,Mbpp/253,python_minifier,1f9861ca7ff253407dbbb71c6eae1a449ad9f2b6cc7d6b0e0e64262717a618c4,68,18,19,19,True
MBPP+,Mbpp/255,python,c0411dfb88946c7dfc3190ae974f4722f6527e77dad64834e92f6eae03275185,138,28,28,28,True
MBPP+,Mbpp/255,kern,db725abdd56c454b59cbf7c6075f4e676f7e052e08d5f59e17ab135c763c7b00,114,23,23,23,True
MBPP+,Mbpp/255,kern_compact,db725abdd56c454b59cbf7c6075f4e676f7e052e08d5f59e17ab135c763c7b00,114,23,23,23,True
MBPP+,Mbpp/255,python_minifier,8ee6d6883a563a60ceec9d371557c97d1ba61afc5157ebc6874211accbe3e475,128,24,24,24,True
MBPP+,Mbpp/256,python,356ec6a5377e66e6feb4b849ebc32435dded646dd70a1f1505604649990de023,101,36,36,36,True
MBPP+,Mbpp/256,kern,543e8e7ee36463b21df3c0f25916de7651b44eb51951457b35b118c394006cd8,77,29,29,29,True
MBPP+,Mbpp/256,kern_compact,ae7d805f1e03f489de9ce0f5e3a05361c588e368841c2bb3d8a0f6d68d81f489,65,27,27,27,True
MBPP+,Mbpp/256,python_minifier,f7cdd5d18aa2812d6117b986ce19ed7950c5e1dee56df1244c8a625788ae8c84,87,30,30,30,True
MBPP+,Mbpp/257,python,3a1e8ada17e1accc51fe8ecf7f97924d9f05bc016256506bddb6b8815f131e2c,42,14,14,14,True
MBPP+,Mbpp/257,kern,e4b111e25a48487bb45c311d24534cd1887646f31c3905f9738205c0a3696861,23,8,9,9,True
MBPP+,Mbpp/257,kern_compact,e4b111e25a48487bb45c311d24534cd1887646f31c3905f9738205c0a3696861,23,8,9,9,True
MBPP+,Mbpp/257,python_minifier,8715ff6ad1d84beb0fcafd7b41e5e3071fc15d49929ffe1b00c511efc88650ae,32,9,9,9,True
MBPP+,Mbpp/259,python,436de827c1543638947eb0d68ea4f32c6d05f7ced72917141f585b1caf14751f,133,51,51,51,True
MBPP+,Mbpp/259,kern,ac94c108a1313e1c2186d8c13d0325d29c194a25603f814ee555e4facb518e39,109,41,40,40,True
MBPP+,Mbpp/259,kern_compact,ac94c108a1313e1c2186d8c13d0325d29c194a25603f814ee555e4facb518e39,109,41,40,40,True
MBPP+,Mbpp/259,python_minifier,b49c31797ee4e52b339a2fb007b48e42b2c3aafe67dc6e5c73015d8f83a97389,119,42,42,42,True
MBPP+,Mbpp/260,python,2990433473b05f61e691ee4121e67b0a14b9190323d45cf1e9b561282a2d82ff,147,75,75,75,True
MBPP+,Mbpp/260,kern,5c7c1f7f044f227b00fca8ccbec4602ce1a7b0ee2902d85d6e675ad4c52be986,85,46,47,47,True
MBPP+,Mbpp/260,kern_compact,5c7c1f7f044f227b00fca8ccbec4602ce1a7b0ee2902d85d6e675ad4c52be986,85,46,47,47,True
MBPP+,Mbpp/260,python_minifier,c80ce17dc4ec7f96d272673029756abb37fed3e72b8616a509649fcb4cbfe184,108,54,54,54,True
MBPP+,Mbpp/261,python,71cf216ba3173c3b56690486245c98af339cad782b1f729cde6bd3512331fc99,118,40,40,40,True
MBPP+,Mbpp/261,kern,a06174710ab904afe2b634c03e2671bc62d3d134623050cdf11dc4d8e7796b19,97,34,34,34,True
MBPP+,Mbpp/261,kern_compact,1d0726c88f1564a754f201f7204a68bacfc04f42624542267c9bc53955f3b481,85,28,28,28,True
MBPP+,Mbpp/261,python_minifier,7789e6707b677c106a0648e155f0d58604fedc16dbae4a6f18b98ed8228e7006,96,31,31,31,True
MBPP+,Mbpp/262,python,8299fb34e0fbe98abae49950c51ed64c52b265cc58c0f0de67cca4313e4f5bc0,64,21,21,21,True
MBPP+,Mbpp/262,kern,b722f2548e8deba74c18082e3f519d17f7fb8448ed9e112920701c25bd764a9f,46,16,18,18,True
MBPP+,Mbpp/262,kern_compact,b722f2548e8deba74c18082e3f519d17f7fb8448ed9e112920701c25bd764a9f,46,16,18,18,True
MBPP+,Mbpp/262,python_minifier,50f5a7615a3435ee884c1673de8842887302e1f0c6180556341a9a039b28031b,55,20,20,20,True
MBPP+,Mbpp/264,python,b5871d879a176a4b5e5829096c9a12c5e8e57526a8194a2c59242a19d1404fa2,112,50,50,50,True
MBPP+,Mbpp/264,kern,4ee6c48794c438cfa5d5cb3e15484ede4d33fe63ca88751080530cd02aa57b83,76,35,35,35,True
MBPP+,Mbpp/264,kern_compact,9c8173547bac35e78c9283540107be0740e3971112f116c6f081fb069d7c08dc,64,32,33,33,True
MBPP+,Mbpp/264,python_minifier,8d73ea7a0a7669c717dad28f40c098242533e2e4e529e44bff88b162dd904acc,75,34,34,34,True
MBPP+,Mbpp/265,python,17538bff9afb2dadaed7ba70fbab196d434045dafebdfb18397ab0f5477d812c,71,22,22,22,True
MBPP+,Mbpp/265,kern,835a2a254c701f4434949688dac5859a5f8c1b97fc73fde36f35c0463c23a033,52,18,18,18,True
MBPP+,Mbpp/265,kern_compact,50309bbb9c9d5e60319899188bc66a7cc791ff999593fcbff5afb5a1632ac8dc,46,18,18,18,True
MBPP+,Mbpp/265,python_minifier,ddf1531f0b9363b4f27375ce322c6129841f6f3598ab50c7eb3e22ce55a7e159,61,19,19,19,True
MBPP+,Mbpp/266,python,74d7b8ada777c1c51ebed83e33d46a13fa81ad5ddc35f1e0f2b9d622d43e3ca7,48,17,17,17,True
MBPP+,Mbpp/266,kern,7968ce3d4295418c44667c76b1fc773efbc3f0be43188038f2d50b968bad290c,28,9,9,9,True
MBPP+,Mbpp/266,kern_compact,7968ce3d4295418c44667c76b1fc773efbc3f0be43188038f2d50b968bad290c,28,9,9,9,True
MBPP+,Mbpp/266,python_minifier,b7702adff7c65fba711213ab363f66aaf15bd5e054d0a6804dded86495d1f257,39,12,12,12,True
MBPP+,Mbpp/267,python,9e995e6f762b0e106f9e2f2d578eba309dbc0f15b1c1863537eefa149184064f,57,26,26,26,True
MBPP+,Mbpp/267,kern,796b2afec2fe2952339fe7940ee6c86d8eefe0131048ef5032f54bfa92ce582f,27,14,14,14,True
MBPP+,Mbpp/267,kern_compact,796b2afec2fe2952339fe7940ee6c86d8eefe0131048ef5032f54bfa92ce582f,27,14,14,14,True
MBPP+,Mbpp/267,python_minifier,e1a2c3aa8b0d2f9052853b8f17bc7dce9b0380b32808aca9cf744934a23b7673,38,16,16,16,True
MBPP+,Mbpp/268,python,cdde1309998d923f92f58c0b273d6f15598a1914db70804796f39c76a748af29,53,24,24,24,True
MBPP+,Mbpp/268,kern,21928ac396e39fe2fc69b3f4a862a530e3ef73bef852536114ed3170fd9a69e6,28,13,13,13,True
MBPP+,Mbpp/268,kern_compact,21928ac396e39fe2fc69b3f4a862a530e3ef73bef852536114ed3170fd9a69e6,28,13,13,13,True
MBPP+,Mbpp/268,python_minifier,c05916a2d334257c7b75ae1f261e8680b59d01959af7b93b2e4957a83d598ab7,39,16,16,16,True
MBPP+,Mbpp/269,python,82979dd7375ac2ee80dbe1cc6590e0cc45b5434612f46f29cfee00f7fdc48d35,37,11,11,11,True
MBPP+,Mbpp/269,kern,0a5d06e0c1dfa29e88a5091d5c90872fe3f4064825cbdcdd635cf404a02faea8,21,7,7,7,True
MBPP+,Mbpp/269,kern_compact,0a5d06e0c1dfa29e88a5091d5c90872fe3f4064825cbdcdd635cf404a02faea8,21,7,7,7,True
MBPP+,Mbpp/269,python_minifier,2225381bacd05cbd196702066b301f6c740f7493fbd9e5aca77df5ea6ddbecc2,32,9,9,9,True
MBPP+,Mbpp/270,python,3a4789dcbd8dfeae4b8f617aa88783f2cd4757767b87894dfeae05d0788da2b6,87,31,31,31,True
MBPP+,Mbpp/270,kern,812a0e4ef9d4dae37cc078bc8b273da459c47bb205c42dc5ca03c36f863b3ad8,63,24,24,24,True
MBPP+,Mbpp/270,kern_compact,812a0e4ef9d4dae37cc078bc8b273da459c47bb205c42dc5ca03c36f863b3ad8,63,24,24,24,True
MBPP+,Mbpp/270,python_minifier,21d6737af099f39e29feb1ebfa12a10e47fe2524221aca1b952aa2424281db52,73,26,26,26,True
MBPP+,Mbpp/271,python,a2dad4c215f0939dbbafa86177cfc4f81a2ee87069eb9e5e45873acf81579ad2,80,35,35,35,True
MBPP+,Mbpp/271,kern,b8eb89198054a30f9056c24bd48f64fb7151fe2cdf49de817a22d3dfdd7521a6,53,25,25,25,True
MBPP+,Mbpp/271,kern_compact,b8eb89198054a30f9056c24bd48f64fb7151fe2cdf49de817a22d3dfdd7521a6,53,25,25,25,True
MBPP+,Mbpp/271,python_minifier,9146d31fa91f144741644d0c8cbad4f9eb0e505e29be9ed3dd7c3e53eb7dc780,64,27,27,27,True
MBPP+,Mbpp/272,python,a3a111144532a09920350263bb5e58e5f9243972a30eda2dcdfeeef98bae3ce1,66,20,20,20,True
MBPP+,Mbpp/272,kern,c4d70e804172e80f77c183e2241028d09749b68afd836315d281f0a54eba4afb,50,16,16,16,True
MBPP+,Mbpp/272,kern_compact,c4d70e804172e80f77c183e2241028d09749b68afd836315d281f0a54eba4afb,50,16,16,16,True
MBPP+,Mbpp/272,python_minifier,ac5c8d804781e541843247086791804bab45cef522defc0b9e922b41e347365e,59,17,17,17,True
MBPP+,Mbpp/273,python,a2fed5fdf1d425d322addb08a4d426f2a399458297f0efc698a839ea2d287914,107,37,37,37,True
MBPP+,Mbpp/273,kern,a1037f8f9ace0fd16bfdf94069259168edb78be5252d025f37fe31c48d08fef8,86,29,29,29,True
MBPP+,Mbpp/273,kern_compact,a1037f8f9ace0fd16bfdf94069259168edb78be5252d025f37fe31c48d08fef8,86,29,29,29,True
MBPP+,Mbpp/273,python_minifier,0f1e96b3ce212f9a61f006a5a15c7608d3472e814ab88cbf49d933a68588794b,97,32,32,32,True
MBPP+,Mbpp/274,python,0a844fea0e78e448837f07f3e9a7f49f5e736c2f63a28d2696c1b1affaffaf33,73,27,28,28,True
MBPP+,Mbpp/274,kern,24b17fd3576ff05cc1dad49bb3ae2395a180c1eaf2e2a4097e7f041d9ac15e46,42,17,18,18,True
MBPP+,Mbpp/274,kern_compact,24b17fd3576ff05cc1dad49bb3ae2395a180c1eaf2e2a4097e7f041d9ac15e46,42,17,18,18,True
MBPP+,Mbpp/274,python_minifier,2bc3a62e2bc3a4c592f42f771834d5c171eb8dbf232320be79786f1031d1f222,56,20,21,21,True
MBPP+,Mbpp/276,python,87fe58bbae34888db29d8a6b8c148f8ee7efd7896e0f591068bd5951f3b9e0b0,68,22,22,22,True
MBPP+,Mbpp/276,kern,39c6fd90e348736e317a4ae5d42618020f14940505be0bd8171cc81128645da5,43,14,14,14,True
MBPP+,Mbpp/276,kern_compact,39c6fd90e348736e317a4ae5d42618020f14940505be0bd8171cc81128645da5,43,14,14,14,True
MBPP+,Mbpp/276,python_minifier,54965b24ac6c173d766285e9d9fd322911cc23164d04cb32f594cd953acb24d9,57,16,16,16,True
MBPP+,Mbpp/277,python,0cab0b2befd774345b7aef457ad73a5f5243d3059f86c6a598d09e706dd453b2,100,31,31,31,True
MBPP+,Mbpp/277,kern,086da0d7f5af37df4f5283cd8a0f1778ad2c1b55b683f8a645e71e5d1be4c97d,75,22,22,22,True
MBPP+,Mbpp/277,kern_compact,6464cf8c26d3ad881e43be51dc77039f1bb11acf64953d0156ad44cc1b5f0ed0,59,22,22,22,True
MBPP+,Mbpp/277,python_minifier,d8f5e87825e17ad0a5078d99ab3b59fd34c9d9b30ce4560a31b740a61c0070dd,68,25,25,25,True
MBPP+,Mbpp/278,python,39bcd809f95c6fd401657033e03f6418c512109f1ec2cf3bac8fa4d23e96e012,136,34,34,34,True
MBPP+,Mbpp/278,kern,26abe15029ef764f7ed756747ede0854add956537c8276c930b3f2183fc1ec8d,105,26,26,26,True
MBPP+,Mbpp/278,kern_compact,dec46348338ec3f5d91930998553c2e518dd25d45ee5107c9906015e42d9361b,93,25,25,25,True
MBPP+,Mbpp/278,python_minifier,70900402fe39d3aba380d88aeb35e2c1aec40501a401d9ca1bf84b2f0b6cb3b4,109,29,29,29,True
MBPP+,Mbpp/279,python,dfcad617a059d7b6e3ca5c122cb1dc3ea23041c123ef41b10b3beacd5c4cc161,54,22,22,22,True
MBPP+,Mbpp/279,kern,940fe198a024463af79750f9c01a182c94a91b144c6bdf05a837d9e0fe2ee872,29,12,12,12,True
MBPP+,Mbpp/279,kern_compact,940fe198a024463af79750f9c01a182c94a91b144c6bdf05a837d9e0fe2ee872,29,12,12,12,True
MBPP+,Mbpp/279,python_minifier,ff3351b296983eecf813cfa62229cf1828d44fb3bb55a7956c17c9f9cac8ce65,40,15,15,15,True
MBPP+,Mbpp/280,python,83c2269d932cccd5d7a6fd58b0b171ce8a469826c8c0b9dae2c88377b9f262c0,108,31,31,31,True
MBPP+,Mbpp/280,kern,971633269dce5051fe58e67a914b4de2d0a27390940cfb567e984560b80fb2ae,88,24,26,26,True
MBPP+,Mbpp/280,kern_compact,971633269dce5051fe58e67a914b4de2d0a27390940cfb567e984560b80fb2ae,88,24,26,26,True
MBPP+,Mbpp/280,python_minifier,af175560d3e9c62ae3e8f25ba3fd984071ccec148dc10e6ef274f91ac30bd386,89,29,29,29,True
MBPP+,Mbpp/281,python,549fc15b8731be85fbf0a3032efe9bd6dc9b76666d34cefcbac4b4cec00eb829,77,19,19,19,True
MBPP+,Mbpp/281,kern,cf2dcf0e7eb58cacbe536fb4f7bb736dec48002e0b430e06d414163cb59977d1,57,14,14,14,True
MBPP+,Mbpp/281,kern_compact,cf2dcf0e7eb58cacbe536fb4f7bb736dec48002e0b430e06d414163cb59977d1,57,14,14,14,True
MBPP+,Mbpp/281,python_minifier,e1355ca3782cbb038348589cdd4192b8dc73418a073afbb69df9a0d8ce13be0e,64,18,18,18,True
MBPP+,Mbpp/282,python,130d3c90823b6267fae36f8a9042bc77900ce3a30bf8d2f5cb26b7a9731c33e8,87,32,32,32,True
MBPP+,Mbpp/282,kern,6a1b102200aea2979b15cc678066abd7476cd4feb460fcc3b9fdfaa4d1ae3144,67,26,26,26,True
MBPP+,Mbpp/282,kern_compact,9b932eaa9f18fc58387c4e05fb3fc6af30a04de1e07ca8c383c653e2b0fe7d66,55,22,22,22,True
MBPP+,Mbpp/282,python_minifier,9fcdbcd0605bda3adf2def87b2982472ab1566d719e046c3d22c77dbce70638b,65,24,24,24,True
MBPP+,Mbpp/283,python,4ebdeaea800e2b3aa9e7011f9534a2eec0defc68c23d292c0816ab413f867fa9,130,36,36,36,True
MBPP+,Mbpp/283,kern,34e14f88b003ad339721c897870a3be28f6452eb7d2389946ef866bddba96a28,104,30,31,31,True
MBPP+,Mbpp/283,kern_compact,a2100a7531e184216405efaaebedef0d414c8ddefd78ba1f7e70db9a20961655,62,25,26,26,True
MBPP+,Mbpp/283,python_minifier,eef4c49ec8e0b8cb07243f426f6a7c024e0d1bc3ab07d805a78543fe8ec60229,77,28,29,29,True
MBPP+,Mbpp/284,python,261c43ead79fdc3130b51a9a415b741783d350c405ed6dda6f7585ee5429fe3d,78,21,21,21,True
MBPP+,Mbpp/284,kern,fc2fad1992fa5cf05e9377db7fac17219cc34bdb63948d0965e23c6a8e151f8e,59,17,17,17,True
MBPP+,Mbpp/284,kern_compact,fc2fad1992fa5cf05e9377db7fac17219cc34bdb63948d0965e23c6a8e151f8e,59,17,17,17,True
MBPP+,Mbpp/284,python_minifier,032f202ade3549da3f92a44e21807c89b635516fea5643b91ab8d2e61649c345,70,19,19,19,True
MBPP+,Mbpp/285,python,6bf7bdeceafa6caa3fb3bf3e0073c924bc7ac3cac6168ca0304e26e1afeeeb5b,117,34,34,34,True
MBPP+,Mbpp/285,kern,ced4cbf0deee521c217715d89f8f1fe570584dc617faa81703ef6a19d939b107,79,25,25,25,True
MBPP+,Mbpp/285,kern_compact,f3e608cd3bd8dbdf735aea6b68f49e4b1c2123b3708c421507ee10bf32a963a2,65,23,24,24,True
MBPP+,Mbpp/285,python_minifier,fbef9e5899bcf41a6d385a0072312cde6bb322b6f7995c73fe1e72ff25b04395,88,28,27,27,True
MBPP+,Mbpp/286,python,46ecfb145999541c76e9965caa70f74330c66ea9333937d38dbaea1ebe1b886c,174,70,70,70,True
MBPP+,Mbpp/286,kern,813599b7493097b171f2e5f55391da9b80563738f12a0b855d855d3379dad3d1,122,47,47,47,True
MBPP+,Mbpp/286,kern_compact,d9a9133c08cb72832ef6a2d63a7b847340dd061a7e99a70fe3c5a39dcdcb8313,88,38,38,38,True
MBPP+,Mbpp/286,python_minifier,f9c0ff7d0fb7d1e3dc1f3214c8a0b52b917ce3d284b090b1d594f716edbdd9a1,102,41,41,41,True
MBPP+,Mbpp/287,python,4c5d0f81db8224ec940018e658aeed1d39af1e886e89a088a9f2b2863481a1c1,66,33,33,33,True
MBPP+,Mbpp/287,kern,6dac608aab3a2e87a1851f0a06aec223d41bf47a158b392c5150774fe6f812fb,33,18,18,18,True
MBPP+,Mbpp/287,kern_compact,6dac608aab3a2e87a1851f0a06aec223d41bf47a158b392c5150774fe6f812fb,33,18,18,18,True
MBPP+,Mbpp/287,python_minifier,b59f7e2a1e23d362db24e6c3d592b46964d40856b3405472d9a754b759f08d13,44,21,21,21,True
MBPP+,Mbpp/290,python,57425e1edb1d1993e871a2877a57dfff1e5ffa2232452e58da2131e43b70adc4,89,30,30,30,True
MBPP+,Mbpp/290,kern,0cbc365021997eb5511fb2a50c0077fde8c7e79331997ee63103676932bceb3e,64,26,26,26,True
MBPP+,Mbpp/290,kern_compact,0cbc365021997eb5511fb2a50c0077fde8c7e79331997ee63103676932bceb3e,64,26,26,26,True
MBPP+,Mbpp/290,python_minifier,26f9eb541bbafda693dbc65f51182919e136770511d2e12b93b928efb243a0a0,78,27,27,27,True
MBPP+,Mbpp/292,python,75c40d36b4532b0336f9004b5e75cf44f51518cc3932be3a4c893f8f144f09ed,37,13,13,13,True
MBPP+,Mbpp/292,kern,3787478531656ad9b1ab389b6aa0ef774e74532235639673ac3eb64bda0713cb,14,7,7,7,True
MBPP+,Mbpp/292,kern_compact,3787478531656ad9b1ab389b6aa0ef774e74532235639673ac3eb64bda0713cb,14,7,7,7,True
MBPP+,Mbpp/292,python_minifier,aa525486601791cdbd768d3d42164f7d3b58d2ae405cbef1360a8bf84f3326f7,25,9,9,9,True
MBPP+,Mbpp/293,python,377ee7104cf2565e00a15e1dda2b7a5f572fb7d3b2367885c7e568f338085509,78,24,24,24,True
MBPP+,Mbpp/293,kern,5dc0f1f5ddcf18d8c831833a3d39ca6a151767d91b87e9fe43aff82748052e3c,53,17,17,17,True
MBPP+,Mbpp/293,kern_compact,5dc0f1f5ddcf18d8c831833a3d39ca6a151767d91b87e9fe43aff82748052e3c,53,17,17,17,True
MBPP+,Mbpp/293,python_minifier,9b14f135682fd1e44591cd5ef947f143982f93d060b2f0da467368a3dd8f9040,67,19,19,19,True
MBPP+,Mbpp/294,python,615130cb6c9c41fde7be7ff712940880a57b48b54784c4cb16b6c34f470413b2,105,30,30,30,True
MBPP+,Mbpp/294,kern,f20fc3aac2ebba8a45f84665fe8c1d7b998ae83f6e5068e42bfb1c030fdf8edf,70,20,20,20,True
MBPP+,Mbpp/294,kern_compact,8425a3e6b1aeb2e474d568dfbadb115cdacbaae7d8ebfb8935531c8b12ec4610,61,17,17,17,True
MBPP+,Mbpp/294,python_minifier,170dd8e587f69a49012317c67c1d415eab34e0b81f080d3ef271d3352c955ae5,76,21,21,21,True
MBPP+,Mbpp/296,python,4cb2d9aea00d78876e9351b0ceff13d7a7f3f9342d298ea872a3cc296a4f02e0,272,77,77,77,True
MBPP+,Mbpp/296,kern,326528812873f0d629c583e9e4232e0f2f98f6da38699f46972d6c3fd2a88bf0,126,42,42,42,True
MBPP+,Mbpp/296,kern_compact,b6290a7351d6034a316586c274adc9ba9e13ee23df463b589c10b10b55852db8,102,38,38,38,True
MBPP+,Mbpp/296,python_minifier,d6f78d23ad17339789f415544793938efca79b70c08149417e9abd9721368a9d,120,47,47,47,True
MBPP+,Mbpp/297,python,a5ecb6a788f8841b5b3dd89928fd9b1b5af506ba8a1c0f3ef189ccaa4f61d9ae,171,42,42,42,True
MBPP+,Mbpp/297,kern,83b95247d1bfe81245a7247ad61925bcda14d60042aa0aa6352e498ba6c84a4c,139,32,33,33,True
MBPP+,Mbpp/297,kern_compact,4c51d73b35294f258226442d4a3e96a1ce7e9078069bde827a2ce9d427171d59,107,33,33,33,True
MBPP+,Mbpp/297,python_minifier,03532ac88df18c5c45fe6c74d71395915d9a0663531de5f5bd6d84db4d28a64b,126,35,35,35,True
MBPP+,Mbpp/299,python,c56692f609ea88ca526c61dfa7f105d194c2ed35c9388128667757b112dac687,200,49,49,49,True
MBPP+,Mbpp/299,kern,1c182b63a4b9451e3c3314d9e6910c9c6143274f58441b728b24a9bd72ebc996,152,42,43,43,True
MBPP+,Mbpp/299,kern_compact,c344edb7080ee2d4001275dad8561efdccd6de1cfc1dd39d44377b27c5fb2b63,129,41,41,41,True
MBPP+,Mbpp/299,python_minifier,57027e3ef24a135b0f4cebd090f17ae36485be75ab293c96c53d7065af0af225,150,41,42,42,True
MBPP+,Mbpp/300,python,5b48e5f7a7e812556670d40e789e31c6192d3eef162ea878e46e56297b25733d,139,63,63,63,True
MBPP+,Mbpp/300,kern,12d39026f6b899e6c1d6a1e216533d3a80ab689d6dc51b586845a69f0ba30376,89,44,44,44,True
MBPP+,Mbpp/300,kern_compact,d0ca484f07d379f28d409b594003bd4683c3defcc88474456ea03361590ae5af,73,36,36,36,True
MBPP+,Mbpp/300,python_minifier,d9768c9a5ab71d028df24a43295331582feb2f94b650c009bc7f6f44fec1a43f,87,41,41,41,True
MBPP+,Mbpp/301,python,5b082c3303747196b103c97165c3e38107abbf427d88a3682bf28ddd491f3291,183,52,52,52,True
MBPP+,Mbpp/301,kern,bd6af1aa8e3f4ca4ad8cddb128f538033a2946118e3a03a224ab1fd8db05f6f0,128,40,40,40,True
MBPP+,Mbpp/301,kern_compact,bd6af1aa8e3f4ca4ad8cddb128f538033a2946118e3a03a224ab1fd8db05f6f0,128,40,40,40,True
MBPP+,Mbpp/301,python_minifier,3d5f010bfcc03b2eeb032c0919a2a68c98a9827f641123339a2bcd27a5a640bb,156,45,45,45,True
MBPP+,Mbpp/305,python,0c20f6d17de63b04787a51faa3dbc6b137a1d6276d8b716c8dd1e7a0f0fc72ce,141,43,44,44,True
MBPP+,Mbpp/305,kern,9e37d408fe2c5968e5dd2e2abf4c3756067451f0488324a029e82ed078b59e82,91,36,37,37,True
MBPP+,Mbpp/305,kern_compact,9e37d408fe2c5968e5dd2e2abf4c3756067451f0488324a029e82ed078b59e82,91,36,37,37,True
MBPP+,Mbpp/305,python_minifier,c635d526ed153891294a636416644f3897daeadf87431e3a91c0560cb0e49459,111,39,39,39,True
MBPP+,Mbpp/306,python,301676e2ccd45964923b7835d82bd2a7cbce9061151631e939ab422b6eb983d1,436,192,192,192,True
MBPP+,Mbpp/306,kern,4f6cbb7a0790447763433f4b1fa57be64539602af7cac6c08e7dd6507ab0bdfd,328,156,158,158,True
MBPP+,Mbpp/306,kern_compact,3bb26350f8ba8b417090ac7ec8fdad82b29835e1b8b20ccc63d82845b723c2a7,292,154,155,155,True
MBPP+,Mbpp/306,python_minifier,c724b23cd5888c4d8290aeec999a0206874026e30f2117698f315dfe3ead952b,355,161,161,161,True
MBPP+,Mbpp/308,python,71ed75158c6f48bb01eea229894651ce00b70d62d64bc22e63af7f12839cbae7,130,39,40,40,True
MBPP+,Mbpp/308,kern,a833236fba69007f4de5b37337cfd038495c533adddf354e65b3fa52b16cefe7,97,32,33,33,True
MBPP+,Mbpp/308,kern_compact,5bbe3285aa2aadad63f5154cd952906a3ece468f01897c4bd33b47720c1d11fd,89,29,30,30,True
MBPP+,Mbpp/308,python_minifier,cfc99f4b9f07897a9f47a3e313dfb0e12bf4eaab4a0d4a9e3c22515c412be81d,104,34,36,36,True
MBPP+,Mbpp/309,python,683baaa5b6abe1c562dbfc44939305bc71890a06fab69ea1b434255dab13b6ed,43,14,14,14,True
MBPP+,Mbpp/309,kern,c47b108727ac03cc4ed153b8a2e4fb30ac566f9db221a6ffbfe41b55faa8f1e6,21,8,8,8,True
MBPP+,Mbpp/309,kern_compact,c47b108727ac03cc4ed153b8a2e4fb30ac566f9db221a6ffbfe41b55faa8f1e6,21,8,8,8,True
MBPP+,Mbpp/309,python_minifier,c5320d025672abd0a9cf497fc1e6401a4a01b87208ef165f206e14e8cd3a21f7,32,10,10,10,True
MBPP+,Mbpp/310,python,ae005f84e6429d4f91474bafe68d78da957469cbf39cc48d9adda337d8196e91,102,29,30,30,True
MBPP+,Mbpp/310,kern,bd459c1e9c9057e967a004735501a64ac9a57a6e8979e5ebd455da247919bed4,71,22,23,23,True
MBPP+,Mbpp/310,kern_compact,5a0a1c6be1d9836381f310ef0f3f245d169b3804df7c4bf39842d1ff3576d5ff,63,19,20,20,True
MBPP+,Mbpp/310,python_minifier,fccb55f79fd57c90de20dd778d38361de3a42088c0c10c35fe419fd3a493d045,78,24,25,25,True
MBPP+,Mbpp/311,python,117e4cbde3a55207dedad5f04914ad3fde6dc345f407a93e9eb6523c7c981291,255,86,88,88,True
MBPP+,Mbpp/311,kern,18f15ca90286b855997b9daf0e50bb9973c7212303ed4d1d6d6f42f00c3c6e9a,130,55,57,57,True
MBPP+,Mbpp/311,kern_compact,200c5682338dfd8290e40baedaaefcd9779495504797cf996fab94598644bb76,100,53,55,55,True
MBPP+,Mbpp/311,python_minifier,94ff2bb997919debd37cf4e0411e376b323aa7033b0a3f138e90ceb1f3dbeb00,122,55,57,57,True
MBPP+,Mbpp/312,python,dd40c84b276502bc3c3c61e013d16bbd1d9187692490fd7f96915cb029fd42be,76,31,31,31,True
MBPP+,Mbpp/312,kern,d25530626367543f520db9f6bc7c9379e7bcd6a99a5fa0bd539b41e16b4f8534,45,19,20,20,True
MBPP+,Mbpp/312,kern_compact,d25530626367543f520db9f6bc7c9379e7bcd6a99a5fa0bd539b41e16b4f8534,45,19,20,20,True
MBPP+,Mbpp/312,python_minifier,605f3c86c06aab70ade27d8ef448dd6c2669df2b72105da71465dfd72a406764,58,20,21,21,True
MBPP+,Mbpp/388,python,ef9a4b9c02e02e8da4c07f0a8760ea57d8f37b202b2f5bf6c7a82075e77ca842,108,45,45,45,True
MBPP+,Mbpp/388,kern,a154051db48743579809591f9443f2bc45542878a87f715e7755417f34681c4f,52,29,29,29,True
MBPP+,Mbpp/388,kern_compact,a154051db48743579809591f9443f2bc45542878a87f715e7755417f34681c4f,52,29,29,29,True
MBPP+,Mbpp/388,python_minifier,9d44fbcb45529e162fadc919dbdfe7e086f25093072f480de2a771a2e1f20d3a,66,31,31,31,True
MBPP+,Mbpp/389,python,1f44f681bbc1ee3569a67c411b00a689ef94736eba4536e7df1a9f66ccb0b6bb,120,53,56,56,True
MBPP+,Mbpp/389,kern,08cff0c1eebc40052fa66c84d1b4e46157822ea9a2ab6ac37df7877b622856c5,68,33,38,38,True
MBPP+,Mbpp/389,kern_compact,08cff0c1eebc40052fa66c84d1b4e46157822ea9a2ab6ac37df7877b622856c5,68,33,38,38,True
MBPP+,Mbpp/389,python_minifier,2983d9e4c2371b5a635b5f9aa9d78de7553a4874b08ebbab68b61846b05ca4df,94,37,40,40,True
MBPP+,Mbpp/390,python,abc9c11a19a65a16e8a7583f7d7a9b00fe2ea5f9f89d89349c4effde5aaf3f32,78,22,22,22,True
MBPP+,Mbpp/390,kern,ff76f1ba1d7ca3a4f45fc7510682ba12df6b0597d4d470a01f5ff6745f43fab7,58,16,16,16,True
MBPP+,Mbpp/390,kern_compact,ff76f1ba1d7ca3a4f45fc7510682ba12df6b0597d4d470a01f5ff6745f43fab7,58,16,16,16,True
MBPP+,Mbpp/390,python_minifier,8f296934d237db7bc0f2e3c24e58b64c3316509b651b698e6cd84783e3fd13cb,67,17,17,17,True
MBPP+,Mbpp/391,python,7860e221fae71c05d3fb92a58cd058d3c533f49b08e3b63d168965f38b47883b,122,48,48,48,True
MBPP+,Mbpp/391,kern,7db5f510bd2ebf4530c1e25ad872c27f2cb237976a2f28eb8dbbcdc684ccfe6c,80,33,32,32,True
MBPP+,Mbpp/391,kern_compact,2f3635a6493a9bd025fa6e94fd538336880f737c95772801049caa5c00fa147f,72,31,30,30,True
MBPP+,Mbpp/391,python_minifier,c58cf4305b1f0a8d76f58e386cc6a1d63238025d75ee06fe0cb07f19b11b9530,86,35,36,36,True
MBPP+,Mbpp/392,python,3bc1217d70b468de5dbf171a2dfb9e801d5d377739b6c9ca3c73936bc6ab1661,241,117,117,117,True
MBPP+,Mbpp/392,kern,4cccbba63af8029d91d664121c85989e61fc60280418dcfe2896dbbb7388491e,111,48,48,48,True
MBPP+,Mbpp/392,kern_compact,b34d65102158c4f1ee4b6a8aed5f49bdb0a884020fe199652e4558d5f838aea6,97,49,49,49,True
MBPP+,Mbpp/392,python_minifier,c2e5c174ddd49e5469fccb058635232f30664a03fa5ab02f4c446eaa8e1f401c,111,49,49,49,True
MBPP+,Mbpp/394,python,1e5c46b3f67938a1b39f175aa34813ccede9620695a6d7f5fc9979b72094c319,76,23,23,23,True
MBPP+,Mbpp/394,kern,9a26e1470fa4eebed776744915bae01b4209589e43cba1d8f5f7e8974495ddc8,58,18,18,18,True
MBPP+,Mbpp/394,kern_compact,9a26e1470fa4eebed776744915bae01b4209589e43cba1d8f5f7e8974495ddc8,58,18,18,18,True
MBPP+,Mbpp/394,python_minifier,c3a0292736abffe5c4214dac6a29b997d2bc7bdd9d9be37a512dc444437ef966,66,21,21,21,True
MBPP+,Mbpp/395,python,0fa12e2296e7823358b64f7560e070dd47df94cbf82497bd4b16fa4a9abfb33b,118,36,36,36,True
MBPP+,Mbpp/395,kern,c030942b437d1448a28ccb49bc7fb578ebc260a68ec82bfcfc1cee2952736048,81,25,26,26,True
MBPP+,Mbpp/395,kern_compact,f7f3bd671a8ed260f15881e7aadff5f04a8437f95f4e351c6a10806c0306b3fd,67,24,25,25,True
MBPP+,Mbpp/395,python_minifier,2fc08435f835d9ab7588de5ee5a3bcc4c21e047a24522bf48adf290f5e18aa7d,87,25,25,25,True
MBPP+,Mbpp/397,python,b1fae9fac6f136a976f01d1dfa9099e05b837114865c534d52d762c12ad27123,58,18,18,18,True
MBPP+,Mbpp/397,kern,7aa7a7bde9e912f97193f1da897aa99b8423aa13c46b5f389ac6a708caf0f026,40,14,14,14,True
MBPP+,Mbpp/397,kern_compact,005f218a3aac2d3bed13dfcb185d472483ec5b43ef982813aafc30787da3e3ff,33,13,13,13,True
MBPP+,Mbpp/397,python_minifier,582d74678c9d3b0de324c608d8aa0c072dc958bae7450c32bdafccfe67e74b86,51,16,16,16,True
MBPP+,Mbpp/398,python,f850e0cf5cf76e8b13996fbab1a2501cd0165e4940fbe762a60ab3110c58d869,97,27,28,28,True
MBPP+,Mbpp/398,kern,8211149f8811d6c89ec8584ff0e2c6f16b7c8dfcdc5c94d75c86bed2fcb7f24f,79,23,24,24,True
MBPP+,Mbpp/398,kern_compact,0e7e7ccd2e1703724603665541bc2cb3752e8f450f9d8252eed906e88af4d3fc,76,22,22,22,True
MBPP+,Mbpp/398,python_minifier,dd93c365e83663f98173e5b655f6c58fdd1549fb393285f2dab9905a60d7b514,85,25,26,26,True
MBPP+,Mbpp/404,python,d4da22823da9efcf0568258445e1b9b5beb1559c2ef4a904859eee40576b9361,42,13,13,13,True
MBPP+,Mbpp/404,kern,d49a27f38a9f6044a83e2b38f91fdf71db17b2f95a91600b09c64d59c869206f,21,8,8,8,True
MBPP+,Mbpp/404,kern_compact,d49a27f38a9f6044a83e2b38f91fdf71db17b2f95a91600b09c64d59c869206f,21,8,8,8,True
MBPP+,Mbpp/404,python_minifier,ded3a176bc8d5eb943af4cf9ab9134453fa79ad4fa5adf8ee9071289edd55450,32,10,10,10,True
MBPP+,Mbpp/405,python,b8a0928fe7d8812549814dd0169675a9d8b18dda0679ce58627919a5f0efbb8e,64,20,20,20,True
MBPP+,Mbpp/405,kern,f90edb10f09cb82790670e7c526a062e178564dfcd6ee6c11f6d31739938e15d,46,14,14,14,True
MBPP+,Mbpp/405,kern_compact,f90edb10f09cb82790670e7c526a062e178564dfcd6ee6c11f6d31739938e15d,46,14,14,14,True
MBPP+,Mbpp/405,python_minifier,d1dbaeb0a77b6be2da542ebc1c8d4a26e5af0376dfeccc1929de4d519e4fcc9b,57,16,16,16,True
MBPP+,Mbpp/406,python,f7be393f1e6bcab7568a67abf173656a85b33eee9b3a17aa5d5ca36ca9def984,44,18,18,18,True
MBPP+,Mbpp/406,kern,344a21523e5278a685423787baab100e3b88e5172f5c84fc6f8fc9b3ce592f0c,21,10,10,10,True
MBPP+,Mbpp/406,kern_compact,344a21523e5278a685423787baab100e3b88e5172f5c84fc6f8fc9b3ce592f0c,21,10,10,10,True
MBPP+,Mbpp/406,python_minifier,a36646c42595d8b8bf5b2f58d776508ea4aa1ebd377cf355f023937e7895d637,32,12,12,12,True
MBPP+,Mbpp/409,python,904917f8ae4d94206b1127efa8c714f21fa1b960e00253be5998e3677cd742c6,71,22,22,22,True
MBPP+,Mbpp/409,kern,a1a2cc334878bcb399db0b0ca9567fd45c5d2d8bf10695df9d18c825d0c64704,50,16,16,16,True
MBPP+,Mbpp/409,kern_compact,a1a2cc334878bcb399db0b0ca9567fd45c5d2d8bf10695df9d18c825d0c64704,50,16,16,16,True
MBPP+,Mbpp/409,python_minifier,44a83263272d3efa962b938c3e7670424d53eaf33752a1201b60dfa4f4421b8a,61,19,20,20,True
MBPP+,Mbpp/410,python,0c6294f87a851124d3469cf4dc236e849a96afee32dd64c5381c9c6f8f40df48,104,29,29,29,True
MBPP+,Mbpp/410,kern,b81d1826c6410dfb6b2037b86306134ae051bbd635a3e0af643f5387e2c41c0e,70,20,20,20,True
MBPP+,Mbpp/410,kern_compact,2ed4b0267e4d6e9ab1c8ec57d88d7b59e0931ac269c3ec1e175985196aebc62d,61,17,17,17,True
MBPP+,Mbpp/410,python_minifier,b3b88d23aab18c51c61d045f34497414c312a040094018a9d03042a7dd8cd207,76,21,21,21,True
MBPP+,Mbpp/412,python,56e72bc0a5954a7b970697bd1526d56fa2cca2f1da54b18b6d0f6a3236bd89f7,60,23,24,24,True
MBPP+,Mbpp/412,kern,a38ed9cb7b39ac575f80a90a27118a748724ca79d70ff16cb27eeae8de6192de,38,17,18,18,True
MBPP+,Mbpp/412,kern_compact,a38ed9cb7b39ac575f80a90a27118a748724ca79d70ff16cb27eeae8de6192de,38,17,18,18,True
MBPP+,Mbpp/412,python_minifier,6638ac59b226d7582869275ffd1a8f0d1dfe7d84200ddc4989de933824560e55,48,18,19,19,True
MBPP+,Mbpp/413,python,a996ddd044c06813eeb65267f849f3be97fa04f2ea7e860d3c2fd3fa9b95bbac,69,22,23,23,True
MBPP+,Mbpp/413,kern,ab325a8a0a412179d0a8f16e38d3635e4ebf2aee86eeea0e50fdef9113fa130d,50,17,18,18,True
MBPP+,Mbpp/413,kern_compact,ab325a8a0a412179d0a8f16e38d3635e4ebf2aee86eeea0e50fdef9113fa130d,50,17,18,18,True
MBPP+,Mbpp/413,python_minifier,c7c577f33998a3b9642cba3a22772fefb6afd91318089dfd1a7ca27e95c91767,59,18,19,19,True
MBPP+,Mbpp/414,python,2bc6aa86963c10b56e232d2ca83e9f420ec13742e1fe283a6f9e5b812dc7e6d4,75,22,22,22,True
MBPP+,Mbpp/414,kern,eb5de2e715638f96525a1ee3d0e2a5e107bb6f0ab803fe823e4375130f64782d,55,18,18,18,True
MBPP+,Mbpp/414,kern_compact,eb5de2e715638f96525a1ee3d0e2a5e107bb6f0ab803fe823e4375130f64782d,55,18,18,18,True
MBPP+,Mbpp/414,python_minifier,410f781021847fa66c3b2f47e120d44fbc3a4509fa859453742da65d91b0405d,66,19,19,19,True
MBPP+,Mbpp/415,python,67d2060e744fb61c718eeb903ded9506dad9b055e15a8016a373277d9df0ab08,130,47,47,47,True
MBPP+,Mbpp/415,kern,0c122b748c36a7523681e0637b2b8384e04abeb5c409d7e4a05304829867b940,95,39,39,39,True
MBPP+,Mbpp/415,kern_compact,88389394a176b0e6d865a5025b0800d49a3fbd551a5ab2061b57b08b0c071da5,87,38,38,38,True
MBPP+,Mbpp/415,python_minifier,435a16240d0fdd028dc6fef43ad8df6e7311732a49bd8a1a72603c9cdd61163c,100,38,38,38,True
MBPP+,Mbpp/418,python,22487dea13e3fd62d3969341d7410052c58744f4ff7abfcb9d38dc0bc5863ee3,52,16,16,16,True
MBPP+,Mbpp/418,kern,3e3c2dd8e20f0e10c3c105f44972dd6937cd3e2c1cb6406dc1900980df83ec12,30,9,9,9,True
MBPP+,Mbpp/418,kern_compact,3e3c2dd8e20f0e10c3c105f44972dd6937cd3e2c1cb6406dc1900980df83ec12,30,9,9,9,True
MBPP+,Mbpp/418,python_minifier,a85af8865c1e1114af86a5bfac22b5685ff02f11f4d39c0ff1bed9954878127c,41,11,11,11,True
MBPP+,Mbpp/419,python,74463076f7cb5a97b9dfd7595771f4b85b105aa479c517f81a9aeda3a05b1968,88,31,31,31,True
MBPP+,Mbpp/419,kern,0d6917d9b4d171b0fa1d2404e666e313847321748864708aa33e26bfb2b30f0a,67,24,24,24,True
MBPP+,Mbpp/419,kern_compact,0d6917d9b4d171b0fa1d2404e666e313847321748864708aa33e26bfb2b30f0a,67,24,24,24,True
MBPP+,Mbpp/419,python_minifier,30f15d642abef42e738822459ecf62b6837f6e88df40d174ada9d963dd8ccfac,76,27,27,27,True
MBPP+,Mbpp/420,python,e67ff6842f4642cd257b13d04b82f1fdb5fce1bd274bb442660e42b30d7e04a6,60,30,30,30,True
MBPP+,Mbpp/420,kern,96ff20d9688324d09acd01776a6e317d4ef23d0f9e831ea507c30889d14b9236,27,15,15,15,True
MBPP+,Mbpp/420,kern_compact,96ff20d9688324d09acd01776a6e317d4ef23d0f9e831ea507c30889d14b9236,27,15,15,15,True
MBPP+,Mbpp/420,python_minifier,c505857c3612cbc3137d2574597d09d499e90be7888d880d95a220cb8a73f309,38,18,18,18,True
MBPP+,Mbpp/421,python,86fb0a726d7312f189d016bb7abebaf51771e620f50d58adb841b2af9f2b66f9,171,51,51,51,True
MBPP+,Mbpp/421,kern,69d6155c6469c5d9749b1c6bba25d8edc9e995fe8dc23821ef9c0c8ca8c01130,127,42,44,44,True
MBPP+,Mbpp/421,kern_compact,1c6326c0664df0256f716ba5c8fdc297004d5f21441f5d40524d87c759b0d28d,101,39,41,41,True
MBPP+,Mbpp/421,python_minifier,20028a93a1fca675c0cf363fbbcef37227f92030b3127c89cb89072f9bc7cdfb,111,39,41,41,True
MBPP+,Mbpp/422,python,f321ca25c86826470419ea81ac2c0cc51cbf0c899259bf1eb1ef3c0310e01a11,88,35,36,36,True
MBPP+,Mbpp/422,kern,14b684a3e3fd8cf545fb6e1a2f1b382262a28b3b701b4b80fe35bc3819cd4edc,59,25,26,26,True
MBPP+,Mbpp/422,kern_compact,14b684a3e3fd8cf545fb6e1a2f1b382262a28b3b701b4b80fe35bc3819cd4edc,59,25,26,26,True
MBPP+,Mbpp/422,python_minifier,b2d0b674ebc4a855c1c07436caf6f197dc40f54de683f5064501d1e90c4dbae3,70,27,28,28,True
MBPP+,Mbpp/424,python,2a32e27c7d8d7890bbab94c8193fe3fc6635ae49d465a3eac80d3bebe3322161,72,21,21,21,True
MBPP+,Mbpp/424,kern,53e686128f2d8c0dde6da83da415cb3028d29feae50e4ee11acb311a22c81b73,56,17,17,17,True
MBPP+,Mbpp/424,kern_compact,973cbd22106789bad88aff04e678d4a559020c5d90b0235723fd7616e8f81c35,52,17,17,17,True
MBPP+,Mbpp/424,python_minifier,f3b17b684a474cf9ce273dfb6ceb38839c654597d35f1df9d5db4173e1c6d7f9,61,18,18,18,True
MBPP+,Mbpp/425,python,a6aa11d024681f5377c780e2e49fbdc5a41c7347c6d8d3bf6f8524670194079d,89,24,26,26,True
MBPP+,Mbpp/425,kern,bb918824e6acfe15d42d247aa915310bfe1743b8a83060209b60cd12e9e0a216,69,18,20,20,True
MBPP+,Mbpp/425,kern_compact,a88c652a2104d0d29854758600b8ea0e83e090eefc997c3febc70a48e1032313,57,18,18,18,True
MBPP+,Mbpp/425,python_minifier,9f38f9072afd46f03c3b4af982fb7b43dbd673a896a251c2221e82b59ecdc857,68,20,20,20,True
MBPP+,Mbpp/426,python,5c45cee3670082b957737d338595becde307e4621a8fcc5a66d519ceabede071,73,24,25,25,True
MBPP+,Mbpp/426,kern,05db315b6270d234289f9997a463ead4ad1311e3ae7de8d4d43b1592f9636a47,51,18,19,19,True
MBPP+,Mbpp/426,kern_compact,05db315b6270d234289f9997a463ead4ad1311e3ae7de8d4d43b1592f9636a47,51,18,19,19,True
MBPP+,Mbpp/426,python_minifier,cf0bb13a5b13622f2fdee2f8f5c49e25cad36dddd6bc34de858bd2caaf36b6dc,61,19,20,20,True
MBPP+,Mbpp/427,python,a2b695535b48a8339983a6335225277f6b31cd6209e47806dedd7d5aeae83eb4,108,49,49,49,True
MBPP+,Mbpp/427,kern,7661f920e15243fdea0ebee0873a39c32dc2f278697265acb5d950381c57d202,87,44,44,44,True
MBPP+,Mbpp/427,kern_compact,7661f920e15243fdea0ebee0873a39c32dc2f278697265acb5d950381c57d202,87,44,44,44,True
MBPP+,Mbpp/427,python_minifier,2e4c30be3b6ffff36c1d234479914b53c68fc11b54b864f317b10543d620a0aa,101,46,46,46,True
MBPP+,Mbpp/428,python,d1e01c7198345dce59ed215207603b242223388bed76f9ca3e3948fabaac137d,382,103,104,104,True
MBPP+,Mbpp/428,kern,5c0d394f8a5d2d67b403744f8d52fb5345d65c9d9b087884af54a9d0c1a50829,228,75,75,75,True
MBPP+,Mbpp/428,kern_compact,51442747896f56fb8a6f202a50f4aec01a26a9b8933a2aa8b742f3ea7c1afb9f,179,70,70,70,True
MBPP+,Mbpp/428,python_minifier,10e6869dcced2b044fbd42cd385886d0700a7673440f483e92c8346a21d44979,173,73,73,73,True
MBPP+,Mbpp/429,python,186c7488301550217261a31b57abc0691764660f6e691c9b595c541368fcce24,99,36,37,37,True
MBPP+,Mbpp/429,kern,7e0e44e883b8a9bc45f370111df54872069feb10de39d8dc666d00d627541f90,78,29,30,30,True
MBPP+,Mbpp/429,kern_compact,7e0e44e883b8a9bc45f370111df54872069feb10de39d8dc666d00d627541f90,78,29,30,30,True
MBPP+,Mbpp/429,python_minifier,a724c6474dc172aba855d001a64b05d891e53302c5a15a4793c304bfd2e882d1,89,31,32,32,True
MBPP+,Mbpp/430,python,581f8a315c491521165e1bb19635e40228f577ca5e14ca1e9e4b1bce5dd0a96e,80,36,35,35,True
MBPP+,Mbpp/430,kern,2bd3d8d227b787016308ac0ff8e91579409dde22b7bb77b644dc9d1c5238d29a,44,20,20,20,True
MBPP+,Mbpp/430,kern_compact,2bd3d8d227b787016308ac0ff8e91579409dde22b7bb77b644dc9d1c5238d29a,44,20,20,20,True
MBPP+,Mbpp/430,python_minifier,b237d25eb5e467ec6be34629639ba85b4b2381014b3927e14bc877036e7716ce,55,22,21,21,True
MBPP+,Mbpp/432,python,0567dd02256cf927b3d1f08587676861695d3a9aa8024263ce45ea2630f96f45,74,27,27,27,True
MBPP+,Mbpp/432,kern,3ed1aa5e279ed0abb54a876c72ae91f4a4230784dab9c6f6bd8f6197489e041d,52,19,20,20,True
MBPP+,Mbpp/432,kern_compact,3ed1aa5e279ed0abb54a876c72ae91f4a4230784dab9c6f6bd8f6197489e041d,52,19,20,20,True
MBPP+,Mbpp/432,python_minifier,a887e59674d7a6eb6a299846283e83f0f772becbd4cda7474b942b340d8d4dd8,62,21,21,21,True
MBPP+,Mbpp/433,python,24678e024e1a077fedc249b8f10051e1e1d9fa6d5811de33e4575245dbea743b,73,19,20,20,True
MBPP+,Mbpp/433,kern,a35b070b584c04fd830ba916d940a1506a3ffeb8d5b0309c150690ce70cbc54b,54,14,16,16,True
MBPP+,Mbpp/433,kern_compact,17bb185a1c53f60c8b1eaa6189ee49c54a51480ccc78fcc511f88f8738fc1fba,52,13,16,16,True
MBPP+,Mbpp/433,python_minifier,6345b5bb1736f8bd8091c0abd1bbe0e3fbdba0deeb195ea9d4bb942e58441f60,63,15,17,17,True
MBPP+,Mbpp/435,python,bc2fb078e3fcc35d33f65fb673c9dbac2fae9e66ad269320837c6c3b477ec3e6,69,29,29,29,True
MBPP+,Mbpp/435,kern,d0a2831a061a00397ba50ebbab288ae25277c43e126ec2d3234ffa6743baae4c,31,17,17,17,True
MBPP+,Mbpp/435,kern_compact,d0a2831a061a00397ba50ebbab288ae25277c43e126ec2d3234ffa6743baae4c,31,17,17,17,True
MBPP+,Mbpp/435,python_minifier,f8151a611f9779ab259ece243081b80f556b1b482a27298b12f976cba737e6fe,44,18,18,18,True
MBPP+,Mbpp/436,python,d937369fb9d70046d73d61262dfdc543f815e32e71a51788e8b44a658108b92f,58,23,23,23,True
MBPP+,Mbpp/436,kern,1c30c57e7ce336414491b170bf75c6255afd33443c43d47e8f3e7a8327784438,40,18,18,18,True
MBPP+,Mbpp/436,kern_compact,1c30c57e7ce336414491b170bf75c6255afd33443c43d47e8f3e7a8327784438,40,18,18,18,True
MBPP+,Mbpp/436,python_minifier,52a90f95f3bcbd62b88d82f0a6c6bd0fc4223303c640e4d440190cdaab63f332,50,19,19,19,True
MBPP+,Mbpp/437,python,2de94e15398bc137cf87975166f0e9ceb57f71b5e63c7f3a5820405abd7ec8d6,45,16,17,17,True
MBPP+,Mbpp/437,kern,9ec776c658ed5dccc42a95be29954bd560037315774492bc5fa9327450d39328,27,12,13,13,True
MBPP+,Mbpp/437,kern_compact,9ec776c658ed5dccc42a95be29954bd560037315774492bc5fa9327450d39328,27,12,13,13,True
MBPP+,Mbpp/437,python_minifier,8b96db282c8fa36a0f0d26d1557176bd4cdc369cc46921b5a57c56e4824bebec,38,14,15,15,True
MBPP+,Mbpp/439,python,00850a20b8f61bd337805605f9a425fb18da8534b7ccff737da40c8a4120deb0,62,17,17,17,True
MBPP+,Mbpp/439,kern,4ece6ceee444a9c58e377d6e1722382fec477fa8a93b4748ced60b1133abd851,46,13,13,13,True
MBPP+,Mbpp/439,kern_compact,4ece6ceee444a9c58e377d6e1722382fec477fa8a93b4748ced60b1133abd851,46,13,13,13,True
MBPP+,Mbpp/439,python_minifier,2a41f6af9ca0d2db6615d189dc8afe83edb7ad151e8cebe646cfe7e262dc11cc,57,15,15,15,True
MBPP+,Mbpp/440,python,8f7cd8d388c4756857f40c37a84028d3ae11410a76da420e817f133e65ad1d97,133,40,40,40,True
MBPP+,Mbpp/440,kern,9ed68e9b8d55a3a24a6ba63db38bef895d9512baa636165cd36c8c3ea473bba7,99,34,34,34,True
MBPP+,Mbpp/440,kern_compact,9ed68e9b8d55a3a24a6ba63db38bef895d9512baa636165cd36c8c3ea473bba7,99,34,34,34,True
MBPP+,Mbpp/440,python_minifier,6ac0e5dfbe9a043964f61c2b9071b5a9b4f4b9ae94cf68cbb30516df9c660826,114,35,35,35,True
MBPP+,Mbpp/441,python,97f416681144b7b9c729379c91977a54ab204565434f1c7ddc823c6ecd964486,45,16,16,16,True
MBPP+,Mbpp/441,kern,e21a4042fb2ec27d6d785a48615c0ae948ad74332f8ccb1dade0a2d48d3b4783,25,8,8,8,True
MBPP+,Mbpp/441,kern_compact,e21a4042fb2ec27d6d785a48615c0ae948ad74332f8ccb1dade0a2d48d3b4783,25,8,8,8,True
MBPP+,Mbpp/441,python_minifier,5850d7032eafd78f1326481e351040d9ffa0eef89abd6845bcc08d7406fe73c3,36,11,11,11,True
MBPP+,Mbpp/445,python,5aea9b6cb828d21c761fa4e96aa4a13b3a1bc995f594608962af154bd4eed175,153,54,55,55,True
MBPP+,Mbpp/445,kern,267fb73cac16bce6d6998259b0b0614cb8f1512d024697f530e2fd74e4d07824,127,45,46,46,True
MBPP+,Mbpp/445,kern_compact,de1bcee8e4716e0e721507fc43338179d28a19cb2e29de92be7e7cd446db8cb8,115,38,39,39,True
MBPP+,Mbpp/445,python_minifier,34ec4871243549ac3873e1d87db03806f66378c0916f31c86f9e830dda95a44a,125,42,44,44,True
MBPP+,Mbpp/446,python,427f968dd496029370d75bdb9b0982f6dcc26d7fd855ed6803791eba71826156,113,30,30,30,True
MBPP+,Mbpp/446,kern,8e0a2afb6056542d0e8b06482b337e9c9ea7d0ddd482fbd24283558ebaab8344,89,25,25,25,True
MBPP+,Mbpp/446,kern_compact,2798f2ba881874e754c31c43580f86c8c7f5776bcc7a40f57725f99757b7ecc9,78,24,24,24,True
MBPP+,Mbpp/446,python_minifier,29ea91a5137604af1175960a71082a1bdf857fc01c94c29e1d027105e3435c0b,98,27,27,27,True
MBPP+,Mbpp/447,python,a5c8d66e46ccdca42cd1e763cc2e36e22fd5d99f09b281e8507c8339220705aa,54,17,17,17,True
MBPP+,Mbpp/447,kern,83bb74d37206cac562fe6dfe4a40968e9d61691769973cf1ebd06311511ac859,36,13,13,13,True
MBPP+,Mbpp/447,kern_compact,83bb74d37206cac562fe6dfe4a40968e9d61691769973cf1ebd06311511ac859,36,13,13,13,True
MBPP+,Mbpp/447,python_minifier,2cacf02ad109e86e785ea1c782be2272435f06efcbdf187b7f43712fe8911fe6,46,14,14,14,True
MBPP+,Mbpp/448,python,06c3b9b48c50d93d615311560a58ec7eabe3f6ca37f7b194c7db0f41b29cf9db,224,114,114,114,True
MBPP+,Mbpp/448,kern,c86d9f55e9eed6382340fe831d8cc42f09b10fbd38bdd3054770b31184532961,110,60,63,63,True
MBPP+,Mbpp/448,kern_compact,fee75651a14a0aed4185bcc4a050aedab659ae4b886a5348f794758f1f616460,102,60,63,63,True
MBPP+,Mbpp/448,python_minifier,b1a6d6992f7aa43f43bfc3e19ac29ce2b53bc6e5807f1a7bda878fb193442d4b,146,73,72,72,True
MBPP+,Mbpp/450,python,8504940c7721973d214be02d930ddf690e82fdfa608a0beb2a70989d8967c354,75,26,26,26,True
MBPP+,Mbpp/450,kern,60fa812dfda47f3c1a9a21cd05c6f618dfb61a38e9da1f5b71e8fb1bf36893b5,53,19,19,19,True
MBPP+,Mbpp/450,kern_compact,60fa812dfda47f3c1a9a21cd05c6f618dfb61a38e9da1f5b71e8fb1bf36893b5,53,19,19,19,True
MBPP+,Mbpp/450,python_minifier,2e0fb623a16fc37ceec5936201b61b7b888825f037868a11377438eade051a65,63,20,20,20,True
MBPP+,Mbpp/451,python,4c277292eaf807fa98c8030ef5e33d4a79c9c893b4d9544abe6654a425729b00,74,20,20,20,True
MBPP+,Mbpp/451,kern,d0dd1844119600fc90eb58aee7f6a22e76b76d263c71a6a7962b2c6f3614c518,54,16,16,16,True
MBPP+,Mbpp/451,kern_compact,d0dd1844119600fc90eb58aee7f6a22e76b76d263c71a6a7962b2c6f3614c518,54,16,16,16,True
MBPP+,Mbpp/451,python_minifier,561bf65b236ed7e01038d639e233a111ddc8a1dbafa8abcd3c6bc419881f2a9e,68,18,18,18,True
MBPP+,Mbpp/453,python,02fa30fc8d918965e8c3f5d317632bf163be5138d2ac71072359bc2527b49ae9,151,63,63,63,True
MBPP+,Mbpp/453,kern,8874cf8efd14eedde5f31d1529d41930f6dfc1179d8f7c595efc1b6c7d535d34,87,43,44,44,True
MBPP+,Mbpp/453,kern_compact,8874cf8efd14eedde5f31d1529d41930f6dfc1179d8f7c595efc1b6c7d535d34,87,43,44,44,True
MBPP+,Mbpp/453,python_minifier,3599c17adf7dedd50686be505c9583f9d81b52f63e0310a40a070c9bc4f82288,111,45,45,45,True
MBPP+,Mbpp/454,python,29ce695cc87d7e4659d64aa1f03c9a2994b2623cff6805e5d13f9277fad5c122,66,19,19,19,True
MBPP+,Mbpp/454,kern,5cabc432c6c8e73c64a1690c52ab36f42c21360d308bf13b41e849522867aa62,41,14,14,14,True
MBPP+,Mbpp/454,kern_compact,5cabc432c6c8e73c64a1690c52ab36f42c21360d308bf13b41e849522867aa62,41,14,14,14,True
MBPP+,Mbpp/454,python_minifier,d1c4a9cc12efda4ab268c5deab3fb341e5d8548229a1dec29a49abeae4c23151,53,15,14,14,True
MBPP+,Mbpp/455,python,596754d1cf2d4f8aaf781073ce49a500ad605ed288c5c7342f280882509b09a0,86,38,38,38,True
MBPP+,Mbpp/455,kern,45bcf8eb7f52bced7629bad64daabcb8cbb9e7d9a0d5f402cae91acec1b4b7ac,64,28,28,28,True
MBPP+,Mbpp/455,kern_compact,45bcf8eb7f52bced7629bad64daabcb8cbb9e7d9a0d5f402cae91acec1b4b7ac,64,28,28,28,True
MBPP+,Mbpp/455,python_minifier,0159d5459a6a4c222391f8f6fc2af7cd6cf2fa2dd25087f6db425c9a8e60a919,74,30,30,30,True
MBPP+,Mbpp/456,python,3f2074824aa51d2b7cb55b2343945a2a9b3cdcf64be1ca3bbe19f56ce3d82e9d,79,21,21,21,True
MBPP+,Mbpp/456,kern,2f6a1147d934da34cd451475c3550e7d1f0b074194fb1220ff88124e7f2045ef,61,17,17,17,True
MBPP+,Mbpp/456,kern_compact,504d88c0a3479065d1c287bf9873a69ba8d120412426a13377cf5a48e95e3897,56,15,15,15,True
MBPP+,Mbpp/456,python_minifier,14261a49d93b58fc411e858c7cbd6e4e08ffd05568d8f56632e0d22faa05f87f,70,18,18,18,True
MBPP+,Mbpp/457,python,3066fc750cf8e856d3e968dab57d4f0d93bbb9694a9f9aae629f1cd1963e0b5b,51,16,16,16,True
MBPP+,Mbpp/457,kern,2ed7065167dbfb5d39fd17fa89c178a4b5326b319971b9035344ecaf726ddd43,30,9,9,9,True
MBPP+,Mbpp/457,kern_compact,2ed7065167dbfb5d39fd17fa89c178a4b5326b319971b9035344ecaf726ddd43,30,9,9,9,True
MBPP+,Mbpp/457,python_minifier,4a7d67a6a6ca23127a115fd791faddff123c968d155e9e19f2de430ae4918e70,41,11,11,11,True
MBPP+,Mbpp/458,python,b994699c3e0e04f70654a418ead9f0dd8353a1d1169e36bd7f881f07246d82e1,41,13,13,13,True
MBPP+,Mbpp/458,kern,00b5b0ca2a7131df44dc3aa905f7dded9b3eace03f8f72f90e5909e612190c35,23,7,7,7,True
MBPP+,Mbpp/458,kern_compact,00b5b0ca2a7131df44dc3aa905f7dded9b3eace03f8f72f90e5909e612190c35,23,7,7,7,True
MBPP+,Mbpp/458,python_minifier,13f47951a6794a3de42f047426950217b0ed929c2d20b251c9eaa946fd637947,34,9,9,9,True
MBPP+,Mbpp/459,python,7fba3129c0a58271013b5fed0ace49a82212fbe2f307633eae7b82e1e0ac81e4,78,23,23,23,True
MBPP+,Mbpp/459,kern,0c3106488648150847994e695768407fa928143539a2e096252ddd151e989966,62,20,20,20,True
MBPP+,Mbpp/459,kern_compact,0c3106488648150847994e695768407fa928143539a2e096252ddd151e989966,62,20,20,20,True
MBPP+,Mbpp/459,python_minifier,097cc25478358a001a3cc3262adacea62fa17524a0b703af7bf887a967b4f600,72,21,21,21,True
MBPP+,Mbpp/460,python,833ea2e382bf4ab554b64f0d46d7f99983054b2285e891e5509107459ea4bfa9,58,19,19,19,True
MBPP+,Mbpp/460,kern,2e64126d48002af0846fc2aa2fdda2763c7a7b6a81a3647266fb3b88813e0def,38,13,13,13,True
MBPP+,Mbpp/460,kern_compact,c3db72ee026e9ee74e72b6c430744f74c75f49d0f44fad1332591ef04838e6bf,32,12,12,12,True
MBPP+,Mbpp/460,python_minifier,155cac630bec646754b5142a1aa24f5a6119142da121662dc10125590925337a,41,14,14,14,True
MBPP+,Mbpp/462,python,6ac7105ba6dd0136e0b91a01be3603835b2a67726862fb53315838465028f9e0,191,55,55,55,True
MBPP+,Mbpp/462,kern,0f77b7c1c37ab84f9324e8f152032025dc64ec3002c8c0a7a4e94df275177c82,131,45,45,45,True
MBPP+,Mbpp/462,kern_compact,2bef89afd562503c6cd4f941d579bea989add2035662cc2fc01779bae75d5905,113,43,44,44,True
MBPP+,Mbpp/462,python_minifier,adfb626a2b9f2fc2208101390131d59bfd28c94b2ed76785bcb05e837356f69b,130,44,44,44,True
MBPP+,Mbpp/463,python,f09914341c9c42b9cf33143ae42970b6b92d763b75d2e35cb84ce1f4eab950b5,266,89,90,90,True
MBPP+,Mbpp/463,kern,a258dba414b3335aa50b0fd1854f91055ffbf337b5a3a585384a9d182b787f97,220,70,70,70,True
MBPP+,Mbpp/463,kern_compact,9fc37793e14ed2744b693308c5c24b765494a783901045f0d79c2714a722f472,103,47,47,47,True
MBPP+,Mbpp/463,python_minifier,670e063fa38e8b864ee4e6e74cf4c283e0ed9229f7a580756eb151aefdb90601,117,46,46,46,True
MBPP+,Mbpp/465,python,f3caded4ae1872af1fba78aef05b9bf98ded8814dcc7ae36558b09d530bcb889,116,36,36,36,True
MBPP+,Mbpp/465,kern,731c3d1525b246f3e786df03a0e5022ff24730b6a256303111338f656aee30e4,77,23,23,23,True
MBPP+,Mbpp/465,kern_compact,229577cb5f26dea4ca3ea0231044e278308e459b768cfdfdfa548a007bfbeff7,61,23,23,23,True
MBPP+,Mbpp/465,python_minifier,7f6a9860791d7c9dbdc99e5e46558598df6316d7905031046ec3b775a8a1a2f0,83,30,30,30,True
MBPP+,Mbpp/468,python,4c32f5678512491640fd2fa12a93d9eb3608a7b58e10fa0f1d22ddc1f7b2c767,538,183,184,184,True
MBPP+,Mbpp/468,kern,5057c4a85616fb2f5b68e70be07e221548038d6e6cca934d5eecce776d8f7a0e,330,131,133,133,True
MBPP+,Mbpp/468,kern_compact,b11ac7813ea3115584b1314c27b3c9adcb36de3cb84aec9c151f0b5acf181397,196,101,104,104,True
MBPP+,Mbpp/468,python_minifier,6c5e1b4d29dc49ca3417ebfec05a331832d8055d6b0337799f8685b9bfe409a3,233,107,108,108,True
MBPP+,Mbpp/470,python,f3d91e5d8c9c7f5ac522cd1d9f629f57aebce11f18c79c51dc46e36c94ca62ea,91,32,32,32,True
MBPP+,Mbpp/470,kern,8da3f336e84e9e3d0806697b703590e16309a0559b8aeb84887d8da08fe3fce5,71,25,25,25,True
MBPP+,Mbpp/470,kern_compact,8da3f336e84e9e3d0806697b703590e16309a0559b8aeb84887d8da08fe3fce5,71,25,25,25,True
MBPP+,Mbpp/470,python_minifier,4daafdafae0fa6f2f4cf6450d1278db83cf493534ca76484e13070389a1ffb99,79,29,29,29,True
MBPP+,Mbpp/471,python,42266715649fede8795f85bc3ef7d97a11699fc01ec5865a2d0cf8d0224219f9,110,33,33,33,True
MBPP+,Mbpp/471,kern,29dd690c3684e5a5964d839b5ec42402895f2e5196f26a19b7af27cf66a54f77,73,23,23,23,True
MBPP+,Mbpp/471,kern_compact,0b132d3a3f009479835034459427266c46e99d6a59a6c55f37e971b27f619cd8,73,24,25,25,True
MBPP+,Mbpp/471,python_minifier,8952821d5f49c37b2b0096c81ab21908cee503e0c9204a60849ab7829bce1bce,90,24,25,25,True
MBPP+,Mbpp/472,python,e670844b416483474989ae2921bec0d54a7e2a80f3be4635bee77d298a72ae88,82,25,26,26,True
MBPP+,Mbpp/472,kern,3437fbe26c98908ec659b2b05a1696f57f933e9d8f61d03bb6529822688dbf4b,60,18,19,19,True
MBPP+,Mbpp/472,kern_compact,cbdb89830d6d03d249e9a6cde393584b92f70577cdee5fab20c5372316550581,53,18,19,19,True
MBPP+,Mbpp/472,python_minifier,9106a0b58556023e3c29cdc2949d12c2cc69038c3def8a8f339cd6e06a6e9781,71,20,21,21,True
MBPP+,Mbpp/473,python,42866871eb28716fb9f197536a23bb124e80b82f53d8bc422d5b7bda3cbe6176,156,41,42,42,True
MBPP+,Mbpp/473,kern,5e9f6224b578f74a83c4ee44a2a92ba1e0701fb931108260394f8173b6baeb0f,137,36,37,37,True
MBPP+,Mbpp/473,kern_compact,6a509774caa31baf1103608cf5fd3711f64c6ca76fa34a4dcdd0c13603378a79,115,34,35,35,True
MBPP+,Mbpp/473,python_minifier,04bf035ecfccff5690fb3da5c8dc51b8ca81f065a40c54158b2d061d81f17866,138,38,39,39,True
MBPP+,Mbpp/474,python,aaa5df11ac3c7e8a95a76d49ff45fc8b7cf1c7c48b11f75be63389daec94bc31,71,22,22,22,True
MBPP+,Mbpp/474,kern,6590ae0dbcfea3598eb037275b235ace6d1c0936938bf9bca5732c7c798ac734,50,15,15,15,True
MBPP+,Mbpp/474,kern_compact,6590ae0dbcfea3598eb037275b235ace6d1c0936938bf9bca5732c7c798ac734,50,15,15,15,True
MBPP+,Mbpp/474,python_minifier,c59e8b57b1c3c75a6fa40f98161ac28cd14a0fc138fe7b93b4c6c9b715e2bfe0,61,17,17,17,True
MBPP+,Mbpp/475,python,b3495d245fb8796ba240c965bd10718eb84fff8715930f1665674972c0febc0d,90,24,24,24,True
MBPP+,Mbpp/475,kern,c857a82b616ebd779807dce74d47892f445985312548b546de12c59a1eafdfad,68,21,21,21,True
MBPP+,Mbpp/475,kern_compact,c857a82b616ebd779807dce74d47892f445985312548b546de12c59a1eafdfad,68,21,21,21,True
MBPP+,Mbpp/475,python_minifier,bbc22a8f845c34a4b7622f52ab19d84cb09b14bc26c2533af69f0b8ca49838bc,83,22,22,22,True
MBPP+,Mbpp/476,python,1e6a77f0d264d46e68cd636d7a00aa0f333c1e966cdd71d06cad45651ded7990,55,15,15,15,True
MBPP+,Mbpp/476,kern,aa1f7e68e1ed9d0c612e240324468e58995a466ab0671b0f4d54b21f107b6727,33,10,10,10,True
MBPP+,Mbpp/476,kern_compact,aa1f7e68e1ed9d0c612e240324468e58995a466ab0671b0f4d54b21f107b6727,33,10,10,10,True
MBPP+,Mbpp/476,python_minifier,6c1bc4f64ea4829c924216c00c23aa2581077571ee11acadd4840a7a2ffb2e07,44,12,12,12,True
MBPP+,Mbpp/477,python,16302b8b50c34be8292b0ed18431880ca446f7f8b153fa0ac5eb6c7548fb6370,49,11,11,11,True
MBPP+,Mbpp/477,kern,72c6b12ac4b7637895cc0fe48af22eb2d17690ba0ee85aa7497530d605980007,31,7,7,7,True
MBPP+,Mbpp/477,kern_compact,72c6b12ac4b7637895cc0fe48af22eb2d17690ba0ee85aa7497530d605980007,31,7,7,7,True
MBPP+,Mbpp/477,python_minifier,9b3be416ab552d56b686fcc7dd5b076ae32f4e3454cc10b270924e86625899ee,42,9,9,9,True
MBPP+,Mbpp/478,python,aaea6e068fe7a5f77651b907d44cc1040d6ae9556bac9db1587e18782f6ccb2e,76,22,23,23,True
MBPP+,Mbpp/478,kern,446c2acd5d35d519c6f6e65b11791cac812c29355dfb763e31c3cc2d5222716a,53,18,20,20,True
MBPP+,Mbpp/478,kern_compact,446c2acd5d35d519c6f6e65b11791cac812c29355dfb763e31c3cc2d5222716a,53,18,20,20,True
MBPP+,Mbpp/478,python_minifier,d368dee1caa1a6c4416a142036ce8404b5a7d06242320a273df1e173abf95d01,67,20,22,22,True
MBPP+,Mbpp/479,python,be8441d4582caf23f650290a895fd73c635fcb3e69877d7cb891b1f83b970f2c,50,17,17,17,True
MBPP+,Mbpp/479,kern,73f33f351d83f56f0451acac283a600cdb2ee070b13968148e55d45cf0d7c5a7,29,11,11,11,True
MBPP+,Mbpp/479,kern_compact,73f33f351d83f56f0451acac283a600cdb2ee070b13968148e55d45cf0d7c5a7,29,11,11,11,True
MBPP+,Mbpp/479,python_minifier,f3fa97df0f676c6c42ec3e8cf780e22244707b5f84492b7cdf36de709395ef4d,40,13,13,13,True
MBPP+,Mbpp/554,python,694501b134f23c6d7ed8fae21a1805529a3d20cb45438ce5f7f7baed96efcfda,65,23,23,23,True
MBPP+,Mbpp/554,kern,47679a648eac3cfb9cd224313170b2ffc942e365540ed1fbdaafc553cb65216e,36,16,16,16,True
MBPP+,Mbpp/554,kern_compact,47679a648eac3cfb9cd224313170b2ffc942e365540ed1fbdaafc553cb65216e,36,16,16,16,True
MBPP+,Mbpp/554,python_minifier,ccc4eea28594cf34f2ddd790ae468ce586e259dc20244b6cafda6b60cf7cfb64,51,16,16,16,True
MBPP+,Mbpp/555,python,4705bfce24cea5cfd0c76d4fae469ddd85f574228d608c73691adb0e245cfacd,88,37,37,37,True
MBPP+,Mbpp/555,kern,a0e1f6c85032498bd77b05e58103b1c1044d574f637325da3552a66928395364,39,20,20,20,True
MBPP+,Mbpp/555,kern_compact,f981eff3d701aea4c48531cfe16b59b262d4663ee0e496b5ba2379bd904f82a4,35,19,19,19,True
MBPP+,Mbpp/555,python_minifier,a35aa3b8b64fb19be401b73277e3fa792d13dd0cc3c4c265a2f58553ca35d3d7,49,22,22,22,True
MBPP+,Mbpp/556,python,dc748075a96b03360cf8ccbce8d33513f3eb428ab4d3e8c559a26eec5e71dbbf,198,71,71,71,True
MBPP+,Mbpp/556,kern,c607244932a2ac5d437b99a6a88bc32ca32a0e900f0996caf6985feda11f2a32,111,50,50,50,True
MBPP+,Mbpp/556,kern_compact,3660a3022944da8034cd90dbebc533b265dd6753603c6bdbb90ad22ad15971d7,89,44,44,44,True
MBPP+,Mbpp/556,python_minifier,9e0aaef2503b556cc276e0b8ab456e7205ebe006c6d620c7b4905e59332731a1,112,49,49,49,True
MBPP+,Mbpp/557,python,143183326a327634dbe5dfb0574c8d757c443087fa0d7a374629cd779226b557,54,11,11,11,True
MBPP+,Mbpp/557,kern,159ff90bb13561bddc9278015bb8df1d10ee81420f5c71f0e444d5585f63d48c,39,8,8,8,True
MBPP+,Mbpp/557,kern_compact,159ff90bb13561bddc9278015bb8df1d10ee81420f5c71f0e444d5585f63d48c,39,8,8,8,True
MBPP+,Mbpp/557,python_minifier,876b05ef2eb89130c46637b39a4a79a485ff626e89ff465581b1bcedd02e1f92,50,10,10,10,True
MBPP+,Mbpp/558,python,04095e927b535ba37deda0402e579094c59f65efc299e00f228dd0597d8a994e,111,42,42,42,True
MBPP+,Mbpp/558,kern,0d9c55a2788a079d8191a787e2c3ccf0d76d596c736d69a08223b74bd1394e89,88,35,35,35,True
MBPP+,Mbpp/558,kern_compact,d093c5f61d8449fe74d42b432bb9b998f2553335ad18fca851e687e13723fed5,84,31,31,31,True
MBPP+,Mbpp/558,python_minifier,98a9c2f11604bb6af417a1641c33ea6e6a179762973c8e5ab0d22d741a1c07ae,94,34,34,34,True
MBPP+,Mbpp/559,python,0d0f3280b8d9a9bab379929965d72527c1214acfac7e72afc58e6f030de27c02,294,98,98,98,True
MBPP+,Mbpp/559,kern,73ceb59de576b61b9fe1da4e2098b6410888e389922c12e48999e656e5c223e3,226,73,73,73,True
MBPP+,Mbpp/559,kern_compact,92f53e780a4d0297cf1d5cf06051943891f16b115527712d8e038a189af42e29,88,43,43,43,True
MBPP+,Mbpp/559,python_minifier,927cb2c9475796fce45797225e23c30f9e73032158737f24fe5d9733fd3addfe,113,48,48,48,True
MBPP+,Mbpp/560,python,5c8953bdb679f22615785b29fa02b02293f34745b8b5ef3721b0c4ac4cf447d0,94,29,29,29,True
MBPP+,Mbpp/560,kern,04ce497f697d838bf94d1cb92df5cb95e3f8bde728545802d6fed746b72ef788,75,24,24,24,True
MBPP+,Mbpp/560,kern_compact,04ce497f697d838bf94d1cb92df5cb95e3f8bde728545802d6fed746b72ef788,75,24,24,24,True
MBPP+,Mbpp/560,python_minifier,7af9fba0ee6f6b1a7710dea753eca93d7a65119eca01d51cbe8cfe7b14d0c40a,86,26,26,26,True
MBPP+,Mbpp/562,python,9c2c28132afd82b71d6c21edebab4bbf12a0cca37d8365eccd1f3cbadfa0e8d0,65,18,18,18,True
MBPP+,Mbpp/562,kern,68721d4b61b5a0b729757a9b0318050d0762cf8ed0d1fe2d04bde6f2a139ca10,42,11,11,11,True
MBPP+,Mbpp/562,kern_compact,68721d4b61b5a0b729757a9b0318050d0762cf8ed0d1fe2d04bde6f2a139ca10,42,11,11,11,True
MBPP+,Mbpp/562,python_minifier,200a7dcbcc379a6ebe2fc974d6df9d2856052b5edeaa9ebcae9574054f44cf82,53,13,13,13,True
MBPP+,Mbpp/563,python,90bc9014c39e9b3b254472a490b8a093deab32690e2b8151e294438d904e492a,76,22,20,20,True
MBPP+,Mbpp/563,kern,5181ab65922c8c188d109d051d35e7f0c426d63b3475904877bd5e0e5346ee43,54,17,15,15,True
MBPP+,Mbpp/563,kern_compact,5181ab65922c8c188d109d051d35e7f0c426d63b3475904877bd5e0e5346ee43,54,17,15,15,True
MBPP+,Mbpp/563,python_minifier,9d50170d798994801e1b95e0e71a514b10777e0ec49b0d4330934a6ee8d7f239,68,19,17,17,True
MBPP+,Mbpp/564,python,8572498bdf50774870bd70c6d2db2a0edad8e6c18477532ed82977d9ba1dc6d8,178,59,59,59,True
MBPP+,Mbpp/564,kern,a01778e295f1c2ea3eae36c1f64ff23612e56e5c8e3ec8b528e8231e2f89b8fb,95,37,37,37,True
MBPP+,Mbpp/564,kern_compact,0b74ee208656701d018bfc5632750be9928fdd3a4f5270d76531700d1aafba79,85,36,36,36,True
MBPP+,Mbpp/564,python_minifier,d911a7ccee6c4941be08fbb0dcf931a2a53686917e2687c578c08fb14b5aaa27,109,41,41,41,True
MBPP+,Mbpp/565,python,d70e2be5ce56ecf2c360f85c0ef0c62b41a22c2fdd3685e8da8b5d0029ad0682,41,11,11,11,True
MBPP+,Mbpp/565,kern,57cbf30d3f5aa517ad8a0d061c7c4e9f4cd4facca6ac2c86b40b133868e0d776,22,6,6,6,True
MBPP+,Mbpp/565,kern_compact,57cbf30d3f5aa517ad8a0d061c7c4e9f4cd4facca6ac2c86b40b133868e0d776,22,6,6,6,True
MBPP+,Mbpp/565,python_minifier,a7c476644e4c40eeb9faa167037159a3e7d20a1a5e91aeb673fdb67c373b089b,33,8,8,8,True
MBPP+,Mbpp/566,python,2061101bb642f353a604dabd31c808f0489ea438f0525c0f6d03561152e57c28,51,15,15,15,True
MBPP+,Mbpp/566,kern,30647bc7d8761b61576ec3b80d23035c22f564903d529b50114f1538adfe337d,34,10,10,10,True
MBPP+,Mbpp/566,kern_compact,30647bc7d8761b61576ec3b80d23035c22f564903d529b50114f1538adfe337d,34,10,10,10,True
MBPP+,Mbpp/566,python_minifier,d86489b8f929397e02367e272445f0a937a12b0f5c55a5cce28b2a568dce9deb,45,12,12,12,True
MBPP+,Mbpp/567,python,2070fcc56491fd0e8eacef9e3ae6c7c59e78fd15d7197c11827b665a7f4b6369,82,29,29,29,True
MBPP+,Mbpp/567,kern,d452079bed4dd5c6e290f2fd733280759cdab25b00c71b997670c2318bba724b,60,23,23,23,True
MBPP+,Mbpp/567,kern_compact,d452079bed4dd5c6e290f2fd733280759cdab25b00c71b997670c2318bba724b,60,23,23,23,True
MBPP+,Mbpp/567,python_minifier,ad9168aa0e8d530b2f59a7858286108c29e15b12c56b22d92d395aefc1c8e647,71,28,28,28,True
MBPP+,Mbpp/568,python,95da1cc44679adc8dbb2d8be9953b42967d484f4c1e5cac7760d61817820b87c,61,15,14,14,True
MBPP+,Mbpp/568,kern,87d631d2c28196d1e3bcaebf62e52736400c8d41c17fa419f43540f964d3b5f4,46,12,12,12,True
MBPP+,Mbpp/568,kern_compact,987ac77a177cdc9423c9c3de27a8864be4bd3326904e0cc2d1bd0b273779d043,40,12,12,12,True
MBPP+,Mbpp/568,python_minifier,f8d0621d183678e89e6e9ea3f3f4e40c368d1c3a410711b940012d109ec0baef,55,14,14,14,True
MBPP+,Mbpp/569,python,8920605423e9194539c77c8ce71e8ed7cd4c3cb1c113e74565bef6b020ef18e4,63,17,18,18,True
MBPP+,Mbpp/569,kern,93bbc578f682cf468cdd7b97e68509324a52ab52a886b38052d5126c1f17bda2,44,12,13,13,True
MBPP+,Mbpp/569,kern_compact,93bbc578f682cf468cdd7b97e68509324a52ab52a886b38052d5126c1f17bda2,44,12,13,13,True
MBPP+,Mbpp/569,python_minifier,49af9471f61800f5f1ec2fc69576b876c8f1878d3bb7fb1347cbfe077db57c0c,55,14,15,15,True
MBPP+,Mbpp/572,python,3f1b339a8f7865917e173256b44eabc80fc50d8d0587a7f1ac83f41bef61d7ee,75,22,22,22,True
MBPP+,Mbpp/572,kern,8c52ad8c6e2cf0484175f269b3b68152d120a2c7926567cc719c1dcaf403d3d0,59,18,18,18,True
MBPP+,Mbpp/572,kern_compact,3139e51e611a5113110ea70b6850b42e9a485c3347b41c974569a03afbb3d426,52,18,18,18,True
MBPP+,Mbpp/572,python_minifier,3fa3e33fdb22835a1e560ef3fd5be7b86e1a8544282efc2c4263ede38c7cc8f9,69,19,19,19,True
MBPP+,Mbpp/573,python,8fc102b90587b8f873585623015b5313e2236244c6c049f0dd35e5453144a346,117,28,28,28,True
MBPP+,Mbpp/573,kern,dc97f32e7d5860d2affe2278e67ec529186ce33464876f0926bdd4a00e72413c,86,23,23,23,True
MBPP+,Mbpp/573,kern_compact,2d0d5d885d18c3eca8e0325cf2f9f3f6d25f65170aabbd961d957d98c3dce592,86,24,25,25,True
MBPP+,Mbpp/573,python_minifier,fdec268287bbdc9f8167dc471a4d70953eeb32f763d06da2fe5c8df7224ae7e0,103,24,24,24,True
MBPP+,Mbpp/576,python,bfd372d0552b95050dd842e92796751b5182091bd5fb9ee9fcbe638966cde5f3,201,71,71,71,True
MBPP+,Mbpp/576,kern,2ec1677606d6206829d95c91dc2aae8ac0ec533828bbd68f9bbafa9db6e163b3,95,45,45,45,True
MBPP+,Mbpp/576,kern_compact,2ec1677606d6206829d95c91dc2aae8ac0ec533828bbd68f9bbafa9db6e163b3,95,45,45,45,True
MBPP+,Mbpp/576,python_minifier,6c31b6dfb083656ef6f1a4849a625c9a15051a3526cee398ef1f2fb9146684b6,116,53,53,53,True
MBPP+,Mbpp/577,python,a72e346463c3071218b2d3512a1eee7f8b3de6db34878f018f0e75a6749152af,198,75,75,75,True
MBPP+,Mbpp/577,kern,276b7560df1da1ede235a9c90dd390bb774e15bcabe638632050483f596b794c,81,39,44,44,True
MBPP+,Mbpp/577,kern_compact,5454000b6fad9585555c01906aecc90ca08f972d1a5964fa36bce2d9111aa7d1,70,35,39,39,True
MBPP+,Mbpp/577,python_minifier,bcab618d7b34b595efb2221c892426b9d1f41f173db4f303ae85798971bacfc1,121,44,44,44,True
MBPP+,Mbpp/578,python,47d97506e9b803b0c33b1adad9591eda18943034dd8be53264fc1584fb6cb024,112,36,36,36,True
MBPP+,Mbpp/578,kern,b62e3e20d6d762c9aaca66dd01ccfda51d8552e7eb39a15f72703f9979129ef4,90,28,28,28,True
MBPP+,Mbpp/578,kern_compact,63f0556956272126eaee2d4822004faa30e9c976ea13acfc3f23cee4345f64ff,82,28,28,28,True
MBPP+,Mbpp/578,python_minifier,2e6c9ce527a946a9d64315ab2cbc3530c0263473ab51d34ec7993081914d6534,91,29,29,29,True
MBPP+,Mbpp/579,python,1b8f932121cc6bb2414dd314edef4cb4df7c2bc44a210cb4e511279921eab6c2,92,32,32,32,True
MBPP+,Mbpp/579,kern,c0109ec01030908b47e3426aa5a34edec281813fbc7d388f477e91f811a0f065,73,26,26,26,True
MBPP+,Mbpp/579,kern_compact,c0109ec01030908b47e3426aa5a34edec281813fbc7d388f477e91f811a0f065,73,26,26,26,True
MBPP+,Mbpp/579,python_minifier,d4f4741c98e6614d85a0fe67baec45b1c8540463abec4b5992fd62e259fdbe5f,84,28,28,28,True
MBPP+,Mbpp/580,python,a920078c01fc9120c0f988b1f9a2dc44a464fce2b5570f059cb678c3fa81841e,243,73,73,73,True
MBPP+,Mbpp/580,kern,953e2704b526bf29c800132230f9a5d5d5379ab9219bdef4d5d1a3645278ca77,179,52,52,52,True
MBPP+,Mbpp/580,kern_compact,7e3632b64b52123e57a7960677d928420c377521730c96bc918a84b33d580ed6,161,49,49,49,True
MBPP+,Mbpp/580,python_minifier,49edc3ad310194f716715f4a44f79eb9f436883d6e1e81bbdc7152e322055835,186,55,55,55,True
MBPP+,Mbpp/581,python,b42d800a1f9097bf5268f9f0c9ac60b619a0f7dec1ffc7bf39cc77fbd406a346,58,24,24,24,True
MBPP+,Mbpp/581,kern,6e5cf48e8d7c5d4f4fb2ee7abc5939e3e60523421335affa9393d786200a8a8f,32,15,15,15,True
MBPP+,Mbpp/581,kern_compact,6e5cf48e8d7c5d4f4fb2ee7abc5939e3e60523421335affa9393d786200a8a8f,32,15,15,15,True
MBPP+,Mbpp/581,python_minifier,b540846b33a6f1a8cf3863f2f53f838ccaada4378e31d8b9a2bdf8b1b8eb6c66,43,18,18,18,True
MBPP+,Mbpp/583,python,b8684ac88865bcbd643149c2435cdc040eb15495c58481a0e7382f7e7f837dee,191,58,58,58,True
MBPP+,Mbpp/583,kern,c24c52535ba5661913ee658f28f67fef0bbb31f6eaf2f791865aa4ce8d9be526,122,45,46,46,True
MBPP+,Mbpp/583,kern_compact,1eefe98ab53de5389f112faa581ff6d7654b35a9b89abaaff1b27932c32b79e8,100,40,42,42,True
MBPP+,Mbpp/583,python_minifier,55eb7738c008b298af66f005988872b638c0dde44a36809412fd2ec09cb95f3c,126,46,46,46,True
MBPP+,Mbpp/585,python,5f094db5bc66e749aab4e557c98e41ac557066061b20393eea9e17843d8640f5,140,35,36,36,True
MBPP+,Mbpp/585,kern,76a74c1f3d99d6c3d4887ca1aba496d9d4b0a1ecf4110f0daefdb078d622f003,95,30,30,30,True
MBPP+,Mbpp/585,kern_compact,6788ab9987cb9b715190c2c7e7aabe9d13ed0355bd6a35d88332044e48f37a5d,78,25,25,25,True
MBPP+,Mbpp/585,python_minifier,3b73ddccf20bf60f93f673c5b6f4d034b282b43165af1d94f92b751595b9d331,100,28,28,28,True
MBPP+,Mbpp/586,python,b1a45744f9c34a14b35f107a4195357e7c3bd672457c31f5ebda6b360eb79cfc,45,19,19,19,True
MBPP+,Mbpp/586,kern,73f0e502e208a2b14c146d413cfd2c9ac8a38d1f874504937635db9b67b48bce,26,14,14,14,True
MBPP+,Mbpp/586,kern_compact,2d1b37981d6f2dc1903adc7fc4a86e72d81d3d5472c71efeac3383ff8509154e,20,9,9,9,True
MBPP+,Mbpp/586,python_minifier,1f88b49599762fe3b0efbf603ccfb7f055f27047bfc8ae08d967d3ff8e30fd8b,37,16,16,16,True
MBPP+,Mbpp/587,python,c5d64fb2191e2882e0af7c7f499861ac6fbcf85103650a913e1925947377aa93,46,13,13,13,True
MBPP+,Mbpp/587,kern,e061340d5fcb979eeae5b5a7958a4b2a86e647c24016b577327292497173ae1f,30,9,9,9,True
MBPP+,Mbpp/587,kern_compact,e061340d5fcb979eeae5b5a7958a4b2a86e647c24016b577327292497173ae1f,30,9,9,9,True
MBPP+,Mbpp/587,python_minifier,a3aefe6de60f134ea545d1aa35f29d6211804186862a826d846f4cec9a14c63c,41,11,11,11,True
MBPP+,Mbpp/588,python,7081c3b0fef1e04461ba4bcaab7b8016448bd723870eaaac6c0a24a4ba711a18,55,15,15,15,True
MBPP+,Mbpp/588,kern,658bf9a0209750684844375af2e4d412dfdff1ac706452b34dfe426e20ab3757,34,10,10,10,True
MBPP+,Mbpp/588,kern_compact,658bf9a0209750684844375af2e4d412dfdff1ac706452b34dfe426e20ab3757,34,10,10,10,True
MBPP+,Mbpp/588,python_minifier,838af05eebeb7498921eb7fb5b5c60cdd94f318dbd85f6c33ed0040c2a207daf,45,12,12,12,True
MBPP+,Mbpp/589,python,27ef541248a63be0721334b32028984a37c65293819f46b8d4c99781c2aeab68,210,71,71,71,True
MBPP+,Mbpp/589,kern,a777ee90a0286b58db2aae63bd02ee27153147bcec4f4c8ee8ed4372d12ca83e,125,51,51,51,True
MBPP+,Mbpp/589,kern_compact,a777ee90a0286b58db2aae63bd02ee27153147bcec4f4c8ee8ed4372d12ca83e,125,51,51,51,True
MBPP+,Mbpp/589,python_minifier,bcff6c2c4b34d1063576e234bf85f826bfb7d549cc12e134f0d83f796e864f82,152,51,51,51,True
MBPP+,Mbpp/590,python,724d4ef74508b8d14dc98aced0a71a113325c1e71624e5c0d02ec9eb4c32a8de,126,46,46,46,True
MBPP+,Mbpp/590,kern,2acbe1ca4f2d367ccf3edd9bf5c6a917e74156acd606d91459d9a03fdf55f794,89,36,35,35,True
MBPP+,Mbpp/590,kern_compact,50971d79c141c8428042311f277dd6c6a19f39582b59a269ca5cbf6e1482d70e,83,32,31,31,True
MBPP+,Mbpp/590,python_minifier,8fa8661fd041324a6da8524e19be9c9c91118f034926da0aa5132bebd1918017,96,33,33,33,True
MBPP+,Mbpp/591,python,257325aff79c25ed6c636a3ecdb9e6ce59b71f7798279c6df509e1d26cd1b605,80,26,29,29,True
MBPP+,Mbpp/591,kern,c49c3d3573e918fd6986e5d76edebab0fd8ee590e22cafdad1928e6e3b89a3f2,57,23,23,23,True
MBPP+,Mbpp/591,kern_compact,c49c3d3573e918fd6986e5d76edebab0fd8ee590e22cafdad1928e6e3b89a3f2,57,23,23,23,True
MBPP+,Mbpp/591,python_minifier,3a650a24adb5690b84fc1be71244e12fa1955896c65342fad8dfb46e4e391ef3,60,26,26,26,True
MBPP+,Mbpp/592,python,0ba82f22fdbfa7759aad91c3ae9b5895ed58fa86751def2ff4d7d739e75c9d71,271,116,119,119,True
MBPP+,Mbpp/592,kern,84931685a7d5c0e107ad8b62bacd89bf1e064cd8ae37c6d998b7679edbb66f2b,156,74,77,77,True
MBPP+,Mbpp/592,kern_compact,84931685a7d5c0e107ad8b62bacd89bf1e064cd8ae37c6d998b7679edbb66f2b,156,74,77,77,True
MBPP+,Mbpp/592,python_minifier,93d9158f255544c68b68710449714ea6a99aa9520de367b34146fe5198586d3e,183,78,81,81,True
MBPP+,Mbpp/593,python,716c0f75a9720060406e1cfa150e9bfc67b1893588a2424f99a189b9ca86cb8c,68,21,21,21,True
MBPP+,Mbpp/593,kern,bcef7c4104a4f05059c848c1728b03cd43f8592f69d1c2f840dc68d7d87767a8,49,18,18,18,True
MBPP+,Mbpp/593,kern_compact,bcef7c4104a4f05059c848c1728b03cd43f8592f69d1c2f840dc68d7d87767a8,49,18,18,18,True
MBPP+,Mbpp/593,python_minifier,7076c6b9cc64b322f90937c36f7fc669568b785e3046289200cbd13b3d968d5f,63,20,20,20,True
MBPP+,Mbpp/594,python,b5c154d2fac9ed111efe62143f3c05483bc6e3f32d53b67aeab7db695cc2286f,180,61,64,64,True
MBPP+,Mbpp/594,kern,f716f4f130fc9934c05ac9a692842902249176466a12a4069fd14d6fec73d938,145,53,56,56,True
MBPP+,Mbpp/594,kern_compact,8a2ceb678372b0f04d29ef5c1bf18f151494d7a166b964bc25dcf54ebd0faeae,105,47,48,48,True
MBPP+,Mbpp/594,python_minifier,5932f1eaf558c44376e11f0f542589d73eadd65d99d7316628467bd136fe4875,115,52,53,53,True
MBPP+,Mbpp/596,python,c476a6c6f30c19b15ea9fdaaa30edd8728c838fa5e94e21b6ab9512b1357a4ee,76,18,18,18,True
MBPP+,Mbpp/596,kern,50a133fba8b805e8c15dea79298b48ace661f0623bbbc5c802c3443a3df57bf8,56,14,14,14,True
MBPP+,Mbpp/596,kern_compact,50a133fba8b805e8c15dea79298b48ace661f0623bbbc5c802c3443a3df57bf8,56,14,14,14,True
MBPP+,Mbpp/596,python_minifier,125e810911da968d0a23f206980767096da7bbdea40a89ca0194ab0727d89745,70,16,16,16,True
MBPP+,Mbpp/597,python,3e2c1b94055e331c020772d987aec258d5618c0bf54329d07aabdc063b94eade,65,26,26,26,True
MBPP+,Mbpp/597,kern,5dc908d2bb986f163acdf9e09f9e833783643b0824a98e777eb5b81fa8d5bcf4,44,20,21,21,True
MBPP+,Mbpp/597,kern_compact,5dc908d2bb986f163acdf9e09f9e833783643b0824a98e777eb5b81fa8d5bcf4,44,20,21,21,True
MBPP+,Mbpp/597,python_minifier,ce1e40f988d04cecf4a9f290040d4c6a92472f5683d0a4f656f05d6cc8ea45bc,55,22,23,23,True
MBPP+,Mbpp/598,python,b0377c5a6e1a1649e54d9b9618a8ed700200e10362a498449371360d53f73638,125,32,32,32,True
MBPP+,Mbpp/598,kern,1febdc43aa64bf422952f9ecca4cc70ceeb672f1df225a39a8a7342323055628,98,25,25,25,True
MBPP+,Mbpp/598,kern_compact,1febdc43aa64bf422952f9ecca4cc70ceeb672f1df225a39a8a7342323055628,98,25,25,25,True
MBPP+,Mbpp/598,python_minifier,4ae72ca44af745860ff4863e3b0e6f01f480f3095c77be392db103ad0bcc7d6f,94,30,30,30,True
MBPP+,Mbpp/599,python,e7f29ac03996d3bd6afaf4f2712bf4ac2979a5b61017050b70bf931a179cd53c,109,32,32,32,True
MBPP+,Mbpp/599,kern,c3f7c66b4200569699a496150a7176f8464ea881f791886df3af96f9938be553,81,23,24,24,True
MBPP+,Mbpp/599,kern_compact,ffb41ffd869f43a7456e18883aec12dfd6ba5521c5b752f0751e110388a297b6,60,21,22,22,True
MBPP+,Mbpp/599,python_minifier,3de9d5fc048dc9991d21c41f4db302a8e2d0f959d67a705a9438bce69b263cd4,69,25,25,25,True
MBPP+,Mbpp/600,python,63710d07a88bef178a14e2127aa0890bc47b95fe83bc3197c681e612379713e3,41,19,19,19,True
MBPP+,Mbpp/600,kern,e1bb04e384dcb36d35b8b7305e258474abe13c4e3db27377429b94370dd8cef0,17,10,10,10,True
MBPP+,Mbpp/600,kern_compact,e1bb04e384dcb36d35b8b7305e258474abe13c4e3db27377429b94370dd8cef0,17,10,10,10,True
MBPP+,Mbpp/600,python_minifier,9ca71e449e672aa36ee8955ff1f1356cdfeaddd4bc2177b4822c5567a4fb87cf,28,12,12,12,True
MBPP+,Mbpp/602,python,7fb6eae60506780bb65c3aa668a84d2265886f2c6346d7c3193ce2ff5af00121,134,44,44,44,True
MBPP+,Mbpp/602,kern,6c9beea6206bd93e17d4f1bd40305eacca4f60ac4bebb6b9f998d5d84dd9a119,94,31,32,32,True
MBPP+,Mbpp/602,kern_compact,19ba5e6f3eb4cdf55b5dc98f1bbfaa392fb7f0971bdd34f34e026be0c4b24a59,82,30,31,31,True
MBPP+,Mbpp/602,python_minifier,54f7d97b9d7d5bcd7df8c49711fbe13ac0f59e6b7aeff59a98a2608acc8d652c,95,32,32,32,True
MBPP+,Mbpp/603,python,10548651e25d23d2ee5dc4c196bed85abe127aabaa5647782dbbb88d4ea8e68b,339,113,113,113,True
MBPP+,Mbpp/603,kern,ec3ff94c71eca51ec234f28511b0bb069cb6e7ed78a9ed92d2495eaa15ea3e52,275,96,96,96,True
MBPP+,Mbpp/603,kern_compact,92aea1b2662a3a7cff7a1aff8b88cb94fce749b9ed193a0b5a234dfa09f28677,130,64,64,64,True
MBPP+,Mbpp/603,python_minifier,b0c40abdb0f178b2d4668dcb9b0e3af966b6dd806418bb7ce0ff8734220b9ddc,153,68,66,66,True
MBPP+,Mbpp/604,python,8f3c8cf6f635678a5f2b58ce41f2bdfcd221de6483f40f1e8c5a3a5cabf0afb2,61,15,15,15,True
MBPP+,Mbpp/604,kern,a290218b7bc6af9ef3fbfa6a5624755ab5ba252db2af409d542f184fa06c52a5,46,12,12,12,True
MBPP+,Mbpp/604,kern_compact,a290218b7bc6af9ef3fbfa6a5624755ab5ba252db2af409d542f184fa06c52a5,46,12,12,12,True
MBPP+,Mbpp/604,python_minifier,dfc7abc79c699a3c12d4580037c49ecb7d5daca27351ed2fd18410e6ac91b41c,56,14,14,14,True
MBPP+,Mbpp/605,python,428c1b09ad9134d3a1bab2234b9c691ab1a225810e17f0f96f73fb4e60ff7c1c,165,54,54,54,True
MBPP+,Mbpp/605,kern,bb48e9c1d7e7c091c76de1cfb76e913ae7ecabe98a3587364f99729e86307189,105,36,38,38,True
MBPP+,Mbpp/605,kern_compact,bb48e9c1d7e7c091c76de1cfb76e913ae7ecabe98a3587364f99729e86307189,105,36,38,38,True
MBPP+,Mbpp/605,python_minifier,1528bd0fa19f17e972944c37c26db9b7947b765e6fbff5e89dc3b1725a3c16b6,138,45,45,45,True
MBPP+,Mbpp/606,python,01438b21cb4091f51e8e15cb3fa8113d7ffcd6c86038b8fb48ba912d6249e618,74,21,21,21,True
MBPP+,Mbpp/606,kern,157ed2212e84e6554a2ab88383bfa81a048040e545e2a9e3184f6dfe9d66c409,49,14,15,15,True
MBPP+,Mbpp/606,kern_compact,157ed2212e84e6554a2ab88383bfa81a048040e545e2a9e3184f6dfe9d66c409,49,14,15,15,True
MBPP+,Mbpp/606,python_minifier,078361d626f0bfa064a6695ea334e6174fabc1dbf2f20dd5de3890ba53096d99,63,16,17,17,True
MBPP+,Mbpp/607,python,020140ca4e1f1f20eb33b7058642dfdbc4dc358b4484e51533724bc60cb3a54a,188,53,53,53,True
MBPP+,Mbpp/607,kern,811b0ece7acd2c1c39257e347dca1effe28fb9f42d6e27d6b8ec8b8207d04141,132,36,36,36,True
MBPP+,Mbpp/607,kern_compact,21c46306b87924611a1182bbf95753923f4809907c8bfff8c29a99a5a55db3f5,108,35,35,35,True
MBPP+,Mbpp/607,python_minifier,0142088917062f2ae0f70f47136298bd95b086feb35a93bf7c7865427be7f690,137,36,36,36,True
MBPP+,Mbpp/608,python,26056144584a4bed8996178644940c17c7bc10d3a51fc665b837da1401608bd6,275,114,114,114,True
MBPP+,Mbpp/608,kern,e973c7fccdecf89e3b0095fbe9b7a9b0aad3b8f11c7db06f617c6fb31cc9b254,199,92,93,93,True
MBPP+,Mbpp/608,kern_compact,c761b72b009dc9cfd0f9ced5c2bb970093545e4d50bae3faed22e2d67a9b8095,175,91,92,92,True
MBPP+,Mbpp/608,python_minifier,3e137dfa1c3017c67883e73e56d552c3c9ca842ac716e7a1fe7d7ec16f56b62d,193,95,96,96,True
MBPP+,Mbpp/610,python,6e27995d30d3355b93bbc62f149e397162856678f1798cf6e892844eefe9b287,70,25,25,25,True
MBPP+,Mbpp/610,kern,391322f5b6e5fb3859e490d15ef7449fbd3824fd47840aff0e2523289796bbc4,49,19,19,19,True
MBPP+,Mbpp/610,kern_compact,391322f5b6e5fb3859e490d15ef7449fbd3824fd47840aff0e2523289796bbc4,49,19,19,19,True
MBPP+,Mbpp/610,python_minifier,e6bd8f36843cd151cb9537d01d4a3c08f49ba0f3f491c3abda4e6dfd7fd8c54a,60,23,23,23,True
MBPP+,Mbpp/611,python,fb351b552443f6d4392ca28fee85265ffbd2b22f2a5c08a2fd6e2f07294616b6,75,23,24,24,True
MBPP+,Mbpp/611,kern,96e97c0e5a79fb1439547d35e63c663f752da53a8a3b4a288e43a838280f09d9,58,18,19,19,True
MBPP+,Mbpp/611,kern_compact,240f294f3b80cff06b4a074903314241a35f6729a63afa1889e5dd7978de3671,54,18,19,19,True
MBPP+,Mbpp/611,python_minifier,add5997e5d8ef42f4af523e70023ac51e0ad42a43f725d1f85f9f1cfd47b59e5,64,20,21,21,True
MBPP+,Mbpp/612,python,f50dc202aec012545cb41aaf045da8e8610c35fbd770be66fed81c4fc093b5f2,70,21,22,22,True
MBPP+,Mbpp/612,kern,9b2c142018565a7cafeb54e5a5229b9219fb3d3c8304fa126efa16925e75a4f5,49,15,16,16,True
MBPP+,Mbpp/612,kern_compact,82bf18db84beab4975587a8c3ee7cfe6e225767eac7bfafbe417fe83e7e1f55c,45,14,15,15,True
MBPP+,Mbpp/612,python_minifier,7f0debbf437986bfe656eb29c2cfbb33a9082b62f00a987966e8f24a1d55aaf1,54,16,17,17,True
MBPP+,Mbpp/614,python,3f40beda764c3bbbf48e4d21d53dedeb4e1203959e50114638debd23a3973a92,67,18,18,18,True
MBPP+,Mbpp/614,kern,06aaa72180c0456764925055b998a1c570e8017fc3d23e68ef07ac0b7ddf0623,50,13,13,13,True
MBPP+,Mbpp/614,kern_compact,06aaa72180c0456764925055b998a1c570e8017fc3d23e68ef07ac0b7ddf0623,50,13,13,13,True
MBPP+,Mbpp/614,python_minifier,76324888dd3e3ce671505dc691d2da08945f98e454c6e5c63fe376c877d537a4,61,15,15,15,True
MBPP+,Mbpp/615,python,51490212cfacdce3dcbccf7620b5c3102180d563040001069588a4870356d40d,95,28,28,28,True
MBPP+,Mbpp/615,kern,2a8da4af0d0cce583fe5175b6d0b7617957ef81266a629989bfa337fc58b2825,63,20,20,20,True
MBPP+,Mbpp/615,kern_compact,f260884492f15c56139dd0e08ee9d1ab9d7f45370117761f05f6e82d520aac61,52,18,18,18,True
MBPP+,Mbpp/615,python_minifier,ef49169bb3de3255821b81d6228c363a8e512fe00e3cf5d310541c7d269cb32e,69,22,23,23,True
MBPP+,Mbpp/616,python,dbf97a5cdd194f5235ea92630a2094d3f7d3da645bbe4addee2a1bc0d7593b05,129,49,49,49,True
MBPP+,Mbpp/616,kern,e84cc7498abbc36989d8fcb5c9b424c3c3c51a8c46919d59c9953601ffe9d8cb,97,38,38,38,True
MBPP+,Mbpp/616,kern_compact,a7defbddf9bd68189090fbd0450f4f2b1050af1b324945540318921b3c0e7c11,80,30,30,30,True
MBPP+,Mbpp/616,python_minifier,683484942b7029ac0f443f9d6ee23c205a8ce85289135fed344c3ef0c26dce94,95,35,35,35,True
MBPP+,Mbpp/618,python,0a3d1aa248ab66d9949d0f7d53bbc2a98f6c1ee2759c3fedfc862a83d7a09d71,99,34,34,34,True
MBPP+,Mbpp/618,kern,2560197a9be148f7ab490392943a75bb729185355a1789f9b2f0814eaf2b76e2,70,28,28,28,True
MBPP+,Mbpp/618,kern_compact,4cf3ae920f153153e45ad9ae30c58171f1e93dabe2ece040586a1e9b46f8654d,60,26,26,26,True
MBPP+,Mbpp/618,python_minifier,150f35e6493a4e4f535ff5cfd0c5354b0223892da722d99c83c7d9a7ce4c0fec,74,28,28,28,True
MBPP+,Mbpp/619,python,979455823b12b2d2e7273fdfe0d123016e40ff061af3f5cfd4b745af0c4f6bfe,170,48,50,50,True
MBPP+,Mbpp/619,kern,7be737b38328e39646464f50222bb732b4ca6d313e01083203b52da8bd3fc922,145,42,44,44,True
MBPP+,Mbpp/619,kern_compact,f8f293ca8635fcb581c37e8d60535fdd9cb31a4bcfd8f2b6351066ac20321c0a,119,36,40,40,True
MBPP+,Mbpp/619,python_minifier,5eb401e5d9709e9ad955aaa38c16bf35dfa444bc6d8ababbfdb93bff79622a93,126,40,42,42,True
MBPP+,Mbpp/620,python,b87d2ec92bd14a7eca8434a7631148fd83fd8408c20affa26fbfbe442c3923e0,255,116,116,116,True
MBPP+,Mbpp/620,kern,4a4916672a64e8c3da025b4cd9bf0783856ade6bd65eee846c89bffde426adb4,185,89,89,89,True
MBPP+,Mbpp/620,kern_compact,2b565485b4bab0cffc797d501060e91fe03680496dd6b8fbdd3ca712d69f3b4f,166,82,82,82,True
MBPP+,Mbpp/620,python_minifier,a1ce0c5abb02e10785c5fdcdd05269bba14284cb30dd98406483bd7c836995f3,199,87,87,87,True
MBPP+,Mbpp/622,python,8cd85e63e4dc63c3d561660456a1c61b598c538b4380b1594480700212700e49,390,176,177,177,True
MBPP+,Mbpp/622,kern,795a4d8242dfb756c407279ad8865479ccf70e86d1d9b064d8a11ba2a2e4ba15,221,121,123,123,True
MBPP+,Mbpp/622,kern_compact,62939b536d711aab8dc9b80f5dd348527cc3702d2ef0f1db595a06f024fde15f,193,101,104,104,True
MBPP+,Mbpp/622,python_minifier,ca274845daca0913712c30a6d39df9452c1cabb1d7ea51e010e9ec69d6992ae5,212,117,123,123,True
MBPP+,Mbpp/623,python,c74ccdf73645d984e22cc60707533ce56e2672c6fd7ae1ed6e045594b293db77,87,26,26,26,True
MBPP+,Mbpp/623,kern,a4b8a1579b2c2b67b8259a47d5af7a514c9d12c1426dba2f743ececd3071418f,52,19,19,19,True
MBPP+,Mbpp/623,kern_compact,7ed1b6bdbb98203f94d33ff44f926828929c4e65e2c6313d5f1b418f4dc16878,42,16,16,16,True
MBPP+,Mbpp/623,python_minifier,facd207ee3c30574635c14f90df4eeffcf2493d025191cec7905d0a882ca8b54,61,19,19,19,True
MBPP+,Mbpp/624,python,eed7db9e8daf7525b90d19d3485011f969171bd94108f84dfa67d7494c8be5d2,47,11,11,11,True
MBPP+,Mbpp/624,kern,8dae49475990cf11c8fc8ce08fc31db4b3c7f3de18f87ff4dbfa39cbe956d618,31,7,7,7,True
MBPP+,Mbpp/624,kern_compact,8dae49475990cf11c8fc8ce08fc31db4b3c7f3de18f87ff4dbfa39cbe956d618,31,7,7,7,True
MBPP+,Mbpp/624,python_minifier,0fd871d070b58299b8ff20fc3749f3fbea09cb44c652c183fa811aefaa0d9bb7,42,9,9,9,True
MBPP+,Mbpp/626,python,bf5bd7e9791fc7b1605bdd2b47da0a09ebe64e2c377a9e279808f3669cf1c6b1,80,26,26,26,True
MBPP+,Mbpp/626,kern,95a1af8d316ae9802fb6a3a227c3a4de5b765333c11b455f1e12b8eba5cb3a57,34,14,15,15,True
MBPP+,Mbpp/626,kern_compact,29c1b99e301d3c8c30843eafeaa7435743e77000e5d2157022d3d2c0d32fd6a7,30,13,13,13,True
MBPP+,Mbpp/626,python_minifier,40d5842b9d37daf535c19ecbd1835640e84d9c94259d4d93b0c6234389c7ad9f,48,14,14,14,True
MBPP+,Mbpp/628,python,6ed1c90a4bbbf0e75896ea60f54da73c819650d0a3fe9157c54d13a63849479f,65,15,15,15,True
MBPP+,Mbpp/628,kern,07437194cc4ad350cdff5f065ec8f1c929e70713a23964b6e7f9d398e9e4d3aa,48,11,11,11,True
MBPP+,Mbpp/628,kern_compact,07437194cc4ad350cdff5f065ec8f1c929e70713a23964b6e7f9d398e9e4d3aa,48,11,11,11,True
MBPP+,Mbpp/628,python_minifier,c79a6bb4a3691c6e797e8fd13f120726c46528f5061f16dec11f58a0bf60cf1f,59,13,13,13,True
MBPP+,Mbpp/629,python,439f2c4cca3e320101664e32251e1dce02430163ae253858b0c09ff2b0899e32,62,23,23,23,True
MBPP+,Mbpp/629,kern,619a9c54b9e7db14e04ea6cb011c4f2a6e00f3a810ab113d8f71ffa43639508f,39,16,16,16,True
MBPP+,Mbpp/629,kern_compact,066cbe84d26f9752f82925de531940ff860e221e0f9e7bcf2c941609fb6c3291,33,16,16,16,True
MBPP+,Mbpp/629,python_minifier,fa46d08e7a6e6fb9ef4d5705c2c620ee3c5c1dafe2885d9edad310bcc58aaf94,43,17,17,17,True
MBPP+,Mbpp/630,python,ef3244aebb0e1e30b5423e65d6402d97559deda47df40dd493bbb5082829234e,246,83,83,83,True
MBPP+,Mbpp/630,kern,4ac6166b798b45403d0c075d1ea96e87735799682b7d8ccd453524da64b15c3b,177,63,63,63,True
MBPP+,Mbpp/630,kern_compact,fc005d2752db6f2938bd72db73bd02ce1fda57a987963081afb55eb0795177ae,173,62,62,62,True
MBPP+,Mbpp/630,python_minifier,f3c095be54078e4fdd7117b8fad8039998805551e5f83f5428ccf0f5a2261705,187,67,67,67,True
MBPP+,Mbpp/631,python,39a6d0f9183e97766161ed60782c36ec21f5b940accc90b88141dc02ab08e433,105,32,32,32,True
MBPP+,Mbpp/631,kern,83fd9b537f3d66fac7913a29ece6ed31981a657ab4b744f2e8b936f15de6009f,83,26,26,26,True
MBPP+,Mbpp/631,kern_compact,83fd9b537f3d66fac7913a29ece6ed31981a657ab4b744f2e8b936f15de6009f,83,26,26,26,True
MBPP+,Mbpp/631,python_minifier,b0d6894cb664382d308fbd8e620e814dfbc883e4e8932df74fa64f2368f8458e,88,28,28,28,True
MBPP+,Mbpp/632,python,fa52028df81e81e400d09eecdae6ae08acc9d7cbf250c1b5f3da9caab4218257,131,42,42,42,True
MBPP+,Mbpp/632,kern,d3392393b4e24f649e3db4bca2bcd060e036b02db0c3da797c88187f25fe5207,96,32,32,32,True
MBPP+,Mbpp/632,kern_compact,ba5d21e4aa4d2e5dffbd747c341be01953fc545e0816bc7db8fd83a91dcb9b86,73,29,30,30,True
MBPP+,Mbpp/632,python_minifier,ca41c796f0fd32c4f9ef8fc8be6715a5993820cebe90b1bcbd0abb51a63c41c2,87,34,34,34,True
MBPP+,Mbpp/633,python,c4a000d3bcc48b85cd041cc8f2b7559956acc213c44ff17437876cb27003f518,176,59,60,60,True
MBPP+,Mbpp/633,kern,d654d23961403d8c10196c05f6b9de61f7f45af32d3e1056a2400e67223090bb,96,40,41,41,True
MBPP+,Mbpp/633,kern_compact,586c078b14fc64e4e3930176a39a9e2285a4949c7250f15accf1360782327bf5,84,37,38,38,True
MBPP+,Mbpp/633,python_minifier,a7f7f3fbbf700761a1d664cdbd7e3271fc670f53447b930ca3ce4f94492df834,105,41,42,42,True
MBPP+,Mbpp/635,python,2f2e0e376db9a0f437580b3b84931fc718454c030eb942ea093119691a7fbd7f,134,39,40,40,True
MBPP+,Mbpp/635,kern,8eb6e8e9f61370c1fc3325d02bc6706864defb4514229307e08f082c67678e8a,110,33,35,35,True
MBPP+,Mbpp/635,kern_compact,8eb6e8e9f61370c1fc3325d02bc6706864defb4514229307e08f082c67678e8a,110,33,35,35,True
MBPP+,Mbpp/635,python_minifier,a128ac156390863838b40f192f1d27b6f89d40705898faea452d3b066a709d8c,111,37,39,39,True
MBPP+,Mbpp/637,python,7e53dbb57e0c0a88e271a98542bd3ec98d09e1b74afe57ee8f908955df705a16,85,23,23,23,True
MBPP+,Mbpp/637,kern,8a547918630aef5839c8418ab314722400813ae1c9f49ea75e5079a9008cc2de,65,17,17,17,True
MBPP+,Mbpp/637,kern_compact,8a547918630aef5839c8418ab314722400813ae1c9f49ea75e5079a9008cc2de,65,17,17,17,True
MBPP+,Mbpp/637,python_minifier,38a570f008d02adceb44b94edd02b102e73318b2b85c8e1cc9491daa0ad58193,76,19,19,19,True
MBPP+,Mbpp/638,python,a08bcbc1cca8835b3b10b53491c7c66b066fe6e542d2f1544278afccd2cecdca,153,68,70,70,True
MBPP+,Mbpp/638,kern,47d25c94236f26354753d3a02b40071a3352ab5c491b68fe45f20939fc9bcaf3,119,50,52,52,True
MBPP+,Mbpp/638,kern_compact,7d61a04569c4224650de2dd3d1ca0a007409548a25c5423a1aa88efdc15ecdf3,103,43,45,45,True
MBPP+,Mbpp/638,python_minifier,a6dcf6f0cd985fc2e26517794c5a48328cfe0603dedab97f2d139488a35e3875,116,46,48,48,True
MBPP+,Mbpp/639,python,43f55c07f753ffcaa25386dc2ce07b620c5f0f0f6323894c58e4b00e583eaec7,156,43,43,43,True
MBPP+,Mbpp/639,kern,dd2edef420c9147b3bda26b133edc531a094f9c96e7394bc7f86902db85ef24d,132,40,40,40,True
MBPP+,Mbpp/639,kern_compact,dd2edef420c9147b3bda26b133edc531a094f9c96e7394bc7f86902db85ef24d,132,40,40,40,True
MBPP+,Mbpp/639,python_minifier,cd889545b99ede8a08a264aa2a98231a49b4882c83f58049800fd4b3b13f8685,130,42,42,42,True
MBPP+,Mbpp/641,python,927cc85bac63090e64ba61655dbc3925fc7cce20bd8b3341c0154e0ed03adca1,57,25,25,25,True
MBPP+,Mbpp/641,kern,7f0ea09362ab15b1240ed6287f13c083b5238288fb4721421baedaa6d690023b,32,15,15,15,True
MBPP+,Mbpp/641,kern_compact,7f0ea09362ab15b1240ed6287f13c083b5238288fb4721421baedaa6d690023b,32,15,15,15,True
MBPP+,Mbpp/641,python_minifier,cec602440da080648c6dfb04103e8ae4eeb87f7618b38638c56f58de73182f1c,43,17,17,17,True
MBPP+,Mbpp/643,python,6d227db1351f1aa5a35676e6f54b660a30c9752927264e6d2f8b619946832eb4,93,29,29,29,True
MBPP+,Mbpp/643,kern,2b2a21e1bf0e80295dbb40ff8ca85566f513f85157c7bd56e1f7c70190d5e2bb,63,20,20,20,True
MBPP+,Mbpp/643,kern_compact,2b2a21e1bf0e80295dbb40ff8ca85566f513f85157c7bd56e1f7c70190d5e2bb,63,20,20,20,True
MBPP+,Mbpp/643,python_minifier,dad4858691be6204195451195d5991473b7fd5b48c3db148c12653e789adcdb0,87,25,24,24,True
MBPP+,Mbpp/644,python,7b5d49d5314d32ed9580d55545cd8cade42e7cced8084d5136a11efea5c0ac58,74,25,25,25,True
MBPP+,Mbpp/644,kern,35fd828721cd763243f3567fc906dc751ca5dc1a2d999f098c68e50120fa5e0d,54,18,18,18,True
MBPP+,Mbpp/644,kern_compact,35fd828721cd763243f3567fc906dc751ca5dc1a2d999f098c68e50120fa5e0d,54,18,18,18,True
MBPP+,Mbpp/644,python_minifier,25eb35f3a1f6d7ec3b55bfef2030400ef791c25496baae8bdb803a0329025f12,65,20,20,20,True
MBPP+,Mbpp/720,python,567b1cf4eebe7d3cf169e6e23653235bcf13edca080393c7640fadefa17f023b,79,24,24,24,True
MBPP+,Mbpp/720,kern,6945859a8abe88c4bf61bce40392aebf6a9bb9fd6161cbad8013617467b16ea9,59,17,17,17,True
MBPP+,Mbpp/720,kern_compact,6945859a8abe88c4bf61bce40392aebf6a9bb9fd6161cbad8013617467b16ea9,59,17,17,17,True
MBPP+,Mbpp/720,python_minifier,a5d8a299d51dcad223aa5c5cb93bbeb6c1ca5d9284b64ff50af836e09be5e2df,70,19,19,19,True
MBPP+,Mbpp/721,python,e5e08a73de10a4df7fd01cf26b2fa6a2ca1a6fe29e392dad0972cf6d4f322179,470,209,209,209,True
MBPP+,Mbpp/721,kern,5aba545869b5167c48d0a7999eca729691f56e81c88d978158696f0165132db3,314,151,152,152,True
MBPP+,Mbpp/721,kern_compact,e5113ac17936dda75e9a18934e6d7940c90f13d4ea5af4469c73bdeb058fe9e7,288,145,146,146,True
MBPP+,Mbpp/721,python_minifier,633ddc85aee7e9db71854882812bf59304983555b0c77e0f59aa93eef1d62989,314,157,158,158,True
MBPP+,Mbpp/722,python,abe6c61b32028414e0566a33b21874b179ac402d41ecb6a5c95468823cd4d938,106,38,38,38,True
MBPP+,Mbpp/722,kern,5a29da73c13f757057ea00b25e889e1258c5fc820c3d89b39c12b7bf900c8150,79,30,30,30,True
MBPP+,Mbpp/722,kern_compact,5a29da73c13f757057ea00b25e889e1258c5fc820c3d89b39c12b7bf900c8150,79,30,30,30,True
MBPP+,Mbpp/722,python_minifier,9595833a376e229612cefde863d74f3afb203a9d02f3a42e0ec2b77440ce52b8,91,33,33,33,True
MBPP+,Mbpp/723,python,655e3be3c94787d5e9a7b1c804a5bc52d753964c9ff79351ffe7964f78ff20a4,118,33,33,33,True
MBPP+,Mbpp/723,kern,bc5e8827f3f10f5a3f74c50c747d3ef39292fd8e826cebd31a82ec8d63c4ce2a,82,26,26,26,True
MBPP+,Mbpp/723,kern_compact,52027b855547f6368d3198078e66c4d1b852ca6cd57f825f470154ceb3f69103,74,24,24,24,True
MBPP+,Mbpp/723,python_minifier,fa4a3b403a0dce49f148ef23504786a11211f02bd7258c30f350dbe1d550c11c,92,28,28,28,True
MBPP+,Mbpp/724,python,df7da3fb504bd203819aa727c000c1b0c385249c9c24426b0c531553fcba0f39,90,26,26,26,True
MBPP+,Mbpp/724,kern,00432fffed53fb0839c83c0119c1bb2eac04d9fb0f0395d899f5b05d31c90c6b,70,22,22,22,True
MBPP+,Mbpp/724,kern_compact,00432fffed53fb0839c83c0119c1bb2eac04d9fb0f0395d899f5b05d31c90c6b,70,22,22,22,True
MBPP+,Mbpp/724,python_minifier,1e390923b5ba5c8a47b80f951d7bc2043821faf0f372b5ab9d6bb757f76af2de,80,24,24,24,True
MBPP+,Mbpp/725,python,dd70345c3640f796a2043bb883e3ddf60ebf1989bcb8b092015d8ac0ace912da,80,25,23,23,True
MBPP+,Mbpp/725,kern,38385fc98ffd2a6e87bab4f13705e0de98886ca10f3a2cddb6acd9b08d4d4673,59,20,18,18,True
MBPP+,Mbpp/725,kern_compact,38385fc98ffd2a6e87bab4f13705e0de98886ca10f3a2cddb6acd9b08d4d4673,59,20,18,18,True
MBPP+,Mbpp/725,python_minifier,0617d07ddf3ee71330458b42bb79f238a163e04c282dce82c8bce39a29b8354c,73,22,20,20,True
MBPP+,Mbpp/726,python,b9e25f90756cc873390144374b9977087e28c51445251e5c28a06ee93a78d5aa,96,31,31,31,True
MBPP+,Mbpp/726,kern,ff0868a70a7f3eaf45d3961240ac31438624a2d86051324d5426380fe578de23,76,24,24,24,True
MBPP+,Mbpp/726,kern_compact,ff0868a70a7f3eaf45d3961240ac31438624a2d86051324d5426380fe578de23,76,24,24,24,True
MBPP+,Mbpp/726,python_minifier,182a3c87fd960573cc2488a6e1491383b5ba04df91b2cd5e993cfde68d60c7ad,84,28,29,29,True
MBPP+,Mbpp/728,python,69805e815ba9486086e0a79cff3e940d7a6318286bd670c1ba0bc11f7b0e795c,72,29,29,29,True
MBPP+,Mbpp/728,kern,d141ad0e2a10c9c9f24f88acee0215a4efc6368b2ba3db907ffa8d9c343833db,51,22,22,22,True
MBPP+,Mbpp/728,kern_compact,d141ad0e2a10c9c9f24f88acee0215a4efc6368b2ba3db907ffa8d9c343833db,51,22,22,22,True
MBPP+,Mbpp/728,python_minifier,8145e520477efa17120c2ef4a276d08de5f628d886c7a6c5396149f73c0a12eb,61,24,24,24,True
MBPP+,Mbpp/730,python,2d4a79b5f4fe4c3d94ce3b8bde0296eb3722de80695c3267770f6e0688a999a7,111,26,26,26,True
MBPP+,Mbpp/730,kern,01cb7ffccab989c36a45cf4081fe4c5ccd9c09221cf3bf7f194d47653444ab38,88,21,21,21,True
MBPP+,Mbpp/730,kern_compact,a17f6cb8f55f9b62e1d1200967826d37d7d6f5ab918e8096566ee9cd4780e946,84,21,21,21,True
MBPP+,Mbpp/730,python_minifier,cc584002f5ceb88b0fca1c1ea9c87a1d41c0402e23848894a42384290137f0de,97,22,22,22,True
MBPP+,Mbpp/731,python,45e05ec626f11b9794b5f187a0b45bb6b9c7e1be63ef3b0fc17614a0c1523632,100,36,36,36,True
MBPP+,Mbpp/731,kern,80fc457b90a7d3dae18e55d0bfdc5e9e47cb5be84cbb9140e80eeeae4e91b362,67,25,25,25,True
MBPP+,Mbpp/731,kern_compact,80fc457b90a7d3dae18e55d0bfdc5e9e47cb5be84cbb9140e80eeeae4e91b362,67,25,25,25,True
MBPP+,Mbpp/731,python_minifier,da4a945a220a95c4bc8d92dbaaa4bb9c5a58b13909a20816754d179fa8cd9630,80,26,26,26,True
MBPP+,Mbpp/732,python,b5e612272fb3b46e504a18534fa061621c1531da0ad508166770a3ee4640234e,77,21,20,20,True
MBPP+,Mbpp/732,kern,b6f58bb251121cff46d49d0dee4764bf08e40ad1a9031861a97f39b8a4f4b7ea,57,18,18,18,True
MBPP+,Mbpp/732,kern_compact,b6f58bb251121cff46d49d0dee4764bf08e40ad1a9031861a97f39b8a4f4b7ea,57,18,18,18,True
MBPP+,Mbpp/732,python_minifier,857b71167efa527dd49e80930c9b9c1e50a55e791b90aa59c580a03a797fc3fe,71,20,20,20,True
MBPP+,Mbpp/733,python,5820ac528c8032381e9f403240f92fc01cbe558ed8d3cd0dc4b4b33e495ae7f0,334,101,101,101,True
MBPP+,Mbpp/733,kern,a8f8e27e7fdb007eb8254b25d9bd0906cb8af8dbf8f075708555affcf46931d8,182,67,67,67,True
MBPP+,Mbpp/733,kern_compact,dcfe2316a43b4d35f920292c6c73d1454b05b1c0d6995cecf60725d39965c672,121,62,61,61,True
MBPP+,Mbpp/733,python_minifier,16e2c6c08e65729612dadaf1d12728eaab163067b90d264e4eefa205cd0fc960,144,69,69,69,True
MBPP+,Mbpp/734,python,b9b0a0c5bd924c19d459b8d707854ad14d56f118c4cb6e80d408f6008c5caf99,248,66,68,68,True
MBPP+,Mbpp/734,kern,c8ea959d9a0ac1b32cda2b5a423d0fe4ad5ecc3a4d16eec1c53cb84c2c4fcc96,120,39,40,40,True
MBPP+,Mbpp/734,kern_compact,d5a8406076781123e333ff926b9d75f9dc1f8e10b8b23fea036d35c44ab3e9c0,81,35,37,37,True
MBPP+,Mbpp/734,python_minifier,8939670a810e75b13798d0264216da5e3d5d0da629a4aa2af7b6e8332dea3e81,95,43,44,44,True
MBPP+,Mbpp/735,python,722e1a163d43eebdd2c9c5f9eaf2defb2bdd93b24c2ff4b405f93c74831ca89f,177,62,62,62,True
MBPP+,Mbpp/735,kern,6b0c52b928e0138bce80aad045e4686c0f51a70ed7bc6c50a3e5f83c36374e20,140,55,55,55,True
MBPP+,Mbpp/735,kern_compact,bf7041eb193aa48ec9a051f7bd8a8b461931e93bf780d09715f7a0aa14483404,108,51,52,52,True
MBPP+,Mbpp/735,python_minifier,e26b2bca2b90b5107d72070d515484d8018700c8b944fdf4096346728c0f6c99,114,53,53,53,True
MBPP+,Mbpp/736,python,258a8213844635137809eb7255a684f81716134dbd86ee68dc123c78b76e537d,77,25,25,25,True
MBPP+,Mbpp/736,kern,baebb1d3785709a5a9eccbe423f0d3d44d8987f5e7a03441c1b1569570f0d742,54,19,19,19,True
MBPP+,Mbpp/736,kern_compact,baebb1d3785709a5a9eccbe423f0d3d44d8987f5e7a03441c1b1569570f0d742,54,19,19,19,True
MBPP+,Mbpp/736,python_minifier,340a58bc67684a1b796a28d9c57940aef77e997795398cfbab351cd7ed8f8470,68,21,21,21,True
MBPP+,Mbpp/737,python,9bbe49b5a4f439142f9bf44193cdc547eb6ae6b6c1c461bd8564e501856c2a22,107,37,37,37,True
MBPP+,Mbpp/737,kern,3cdd1ad53001acfff93ebcb8cab74dc2755d6cabc1c968df56559678aa6184dc,84,31,31,31,True
MBPP+,Mbpp/737,kern_compact,a0906b56e75d060dc0d298fb950cfb8b6b91ac84f6870a0f21604530c21b0171,76,30,31,31,True
MBPP+,Mbpp/737,python_minifier,0b53489ddb097cc08afcc0e940f8c8a269e640e9f7d7f08d3405be44ddec662d,89,32,32,32,True
MBPP+,Mbpp/739,python,1b3eed04763002fdb7d866f5456430bf4c28dfc8a2a3734d295edef36dec07a8,98,33,33,33,True
MBPP+,Mbpp/739,kern,b99514105a3d0f618875925edeb2666c73ccf54d89d27bea1ae227b3fae8ed07,64,25,26,26,True
MBPP+,Mbpp/739,kern_compact,b99514105a3d0f618875925edeb2666c73ccf54d89d27bea1ae227b3fae8ed07,64,25,26,26,True
MBPP+,Mbpp/739,python_minifier,edfd1909bdf80d2918201d3528992c1e8a8f7717408be5d564b21c92c2a88d9e,77,26,27,27,True
MBPP+,Mbpp/740,python,6802c27be33acdd6fb42fd43a8b2e157b4a113efdc7d4dff8a1632858f18cce7,107,37,37,37,True
MBPP+,Mbpp/740,kern,38b73ab2cafebe8f44f02c1e6cf58275ed264cc6d0f51de4b95f2d1602e5692f,85,30,30,30,True
MBPP+,Mbpp/740,kern_compact,b4da62d4a87b808ef7382ea1dffa2428aac5be0ab81e13a5567513ffd0847a16,79,29,29,29,True
MBPP+,Mbpp/740,python_minifier,b17d64ffa587c90de6532e339621ec70622ed7de9374eea19d146a9d7e53d3b5,86,32,32,32,True
MBPP+,Mbpp/741,python,fde747d1b9fd1f933d40529a4a10e4156ee91eaea420a00c3c3bdeae913c2a91,73,26,26,26,True
MBPP+,Mbpp/741,kern,6815fa30af4965ea0ee7d818359c6003a668a99f4428c04eb0ab70ba02a35446,52,21,22,22,True
MBPP+,Mbpp/741,kern_compact,b8e1f49cb79f9fa1d2b06a952f55534807be7accfe4e8e7e75ed9f7d13c68fbb,50,21,22,22,True
MBPP+,Mbpp/741,python_minifier,85d792d077325381ea643f40d3ca01016b0228e7c2e956fa4758dfdcf921b0a6,60,23,24,24,True
MBPP+,Mbpp/742,python,f2f7d2be1b9a4145fca68d8fae68908a58bcf74cdb1e9233cabb2b4b7c032c70,75,24,22,22,True
MBPP+,Mbpp/742,kern,2019e7d484ff27ae021f108716ab8066865be0f6b6938f5a04882e74716f563e,56,20,18,18,True
MBPP+,Mbpp/742,kern_compact,2019e7d484ff27ae021f108716ab8066865be0f6b6938f5a04882e74716f563e,56,20,18,18,True
MBPP+,Mbpp/742,python_minifier,867dab22e93942bc13d9cdede6a8ceb96e6812c0533891ac6e973f8b0bde8748,70,22,20,20,True
MBPP+,Mbpp/743,python,d0c87aedfcd8d8de1fbed1896616194cfcd6368f28626cc2dbf214dcaecccb71,50,19,19,19,True
MBPP+,Mbpp/743,kern,478eb151bb911be240f68db0431fc67a5dd90b37ecd142416fc244a8a4758232,31,14,14,14,True
MBPP+,Mbpp/743,kern_compact,478eb151bb911be240f68db0431fc67a5dd90b37ecd142416fc244a8a4758232,31,14,14,14,True
MBPP+,Mbpp/743,python_minifier,8f76030e80f6fdd368eeb6bf419c04829186c861a3d92c5cad629c40319f89fa,42,16,16,16,True
MBPP+,Mbpp/744,python,eeb5c7bf32098e01cfb70d6d3b490fc846a6f28b97f0e1f08c7830e59c647ae4,73,21,21,21,True
MBPP+,Mbpp/744,kern,40c275545bb135e50c528021b5ddac17ca2025619212c98aa0811abebee34fff,50,16,16,16,True
MBPP+,Mbpp/744,kern_compact,b168a51511370edf10b3314c3c44871bc4cdad15ae60803e630fe58723a99764,46,16,16,16,True
MBPP+,Mbpp/744,python_minifier,3ff9c374cb2b94b1e2269de568bc592b729cfc5c361b5f83d0b461b2c70b96cf,64,19,19,19,True
MBPP+,Mbpp/745,python,86b2699cb41faff576a03477577b637cd9fd1234c08e10648abf5e66e82e9517,176,56,56,56,True
MBPP+,Mbpp/745,kern,768a384b945f2498b7c2c3936c558139449cc085cd6fed0aedb59b9254686851,126,45,45,45,True
MBPP+,Mbpp/745,kern_compact,768a384b945f2498b7c2c3936c558139449cc085cd6fed0aedb59b9254686851,126,45,45,45,True
MBPP+,Mbpp/745,python_minifier,a261936c258a8e00b30d0ddbc32c702032c68233942dd09fdb5d024b6dbca1a4,141,43,43,43,True
MBPP+,Mbpp/748,python,8ec67e25318a4c603c833b759e627ad49c85a1844d5d76bb562e9ee56c258196,91,34,34,34,True
MBPP+,Mbpp/748,kern,6a15b37644ded08d57fa507434b7cadfe9226e4635c45565e1805221186ec5f3,71,28,28,28,True
MBPP+,Mbpp/748,kern_compact,6a15b37644ded08d57fa507434b7cadfe9226e4635c45565e1805221186ec5f3,71,28,28,28,True
MBPP+,Mbpp/748,python_minifier,7f0ce0639169c1cec6858a0f7b330d4857d0b5b0737424f6119c069aed0b9ac3,85,30,30,30,True
MBPP+,Mbpp/749,python,6cbd0c1ef9d8779fb87149ffb0705edd207a418d71f1aec21370a4daee5a4605,83,21,21,21,True
MBPP+,Mbpp/749,kern,9c2145b7e130a77021f61777ad2e810a0ebe1f368530b44d2c645eff53172f02,65,17,17,17,True
MBPP+,Mbpp/749,kern_compact,9c2145b7e130a77021f61777ad2e810a0ebe1f368530b44d2c645eff53172f02,65,17,17,17,True
MBPP+,Mbpp/749,python_minifier,d8b3c4adf5bfed4f06e448d7f854ee480b2ce4fad8045568a79e2fa3e04d6914,75,19,19,19,True
MBPP+,Mbpp/750,python,67556a02163a0894600d8fef0cf99457831c44f4cdfc20087775f1772613fd67,73,21,21,21,True
MBPP+,Mbpp/750,kern,a85b10a5c967a582b27471995b48fb0fb662e8b1ba5d54442b3cff4debe5b560,54,16,16,16,True
MBPP+,Mbpp/750,kern_compact,a85b10a5c967a582b27471995b48fb0fb662e8b1ba5d54442b3cff4debe5b560,54,16,16,16,True
MBPP+,Mbpp/750,python_minifier,ab6994458d40982d4e1e48cf6fa03fd8e967c0451ebfcfc3506314ec4e6b2b9a,65,18,18,18,True
MBPP+,Mbpp/751,python,552d81d05fa2b738139d7184622bd04126d7d90ca3b714eb828e6ba70df25475,423,135,135,135,True
MBPP+,Mbpp/751,kern,b4a301122b62de2ba4e81c5c979ae15ee39c37931daf6943aa98c614b5e38b6e,275,97,98,98,True
MBPP+,Mbpp/751,kern_compact,c8c14c0c342aecb8b0871817c84b2f9522d615d9f557ef6283253279e3e7b804,237,92,92,92,True
MBPP+,Mbpp/751,python_minifier,63360f3942025b0f04a02402b8f5b99a0acdcd1f5f4e52b8f7a457dd2de318e8,263,101,101,101,True
MBPP+,Mbpp/752,python,9d65f27a37dcbf9de6fb9bc8eafdc7b3e0c1dfc8791adb510c2e487ab2744ceb,145,77,77,77,True
MBPP+,Mbpp/752,kern,840ce779d8cbae5a8c2e9eb8604d419b29baabe6868d309f8d7e4a1fdabeae9c,99,56,56,56,True
MBPP+,Mbpp/752,kern_compact,7af36fca491ba2e17162a7f0c6f38b4c1945f1ecbe2f886340b64c72d9bbb107,92,54,54,54,True
MBPP+,Mbpp/752,python_minifier,b08ac8371eba9b9e72d6c4650576cb1385d2b9360924afb175445a6500998658,106,56,56,56,True
MBPP+,Mbpp/753,python,0ede5e6792c5c283cf00f23bf7b67357733c90563d2978ce6ba3b4ff1e0de439,94,34,34,34,True
MBPP+,Mbpp/753,kern,a33fdeeaa2fb9ba7efb9331484bb80b28253e9dcd4f71ce09b05192cb942e72f,59,23,23,23,True
MBPP+,Mbpp/753,kern_compact,040bcdca1717ebd09ac210901968fd0f6889fee61814fd19587d85b36fb72887,54,20,20,20,True
MBPP+,Mbpp/753,python_minifier,678793bba8ad9c1f20318ea7a601aea736c1d6852c4f2104fe8324dfefca47f4,73,24,24,24,True
MBPP+,Mbpp/754,python,02674effdc4ded892193332e159ce7ea8b1a164f8025f003464be37996e5b72d,98,42,42,42,True
MBPP+,Mbpp/754,kern,de36323aedcb67536c637c55a366a231c2141a11b8b9af6cf055c09946f2649f,70,32,32,32,True
MBPP+,Mbpp/754,kern_compact,de36323aedcb67536c637c55a366a231c2141a11b8b9af6cf055c09946f2649f,70,32,32,32,True
MBPP+,Mbpp/754,python_minifier,860180c8fdbd42c5b713496e01730f1c27b6f1ce3301d2dee0bcc7856f0528dd,79,34,34,34,True
MBPP+,Mbpp/755,python,6f6c0a3c6edc991708efecd264ba0b6b32501868478e8cbaf7de6ecf3f637e3f,132,36,36,36,True
MBPP+,Mbpp/755,kern,1fe2c8ff284cc1db18fb9bc353eb434b35493355080c52a10abfaff0aa7ac497,98,27,28,28,True
MBPP+,Mbpp/755,kern_compact,4cb537e2a3246922a436761430d841a5a914fe247c16e554589ee3a550955e40,67,21,21,21,True
MBPP+,Mbpp/755,python_minifier,4c91174800df7d61eb6f0e6ef644bb1086aafb06ace5c9eabc52e24f8bf2157d,86,24,24,24,True
MBPP+,Mbpp/757,python,2b3c0f465d77bf1850f37666260a5b5edb353ffef833c0479ad4cf3a4cc30999,115,31,31,31,True
MBPP+,Mbpp/757,kern,3e29742d87177f4e6f3be2883a819688ca7b5d6c9121f3a1a7754795f8e1bcf1,98,26,26,26,True
MBPP+,Mbpp/757,kern_compact,61bf0343d2364324b34a9e5b5e5179578ec8ac810b8b04d377baf15c4d93e483,93,25,25,25,True
MBPP+,Mbpp/757,python_minifier,5bc9d880374c52fe7bbf8293cc72f9b1b6683dc9eefc778d035a24a252b66bd0,104,31,31,31,True
MBPP+,Mbpp/758,python,25a137c04fbcfca37ed421706cd41e65203bf0582503a75c1dc8287bca2b9a2e,82,25,26,26,True
MBPP+,Mbpp/758,kern,e6d1a7f4f967b6ae6c320d2f6adb5c206e4be23ef9a261924366e1910a1d0e27,63,21,22,22,True
MBPP+,Mbpp/758,kern_compact,44683d5de0e1a48b0bdce6531e77c840546a5a2c25f4e5b51e45c7da89f79b98,56,20,21,21,True
MBPP+,Mbpp/758,python_minifier,a51fd2f8623b93404d78a96e881abf5df5b67735c0dba03dd8b60cddd7cd9fca,72,25,26,26,True
MBPP+,Mbpp/759,python,dc357b508455350f985ce6cd6eddd99e48699876e4d8d35c2fe1b0681814f683,134,48,49,49,True
MBPP+,Mbpp/759,kern,72cf4d07dc6547665f9b0e5972d2952cc9205ee11d60714438fe51c20dff4267,89,37,38,38,True
MBPP+,Mbpp/759,kern_compact,4e7a5da95844203e91685250ea4856c323cb40fedcdd291c93ae05342e9487b9,83,36,36,36,True
MBPP+,Mbpp/759,python_minifier,6e610d6a34a36ba169bece6ea1ab7b7081fb36f1cc9b42519bbe944289da9898,102,38,37,37,True
MBPP+,Mbpp/760,python,d9d403a9103701fb4786a9966bb9d2a3e0c53e66dd5da91c6c6cc132d704e28c,67,18,18,18,True
MBPP+,Mbpp/760,kern,2fbe0757d8bfe64b07acbc2e0f2a34be6d6d52539f0068830ea4a24d1f6c5e95,47,13,14,14,True
MBPP+,Mbpp/760,kern_compact,2fbe0757d8bfe64b07acbc2e0f2a34be6d6d52539f0068830ea4a24d1f6c5e95,47,13,14,14,True
MBPP+,Mbpp/760,python_minifier,cf86d668a21d77c45f3a2bc8cdcab598dea8bd289bd495faa2dba9aa0053af8c,58,19,20,20,True
MBPP+,Mbpp/762,python,7a226c6859c63f6d96ed2a1f76b2789e56e633157e240f2fb0a91cb2e577f54e,113,36,36,36,True
MBPP+,Mbpp/762,kern,98b47f9059c4171795d1abefee8af98f649e2b3b28658ec595954efacee51c2d,91,31,31,31,True
MBPP+,Mbpp/762,kern_compact,98b47f9059c4171795d1abefee8af98f649e2b3b28658ec595954efacee51c2d,91,31,31,31,True
MBPP+,Mbpp/762,python_minifier,4db9ca529a5b55e8eaa1624086ab43d750873f85dc8155e37f34ff8bd0c1a332,88,31,31,31,True
MBPP+,Mbpp/763,python,23d35727f1978426510b7260d2a9d17eb1df05a6573c22e511d8f2125037006b,190,66,66,66,True
MBPP+,Mbpp/763,kern,cc058368e0777d66140378dcfeeb48913d955291e8b278ba6831cc6cab69d502,119,48,48,48,True
MBPP+,Mbpp/763,kern_compact,3572041ac8e5a08fedf5f98a142b4d6507b42dec9249e2dcbf46d6ecfe494392,100,46,45,45,True
MBPP+,Mbpp/763,python_minifier,159ed2ea7445394e71ab61950bf881bb245dbe073ed16a4e2dc6e2d146fbd955,118,52,52,52,True
MBPP+,Mbpp/764,python,32fb6e6cabd8c69156b1fea9f09a9ac74b3497746761d6b7098cd2cd32f096c0,59,17,18,18,True
MBPP+,Mbpp/764,kern,382e5c4f7ade14a58dd08c64383726aa3b3c290ee143d770b2476a49f7591afd,41,13,14,14,True
MBPP+,Mbpp/764,kern_compact,382e5c4f7ade14a58dd08c64383726aa3b3c290ee143d770b2476a49f7591afd,41,13,14,14,True
MBPP+,Mbpp/764,python_minifier,37bfb002010f8799c8186384cdc2e6ff5bc339a66b91a8ffcabd832dc3dc3062,51,15,16,16,True
MBPP+,Mbpp/765,python,e24459ce46fef147959c78b8d143cccc9a6612ede15c51d656c79b3d3f89d65e,98,40,40,40,True
MBPP+,Mbpp/765,kern,dd62112c8badf32dc4e5edc2ba34026b8c70d90b70b17dd1099344f0a4000f87,63,29,29,29,True
MBPP+,Mbpp/765,kern_compact,dd62112c8badf32dc4e5edc2ba34026b8c70d90b70b17dd1099344f0a4000f87,63,29,29,29,True
MBPP+,Mbpp/765,python_minifier,1eaedc3b88bc8bb2129393f5da0b92bc81ce792404448d9cac685c8e6e32b7ef,76,30,30,30,True
MBPP+,Mbpp/766,python,1d90450b6acd9376087a64b40c713e9b1ebf37a4c3242960a4e673f4af31c877,53,21,21,21,True
MBPP+,Mbpp/766,kern,b0572bef414ad9fde8933d1f205f520cf7ce55f317adf85cda60dd05c82b201e,34,16,16,16,True
MBPP+,Mbpp/766,kern_compact,b0572bef414ad9fde8933d1f205f520cf7ce55f317adf85cda60dd05c82b201e,34,16,16,16,True
MBPP+,Mbpp/766,python_minifier,9986d10bc8d22d318b709d65b6cb16e6dd1d97f1ab92b3027a5123e9a0b262a1,45,18,18,18,True
MBPP+,Mbpp/767,python,87e2a85bcd4085848a0b8baea2378e1119e21f4719ba5cc7ec8181b376fd2828,164,54,54,54,True
MBPP+,Mbpp/767,kern,68ca447efc1e845b0d5d3ef5255cc44875bc83810b75e21ebacc75b322fd3b4d,94,38,38,38,True
MBPP+,Mbpp/767,kern_compact,426b453ecff488de94396e4f697c5be9a9fcbe62ec0ae0c7411495b21dee8eb0,86,34,35,35,True
MBPP+,Mbpp/767,python_minifier,f6491813a5fc55105f3820c01488fed33a83abad09cf391b29992cb143296e3c,105,41,41,41,True
MBPP+,Mbpp/769,python,a24387dae2a0b23f896a0580db823bbf1aff83a101f2c9d8257914b7b23eb45d,83,31,31,31,True
MBPP+,Mbpp/769,kern,5aa4c792f68fa9cfa2a6e0cad8691e74e5ef0fc0d998bab88e16ebcdadcfd471,61,25,25,25,True
MBPP+,Mbpp/769,kern_compact,5aa4c792f68fa9cfa2a6e0cad8691e74e5ef0fc0d998bab88e16ebcdadcfd471,61,25,25,25,True
MBPP+,Mbpp/769,python_minifier,5c2ef1319a49b2040bdbbf90af64c96deb4c7a5977bd0a06da74e649ea0e86b5,72,27,27,27,True
MBPP+,Mbpp/770,python,7f9d5ba14739dcecfb94188c32b0117df1c231ca6a28f3009092123d5b86db60,142,61,61,61,True
MBPP+,Mbpp/770,kern,cd912bbb510cc088a2da4f0b605316689ed852022c51f3f0ef4367c6bcf95eb2,71,39,39,39,True
MBPP+,Mbpp/770,kern_compact,31b047a85956a8e7e026ee69b020237e37592a1bc22ef16cca4292158201571f,67,38,38,38,True
MBPP+,Mbpp/770,python_minifier,0857f972085a5159d72154bf611dc86809cfdf0cf8380cc785cb84ada2a4bafc,81,40,40,40,True
MBPP+,Mbpp/771,python,e2c8e7682ec76147c5516c889932590653da1206e09c2ecdaafe11d0cff31e9a,524,136,136,136,True
MBPP+,Mbpp/771,kern,cc2d8efb13283c1d45bac7aa782b6f7cc6318935aaffe84f6e8f277ba79dcca8,310,106,110,110,True
MBPP+,Mbpp/771,kern_compact,280cbe3a699780d6ce05cc785052802b7eb2608d366452f887e17f74cb993142,271,105,107,107,True
MBPP+,Mbpp/771,python_minifier,06c67473f80091c520006a09c980ae9a3af0fbbdf935dda2a1cc9af9f892be38,325,120,120,120,True
MBPP+,Mbpp/772,python,e58be6945ad9819a7cef23474aea1f78bf3f9003ba05441206d34220f39d1d62,97,30,30,30,True
MBPP+,Mbpp/772,kern,aea46889d4e9e20ddb9511fa1f7ac0a92f39ff6fdbb8a142d9ac196e3b3794d2,78,24,24,24,True
MBPP+,Mbpp/772,kern_compact,aea46889d4e9e20ddb9511fa1f7ac0a92f39ff6fdbb8a142d9ac196e3b3794d2,78,24,24,24,True
MBPP+,Mbpp/772,python_minifier,eefdbd3ce9df8db24995ba582d26fe0fcd769a66c9262673db1dc983e62ab97a,87,26,26,26,True
MBPP+,Mbpp/773,python,4587f931ba4dea95d2a9f8b0d563285631e4e58d8f9e32d9c25d56a35a7a07dd,176,49,49,49,True
MBPP+,Mbpp/773,kern,8442967b95371922dcc0b7fa1aa5bca01362b6b74b3a3a465c2422bad9a8eb4f,130,40,39,39,True
MBPP+,Mbpp/773,kern_compact,94f892ddc54bb63ae6483515109051fcc9fdaca3e0aaa04af6de3f95f8576e15,114,39,38,38,True
MBPP+,Mbpp/773,python_minifier,27e51b70474434525ff31f0ed79c0aeabd5aec661e0e5955c0fe54a6c91c606b,127,36,36,36,True
MBPP+,Mbpp/775,python,d186dbf8a52d47d276a99695034dfb6d7f88cebf56d542e6d8252f6bb6b29913,69,24,24,24,True
MBPP+,Mbpp/775,kern,94b5611d5e6993fe1f730ec906855ae1d0c843da2d6e703158b5367dff19f698,50,19,19,19,True
MBPP+,Mbpp/775,kern_compact,94b5611d5e6993fe1f730ec906855ae1d0c843da2d6e703158b5367dff19f698,50,19,19,19,True
MBPP+,Mbpp/775,python_minifier,8ee5081b4b7efd367a9370e2791558fe05dddde96853bfac56d4895c7a57bd77,61,21,21,21,True
MBPP+,Mbpp/777,python,2e3a1e6e04665d247e2f2dd8b4f33cc128ba4a21a5c4a72771b5cbd08d8afd24,46,13,13,13,True
MBPP+,Mbpp/777,kern,9f5245f3525a008237735399a44175382718ce4676bbdc90961051ee2f2a1f20,27,8,8,8,True
MBPP+,Mbpp/777,kern_compact,9f5245f3525a008237735399a44175382718ce4676bbdc90961051ee2f2a1f20,27,8,8,8,True
MBPP+,Mbpp/777,python_minifier,c5cea5e4f99f5efbc9712ab9316c3a16e562ab69c5ef16a2e17897a244a33449,38,10,10,10,True
MBPP+,Mbpp/778,python,d0938ee3baedd8304a554c39568889c349c05b8cdf4bcec0b748290ee147f28a,127,30,30,30,True
MBPP+,Mbpp/778,kern,97bb19b947be5e21ac13aca18bc82905c296bbcf8a378b3b63a0ea04d37bc88a,105,26,26,26,True
MBPP+,Mbpp/778,kern_compact,97f3b5a05e808e7b0db0d0be425f908b3208c2c54dea75767f47307c14749af3,97,26,26,26,True
MBPP+,Mbpp/778,python_minifier,4ae118a9249a7034dd93645cf60a8fdc160fbed0e6ee094849fbf11b05f7ca45,109,28,28,28,True
MBPP+,Mbpp/780,python,7facb558d7f624bf868ce3f1b6cc13baaf653cd0a451985b9725a4bc8faff6f3,143,34,34,34,True
MBPP+,Mbpp/780,kern,31d6f9c12fb18a3c6524f1ed2a756b89d1571c319082802832d9a96894a2044e,121,29,29,29,True
MBPP+,Mbpp/780,kern_compact,31d6f9c12fb18a3c6524f1ed2a756b89d1571c319082802832d9a96894a2044e,121,29,29,29,True
MBPP+,Mbpp/780,python_minifier,21919a7a5a92fceccb15f14113256bc2f75f9413fe7173a859572e9d3704c14a,133,31,31,31,True
MBPP+,Mbpp/781,python,2bd500a740a237a368c930a157ab487dc8b64d50048b22155846aefa046783bf,263,92,93,93,True
MBPP+,Mbpp/781,kern,af20d68953dd4b63530c6223565f42896e7f4d2504749ece84ec4f8f582bf478,126,56,57,57,True
MBPP+,Mbpp/781,kern_compact,2c7662e51231d75e111fe9cf0279961f7f5ed800ad2346c7eab665dacb73a564,114,50,51,51,True
MBPP+,Mbpp/781,python_minifier,b34fad8d7d99a0faa7611e1e1f93bc6d21e2f0e239974a356c5143f8da8d497c,140,57,58,58,True
MBPP+,Mbpp/782,python,29f021635feabf61f193a6999ce1efb6a1afe7e69837cc8c3410d6fbbda9a703,236,88,88,88,True
MBPP+,Mbpp/782,kern,22045969eaf1c3ff641819bf6d15f36ccb934a25effb73315471ade90347805f,105,41,41,41,True
MBPP+,Mbpp/782,kern_compact,664d22d6c6ccd51856c01add153b8492ea1adf8ca0182c4cbbd6554d9695bd5a,84,38,38,38,True
MBPP+,Mbpp/782,python_minifier,d61d407c9d124a3698fef863e638f895cb10615c57c8bc2d4948906b523d1889,102,42,42,42,True
MBPP+,Mbpp/784,python,f2ee0ee886c4b4fd6c80956c7d8bc65f76c93ab57769c694abff597511605cad,175,61,64,64,True
MBPP+,Mbpp/784,kern,8124bcacc9b05e7bb5bf8c42d8e8b032bd3863e663663f22c82c36bdac6142d3,144,54,57,57,True
MBPP+,Mbpp/784,kern_compact,a513e520aafd81e0f8515d44c02fc24dc504252adfa417dcede9ff5a58c2270b,104,47,48,48,True
MBPP+,Mbpp/784,python_minifier,2c1e40df131170c8b760e7ed1d33e9022c86a228df440c6ccaa0e63ca564bf5e,114,52,53,53,True
MBPP+,Mbpp/785,python,b89870048265e3763e21e4b3898d2c9ed7148d73cd6f40c0d059b6a64d36dac6,140,34,34,34,True
MBPP+,Mbpp/785,kern,d40f29d50bb684e7d3b9857bf7f451a9d453b3581d6bc1bbb8173d998cb07d40,121,32,32,32,True
MBPP+,Mbpp/785,kern_compact,b9f3a6d12049583555d33badd118e526f8235c31167a13c863cddeda5c990c68,117,31,31,31,True
MBPP+,Mbpp/785,python_minifier,ca4e1c13425b3cc8ce5f24ff68e7aa080d8c2de373feb24601897203adc6ac83,127,34,34,34,True
MBPP+,Mbpp/786,python,f6e288a794d88096176e5108424f6210548066dbd348cfb1ad1dab1cff633805,79,25,25,25,True
MBPP+,Mbpp/786,kern,a68c024b7fe997cc7bdcddbc78ccb2b2d16fb2c71f96944f5c9828d8b27bf221,56,19,19,19,True
MBPP+,Mbpp/786,kern_compact,a68c024b7fe997cc7bdcddbc78ccb2b2d16fb2c71f96944f5c9828d8b27bf221,56,19,19,19,True
MBPP+,Mbpp/786,python_minifier,82ddcb0f98403f353057604f4400df1df8ac55a38af94f0074208b3d88ead7a9,70,21,21,21,True
MBPP+,Mbpp/787,python,ad2d5f6360216793813d38ae139f6f42098d3465185f154135751338d6fd6478,109,29,29,29,True
MBPP+,Mbpp/787,kern,bf916cefe9d21e1dd354689ca752d5dfda33f50d33bea763a543f4471c6398c6,73,22,22,22,True
MBPP+,Mbpp/787,kern_compact,3f6e21bbe26bdb2d58822e6326627faffab2a31982879db71cac4c4d47e44642,59,20,21,21,True
MBPP+,Mbpp/787,python_minifier,93157cc2f7618ef5cada6fb7bb0a8784ba613eb4f25911bfad4813bc5efc6bf0,72,22,22,22,True
MBPP+,Mbpp/788,python,ff47c8e0eb0dae68aa3ddcd97cdca89093f48ddf46399ca1bd34ee3b45720134,76,20,20,20,True
MBPP+,Mbpp/788,kern,a27848906c7ea9cddcd308cc9aed24ca6b349cbb0023a0cd9f4facb044cfc555,57,14,14,14,True
MBPP+,Mbpp/788,kern_compact,a27848906c7ea9cddcd308cc9aed24ca6b349cbb0023a0cd9f4facb044cfc555,57,14,14,14,True
MBPP+,Mbpp/788,python_minifier,6cb96433f354197413124d900084e1c90edf6047a52787c53df55d796121b222,68,16,16,16,True
MBPP+,Mbpp/790,python,20d3e1d38fab82e7528bd41d3f0b09f34aff8b3d0f1b21da43cbc891d9e5e4be,80,23,23,23,True
MBPP+,Mbpp/790,kern,5144dfb7ed704bc3c2d2234c43b34aa47211471afd2ce7c059c30632aafb1b30,65,20,20,20,True
MBPP+,Mbpp/790,kern_compact,5144dfb7ed704bc3c2d2234c43b34aa47211471afd2ce7c059c30632aafb1b30,65,20,20,20,True
MBPP+,Mbpp/790,python_minifier,b84d2e5f936ab2b24382db2b178250a9d688b6477eb5565191a6cd108f280e42,76,22,22,22,True
MBPP+,Mbpp/791,python,3d2c8507da2009ef78a4728e121a2ae70a7408574a91ec0bd69ca79195ad4490,94,25,25,25,True
MBPP+,Mbpp/791,kern,ccf2e11780bd20f9b1530da13fa518f794aafc917db2a35f9a06db4fa6e6fc99,77,21,21,21,True
MBPP+,Mbpp/791,kern_compact,ccf2e11780bd20f9b1530da13fa518f794aafc917db2a35f9a06db4fa6e6fc99,77,21,21,21,True
MBPP+,Mbpp/791,python_minifier,47065362391f7f5d545a9845a15612378d1045b20ee5a272af132aa851d2f965,88,23,23,23,True
MBPP+,Mbpp/792,python,26d2e61a5bcc5aefe2585a0dcf29f03561d5d9976f48ffb404921e3ec4d9325d,86,22,23,23,True
MBPP+,Mbpp/792,kern,d20156eb9265b961519d45f55eb2ff5b527c61c94d442693e7dbfdd9bf63d370,66,16,17,17,True
MBPP+,Mbpp/792,kern_compact,d20156eb9265b961519d45f55eb2ff5b527c61c94d442693e7dbfdd9bf63d370,66,16,17,17,True
MBPP+,Mbpp/792,python_minifier,08a4712770bd64fd1b83e54ff4c6f2cf45bf143a24f7a1cdd443230f6a66890f,76,18,19,19,True
MBPP+,Mbpp/793,python,1fba66cb9a6c6b30322df91b8929e6f1f8bf4434ffe6ed965b423d9677862103,61,22,22,22,True
MBPP+,Mbpp/793,kern,b7faf990a69ff8fb46a82411fd4effca07bd7fc67e062bbab5f932e867493dc1,41,15,15,15,True
MBPP+,Mbpp/793,kern_compact,6fcb534d93a3af95175599ef97a8919b9927bf892f2de360403b131b45e2e85c,36,14,14,14,True
MBPP+,Mbpp/793,python_minifier,d8cd12bc32b72b0abd1d268da8fda6b5a2169bfb8bcbfdb2a4d1807b9ad96105,52,17,17,17,True
MBPP+,Mbpp/794,python,c366ec225f9588f68a0835a1718c4b54dac7c25aa5b22cacea5440b178b10e31,101,32,32,32,True
MBPP+,Mbpp/794,kern,6bc39a1b85e86859e458505649ccc8b4a02ace0b811da6c2bb9ad191ec7e1763,73,25,25,25,True
MBPP+,Mbpp/794,kern_compact,42d6c1013b8be36f2c0021d0188b9231acfc86d689c919b9825bcc2722088fe1,59,23,24,24,True
MBPP+,Mbpp/794,python_minifier,2901b6a7ea55600f7a342340294b49bdaca8527e8e1267294e11b926e13d5d69,72,25,25,25,True
MBPP+,Mbpp/796,python,1e5d544221d8f4f12b5a341ae142f449e54a8d786b9964b1def1beace8c61f83,45,12,12,12,True
MBPP+,Mbpp/796,kern,a754f1c72abf863510a1c698746c3d02ac7814f35a4b270d27a4192f7d09b1d4,29,8,8,8,True
MBPP+,Mbpp/796,kern_compact,a754f1c72abf863510a1c698746c3d02ac7814f35a4b270d27a4192f7d09b1d4,29,8,8,8,True
MBPP+,Mbpp/796,python_minifier,b9394e055b1a1b4e37d793f6dc72f445b8a93bd9d1885cd7caa42244087bd875,40,10,10,10,True
MBPP+,Mbpp/797,python,1301235530eae80eaabfd0e0e5d69b480074f361b333cb7e3611469ec29b11ec,150,55,58,58,True
MBPP+,Mbpp/797,kern,6e1cb3e7b3c87f98129f2e5e8b7cbfe494545857792f76303fc7c9016219755f,86,36,39,39,True
MBPP+,Mbpp/797,kern_compact,8b3410af0e7e723b82e1a2e14dfe682e7761a2ae264089662e667d27fe2c37d0,69,32,35,35,True
MBPP+,Mbpp/797,python_minifier,7cac6f58d0ef327c9aa1ef41a813dc4df2c8e323fc0c6e3b549ddb0139438427,93,38,41,41,True
MBPP+,Mbpp/798,python,2d4c16e739860aedc9168113c19f7f61b8dd37da03fdf38164f7c334c017f30b,38,12,12,12,True
MBPP+,Mbpp/798,kern,3f56b26d363ec617c8df488042e350b83d3a56c4cdf963bebd364f89fe307f34,18,6,6,6,True
MBPP+,Mbpp/798,kern_compact,f76782cc6e9b33733bccd1cb4e1fd3c4c4ccaf6811e31ec26b094d7143426818,15,5,5,5,True
MBPP+,Mbpp/798,python_minifier,a5c9e72febfa25ffdf8664d7ebf03d7bc31db3bc8ee2dd278d4ffdbc3b7dbed1,29,9,9,9,True
MBPP+,Mbpp/799,python,f9aff39cdc2aaebd92215a63571df69a693dbc03d33604e452f28b35d20d2a72,88,31,31,31,True
MBPP+,Mbpp/799,kern,d83f119c6eb9de9190c392583186a7e41b57611bde7a15f49bc8650f0c4c46cc,48,20,20,20,True
MBPP+,Mbpp/799,kern_compact,15f375998dba96c2074f4517e7221b16682855b3be8c265df37a114986083462,34,17,17,17,True
MBPP+,Mbpp/799,python_minifier,bcdd237551893872e944603312f7f9ae7922f432e04e9e51a17c0c9c03750e78,44,19,19,19,True
MBPP+,Mbpp/800,python,7a87be447b4af0c78a974403d1c0cb5dcabb399b4e7de89a195bd811f61d1108,60,13,13,13,True
MBPP+,Mbpp/800,kern,7c012499a5a4837a62a113a5461fc7e5db8e6de352966d5c19a996a401329dbb,44,10,10,10,True
MBPP+,Mbpp/800,kern_compact,7c012499a5a4837a62a113a5461fc7e5db8e6de352966d5c19a996a401329dbb,44,10,10,10,True
MBPP+,Mbpp/800,python_minifier,a38b22e3621376914dc67ef78b848f652e53e0f30bb87f6d037e8113189860ec,55,12,12,12,True
MBPP+,Mbpp/801,python,d4963a7100b71250e0bd72e4085a2d96553dd84d152b0aeb15a209e18ad3ae0d,149,54,54,54,True
MBPP+,Mbpp/801,kern,ed7d1875aaa6f7b16561788a706ee5809d2d9de0579181645802fd80a887df56,95,33,36,36,True
MBPP+,Mbpp/801,kern_compact,2f5e4a1a6e751ca3a8c90dc535b93efc2792379ed0f8fda9c0c3c70a10a867e9,73,31,33,33,True
MBPP+,Mbpp/801,python_minifier,19aff1ceb159cf9f07f3f28635e38845def1ba5e7790c964c7279fc7c213524c,107,37,37,37,True
MBPP+,Mbpp/803,python,5d22565bfa3666b5eaa0ca16f4fb349bdd2f65ebb4c31309d2899ca38179b5b6,100,36,38,38,True
MBPP+,Mbpp/803,kern,92cf27d0bd667aec6392c40ee91608af7eb8af141c6f5f4562e36902507f042e,59,27,30,30,True
MBPP+,Mbpp/803,kern_compact,92cf27d0bd667aec6392c40ee91608af7eb8af141c6f5f4562e36902507f042e,59,27,30,30,True
MBPP+,Mbpp/803,python_minifier,3e38640ab43be799493e8dc16f7151d5325f65b5404328313171c453d4284011,78,28,30,30,True
MBPP+,Mbpp/804,python,bb3020406c51758c640c6292127b979be5114ff6b0f789f086bb5f49421a6777,68,23,23,23,True
MBPP+,Mbpp/804,kern,9c6ad40be5d50d6f5c1b007e51cd14f1056ae57c8430cdab73de28bae3ee2cdb,45,16,16,16,True
MBPP+,Mbpp/804,kern_compact,9c6ad40be5d50d6f5c1b007e51cd14f1056ae57c8430cdab73de28bae3ee2cdb,45,16,16,16,True
MBPP+,Mbpp/804,python_minifier,180d6ad6ab33f5c4fe5745378d353904009ad812987b03c9bf835ece62348ee1,56,18,18,18,True
MBPP+,Mbpp/805,python,1bdd844d612c299a903f6b5a381ae2da6cf095128acf108a90517165508f097d,54,16,16,16,True
MBPP+,Mbpp/805,kern,0a246e32f7d62ec0a03f8e734cf702fb4333a758b1bf37ac0004cf0f5c17ac8d,38,12,12,12,True
MBPP+,Mbpp/805,kern_compact,0a246e32f7d62ec0a03f8e734cf702fb4333a758b1bf37ac0004cf0f5c17ac8d,38,12,12,12,True
MBPP+,Mbpp/805,python_minifier,4d18217aa72d1ec2e542d8bf1b982677fbd802fac17cc3b3f6ff3494aaf79ffd,49,14,14,14,True
MBPP+,Mbpp/806,python,a0f6b325a9c5cfd76f6426eb9224ccf8ae597a18a9e631a123be1a045f7fa41c,250,86,86,86,True
MBPP+,Mbpp/806,kern,c90a478e29e61a0f0896f993c51b2728019fbf3d03033418c40477765f69effe,179,65,65,65,True
MBPP+,Mbpp/806,kern_compact,66b75e5c1563fa32cf35561ac03779885632c376edb537ebca07cfd2e419c118,157,59,59,59,True
MBPP+,Mbpp/806,python_minifier,72567b9df03c158f34805ae0ad24680669648e1362490b850ca434f7c155bf2b,159,65,65,65,True
MBPP+,Mbpp/807,python,77b56b1ebfef2ce92d822d0f34015b8e0ecd02ba9fa6f221ba55c3cc52b09c91,98,31,34,34,True
MBPP+,Mbpp/807,kern,31d9e07f913204e1076299829b8ce3b8f69bcb9c5a4b7a0a0c8a23c99ca13c7f,68,24,26,26,True
MBPP+,Mbpp/807,kern_compact,9825774609386124b3b22f1e6296272051ede63f31276c9d5a3f6aecd704d084,54,19,20,20,True
MBPP+,Mbpp/807,python_minifier,50fbc8698a053be030395afe7fe345cf318f174ff34190dcb1379c95a7687e17,69,25,26,26,True
MBPP+,Mbpp/808,python,cd22b51dd80c7bd4ab54ae455076668c7470e5ee66157f9e2d13b03c194bcecf,50,18,18,18,True
MBPP+,Mbpp/808,kern,834e07ce474c4038c67bf63e1919aa79579715c7297e8081b96164f48ef36d8d,33,12,12,12,True
MBPP+,Mbpp/808,kern_compact,834e07ce474c4038c67bf63e1919aa79579715c7297e8081b96164f48ef36d8d,33,12,12,12,True
MBPP+,Mbpp/808,python_minifier,e9debde0821ef3e1726601d89b25cdb06378161bffb0f88f6c98dfac8cf9610d,44,14,14,14,True
MBPP+,Mbpp/809,python,6b38bcc1f5660e080e9c69b4f9ec2e764a5e1120240bef326b301bcb5410d6ec,100,37,37,37,True
MBPP+,Mbpp/809,kern,42ad74c2846990d31bd60d3c5a372a113fc427197005d35b6f03466f0094da89,79,29,30,30,True
MBPP+,Mbpp/809,kern_compact,42ad74c2846990d31bd60d3c5a372a113fc427197005d35b6f03466f0094da89,79,29,30,30,True
MBPP+,Mbpp/809,python_minifier,0546313fa221e15aa6caa4f2d63866b6e11e81a17d6bd2456e59f6aeb5cc6daa,90,32,32,32,True
BigCodeBench,BigCodeBench/0,python,d4cb8b6c58b6ff0abf9efb0a175b40af660dc70f4684bd290b2236c8e730bbce,423,111,115,115,True
BigCodeBench,BigCodeBench/0,kern,2d7c6d6e7fc37bff0b7fe664189df7f69412c25e89609d6ad02e9ec65299c2ae,315,91,95,95,True
BigCodeBench,BigCodeBench/0,kern_compact,a692fb5f7d00319a6db1221a403263202fcf448425a51d8929224139893170c9,206,70,72,72,True
BigCodeBench,BigCodeBench/0,python_minifier,d4308dbf2dbdb8ecc2a9721531f78bc56bda91dab16895731b3c21470fc33870,238,75,78,78,True
BigCodeBench,BigCodeBench/1,python,6076b9bbe6fcd00088015dbaff52e1ccec594db0343ca8fb89648bfcfb88257d,302,62,68,68,True
BigCodeBench,BigCodeBench/1,kern,46840d70dc8275a370aa78dd000954fc397f9ebd0dc2485523249bc871e18a40,248,54,60,60,True
BigCodeBench,BigCodeBench/1,kern_compact,655cac28e29eb1050f7bcb3b2d5bc77a090d904048fcb2d3b259288db785f0b6,196,46,53,53,True
BigCodeBench,BigCodeBench/1,python_minifier,8955bcb3793aca16fd0bdd3c72d89f6a538f9e36189d0157d01cae716587f1a2,212,51,57,57,True
BigCodeBench,BigCodeBench/2,python,ea1bf98c607f22f4e7abeb8e42254bbfc9871278a39a67669cdeaa30e621acad,290,74,75,75,True
BigCodeBench,BigCodeBench/2,kern,628329f5bdab3e6acf771c96c4b36cb398ae42766678ff86954afc7c36528eca,235,64,65,65,True
BigCodeBench,BigCodeBench/2,kern_compact,b31699998a92d26423c0eec1fc2fc5cc9f52b497fd21834a048744e7715c273a,201,60,61,61,True
BigCodeBench,BigCodeBench/2,python_minifier,c9294cd7665fc9449a0d0231a5b8b2abc30c74b795b437779a5e520b973339b0,218,61,62,62,True
BigCodeBench,BigCodeBench/3,python,5981a6df9924e08eef5ad30f36e3062409cc138fdc1b53d6abb8beab157bad44,244,73,74,74,True
BigCodeBench,BigCodeBench/3,kern,7edaff461a9e1b1f6426fe13234822e3c15027e722079bcc4fcec1bb038c54a3,196,61,62,62,True
BigCodeBench,BigCodeBench/3,kern_compact,1e281a2bd4417513d30a2edc9f7feffaaeeb29ba1dcb71cb929fde7dd2d45a69,162,55,56,56,True
BigCodeBench,BigCodeBench/3,python_minifier,2d7ef80ba74de539268a07824d9957aa1d645a9e407adff6005b05bf55a09330,176,61,62,62,True
BigCodeBench,BigCodeBench/4,python,fb656e6163ac75c57cbf0fc9498e92d148d0f59570c1aa9fd4d9d40e88ea0942,162,33,33,33,True
BigCodeBench,BigCodeBench/4,kern,0fb19d07130aac8d06a333edb828f11dc96c2584d30da64f4535c78987a086e0,135,30,30,30,True
BigCodeBench,BigCodeBench/4,kern_compact,3a7bb3e5d74177cfe161eb1435317fa682ea293aba6a619a6610f1b957123f98,117,26,26,26,True
BigCodeBench,BigCodeBench/4,python_minifier,82b14d95040a9e2a46b0d3f2072b6739b174d884677dd96d3d0f47fba0ab7e73,133,29,29,29,True
BigCodeBench,BigCodeBench/5,python,b7abe822a14015017783c01009047b9438ae529ef96ba2eb7f0b1ab22a79c8b9,340,110,111,111,True
BigCodeBench,BigCodeBench/5,kern,d85919f996ab423248a1bae19c02fb8c318a8992fd65b8b735a085b6c5ba26cd,263,89,91,91,True
BigCodeBench,BigCodeBench/5,kern_compact,f60fba8e10459ccfc36bbe2deff3cd3d24ef855635c74ff7d8d6fe4e120200ba,222,82,84,84,True
BigCodeBench,BigCodeBench/5,python_minifier,e69205665e754a567ccc2f60e67dd7210d5bf0c7bf12927e0d17e447e4aaece8,244,89,91,91,True
BigCodeBench,BigCodeBench/6,python,8e6b796daba3497446a31233873f601df442ee5a45bca7009efa14d419ed8803,314,84,84,84,True
BigCodeBench,BigCodeBench/6,kern,198b4de81e5bc0ca11cc55e72f3380183364a68755fbf3a81d2ae1198af032cc,269,77,78,78,True
BigCodeBench,BigCodeBench/6,kern_compact,66c4ca152cdac33d4085c62e0bb9f94a79dde4bc731b58a93b3419fab000144c,225,68,69,69,True
BigCodeBench,BigCodeBench/6,python_minifier,6319427c68855c5d4fca2f8d3b91eac4deb8254b626c3cd3449ba7445bb8440f,232,70,72,72,True
BigCodeBench,BigCodeBench/7,python,87726a6f7b5068f933a6bf5dca8a05c807c3df94b3661c4ff0b39b1d2439cdb6,477,113,113,113,True
BigCodeBench,BigCodeBench/7,kern,b4229b9b0419e177a692718f08ade1fbed4d39be87dc5582c0342cc8f283450b,329,87,87,87,True
BigCodeBench,BigCodeBench/7,kern_compact,3f054d73ce3d9e3f2309a11040ccfa72c92e2e4695ab62b3b5baf90c2c320aea,227,74,74,74,True
BigCodeBench,BigCodeBench/7,python_minifier,475574f0bef82aab03639e9349c6a3327a25e0546a8ffd6097884d6e27417f14,250,80,80,80,True
BigCodeBench,BigCodeBench/8,python,5793bf9d58ba2f8f99107e7edb4903976a5cdb9d2aa857187300f4e274a982e9,362,91,91,91,True
BigCodeBench,BigCodeBench/8,kern,ba15c0739b80d4fdce15c41a63b587edbdbf34bf6f09af31c3988f8b634a3274,296,80,80,80,True
BigCodeBench,BigCodeBench/8,kern_compact,82489f44131939b8958cbaa9ac914d9cfbb56c8977de2697c131c9d578f5e2c9,202,67,67,67,True
BigCodeBench,BigCodeBench/8,python_minifier,77213bf3ccc8f630d23d2069483930b697eabd00e9ac1ef9f70cc9ff39834769,232,70,71,71,True
BigCodeBench,BigCodeBench/9,python,b99f778dff5acd60542ffe4926332d43ebc6af2fd4e58879f13a1bb951af0944,325,83,86,86,True
BigCodeBench,BigCodeBench/9,kern,5d8f16c96e942479119ea2f207c0ae1cb8f64a752877add6c1ababee69b277d4,271,72,76,76,True
BigCodeBench,BigCodeBench/9,kern_compact,d538077288caffd6bb1c60f4d6913298421e52eb8d3637b348c03616bfca151c,258,71,74,74,True
BigCodeBench,BigCodeBench/9,python_minifier,de50d3984e8fa253af49a73ffe197aa9c9a04711d0518c5fb526a11238e3a1fa,264,75,78,78,True
BigCodeBench,BigCodeBench/10,python,9db5894c2669a72809b829585e2a9ac1882dd26961addb419a13d2067753715e,507,130,131,131,True
BigCodeBench,BigCodeBench/10,kern,383b0588092e39b2575f6b87510ff04a471b2337535274906dd60d5ddb839974,418,112,113,113,True
BigCodeBench,BigCodeBench/10,kern_compact,688b4c9ee4a0b97954a1b384487ea87b87e79f1bf654f0f1b62c6b54f7f95093,277,93,95,95,True
BigCodeBench,BigCodeBench/10,python_minifier,ac4c8c6669c90f8ebdd7afabdd717b2c77b71881fa647b33e007b0cdd6dadaaf,300,94,96,96,True
BigCodeBench,BigCodeBench/11,python,2e5f1fb8e2712c44ce93ef3a33184de2ab8e2dde4d10058f81620ffc27446331,448,130,130,130,True
BigCodeBench,BigCodeBench/11,kern,78efe492793285d34e988da7cc9dc26c3652c50c2e98ce4a8ba14decdeab64ff,371,108,108,108,True
BigCodeBench,BigCodeBench/11,kern_compact,2bef246233ab7d03b37932583e0fc950052b07602ed7d87b52c27277d287835f,244,84,84,84,True
BigCodeBench,BigCodeBench/11,python_minifier,42d5071a03b2ebb692163bbb63376f1c3760ed42fb60915b41a57eb16c87e4a8,264,87,88,88,True
BigCodeBench,BigCodeBench/12,python,58361273c81864948a15d2ea63ba23d9aba25af668ed2b597e2026a9222b443a,780,198,202,202,True
BigCodeBench,BigCodeBench/12,kern,57eb4a8106f06297c399f8af63c1a6f3bb1fab857779d14fde723e5c701cd8ca,645,172,176,176,True
BigCodeBench,BigCodeBench/12,kern_compact,b290dc45ead8abf6b701e60d13edb7aa180bfcf53d386782993915978c7545de,543,155,160,160,True
BigCodeBench,BigCodeBench/12,python_minifier,5da66d7e3a2cded176bf6a2350719d4ac4364020f4cc0d55875d814ea470db6b,530,149,153,153,True
BigCodeBench,BigCodeBench/13,python,c53c861c177358354553f437cb4c038236b1cf880565d92c9d0f46ce5ca781a0,1279,315,314,314,True
BigCodeBench,BigCodeBench/13,kern,f3fd82934f7f3f575cf66d5268cf491a69f101a688d37a75aaaee796f5c125f8,919,257,256,256,True
BigCodeBench,BigCodeBench/13,kern_compact,c97da4c333389dd70984c27cdc9658482eb39438c369d22baaf62cc5aac989f4,759,236,236,236,True
BigCodeBench,BigCodeBench/13,python_minifier,159be6349f70634ed160528e6ed64183a87227a19bc5d659d0cd0ddfc707ac57,737,240,239,239,True
BigCodeBench,BigCodeBench/14,python,438dfa0d33884b91192438c3b52213f4927cce62923c42996d2e742371525bb7,713,154,160,160,True
BigCodeBench,BigCodeBench/14,kern,522a8d1dd1c5bc4d871722566393ae08e48323ef15aea20c86166a78e600a8d7,577,130,135,135,True
BigCodeBench,BigCodeBench/14,kern_compact,8138cd3ba375fb16d1b4398b4da260679a4db689c467e313dc46c520a67c9d02,460,116,121,121,True
BigCodeBench,BigCodeBench/14,python_minifier,224719b7b1be4617b12ba2fdc2dfb57dc1099a386f4ad762daafde8380dcc142,479,117,122,122,True
BigCodeBench,BigCodeBench/15,python,7efa7703df65655991744cff40026f04fbe6fa1af6ff59e0adf4ab1c813d7582,1022,232,235,235,True
BigCodeBench,BigCodeBench/15,kern,ee599615ff21fbeef5c04a65b119556dc48b895a2d680cb080033c74e6dd07a7,704,171,175,175,True
BigCodeBench,BigCodeBench/15,kern_compact,63f8b2166c4c719be7b6d63903bdb9ef3296d94f64599ce561c18c980fee91cf,572,158,162,162,True
BigCodeBench,BigCodeBench/15,python_minifier,8f9b9a22061757a9e49d6a0b77fcd3f61698328db83d97c0ce182e537201286a,551,164,168,168,True
BigCodeBench,BigCodeBench/16,python,2d3609fe17ff1cf68ec72bc0129a1742fd3e6fe1d2181e87ad14ccae8eaebbc4,605,138,141,141,True
BigCodeBench,BigCodeBench/16,kern,8a724284c816527477444483c1a6650142b414e2b6c6f56a71918e6a75de4c55,495,121,125,125,True
BigCodeBench,BigCodeBench/16,kern_compact,0cefa1273bdbda073ce1b35d7bead578a1979d83aac2fee313fbb56a2563ef5c,419,110,114,114,True
BigCodeBench,BigCodeBench/16,python_minifier,1e8013896243a209f64e81f6bd293405afb9c1d7447b271f5d708043ccbd47b2,420,117,121,121,True
BigCodeBench,BigCodeBench/17,python,fb3983518dfbe98319eafe7edd7b866f752adacf4c9989b73d65aeb2fccd2643,646,141,142,142,True
BigCodeBench,BigCodeBench/17,kern,1eff8a42913cfe775b64bd0f8483255f7444df919f97df0e83c4bdebf533dcb9,423,107,107,107,True
BigCodeBench,BigCodeBench/17,kern_compact,1514a3ca8876a3e2ee5e25d735afbf383f3d2d33fc451bfba2b330a96b913a2a,374,98,99,99,True
BigCodeBench,BigCodeBench/17,python_minifier,e3d93fbeae189cf65925c098d9ba5c8898f33cef47450f5d1c686126c8c2d68b,349,100,101,101,True
BigCodeBench,BigCodeBench/18,python,5406d80d01d9c294165023e47c21d81803cf67417afd1888197d4205c7066dbc,900,201,199,199,True
BigCodeBench,BigCodeBench/18,kern,bd844f2c180d11acd831eece037968674a9e86d6d51d4f1f9d348d11fcf3fdb8,564,157,158,158,True
BigCodeBench,BigCodeBench/18,kern_compact,497c627153be86ec1b333602db9b11260387f7172a37fd0af99f2b5daab2f4ff,447,146,146,146,True
BigCodeBench,BigCodeBench/18,python_minifier,5eedbc857c59666b9b74eb9ee83a7019930e8c63ad8a24930a78b1942753a422,511,157,158,158,True
BigCodeBench,BigCodeBench/19,python,06328a492eed45f2e2e6051fd71c15570444d6f559d279c6a5815a436024021f,516,119,124,124,True
BigCodeBench,BigCodeBench/19,kern,5f1c20918734fc91c1f62695a8b84786508d4d30a73dc7c4db093376960edd50,413,102,109,109,True
BigCodeBench,BigCodeBench/19,kern_compact,55d3e4df1964265d6bc1950a3b39461fb70d6b35bada5911c986d972763cdb45,338,91,96,96,True
BigCodeBench,BigCodeBench/19,python_minifier,0ca3e614ba2da7db4539641f3bf43258e32d881243324764f938440c686edf3b,345,97,101,101,True
BigCodeBench,BigCodeBench/20,python,377b7f46ffaffdc59f17dd7b4528b11f20c032ad0d2d61664e4cc5226fd89cee,354,91,95,95,True
BigCodeBench,BigCodeBench/20,kern,072ecb803817efa4933e3a0cee9f3e82dd37041a5e34718039cf65c17052dbcd,238,69,73,73,True
BigCodeBench,BigCodeBench/20,kern_compact,199dc4243518c33af1a98d62f50bfd52dbf997b6adc7fbf9da0dda2faa9047d4,221,67,70,70,True
BigCodeBench,BigCodeBench/20,python_minifier,dd26a6e46f96173429be0066e234bf3109da8c996c5ce973a1ac28c352686fdd,207,69,70,70,True
BigCodeBench,BigCodeBench/21,python,9498b7c651adc20047d3f228c83bfd306dc48c8f1abeced85e84db921d29d2b8,365,87,87,87,True
BigCodeBench,BigCodeBench/21,kern,b9f06e25fb2e70ce34f84618a94ed4fcfbb18cf04b8bda68a3bc441e55020e7a,305,76,76,76,True
BigCodeBench,BigCodeBench/21,kern_compact,fc3eef41de883b8af74a4955c5f81a4675f9af1427a84dffe1fac7912a46b0dd,209,63,64,64,True
BigCodeBench,BigCodeBench/21,python_minifier,021d5315e81da06cc44259d69e87293bc454b2faef9247541ade9d97a4288cbe,222,66,66,66,True
BigCodeBench,BigCodeBench/22,python,bdc9e9058b3e2daea5c6c1d6b5b4d77087408842aa1d8d6f1364fac4fba10c9d,287,76,76,76,True
BigCodeBench,BigCodeBench/22,kern,da54b40b30e60dce6924724c2b1e9cbfe547d2235cd19a80ea3a61ec7d989514,225,63,63,63,True
BigCodeBench,BigCodeBench/22,kern_compact,b87b92ad461a7fb102c638b47d7e27d53050dfd1e55d8fde28f0a27587a17538,184,60,60,60,True
BigCodeBench,BigCodeBench/22,python_minifier,053eeccf077a4b387a6a5d4e9399325909aa3e5e48b63d716a1522c982ce127b,217,66,66,66,True
BigCodeBench,BigCodeBench/23,python,d476ce07ee0334f0baa9198ba82ea3b36ad3047c5834008f3d9c83ca8974f06b,314,89,90,90,True
BigCodeBench,BigCodeBench/23,kern,188b3170044a72db7e011f1ca2206c6b9e8adc2a7cc84a299d16ff66af287b70,257,74,75,75,True
BigCodeBench,BigCodeBench/23,kern_compact,b847f60769d7c74e873324644d72574ddcf5d81a9f965ac775aef8bb6e0a8f39,180,68,68,68,True
BigCodeBench,BigCodeBench/23,python_minifier,967a031bb704f99fac30e7f21fef137f887defd15031b6c0907799a3df6093e5,206,71,71,71,True
BigCodeBench,BigCodeBench/24,python,8b226d61f4fc81673e5853dd14045ca6a481cdb239eb91c6250894294e7e56d9,316,84,86,86,True
BigCodeBench,BigCodeBench/24,kern,6496eb42d3b5fd6d7fc8fd6926ea352de1855ec54e1bd233485053f6c4ff039e,260,75,77,77,True
BigCodeBench,BigCodeBench/24,kern_compact,4f8cece9b6a2b6190ef4c5aa4de41270f2ec28e1c86737d8e872c687d6aac2c8,215,67,69,69,True
BigCodeBench,BigCodeBench/24,python_minifier,95a8a61dd0edd943020c76ec61361723088227c82aea65fc0b5680ba550da451,229,74,76,76,True
BigCodeBench,BigCodeBench/25,python,963a56cf905925651725904b5a3efc62fcfc9c3c6e6a6356b80d7896cb1c13f1,199,46,48,48,True
BigCodeBench,BigCodeBench/25,kern,f7750fb3e55e2185fa89cf11cd525519d7e97d971880bd97d359c9b612b2eac5,163,41,42,42,True
BigCodeBench,BigCodeBench/25,kern_compact,9f40c56889c28f566eed6074f1e9a2fddeed17a7fa7adc08f3928cc2e4d359bd,123,35,35,35,True
BigCodeBench,BigCodeBench/25,python_minifier,9f459021691016985569e1b53b32f52dfafd61ca2c280a2086f84814cb53c132,136,36,36,36,True
BigCodeBench,BigCodeBench/26,python,11e30d52db54053b074097a773086a8886a1404f9d547465ed1ce275c8f9b110,276,62,63,63,True
BigCodeBench,BigCodeBench/26,kern,d5004deea8672607469a8a7ebfb22c8295de7667648636e4da917294c5bea2ae,242,57,59,59,True
BigCodeBench,BigCodeBench/26,kern_compact,b2296a9e1d4a638775b81799a0f9fd0e26a5db4a3f2cba406ff17d93c2d387b2,200,51,53,53,True
BigCodeBench,BigCodeBench/26,python_minifier,ef1cdb25a1016431134aaee13969ad0c8b52de708c0d6850b7869ad30cebf33b,216,52,54,54,True
BigCodeBench,BigCodeBench/27,python,22ebe5a462e33e03cb0b9057a251f1895921740e37550e08c085ee284dc84785,489,116,116,116,True
BigCodeBench,BigCodeBench/27,kern,54f1d2162318ffa5164d0434e55ef3692f4a496a3b4aee5dc5e08da4aae30c7a,260,72,72,72,True
BigCodeBench,BigCodeBench/27,kern_compact,c5179f0f05d1adee313346a75af7470c9d1257c2975421a9ee2ab72d27881241,227,66,66,66,True
BigCodeBench,BigCodeBench/27,python_minifier,3808f218d8959b1d5bc60bdd20e1c8dee61ce4e57a5053576b18282f64c5cdf8,235,68,68,68,True
BigCodeBench,BigCodeBench/28,python,ac880777a60cda81a7369ab1460bff0335735c6b050f9dc5d19883c9bd68f524,296,69,69,69,True
BigCodeBench,BigCodeBench/28,kern,daebded18ec96fd5e0606e3f84215a6fcbbc50a3aa95023423adb76a7a87188d,237,59,59,59,True
BigCodeBench,BigCodeBench/28,kern_compact,903918a586b8dd8a258d7042231a042bc5a425872971e5b8096b14c29764ec66,182,49,49,49,True
BigCodeBench,BigCodeBench/28,python_minifier,2ec0c5510bce843db759ebf2ce19be69b59b4849a57242082cd8071805a8758c,197,56,56,56,True
BigCodeBench,BigCodeBench/29,python,4973873647fd71736fbdab6434bebc8aa17a818d37718a0a54a6d4092ce56ac5,366,77,77,77,True
BigCodeBench,BigCodeBench/29,kern,5557e75c5a526610844a14af2733984700820d05f8572d9ae09591c69d530652,300,70,70,70,True
BigCodeBench,BigCodeBench/29,kern_compact,8f009774b7a2e1151755a7493647a0b7f30c2b14ac524036242adb3cbbb161d3,201,52,52,52,True
BigCodeBench,BigCodeBench/29,python_minifier,b8cefa70edf94f51415d50f54985ab83d26a21d0347556061cd5bad6db003aa1,219,58,58,58,True
BigCodeBench,BigCodeBench/30,python,fc811ea619a8322c688c13c04c642f820a98c868feeed97f4df945f3e25a612b,1003,261,266,266,True
BigCodeBench,BigCodeBench/30,kern,25faa66b798a97ef533280c3a1ff8cd739359d05cf776535befbc562ad99b40a,765,216,229,229,True
BigCodeBench,BigCodeBench/30,kern_compact,849a4fe34ee5b3f8ae9b022872007f2ffd179dd0cac130c57dde1f331b46fa22,725,213,226,226,True
BigCodeBench,BigCodeBench/30,python_minifier,59e8a0bd6859489742a4d7e675f531c7b4d7a3ff8e652ea74c5642cd24d42c0d,687,237,244,244,True
BigCodeBench,BigCodeBench/31,python,4750c78c57e229806e733873d1bb1056693175c4d4a191475b9c211caf2a3a46,589,148,152,152,True
BigCodeBench,BigCodeBench/31,kern,01324e7f7128a1b9c675d7b1d923319791f97f0220b79375ba247dae0a854bd1,396,109,114,114,True
BigCodeBench,BigCodeBench/31,kern_compact,f6f901a5613d9d710aefbb1f74a346eaf8a6a58e3866daed11b1f7b5d36137d8,331,101,106,106,True
BigCodeBench,BigCodeBench/31,python_minifier,239c005387f16e685dbd544bea2eb23accc0e780ca840034bcc302b319ac3348,363,103,108,108,True
BigCodeBench,BigCodeBench/32,python,9f1f238730d0552e83faa4085fe8bc61c54c93d1bf1b7704600825899500693e,251,53,55,55,True
BigCodeBench,BigCodeBench/32,kern,608df1eaf8ceabef9b42e2ebb2a145227e5948bd13da8c3314d9931501dafde0,205,47,49,49,True
BigCodeBench,BigCodeBench/32,kern_compact,d9c5b890800d5506097ae7704bbcf3a124a3191c74e7dec7567d3bc53739b41b,155,43,44,44,True
BigCodeBench,BigCodeBench/32,python_minifier,7c7550c3b0aa740d2b0e99d6f8833740d4e42c66ad1defa80daaec24b58d3adf,171,44,45,45,True
BigCodeBench,BigCodeBench/33,python,ba07bb49fc776d57a4a85b70b0ea606c7385bf452fece60b0b0a2a18abd6337e,248,56,56,56,True
BigCodeBench,BigCodeBench/33,kern,1813eb0dcf9036e6317bafb6adb6f0604f13b1f121d9c2374b2ec234412eb73f,193,47,47,47,True
BigCodeBench,BigCodeBench/33,kern_compact,eb13ba206f52e12a26f8c4a2237947150e249e78dc19bc4fb39c7da873aee9d2,137,41,41,41,True
BigCodeBench,BigCodeBench/33,python_minifier,5c02086d3f08843030a1a24fe883a362183f4aa3781d6ec8cf0cfbfcb3206f89,156,45,45,45,True
BigCodeBench,BigCodeBench/34,python,868f18cb95a3434dd25e5959e98bd0aa123626da218bcadaf5bb26c4fe9787e2,565,134,135,135,True
BigCodeBench,BigCodeBench/34,kern,f7d1152e9e5b70228964bc267032b92372bf4746ed8e97dcba219f31701e1d6e,337,84,87,87,True
BigCodeBench,BigCodeBench/34,kern_compact,e245ce93d269d4ae3ab9b56590e09a1543ed7e1b3d4e1536700496314b758fb1,313,79,83,83,True
BigCodeBench,BigCodeBench/34,python_minifier,46c9a0a72cc47e07a2c2c957c00a85ca202526cc78220d6cc84464f2c1a8c55b,331,85,87,87,True
BigCodeBench,BigCodeBench/35,python,710bbeac2e95b73f4eb0654330e1f775e5b52b072fec17be7f8136659438ddc8,331,90,93,93,True
BigCodeBench,BigCodeBench/35,kern,ad65c802210e4936baf09b7d94ca1ad419ca2d2efb58df6f132c25bba2753c0e,271,78,82,82,True
BigCodeBench,BigCodeBench/35,kern_compact,cf646694e834d2930530be553e0e51a3b71b9cb344c73bf4dbf4122043f3214a,249,72,76,76,True
BigCodeBench,BigCodeBench/35,python_minifier,27f2b11ebd9c43fbfc3691ea1dcdf712e498e92b15ce686d6f59fea4046acbbf,273,79,83,83,True
BigCodeBench,BigCodeBench/36,python,5d531632e6864f308591208b8b376667072a621f76745253b12496f4506cb2ec,1149,265,266,266,True
BigCodeBench,BigCodeBench/36,kern,6a3d0fb7d357cae25f2ce2f113472102f716dba9a9f7bbd96bb73b6e4f277807,699,182,187,187,True
BigCodeBench,BigCodeBench/36,kern_compact,475b8179bf52d7b0c869e024f17e5c7731c7b8c416d4408a1c2bc66bad5be7f5,499,151,156,156,True
BigCodeBench,BigCodeBench/36,python_minifier,0000d5a840aa61c4382cd8aa939ff12500d7a8a052807379413b888905cef393,534,162,165,165,True
BigCodeBench,BigCodeBench/37,python,731e143b0233c76d00f4bfb0ffcea560282a1a9a44607fe43d5a4ef60a84744b,641,148,151,151,True
BigCodeBench,BigCodeBench/37,kern,4c8eb7f06759e88d041fe38e512e7b3c52cdcc55b912a9424488830a06c75b3e,545,127,130,130,True
BigCodeBench,BigCodeBench/37,kern_compact,f847efa33bc2502dad5f39c622260aec1ba06015518943df8f710891ddebc4ec,494,122,126,126,True
BigCodeBench,BigCodeBench/37,python_minifier,755b40847a7f0e9631c41aecf678d4a5ed0689ee8b767ad3b372dbb504087384,505,123,130,130,True
BigCodeBench,BigCodeBench/38,python,6ffc8e36b2b6dc082dc0d9e01e16f93df59c25f07ef806745ef0471a3f822538,526,131,132,132,True
BigCodeBench,BigCodeBench/38,kern,6eb9082a4bea6156bb52c165cc514ed3c58b94ac178d02c1939511b6f53ff3ad,446,113,114,114,True
BigCodeBench,BigCodeBench/38,kern_compact,fee268bcc8a37b2bd0c0f34900106f1798f90a9f17e1da8fa93f426e1a3d34dc,397,104,105,105,True
BigCodeBench,BigCodeBench/38,python_minifier,027cd5f2b8ea0c1142db1848fa3161bab7d3cefc3ae8f3a7c8d2511637e6b6e5,415,108,109,109,True
BigCodeBench,BigCodeBench/39,python,4406441cfe091dcd2cef0bc2e893365e9a3766dfe84004b6b06975e7f4d1834b,670,172,176,176,True
BigCodeBench,BigCodeBench/39,kern,e6362c7691ac535476ac94e1549b82bd460fb753b8465c532c93a95b0c4bedc3,553,145,153,153,True
BigCodeBench,BigCodeBench/39,kern_compact,57d8f34eed023d2cfc6d2034b67afec4766c82d337eb2e26b614ea794afcdf32,405,127,132,132,True
BigCodeBench,BigCodeBench/39,python_minifier,003463a015fc0e262f7d3711c259083ee0a62630751d89859b9800230816432c,416,130,136,136,True
BigCodeBench,BigCodeBench/40,python,e2d7d929194d9dc1c7533e4fa3c0856e851d9932ee20f3664e9f3528ef98a3b2,435,116,119,119,True
BigCodeBench,BigCodeBench/40,kern,fd6fee266fd9365b9319bcbe8e13c3ab37a1434302481c252b2599990ea6576e,366,102,106,106,True
BigCodeBench,BigCodeBench/40,kern_compact,a16d40c6a9ed3634e2995732435bde63fa127095df85d0006eef65735c09f885,279,92,94,94,True
BigCodeBench,BigCodeBench/40,python_minifier,f64d5d5878a4308f050a539907ff4f3ac42851583873866e11f1ee100a11138c,288,96,98,98,True
BigCodeBench,BigCodeBench/41,python,a5f4af637f31c971a51a2cd32398eb39935d95fb4443c44b58d8ce9179e85d1e,331,87,89,89,True
BigCodeBench,BigCodeBench/41,kern,682a56e422b0575833e7443d92cb9baf7ce022e34cd4fd8827ecdfd3c039ba9e,282,80,83,83,True
BigCodeBench,BigCodeBench/41,kern_compact,87a3741d73a313b426f70dfbd7b9ddbea94fdf1d220c29c85a4d01c706386ba8,261,73,77,77,True
BigCodeBench,BigCodeBench/41,python_minifier,b751e402d3739338ceabf2a79d63d1a87a536d1cbdf9a855e50fa0c927df8a1e,272,77,81,81,True
BigCodeBench,BigCodeBench/42,python,dcc52677fbeb4a5afc900152e3338d0575aa538fb2c250a33b910bacecb07466,592,144,147,147,True
BigCodeBench,BigCodeBench/42,kern,65bb80686a122275538bf496f57d8373bed9ff010604344779fe8db34dbaf2ef,485,127,129,129,True
BigCodeBench,BigCodeBench/42,kern_compact,026b6710f0c94af8d708ce75ea0dcf5698308f8e80a45fdb9251b4ddfb931d84,421,114,117,117,True
BigCodeBench,BigCodeBench/42,python_minifier,01fb4f29ea60d2e1e3fb1a767293256906e9f03e3f4578184016bd2f2767b2f4,446,117,120,120,True
BigCodeBench,BigCodeBench/43,python,43960c9fb2975a588fe09c7ead8727eafd1282a8c6dc7cd12b4eab26f6f18e13,309,76,77,77,True
BigCodeBench,BigCodeBench/43,kern,c54040ca20d75aab571300b79696175e5c5029e9845dff0c2fe95be5f269efdd,245,65,66,66,True
BigCodeBench,BigCodeBench/43,kern_compact,f4f78e8b5575480653083131b8be1b86bf25a02cce63ce196d81c72aaa2ed239,199,64,63,63,True
BigCodeBench,BigCodeBench/43,python_minifier,3805ea18a6bc684ebf2e3a0e89fdc0a23b09f45ec88a3d355bae221675862d02,215,68,67,67,True
BigCodeBench,BigCodeBench/44,python,722907bccbfe0db786310e7a0df929f84237eb4bcbdc55770016a2575214fa9c,328,82,83,83,True
BigCodeBench,BigCodeBench/44,kern,5bfdb08038018e38b43a700924182f3a0d2ac578412d2443e1399d3a69885d8c,277,73,75,75,True
BigCodeBench,BigCodeBench/44,kern_compact,091d06175fe23d2b683e161defc8636f51a8d320fe924e2882ff28a451ff434d,267,70,72,72,True
BigCodeBench,BigCodeBench/44,python_minifier,07d2b57d779b70902ce0f152e2380635702a3d739304038153821ac4be6ea28b,279,78,80,80,True
BigCodeBench,BigCodeBench/45,python,35c6314ce37b0badf01cfbd1e9b518bef67184b106e468d30b541063867d6217,709,170,172,172,True
BigCodeBench,BigCodeBench/45,kern,dff08e1b97f02884b1bf32b70d83886bab23f190ad4a5080745e25a38cb8e737,504,128,128,128,True
BigCodeBench,BigCodeBench/45,kern_compact,01d992131ee0c6cdbb831ac05c30129afb43d7c55816332bbb422470e386bffc,379,107,112,112,True
BigCodeBench,BigCodeBench/45,python_minifier,a02f92083a655b276238c05d9402baea8de8302f3f2af79102de1808db742e2a,369,106,111,111,True
BigCodeBench,BigCodeBench/46,python,1b419abb2076831c250820fecd74443491badd42fe7a23bbcea5f5d4d9ec4f14,368,95,96,96,True
BigCodeBench,BigCodeBench/46,kern,f3d9714c137455a2cb799fb5f6b4bd5aa84bdb4505eb9284b7f02c4f149e1055,204,60,61,61,True
BigCodeBench,BigCodeBench/46,kern_compact,e17ad3ce6251a09b5cf8415228b7af1c97039a4496ff47f9e0250047b80ef27c,198,59,60,60,True
BigCodeBench,BigCodeBench/46,python_minifier,181646943b878718f817877bdfa1907926b292247bac01ab79085cb9ced8086e,211,62,63,63,True
BigCodeBench,BigCodeBench/47,python,81a90c090597991dee023f47981037ddc56851cb6ea1f554accfe3fb1da03a18,366,87,91,91,True
BigCodeBench,BigCodeBench/47,kern,7678c418ebc80a1a2c38daa912a9baa110c2df5a65b98fff86400ffe4717cd23,310,79,83,83,True
BigCodeBench,BigCodeBench/47,kern_compact,6930edf37ed5afdea4ae4554ca62eea02d47f68fe2db339ab77735be2e07550c,284,74,77,77,True
BigCodeBench,BigCodeBench/47,python_minifier,d04b1a70aecf72db276a3d4d9af9f6cf7433b6d6113bacd7c5d0b158c2d1f6fb,296,79,82,82,True
BigCodeBench,BigCodeBench/48,python,13c3110c4b51a9d0e53c3590c4005d91f71dcd20a176a2ec676c445cb16df469,570,127,127,127,True
BigCodeBench,BigCodeBench/48,kern,a70c327ae83d19da9c11975b1f48ef0ef5e7f66b648349a4eee4ea69fc8a069b,455,107,108,108,True
BigCodeBench,BigCodeBench/48,kern_compact,ef12c14a1d2ee3b9a13abada3167c187600ff15e3df1d14723745448a6f8242b,369,103,105,105,True
BigCodeBench,BigCodeBench/48,python_minifier,85442ecc4e1bd8cc16adb84df95a825dd73b1137fef4352e8abedd96e31680a7,392,105,108,108,True
BigCodeBench,BigCodeBench/49,python,ddb1a38761eb51d54cdfb78dddcb4021deadf83a2ee9f05c0be49c1b4d26af13,482,114,116,116,True
BigCodeBench,BigCodeBench/49,kern,9a65014cb9f9ea75841b1be21c319f6dc13953fc356e3fdaf3c04d23691761d4,405,98,103,103,True
BigCodeBench,BigCodeBench/49,kern_compact,b96dbab2c96aec20baf733f3085b62327d5a44e94f4242b43390c1bcab513738,380,94,100,100,True
BigCodeBench,BigCodeBench/49,python_minifier,6cafd450df2d7a27f6cf01c322694fe7059d74d0748f14ee12d9d8ddab245ad0,380,100,105,105,True
BigCodeBench,BigCodeBench/50,python,86ba46469129e0288f0d1e89d8b80121a00d44cecad1e6a7033fc6f5b7a2d857,737,197,195,195,True
BigCodeBench,BigCodeBench/50,kern,48f39a98025ff2eaad7c146236994c299e2f7e1ce154e77f637dbafccdbfe5cf,598,163,161,161,True
BigCodeBench,BigCodeBench/50,kern_compact,cadce13353472b9693a1373be0bdf66036aa7ca56396117c3886b57e24545581,565,157,156,156,True
BigCodeBench,BigCodeBench/50,python_minifier,141b1bd049faeadbb11dd45de7449aa6a8e652cc7d595869871562319dd2ebbb,534,155,156,156,True
BigCodeBench,BigCodeBench/51,python,5eb9835dbde419e02e0f9d0d25a27095b8498c67afdf66a74abfab72cb3017ee,881,217,219,219,True
BigCodeBench,BigCodeBench/51,kern,f3f878fdd071f96fd88e804d11ea1086ecdc877b2c705e49a50ac59cc5a7e94b,555,147,150,150,True
BigCodeBench,BigCodeBench/51,kern_compact,c0c041804044db965e917ca8078760564b9c40b4e19d8d68388c85200e92af5e,438,131,134,134,True
BigCodeBench,BigCodeBench/51,python_minifier,a07c29b21c451ea80a7b55c9c266624ce5ed592066e2e17f72a173bd407be480,424,133,135,135,True
BigCodeBench,BigCodeBench/52,python,c05cebfb06162bad017baf3831fb498f01712266304dc423ca0905a57d44a75a,318,89,89,89,True
BigCodeBench,BigCodeBench/52,kern,062e002468fbe89580543b7e6a8cd7fe6e86d08670230930433935caf6895faa,249,70,70,70,True
BigCodeBench,BigCodeBench/52,kern_compact,5fad852c9ceeba1d3fa438e5dd7a0a00dc5cc41f85d32a9e0f474fdc8cd9aaa1,208,67,67,67,True
BigCodeBench,BigCodeBench/52,python_minifier,6978e20ec50d85531d20734697b2f087075c1cd73e1ccd881e19280f1572809b,225,70,70,70,True
BigCodeBench,BigCodeBench/53,python,f1fc2b24c09b215a73cb9303ce3d39da4133ddd42443a7e803bc604f08c3cc7d,505,138,140,140,True
BigCodeBench,BigCodeBench/53,kern,3ae830f83d6417ac18e623cc6384636176f6220d5d281157c947affbbae55298,419,117,119,119,True
BigCodeBench,BigCodeBench/53,kern_compact,c6e271a5228d06d3317837a90112b8ed0c5c3838fe219a95bff34de37d22fa46,361,115,117,117,True
BigCodeBench,BigCodeBench/53,python_minifier,6693a746bbb7c76e683bf3f08a94e7daec2e064ccaa954f6123b228f47eea97c,375,121,122,122,True
BigCodeBench,BigCodeBench/54,python,05ad893ae33a436cf9054eb33e424db9fd6774f3e6b0c775785b776c0d419e64,419,94,98,98,True
BigCodeBench,BigCodeBench/54,kern,8804604a4668c91eb2d04e9f2354267ebbd39c4e4cebf14e00e9bbaaf02ae7f7,359,84,89,89,True
BigCodeBench,BigCodeBench/54,kern_compact,b86d1685854afb51fdb3218f8f3b521fd47d376044e59175441cff5d8e8373d7,268,72,77,77,True
BigCodeBench,BigCodeBench/54,python_minifier,440d5ddf18b5dc9700663f4b1706de211e449d57914af47df4ff724b4f21a204,288,75,80,80,True
BigCodeBench,BigCodeBench/55,python,c7c61da4a45214f8c927f191087e642905608be6eb26569a974147dacc4af4bf,529,128,128,128,True
BigCodeBench,BigCodeBench/55,kern,4c12dcbfac26a1e27c856f1da21fca39f0e2a5891cf96049e4271d583cc1fb34,405,103,104,104,True
BigCodeBench,BigCodeBench/55,kern_compact,d41fd5588edf973fa7e34559ef615c04df6381d79cf3e4e21883118e591fd217,283,94,96,96,True
BigCodeBench,BigCodeBench/55,python_minifier,43077f809edb33e1059c7fc9fb000017a84809fe7ebb721c2120aadb18fdc107,307,100,101,101,True
BigCodeBench,BigCodeBench/56,python,5d5e9f41144c6b08e3e1a0260e9c3a8e000292e8773e83dd4d1fc01dc660b635,383,103,105,105,True
BigCodeBench,BigCodeBench/56,kern,4b0a02cdf618d09c973d9e374c799fff88fd37c7338346aac6c21923c4b774cc,257,73,75,75,True
BigCodeBench,BigCodeBench/56,kern_compact,8376d28f590c8d6ab31028637de22b185eabdbf8e899c622c09c1eb2448664d3,211,72,74,74,True
BigCodeBench,BigCodeBench/56,python_minifier,c8f524c39884c591e0a1a17076607e4a994d7f5d59ec48c3d45fec6b308c59b2,215,75,77,77,True
BigCodeBench,BigCodeBench/57,python,99e76a2eda3888e512480b84f608915985670203313bc0dec317f1be4805f91f,332,91,94,94,True
BigCodeBench,BigCodeBench/57,kern,6589994844569060a45d4c49d4376cb83fb8d216d9aa8bf56cb05ade300d82ee,276,78,81,81,True
BigCodeBench,BigCodeBench/57,kern_compact,7e175e7b1b45d770c3456d057e9eec64b6dcb4089523837dc3c8e614ba040884,253,75,77,77,True
BigCodeBench,BigCodeBench/57,python_minifier,07577c29c5d239dd4610a7ed3788bfa9c634219981a597c49c8339e488482723,258,76,78,78,True
BigCodeBench,BigCodeBench/58,python,9ef24f0706b5a866390d7e5c498189828890b89af664b6a8d069fbf5920c6a64,473,131,132,132,True
BigCodeBench,BigCodeBench/58,kern,9ee622cb3a6884abe98fd686e64be992fc692aadfb5fa5cb71e35adea1d50a3c,383,107,111,111,True
BigCodeBench,BigCodeBench/58,kern_compact,aa14b717772b9cbab925922ec8a122da0e12d9161d8ca87ba99b8f23c94e7356,351,102,106,106,True
BigCodeBench,BigCodeBench/58,python_minifier,efaa3c5f7af63c976d6562713a08b63f3b916598c464bad6b680f6ec3a45cd44,370,106,110,110,True
BigCodeBench,BigCodeBench/59,python,8a3f463c66d3ed91a61146a9c0d72dba6234282597fd01308ef0c6f1a64e6fc5,433,102,103,103,True
BigCodeBench,BigCodeBench/59,kern,3c4bf011b8d6f7c3a0102a19f9462a74fd3fb586b0f78773f249c076e3c74b05,335,88,90,90,True
BigCodeBench,BigCodeBench/59,kern_compact,1614869fc147d0dcbe01eabff406c0a542fee97d92a6181c8dc1cd9652e4be0a,301,82,83,83,True
BigCodeBench,BigCodeBench/59,python_minifier,0caf51b8c94ea8d9660b35219e3dbc0c6b7b31325f3f26faad0836433c57f485,341,87,89,89,True
BigCodeBench,BigCodeBench/60,python,aab889b8b120e3954f1a4863b92b1c8db61ffb10187266732314362601ee4f4e,315,84,85,85,True
BigCodeBench,BigCodeBench/60,kern,e2084c5a35031759f8e3640b4320f12e94fc0cb0adc66aeaf3d0fdd56711babd,226,62,63,63,True
BigCodeBench,BigCodeBench/60,kern_compact,8ba65e5bd3f1868d123df3413cec8d1be6bf98649e38474b88be55f921a1b8aa,216,60,61,61,True
BigCodeBench,BigCodeBench/60,python_minifier,eb8df15f18f961b23d9e2691c9874f526713453c3bc2f35937c31f5c1398bc18,222,63,64,64,True
BigCodeBench,BigCodeBench/61,python,179bcd504a895fedc18ec95de89116d8124874c777617bd33e76379c19ec1a95,827,225,226,226,True
BigCodeBench,BigCodeBench/61,kern,2cf0426afb52b3fe7234f62a0bec042e0bfdbfbfd1a97f757fd651dea5ed3e48,557,156,159,159,True
BigCodeBench,BigCodeBench/61,kern_compact,9f2edc060bff5dfb6d93e8de0b76ac628dacd2326bcd19f7cbb5b5f08b62dbb9,457,138,142,142,True
BigCodeBench,BigCodeBench/61,python_minifier,75f8567277690f970464c70d6812d275c5ca801b1e8466b50d37012045980cc4,466,139,143,143,True
BigCodeBench,BigCodeBench/62,python,15e07d9012a39375e46cb8db80b6146f542a5bee62fbdf10ebb50bcee299119e,324,90,91,91,True
BigCodeBench,BigCodeBench/62,kern,e24c9996e6b0b9036498978bbec0be677f509900d964b9ab49f02005c91f3f0d,273,76,77,77,True
BigCodeBench,BigCodeBench/62,kern_compact,169839465fe52897bc8d6efc461196f74a057b19ff25fb2892dba5ebaba37f14,232,71,72,72,True
BigCodeBench,BigCodeBench/62,python_minifier,02029a5b0a1750d77d43f218eb81fb0c92c15366e27842db0b16e3f5f3fd0b02,232,72,73,73,True
BigCodeBench,BigCodeBench/63,python,4af97fe7223c310e564663e0123e14406176b3d75d1359ee93d6ee1a76a40049,549,131,133,133,True
BigCodeBench,BigCodeBench/63,kern,5aa856d9fa874523c527b9dc39ad2be877f76d6e3f49cce6cb590e923a8c553d,399,95,99,99,True
BigCodeBench,BigCodeBench/63,kern_compact,b27414a9e28a122e8303213d622ecc80f9d44e8ea2c4811f77471071a5f75a21,343,88,93,93,True
BigCodeBench,BigCodeBench/63,python_minifier,b9c23058e9253d09c877fd877d6b9b533702cdfea274e321f57bd5f295fd4f95,343,91,96,96,True
BigCodeBench,BigCodeBench/64,python,c2273f93b77546f80e30275e702642d0526b93b28181b57417d5165534434178,447,120,124,124,True
BigCodeBench,BigCodeBench/64,kern,be38dea97a645c003d2c9c21125d55ed7c5012b40327ad1d53e2b2a5183bcab1,374,109,113,113,True
BigCodeBench,BigCodeBench/64,kern_compact,bb7dd39ef82b4dd8ba148e682a8958bb64c38345b4daf74226fa915228bb486e,312,96,98,98,True
BigCodeBench,BigCodeBench/64,python_minifier,afc056a7ec5245a2441b9b4d431fa01ba340c565e0285c1815a4aa3278282888,325,98,101,101,True
BigCodeBench,BigCodeBench/65,python,52dd8dd65f35bc23eaf9eb8ec7067148795e026dcb495d86bc1e2e4801b8286e,497,137,138,138,True
BigCodeBench,BigCodeBench/65,kern,ebfc595dc201386ece481dfac1bb81735b164bfa9d3d796257752e1c154a20e3,400,118,122,122,True
BigCodeBench,BigCodeBench/65,kern_compact,a14c14127cae56f179bcd83dd588e212531cd6d44ef9517b04b4ffe319be7644,349,108,113,113,True
BigCodeBench,BigCodeBench/65,python_minifier,2bf4176758586faf3b7ee4f8ddbe4670458e588c76a2468402216e15d53c9d0c,360,108,113,113,True
BigCodeBench,BigCodeBench/66,python,563c90b019e5bda6fbdbd86f51250ffd146e33fbdf6ffd1c9cf0fe0347d1c789,310,86,88,88,True
BigCodeBench,BigCodeBench/66,kern,3786aabe3a04b4fc5ea82917c028eb6c96ca1492b92f33cfce2cc4d62319df5a,252,76,78,78,True
BigCodeBench,BigCodeBench/66,kern_compact,61ea1d0453ab6c2a78562e1ec1727af03449938d33df5efd71df4e1727f7e552,214,71,71,71,True
BigCodeBench,BigCodeBench/66,python_minifier,96d78b7df7decfb2e06b50a08751735c133ef89fcb02f5b64b177c89fc7a4278,227,71,71,71,True
BigCodeBench,BigCodeBench/67,python,a47716b89308a41c56393d1acb25f89320235bfe5e239e20cae7a3ffd5185a42,354,86,87,87,True
BigCodeBench,BigCodeBench/67,kern,026dea7e98a4c1dee2340997b830d84c6fed2488af9004b428b348b91d8e2e64,278,72,73,73,True
BigCodeBench,BigCodeBench/67,kern_compact,9eec58e07e23de80c7652d24c8e4631d3cbd15d09362faf0c7212c30d9872baa,228,64,65,65,True
BigCodeBench,BigCodeBench/67,python_minifier,30de283f6e3795f73461f2906f7843e6c7d9f370c7ad0b87048b460d38adbda4,241,69,70,70,True
BigCodeBench,BigCodeBench/68,python,c35d0a2d50eb438bea702533fa0a16d304f1acc180c60316f0f11a6409169e23,303,81,81,81,True
BigCodeBench,BigCodeBench/68,kern,f3c6923ef1f042f96866f45d2b0e2509236eed18b396529ac16b5ac63177173c,210,61,63,63,True
BigCodeBench,BigCodeBench/68,kern_compact,06de7f23789af2bb52e7d11b3bbc11217f007a5388ed4acdc8687158142c6c09,198,62,62,62,True
BigCodeBench,BigCodeBench/68,python_minifier,10528b26d8445008a3f7d734964a63aa75365b73aee9153231269286fdda954d,211,62,62,62,True
BigCodeBench,BigCodeBench/69,python,a814eedd0d5bd488a7d6fb0736aef02622e117bbb415b406cd12bc91c998ec72,565,136,138,138,True
BigCodeBench,BigCodeBench/69,kern,d336e5121f8fb1a946c224ee4605bf326ef244e035c2fbe35044eab34df70731,438,113,116,116,True
BigCodeBench,BigCodeBench/69,kern_compact,f996b9baa6065e084e19f9dcc5fb98d2664840bfaeb3687f337ef278c56304b5,353,101,102,102,True
BigCodeBench,BigCodeBench/69,python_minifier,fed00e2fc5181d67b367bc8a1aad082c5af682f345b16ba5c5795558ea853f15,378,104,105,105,True
BigCodeBench,BigCodeBench/70,python,9ef91b42ed12cdbc1db01f0dfd77e8292ac90d8fa2c6165baa113ab6542df571,493,135,138,138,True
BigCodeBench,BigCodeBench/70,kern,7ae0dfabd7cd4b30afe518e56342029ee17f980de74991909c7b7887dab3a012,381,110,114,114,True
BigCodeBench,BigCodeBench/70,kern_compact,85b45698e5f3a11df5b6eaae871d4b10a5a6c2928757e0c468ae17d3bf832102,331,101,104,104,True
BigCodeBench,BigCodeBench/70,python_minifier,c92eed650f5b175c0580272c67245f082f5825a70f315c44a1667bd3ea3c63e9,342,111,113,113,True
BigCodeBench,BigCodeBench/71,python,3181a147da0295edf21c60177c3cf1099cbacf25865cabf7d8062d604a07eacc,365,108,108,108,True
BigCodeBench,BigCodeBench/71,kern,be31d27aa8d2ef1d5a60e92431573453c0388abff523c51afb2b8fad9a7d0636,300,95,96,96,True
BigCodeBench,BigCodeBench/71,kern_compact,b997485cdfe2750c0207d07dcbd79f98012444b62924d5a96aa6519dbc3a4962,271,93,92,92,True
BigCodeBench,BigCodeBench/71,python_minifier,80c431824c597cc04a6940517b2692c9f4401b2b8b99c1967f34ff7d8b5c1f6e,267,95,94,94,True
BigCodeBench,BigCodeBench/72,python,6db6155e608f883a38badd8985c660f807807d8b87688c9522bb69f25db3f658,718,180,182,182,True
BigCodeBench,BigCodeBench/72,kern,5c38c9aa6b5e03a85e8cce18c3fb2e276f9b50cbf247e16a7fa2c9947e695fd7,529,146,149,149,True
BigCodeBench,BigCodeBench/72,kern_compact,2a667de7249b840a695b25f33f5af23dd6d4010c7f5a034bd1352f62ca27d9f7,447,140,143,143,True
BigCodeBench,BigCodeBench/72,python_minifier,de3f80bb3d25df94624552e6f339723d10ec3c069faa275e8a25a1cf8e8c686c,452,158,162,162,True
BigCodeBench,BigCodeBench/73,python,f91f84faf683a3a334d1a494e7c786cc108180ef0b9e293f2a356143a4856634,479,138,139,139,True
BigCodeBench,BigCodeBench/73,kern,558bbde7e5a25ef92fa2a725386d181bce118433f170ee0bb50026fab4df0071,397,120,121,121,True
BigCodeBench,BigCodeBench/73,kern_compact,3c4786ed38155c99ff6ed1c73f4fd1033b49522e3ff48ef619ba79ad18502c52,362,116,118,118,True
BigCodeBench,BigCodeBench/73,python_minifier,9c3fa24ea85d7a98a631eabbc5755b7bc5c7194a4e7777cc361fde3936aa7b93,358,122,123,123,True
BigCodeBench,BigCodeBench/74,python,a9bd8c433f2ac53298ba40f3b9ad4d75d973f594ecb1cb335d1bc03f8072046d,624,134,136,136,True
BigCodeBench,BigCodeBench/74,kern,3531b528a32f8af629927e42ab16a39ff12ab5e7c118b180fe8e62f14b7cf4fa,430,104,107,107,True
BigCodeBench,BigCodeBench/74,kern_compact,716e06ed0d89b2d367f7f383af5ab5154816dfa186dba0e0fc6aea48a34d0297,358,97,100,100,True
BigCodeBench,BigCodeBench/74,python_minifier,c672feaf492bc923e42b4b7d9f6e722c62e13e1d82260167d2129eee5b24db83,375,102,104,104,True
BigCodeBench,BigCodeBench/75,python,f4423e609e01983c1cd1caaa8c7ce1a8752d02bb6dcc5ef878296c36209a7463,1182,298,303,303,True
BigCodeBench,BigCodeBench/75,kern,80a9e37391d97cf794201e5c7981225347f577c244bcfa1d3157596be5d67fe1,915,237,243,243,True
BigCodeBench,BigCodeBench/75,kern_compact,ec3af7b7d37bc95560de7e38103e805193c7179362a8f9af90394a792424f52a,835,226,231,231,True
BigCodeBench,BigCodeBench/75,python_minifier,d18dfd503005cdd9d457f9ee0e5dbd89872fcf14143233b37b8635c01048d60b,853,254,261,261,True
BigCodeBench,BigCodeBench/76,python,6b17203ce8f5a1dbc0ed01df6bdad9cccde85ba5f12011895ba316b35c872a67,632,130,138,138,True
BigCodeBench,BigCodeBench/76,kern,ddaf4ad6b2f252444d472e566c6fd73b994dbf8eb50ec205a67bd318804b8ff2,552,118,127,127,True
BigCodeBench,BigCodeBench/76,kern_compact,95562eda5244fd794a52321cfad248eef180dc024966f683013a51208d99d7d2,431,107,115,115,True
BigCodeBench,BigCodeBench/76,python_minifier,ee96f1fc8c9d39961e7566539614da64c8db3fe833090ae0aef12e475cfce6aa,451,107,116,116,True
BigCodeBench,BigCodeBench/77,python,25a4ebb5204d11506f0195bb5427e794adedcfa865d252a1df742d4ea94478f8,670,133,141,141,True
BigCodeBench,BigCodeBench/77,kern,a2f57b431a778a58052bcebbb7df9c490dd2bc9b925ec5e8d2df9741f3fcf4ca,514,114,123,123,True
BigCodeBench,BigCodeBench/77,kern_compact,538e73435236aa2b57696da531392f84daf414b7faf358385b5ea3d3b604b2f3,445,107,115,115,True
BigCodeBench,BigCodeBench/77,python_minifier,95b8c2674a113e49692a976da7e1be278f1e937eddf76eff1911457265cba945,485,112,118,118,True
BigCodeBench,BigCodeBench/78,python,5765e06674aed7dabc755baf6a9b12fc782b155f8020f21401661b905a49cf30,390,91,93,93,True
BigCodeBench,BigCodeBench/78,kern,e2cffdcc79c2c42748a435f759cc1c56a703425c2a8494fe26d6e82e90559f07,323,79,82,82,True
BigCodeBench,BigCodeBench/78,kern_compact,3b54cef1dc159440dfc946748d1f8921bc4cc6c12c1abf16cbbd7e29d26edd73,263,72,76,76,True
BigCodeBench,BigCodeBench/78,python_minifier,d92b1b4f804c88a61b03796ea64700c49e1393346914492a218da652685030cb,279,75,78,78,True
BigCodeBench,BigCodeBench/79,python,3e5f1ef5ccf32882798907535818c16507d1bb5b26c88128215d3c87dc2fda6d,568,132,136,136,True
BigCodeBench,BigCodeBench/79,kern,cf04c0d08c8cf1f2ff0e3a0b303411d743adf79182b702dbde486257b43d77de,431,105,109,109,True
BigCodeBench,BigCodeBench/79,kern_compact,f145245bfa5f753ffcc5655c8485f07c38d651b66e7b03ec958cd9c51fc7de55,348,94,98,98,True
BigCodeBench,BigCodeBench/79,python_minifier,aa993fb2d03470db5cb89a000847625056e46b9031199b83e91e5037902c0a39,373,95,99,99,True
BigCodeBench,BigCodeBench/80,python,4995b229dc69be6efad2a0b5e5171e2f57f5dfc118b15da20d67d6871a425179,435,88,89,89,True
BigCodeBench,BigCodeBench/80,kern,661adbbb7285fa38e39a41089f4976e78819c549a5750a5bcb3e4f57d700e04c,332,75,77,77,True
BigCodeBench,BigCodeBench/80,kern_compact,a166370db0a12fcebe4f42d579726ed2b247b5fd1bb1eb2e60de9bf9777ad5ef,317,74,76,76,True
BigCodeBench,BigCodeBench/80,python_minifier,bc9901e3574cd0f25209e4406b700e83c1044b7880204ed1b9f10473606110df,353,79,81,81,True
BigCodeBench,BigCodeBench/81,python,24b3c510bc5c4f8a00c45f7eaede5cde80a2f00706a37e0623d92a8da64d3b97,421,87,87,87,True
BigCodeBench,BigCodeBench/81,kern,7f889e391f57781498a8444813b57fc834a3ea04779c30b01467b284c2e5c537,286,73,73,73,True
BigCodeBench,BigCodeBench/81,kern_compact,d00ddf09a4d45f82e4e26b830c3abb0df79a6abdd7696d5ef2c2d31585b5f05e,235,69,69,69,True
BigCodeBench,BigCodeBench/81,python_minifier,1a21d698083eb5eaa2a81dc8a3006ae1987b641818f65439a7fb1062f31931ad,291,77,77,77,True
BigCodeBench,BigCodeBench/82,python,f06477686e5c5d4580df35276107a8198a41f90689e028c4eb0b0ce9f32d4d98,1859,391,396,396,True
BigCodeBench,BigCodeBench/82,kern,44decee157103389d192e84ac90323cafa686ca1bc34f3dd4e2bc625fd835fe8,1404,320,328,328,True
BigCodeBench,BigCodeBench/82,kern_compact,5a23484988cdb72e277181460f2f89d0dd9283509a5cc5bb089cab8edd14e65f,1373,319,327,327,True
BigCodeBench,BigCodeBench/82,python_minifier,5a7a6352794e3dc1f56c34933cc21876697b7601f70609dccf948ab1bc79eece,1478,345,351,351,True
BigCodeBench,BigCodeBench/83,python,c37a19375c3c64363740c50702763517cad5a1eb7c1bfa8cc4cadd6522d91ff4,731,171,171,171,True
BigCodeBench,BigCodeBench/83,kern,a7341cf6387910d2d88e0efb090b0df323e74bf18bc97096dbb54cff8356ee18,578,147,147,147,True
BigCodeBench,BigCodeBench/83,kern_compact,8c83c790cb577285b93ac6deae50f186f0a5b381787358a54c2c7b9375d4174e,545,141,141,141,True
BigCodeBench,BigCodeBench/83,python_minifier,82fadd4d224fb936d6b623cd521f2310ff54f7729bdbcaecadbb95cf740737d7,582,151,151,151,True
BigCodeBench,BigCodeBench/84,python,58623da9d02cc483192c27b0eff4eec7e70124917df1a6ad7300efe2273482e1,1511,347,355,355,True
BigCodeBench,BigCodeBench/84,kern,529b595717850247b9064cbcb5b983ca4573f350b9b069ce3e60ff4a51bc011b,1292,299,312,312,True
BigCodeBench,BigCodeBench/84,kern_compact,bbf855ef60bcb7b59bc95ab327905cf6af1095384dcd38fef698fa549d9a5144,1224,295,308,308,True
BigCodeBench,BigCodeBench/84,python_minifier,2298a57242b7997c368f87c5cc10fd685df6625fe81db1d61517ea280e7d6f7e,1118,305,314,314,True
BigCodeBench,BigCodeBench/85,python,d6bf9cd4e4f8a0aa9c02e6071eeb71ed87ecb2b4c77b8b56b1309220191e3145,770,192,192,192,True
BigCodeBench,BigCodeBench/85,kern,1ebe3d6f65087201f3ae5a77667be3c774ec9feb1f651e3af9cd53b823a9d891,620,160,161,161,True
BigCodeBench,BigCodeBench/85,kern_compact,c0b032d32ea66ff4010958464eb9c038014b73caca234fcfc91e50a0162bfac2,540,151,152,152,True
BigCodeBench,BigCodeBench/85,python_minifier,b17330ec422fcda9f2590c73010f3fc1073b649efda810cdf52f29c236f3838b,533,165,169,169,True
BigCodeBench,BigCodeBench/86,python,3d3f11b96102947fb8e3cded3c4870e3c5bde4af45b5982272d1c02709864eb0,443,119,120,120,True
BigCodeBench,BigCodeBench/86,kern,75a347d1c3a09b52ffe99c21757e911aa7ff1b7f7ab5a75115f721fe246b3020,376,103,104,104,True
BigCodeBench,BigCodeBench/86,kern_compact,2145a1261c999607e76e83be67f395fe3c3f98609ea91f857dca6a60691d4662,333,98,99,99,True
BigCodeBench,BigCodeBench/86,python_minifier,42a24642685bdacf7d3cbbefaf08913ef43082c3bf4f67042078c183073815eb,327,101,102,102,True
BigCodeBench,BigCodeBench/87,python,0bcaf3441b9ce8d697de8edc8aaf48737e6cfac4618919f694dff25046b3bbbb,476,107,110,110,True
BigCodeBench,BigCodeBench/87,kern,d7d030ca91bfd4581f2fe9965d63ee586be786d840d526c2cd914b593e273724,357,86,90,90,True
BigCodeBench,BigCodeBench/87,kern_compact,1426da3bca349ffc2fe23c2f0632dcfbc2c359209e51886eeec2e4838b290f5b,290,80,81,81,True
BigCodeBench,BigCodeBench/87,python_minifier,054354314922faef9dba15f81ab5d7c5b9381ae4d76854857633af77186eef34,307,83,84,84,True
BigCodeBench,BigCodeBench/88,python,1179ba4e82edd6754e3bc09074dd84a014142e7132820ec2fd29afde1d45e374,466,120,121,121,True
BigCodeBench,BigCodeBench/88,kern,14e20b5aa8d5e96d80fbd0c1d0da07220be00d5176cb88f52facc468dd78cdb0,363,103,104,104,True
BigCodeBench,BigCodeBench/88,kern_compact,71c5263a23f5c70c079bf12866a34ffa0c31f8e9b6eb0a53b95de20c4325b7ed,324,99,100,100,True
BigCodeBench,BigCodeBench/88,python_minifier,a091eee28b2dd18cb139b0f990d9a7f072e4de87ba1d1206d9c18508344258f5,335,104,105,105,True
BigCodeBench,BigCodeBench/89,python,f39d5f9bb23e59e9171d347060d23ea3b03186f687b1c32194b6227a8cdbc0a7,1126,277,284,284,True
BigCodeBench,BigCodeBench/89,kern,9eb451979483ff2985d4a672167ba5307230092bfe0e542afcb29f6af2990c8d,743,186,187,187,True
BigCodeBench,BigCodeBench/89,kern_compact,d273fbfee048426dd72b5544a7cb717458b5f0927c7935e5321ef1b059a1d114,514,154,156,156,True
BigCodeBench,BigCodeBench/89,python_minifier,172484d5d9782ce76d0b1e1a8d00ede595e63f18aee32674582854db85072d00,533,154,157,157,True
BigCodeBench,BigCodeBench/90,python,02352c18fa37d988f38f7c881dd062233874d5dbd382ea587104ee7411e1682d,972,264,272,272,True
BigCodeBench,BigCodeBench/90,kern,0907b28155ffc8e93057012aeaaa504732b6db39b270f1df89dbe6e4bc51d0fd,658,207,217,217,True
BigCodeBench,BigCodeBench/90,kern_compact,c0486587fbc0ab40b965bbe95720d637a14f17f05d70478aa2309224b4c244f7,542,178,188,188,True
BigCodeBench,BigCodeBench/90,python_minifier,df0f9bed6846957d3acdb7a0cbc5becfe48780d3e93a2d0d214be0b6b02ba84a,509,178,185,185,True
BigCodeBench,BigCodeBench/91,python,687d5501891792e88980fff68d350650a1ee52d05fc417a509af04ab280a9d7a,589,156,158,158,True
BigCodeBench,BigCodeBench/91,kern,25d835140f6043586357cf39dad1cb5b025447b8c9cbfbc8faecfc82d8893bc9,492,131,134,134,True
BigCodeBench,BigCodeBench/91,kern_compact,a56424d680bc9b306e5a66ebfc59dd30f9063add3346b8f90b078f4bc1766565,415,119,121,121,True
BigCodeBench,BigCodeBench/91,python_minifier,5aaea587d0d5236b83c599e7e5e46ce6f719dff1a38e9ca38fd4a79a25e4eb00,425,129,132,132,True
BigCodeBench,BigCodeBench/92,python,772c8e969210cf86c653f30807ed4bfbae94a8784c7ad3b7c368a41397c6ad9f,913,232,238,238,True
BigCodeBench,BigCodeBench/92,kern,defb7eea81c39993e238b7aa370bf4fe33e1442a54fff149575e6ff2e9777616,775,202,207,207,True
BigCodeBench,BigCodeBench/92,kern_compact,b9068d0d2ac969f7f766838a3be11aba1880ef8d37193bdf0d0ce82399302f16,709,191,197,197,True
BigCodeBench,BigCodeBench/92,python_minifier,7f1c5068dba09c355bdd486469efe1e44fede4d27083d4b23b6bd9ef693962f7,723,198,205,205,True
BigCodeBench,BigCodeBench/93,python,2c3bf95bca1a473d472777e523bb6157e0db47c9e5398e3219f376e01fb51e0a,579,136,140,140,True
BigCodeBench,BigCodeBench/93,kern,13b38d4309f40ab6978c1bc1f1919e9cf77d040f740a9598f9e96f408fb11742,486,122,125,125,True
BigCodeBench,BigCodeBench/93,kern_compact,147b782e708b1cbbcab7f6b09e0b1bc2d89389ae52364ca78446a9f3c09b0333,405,107,111,111,True
BigCodeBench,BigCodeBench/93,python_minifier,2d9d172296d01a5b637be7089102d61b55d9debf114d1ad778d7e0814bbca954,412,113,117,117,True
BigCodeBench,BigCodeBench/94,python,488ec4a4ae363d109f520dcf899e706ed7203a604db5de697bbd64bc4cd6a45a,535,158,158,158,True
BigCodeBench,BigCodeBench/94,kern,73ffb163f36aacf8af92d52ae3863e6b0353499bfa8893f6d21d54b071155367,439,127,129,129,True
BigCodeBench,BigCodeBench/94,kern_compact,a0860c6f0246367ab471932e21300642deb01b86ad146e30ce71bcf97d259aaf,392,121,123,123,True
BigCodeBench,BigCodeBench/94,python_minifier,425db877cef351bfada838fe105c91ad3ac0c4057089612786d4f45c8c5f267a,401,128,130,130,True
BigCodeBench,BigCodeBench/95,python,a9a233d8bb6765d291714269024d2506efea027beb0d208953df4ebae30f3d17,1030,244,246,246,True
BigCodeBench,BigCodeBench/95,kern,8dbef19fd3965096815a40d2177f81b6950dbb5be2f317df01eba24b87895f7c,796,184,188,188,True
BigCodeBench,BigCodeBench/95,kern_compact,a39f8e77429d7f1a5b0915d2369214ca18c58ca71595fdeb9ba0562bfa246b39,730,175,179,179,True
BigCodeBench,BigCodeBench/95,python_minifier,549254054c4dda3f22b53de97737ba57a3f9108a180cafc21052a69996d308f5,729,197,201,201,True
BigCodeBench,BigCodeBench/96,python,50ecf20331fe3ec8bbcfdea6fae5b5edf064efae61ac677f9874fe8781d2aea1,422,94,94,94,True
BigCodeBench,BigCodeBench/96,kern,0c3f3cbd58d5ba3831fb3a3046b91af87947a1b81785d14198e3fb684f37c46c,318,81,81,81,True
BigCodeBench,BigCodeBench/96,kern_compact,423429ac8e7a0a8c9ed187b24cd43e096657d77b840380d13d3a0f7d0d42e229,252,74,74,74,True
BigCodeBench,BigCodeBench/96,python_minifier,44f8a9c6b23a509b32853268b67391af1d15ea05999cdab286eb93863392b79d,283,79,79,79,True
BigCodeBench,BigCodeBench/97,python,e7473b84b8db89d0cb46fb7f64362e0de95cbbd594ce37e50180a2193cc6efd1,388,84,84,84,True
BigCodeBench,BigCodeBench/97,kern,563561ac2810ee185ffd4659e718375779206d10146616587f0455c723fac7f4,292,71,72,72,True
BigCodeBench,BigCodeBench/97,kern_compact,041b1388425dd49abe415a24a685680b55dec088227367ef90ee0e539d4228c4,189,60,61,61,True
BigCodeBench,BigCodeBench/97,python_minifier,31dfae79ad78e50c32496df60167a8b674251fafe16d9d76d773ad05f71e3c76,215,67,67,67,True
BigCodeBench,BigCodeBench/98,python,36b1e3e0b4315248f1dfe0966c19be3b9370255a88e45bfc4133a104b155decc,385,75,80,80,True
BigCodeBench,BigCodeBench/98,kern,c02000bcf8b0f1916cbf03c197d48169af311ff65b1d438b17ee83f093d2a20e,311,63,68,68,True
BigCodeBench,BigCodeBench/98,kern_compact,024a1b1c2948be5976e2d22e207ed80400bf572e48fffb44a8298282350d57b4,218,55,58,58,True
BigCodeBench,BigCodeBench/98,python_minifier,75997e72b4737440d7c66dbe4f10f29efcb5036dd714462d78c3caf1eb5a837b,241,57,61,61,True
BigCodeBench,BigCodeBench/99,python,f87e65827e12d49a59b16af532161cd31bf0f056edbccfdfd73df97f2c259fbc,577,145,148,148,True
BigCodeBench,BigCodeBench/99,kern,6d2cb0931fef41ae1e873bdcae9172e3ad7844ac2e359abaaf3d40de87e3ec67,400,106,109,109,True
BigCodeBench,BigCodeBench/99,kern_compact,f06be5bc2b21244ccbdfdcd66fe59b46ae64044d91fad858602e5f05ab337b26,335,95,96,96,True
BigCodeBench,BigCodeBench/99,python_minifier,e7aa3cd677bda4e44e13967b87cc2cb5f255a83e6d76706363d635757c926e8f,347,99,100,100,True
BigCodeBench,BigCodeBench/100,python,7354a11a39229201652cd828b4558d2e2eb947b8bd54fbfddd7c58e89e38b0b6,650,151,152,152,True
BigCodeBench,BigCodeBench/100,kern,0d463e7e28548f78151043a4a6f05a594e3599df907f94e5e0be32d1a59f9dac,495,131,134,134,True
BigCodeBench,BigCodeBench/100,kern_compact,f6d3ede48451944d9a23d7c68a392dca42e0473183ec8e5cbd35a925cc14f390,456,126,128,128,True
BigCodeBench,BigCodeBench/100,python_minifier,e7a5cc9c7c60dfe4291670c7d3e151052a89b490ae21cb1d226224f558755db2,481,127,130,130,True
BigCodeBench,BigCodeBench/101,python,68f37ab14e7ac9cb87dc8b1867d0278d6ecfba9b8329c95f493f1d4f3c295698,1358,369,378,378,True
BigCodeBench,BigCodeBench/101,kern,d07006207e984219d81c7db0a5267cb107ae3c3537557b52b5fc834fb7dbd3bf,688,216,221,221,True
BigCodeBench,BigCodeBench/101,kern_compact,72ef4867970c64a6f23333c4aaa42b83dcfa1cb40ea3758cb1d29bea78fe45fa,620,207,210,210,True
BigCodeBench,BigCodeBench/101,python_minifier,0402a60e1700e0df1104ee0c31a0515afbd2e0789be09718150739727999ced5,630,210,215,215,True
BigCodeBench,BigCodeBench/102,python,16f6dd38de62bc8a94c22763ac0521a88af42ce8419ff7ec900d27fedf34c84c,418,107,107,107,True
BigCodeBench,BigCodeBench/102,kern,8218fa71e0319f2ea0172ac60f4431a717cb6866bdb0c90968f69e57d60b4b3d,326,91,91,91,True
BigCodeBench,BigCodeBench/102,kern_compact,078d88f497edbaf3860ef29fb006e0d272d0aba4b36ea19468eb8c036a0fd29a,245,71,72,72,True
BigCodeBench,BigCodeBench/102,python_minifier,e17301a2062a2cc299449ac7d10b850bfdbe9f0f10d30089efe0628ed6eb0525,261,72,73,73,True
BigCodeBench,BigCodeBench/103,python,ee7b2042c1b87d8eb4965c90d601b192ab0b4d21e62554ebafffc3d7ca1cdbff,735,164,165,165,True
BigCodeBench,BigCodeBench/103,kern,99dbeba49fe357d6a424f03b47d9c42663864f59014d926b61125592ace744ef,550,139,141,141,True
BigCodeBench,BigCodeBench/103,kern_compact,7b8f9c34b53e4470539f6c25f6a261d560a4d8f8e6c9b48d36831617f3d6025b,534,137,139,139,True
BigCodeBench,BigCodeBench/103,python_minifier,4d8b0d530fe4800ab4fede6b486c2560f8d6f93af08fe8ad2f1cbf5b50539a80,523,139,142,142,True
BigCodeBench,BigCodeBench/104,python,718bf360bd2eebcc79e3554f448a62bab980e8d23ab9d052d4409d93482c0a7f,805,210,212,212,True
BigCodeBench,BigCodeBench/104,kern,a4bf0d38afa4c6ec1a05cb62cf4723da66259a13f504bd60df92758821c0057d,685,187,191,191,True
BigCodeBench,BigCodeBench/104,kern_compact,885916e58a796bd35164eaca240abc51c7eec090a033b78e0bf07e66b72141d9,608,177,182,182,True
BigCodeBench,BigCodeBench/104,python_minifier,2aaa05af0da342dde5cb348ee001aab71594bd294e211602201ad89493132691,617,180,184,184,True
BigCodeBench,BigCodeBench/105,python,beba547b1b952ed46a7cb4d81767be2fe6f69ba8ef382d8f415855327ef98443,911,210,218,218,True
BigCodeBench,BigCodeBench/105,kern,c5e6f688944a26ec63f4f60d6cb2ca451e31deab5562fb519b7025d63ecd13c1,747,187,198,198,True
BigCodeBench,BigCodeBench/105,kern_compact,c23f8cb2b34fa2d30132318360d4994bad133985acec0b0b2bed696be533708d,639,174,182,182,True
BigCodeBench,BigCodeBench/105,python_minifier,5e0d75ec6153588b7398a0f99f0f8e4523fa6ea2f495e3a39de439801dd48ca2,651,179,186,186,True
BigCodeBench,BigCodeBench/106,python,27ce1744e762052d1024dc60c77b4a8ac13afe357f3210fc17cd57aca488d6f1,777,198,201,201,True
BigCodeBench,BigCodeBench/106,kern,1f60bb4396dec151fd13eda1147715800368dfad09542457c4dc61b34a173738,657,171,176,176,True
BigCodeBench,BigCodeBench/106,kern_compact,14e295e53e272ec8a8cd8e6d335c43823349069ea08c16df196f9ac6dc93d64c,615,166,171,171,True
BigCodeBench,BigCodeBench/106,python_minifier,2263a818d759816bb38d3d93ba092f7a83820bbb1c261a83f857510c689611a4,626,173,180,180,True
BigCodeBench,BigCodeBench/107,python,8a01285e24de129e1d55e5f3636ac55f569936ea64b0d141e0b954f7c5745a56,899,230,233,233,True
BigCodeBench,BigCodeBench/107,kern,1585a6f332b6dd55bd4dafa60e48504285c36ad9876671ffc07b7957eaaa4c0e,755,204,210,210,True
BigCodeBench,BigCodeBench/107,kern_compact,9aeaf3adc00e8108be2092882d8ec82d115dfc8ca510109f26adf077412a482f,716,196,202,202,True
BigCodeBench,BigCodeBench/107,python_minifier,487a2a20a091b3b5907326e63c41aa694259e2363c5b60ee73015ea7655e2e58,735,202,209,209,True
BigCodeBench,BigCodeBench/108,python,ce83b2b6195335a1c9e1bd14378885af377e31e2b01a686d6a27fa1ab64d4b6c,1284,302,312,312,True
BigCodeBench,BigCodeBench/108,kern,cd162c512aa1f8566a15860da55bffa8ae7616ebb8f42d906617f5df68b76a3b,1017,244,253,253,True
BigCodeBench,BigCodeBench/108,kern_compact,aa0e4938911b70d35e1f84195f6f5d6989db083b36352a39ed0eaad10ca8e82c,967,240,250,250,True
BigCodeBench,BigCodeBench/108,python_minifier,88a756c47e493e4391f3ba20c1e7fe05a13f69a2dadf333cfcfb07e9a3626f2d,936,252,261,261,True
BigCodeBench,BigCodeBench/109,python,d0fb4a8c7c6c26cdd6cf8a671ed12f5e93b4a3ac46baaa6065319509515182d2,694,176,180,180,True
BigCodeBench,BigCodeBench/109,kern,12d71d6d57a3d5b9a3b1540bfbe6290764f4f520d2e1cabca70f38444729a550,602,153,158,158,True
BigCodeBench,BigCodeBench/109,kern_compact,af8ec90feb92d32d4232325ba7501f699caf1a7a2d450cc87907e6ce289a955d,566,148,154,154,True
BigCodeBench,BigCodeBench/109,python_minifier,b5b80b539ee095c43c0fa633724408fbe0d48ccff57fb0e5c1d862132e7a72f7,575,161,167,167,True
BigCodeBench,BigCodeBench/110,python,2fef6ddcfc99ff16c51638acbcf20f39cfeca26e09cc6192909248610ad83b0c,648,164,168,168,True
BigCodeBench,BigCodeBench/110,kern,3f3029b43d00c4ed09e6940fd3d0e09a92b49b2a204b3ef265c26c0fd9b16e0c,554,143,149,149,True
BigCodeBench,BigCodeBench/110,kern_compact,9cc35276ac15a3c7000c54f87c9c2f724779d51646ea9f3ee6b27960b3e67002,498,134,141,141,True
BigCodeBench,BigCodeBench/110,python_minifier,3cfa00a2547a502732605d78e6c02436c395ad9191402c67120f9ea70ff3b225,492,139,144,144,True
BigCodeBench,BigCodeBench/111,python,86a6ca4257e74713b4549459ea99c4c2ea088d6eb77359f4297b92231d15e043,563,148,154,154,True
BigCodeBench,BigCodeBench/111,kern,0d1ed3e3f1119b0325f9556300bff646fbc15bb6aa489716996b3e3625a61359,486,131,138,138,True
BigCodeBench,BigCodeBench/111,kern_compact,b6d43a1bb519073c06d94869bea76bf255cab3c3c5efe191c35a1752b9723c88,461,127,132,132,True
BigCodeBench,BigCodeBench/111,python_minifier,551777b21f427a0f1226093e56aa952af1855bf9f51d6b255e92d49cd8c4fae0,448,139,145,145,True
BigCodeBench,BigCodeBench/112,python,ac49067005e0ffa28a596a17435333111c8c5ad8a28a73b5f350b07ea9cdf4e2,432,102,105,105,True
BigCodeBench,BigCodeBench/112,kern,f6d3ab79be1222ad7691ab024c7e6f4702383c79f004c4bba92354a669eb93a9,370,91,96,96,True
BigCodeBench,BigCodeBench/112,kern_compact,5542538e2d287649855833fcfd330bb2bb2f45ec1b4ba26826488f2ef2a93dca,326,86,92,92,True
BigCodeBench,BigCodeBench/112,python_minifier,b603b3875589280b8dd29005ff7bbc1df3c09243fda6d3f77dd27f011d83985b,339,89,95,95,True
BigCodeBench,BigCodeBench/113,python,400bda8459ab5de72356cac10e7ef7d99bfa01074500b71fc92e83ebae51fda7,683,163,164,164,True
BigCodeBench,BigCodeBench/113,kern,c0a5a6f10cd7dff1d56cc035cc50f4215f4bea202f5356dc26e9cdbfdb40565d,557,138,139,139,True
BigCodeBench,BigCodeBench/113,kern_compact,1b5775dc633e9a8b20778f328fbbb69cd03f01d5cc4ebabd91a67dbcd3929748,424,125,127,127,True
BigCodeBench,BigCodeBench/113,python_minifier,20a55b6df73d12d61d139cf38728fd02d7f2d399b8187a826ae401b6fd638124,440,128,129,129,True
BigCodeBench,BigCodeBench/114,python,15219257ac577b10a5a48c6779c20733df8be4a1a291e135991a4966e60d0c2e,374,87,90,90,True
BigCodeBench,BigCodeBench/114,kern,21208d4c27208cf051de5cee582cb55a0d5e1308e001155f87d03f3649b020ff,311,75,79,79,True
BigCodeBench,BigCodeBench/114,kern_compact,01c0f443366b25b3ea07db07fdcdac47ab104417ea18f24ab8864064230a536c,263,68,70,70,True
BigCodeBench,BigCodeBench/114,python_minifier,7e4f0cd698efc6a015bb0fcf2b07088b04a83d3b2ffb3b8473c1520b570a1788,267,73,75,75,True
BigCodeBench,BigCodeBench/115,python,c9f2d980394a1a649069e162c424fffb062b66904cf489c02dce4c9fc55e792a,370,96,97,97,True
BigCodeBench,BigCodeBench/115,kern,85e8c320cc7f4bf7801d2c28f4648b0a8fb775714d21c25140282caba8480b5a,299,83,84,84,True
BigCodeBench,BigCodeBench/115,kern_compact,f86f71ca69c5e61f526e385d64e3d81f857dc2c7590a2c896eaeafe5a7781a11,241,74,76,76,True
BigCodeBench,BigCodeBench/115,python_minifier,bc031c4c4fbc4e8d7e17e1ba194e49197c4ade82334ca4a7c310615ac6a01ec8,230,78,79,79,True
BigCodeBench,BigCodeBench/116,python,2e476daf2b2bdb7c1d608f6d3dff9c661cd0d2bf8acfef95f2a70a57a5a66c24,416,99,99,99,True
BigCodeBench,BigCodeBench/116,kern,b7f953c796281001876f365176c4b02029eca639e56020470a06fedd69a8a750,303,73,74,74,True
BigCodeBench,BigCodeBench/116,kern_compact,0268ba909a99642d3c62c59c710284ec6299691211b86793031f98e05dbcb0ee,281,70,73,73,True
BigCodeBench,BigCodeBench/116,python_minifier,038595bb77cdc16adef9750f443da43758416eec245c65a8173c9c1f03d4f914,294,73,75,75,True
BigCodeBench,BigCodeBench/117,python,f62ec067694c7b7465004d66d296274dec979b748e5c039e51dcb92528feedfa,872,231,232,232,True
BigCodeBench,BigCodeBench/117,kern,54712eec1eecbbad90de8e81a28142cee28b91fd7c0e252edc70cacef25fb38d,698,191,193,193,True
BigCodeBench,BigCodeBench/117,kern_compact,18be08f438577433365bb782dd3180ec007e3a083e10c9461bb7c8d106603a10,645,187,189,189,True
BigCodeBench,BigCodeBench/117,python_minifier,3864af8da982f36ae4ad6b10cf7be30a16ff3e95fd9e9428db2012b7287e4627,629,197,198,198,True
BigCodeBench,BigCodeBench/118,python,245a499e213d74218ebf68d5019c2a22f503ba925d43422589483b89c0a439e1,463,90,90,90,True
BigCodeBench,BigCodeBench/118,kern,0ad6942f5b0aafcc3e7d647a555426d0a4d3e3bb114aff37f7b8012df2bf2c5b,351,79,81,81,True
BigCodeBench,BigCodeBench/118,kern_compact,5ea8f0e609f9142b47eec91b0e054e47cc377565263a6dc738be9b5964a447b6,276,71,72,72,True
BigCodeBench,BigCodeBench/118,python_minifier,1bbce93c642eb1dc14ab2900b71f9a41c33b23bba99614a326824d2d7aed9862,266,76,76,76,True
BigCodeBench,BigCodeBench/119,python,8d65528600a168c322bb06296c074ab50de3ccf7aca319c8ed56de4a74fc82df,250,78,78,78,True
BigCodeBench,BigCodeBench/119,kern,2c9c9fd10fab234666389d3a1ad6f31523b78348a23d265bb480c434cab91808,195,63,63,63,True
BigCodeBench,BigCodeBench/119,kern_compact,dcc9615b4394eeeb8607ab9dcaba2aaccad9ebe3fa61373a654597c32fe77260,191,62,63,63,True
BigCodeBench,BigCodeBench/119,python_minifier,767fabd90ce75225f1fc871107f1314cdc4380976168028cc641d1d30753eb41,198,63,64,64,True
BigCodeBench,BigCodeBench/120,python,514aa19f158ecd322b0829923dc30a209e9c881d8ba2c2abf4c40a6aebce3269,656,159,163,163,True
BigCodeBench,BigCodeBench/120,kern,6f4c76e64b008fa56b815171c6d8afb282977793dd9e9fc9adabefe4ea39d7b1,558,139,144,144,True
BigCodeBench,BigCodeBench/120,kern_compact,73ad193562030d30496c2698ee83f3ff23a33d237f1d187ed9b82034dd65c1d7,519,134,139,139,True
BigCodeBench,BigCodeBench/120,python_minifier,84b6c04211f60d4d67ce75cb7be5c0dc3441b908873a94bf9ac81fe689349549,519,140,144,144,True
BigCodeBench,BigCodeBench/121,python,152f4786dac901dfe2c62570dd52783ad62a83fcafa044ebc73b1607185e9899,755,188,191,191,True
BigCodeBench,BigCodeBench/121,kern,4e9de04f86356234596a83ad322c26f97d95e03954dd9d9d83ac5cbfefb9da7a,616,159,162,162,True
BigCodeBench,BigCodeBench/121,kern_compact,095d2cc1fe72c24a925d7e0a942e35248d28179ded8bef15c40e103a8393fe5d,520,147,150,150,True
BigCodeBench,BigCodeBench/121,python_minifier,75a5617e6f24adca96bbd7170dadcb1a6a45e6a12f54c823d10d1c2f7d5147d7,524,152,156,156,True
BigCodeBench,BigCodeBench/122,python,0fe9a1f0588279a9bdbdfc73df393bbef8a1bbaa6b6f221c5cb61651c8396309,223,53,53,53,True
BigCodeBench,BigCodeBench/122,kern,33155127114055f99699ad4a058d149b8c7b3d77f851d37bfa3242daa9d4faf1,164,41,41,41,True
BigCodeBench,BigCodeBench/122,kern_compact,bed4801cbb5f4e4164eb82e5c11c3478925128299a0e671cbfb3413505760080,114,37,37,37,True
BigCodeBench,BigCodeBench/122,python_minifier,be591300ee1206cf979c10afb3846cde9759d17cd7509cf259b7b0a552120e63,132,41,41,41,True
BigCodeBench,BigCodeBench/123,python,8287b20d46a49e2153665dea07b6753ac8012a57855937ca36502b1aef54b664,598,140,146,146,True
BigCodeBench,BigCodeBench/123,kern,6e88a2b618dbe19167c973f4cbe0dc39110b04e7efa98b934d4669263558c907,493,124,129,129,True
BigCodeBench,BigCodeBench/123,kern_compact,08ea15477fbf9ffab5baa62b6b332b3814025852970552f5df0306ea1928b1b4,412,113,119,119,True
BigCodeBench,BigCodeBench/123,python_minifier,c69d710d5ccfc02026d87eec0eded8a4739c3e8d8bd28b0c2cc10462ba65cb27,423,122,126,126,True
BigCodeBench,BigCodeBench/124,python,55689819a0c7f923c1d089380f3ff732b7e81c67aa4ca523919bab744b81dfdb,776,193,196,196,True
BigCodeBench,BigCodeBench/124,kern,965e5032df48c63d153c5ad6041600c0259a474b1bbddac7dcb3da5d0a58efcc,656,165,171,171,True
BigCodeBench,BigCodeBench/124,kern_compact,c27b6d683295a20ca61ff00b49b7c3af83311d3cbe11c55e2152f0fa0e73070b,561,154,160,160,True
BigCodeBench,BigCodeBench/124,python_minifier,9a5254c8590d8151f4534968962c41cb21993b696316d94e574d9106eb0da20d,573,155,161,161,True
BigCodeBench,BigCodeBench/125,python,b64f76f0a9869d48103e9a9379c740d13ded281df5e579024bf9816be77dd58a,475,107,108,108,True
BigCodeBench,BigCodeBench/125,kern,5358067d4fb5da0b145a49485fd506a96f75e601b4c349cd7aecdd93d05469fe,381,89,91,91,True
BigCodeBench,BigCodeBench/125,kern_compact,2439f59c8a00f540fd3c680e7326935b711130bf9c8d8df4e0f602215ee8270b,264,81,82,82,True
BigCodeBench,BigCodeBench/125,python_minifier,de7be24446e74e1cd9f2198f60325938efe6e1b2bc934193c68be4965f4d2f32,288,82,84,84,True
BigCodeBench,BigCodeBench/126,python,036e7f8f3ba341db3bf3af08c5de07a85ed384018f8512f12db6bee0ea290118,699,176,176,176,True
BigCodeBench,BigCodeBench/126,kern,51af1e4536adb476288c8b2302fdab9f19f6d4dfe6a02926eb2c21f1848d4caf,552,147,148,148,True
BigCodeBench,BigCodeBench/126,kern_compact,96950001d8657acab326238febc30cbc3a46f8a0cea0e969c6ebc64a493d8c9d,433,129,129,129,True
BigCodeBench,BigCodeBench/126,python_minifier,ed5f646b71f27090982013a82e95bbf724e821422e255cd32f56791abc48e3f8,458,136,137,137,True
BigCodeBench,BigCodeBench/127,python,8984bcca1862933a1e4f02b7a2854ea9681242ca5765b71e09a5832f9cb21d27,544,128,129,129,True
BigCodeBench,BigCodeBench/127,kern,54424d3b0692819145afd56d3ffb1fc42ed7abd9cc21887399aa748f02f1bb1f,413,114,114,114,True
BigCodeBench,BigCodeBench/127,kern_compact,3f745a5a913e63c87dd637675075af6b8ed17bae5f0039a1ad5abe44a1d05a36,320,103,104,104,True
BigCodeBench,BigCodeBench/127,python_minifier,f3e35c58b345a37fabe0a1ba88b1e702bc0828a2e06246f8c307c8cae82ea0d3,340,110,111,111,True
BigCodeBench,BigCodeBench/128,python,7f03c82a344954845e5e01a16fc4caaa9ba98df3be673d0325c5721435aae645,571,184,187,187,True
BigCodeBench,BigCodeBench/128,kern,67ba0741e0fefeca6318ab0e8cff5a430b152e010a9dde91012982f9446c8190,390,144,154,154,True
BigCodeBench,BigCodeBench/128,kern_compact,1fb28e3dc5755e69c9b7567a808e7b5e27b1e88a713062144cb0ea5532e19ea4,364,138,148,148,True
BigCodeBench,BigCodeBench/128,python_minifier,1ae21120a5b9ee7916c901f2e479285a4f92d89ebc492676a2395d73ab0f16cd,391,143,156,156,True
BigCodeBench,BigCodeBench/129,python,8e1d50bf658650aae7861bde5e80cd055464291067b1e439cee9350c9125e7e8,1319,284,290,290,True
BigCodeBench,BigCodeBench/129,kern,4d0b15b12ec6d064eaf42cd0f1f057cd214275bb48f89b8963d50c8aef3dce89,857,214,221,221,True
BigCodeBench,BigCodeBench/129,kern_compact,75f71b99c56b7bbe20100484ced243ffa9ae0923b1af911e8fd5ea390bd52036,757,210,219,219,True
BigCodeBench,BigCodeBench/129,python_minifier,d498a9b93ac6882f70b9fb10e2e9875628c2054de3f6738fd029c7d0ab2ed35f,820,221,228,228,True
BigCodeBench,BigCodeBench/130,python,49bcc04875f8d32ccb3bb43f3bec2849bb1336dcb39d6cc3190281c0a35b5487,332,91,92,92,True
BigCodeBench,BigCodeBench/130,kern,d80848b513e36a658bfefc01784c7ae231fbb109d4464eb4de6a53e805c6f9db,273,82,84,84,True
BigCodeBench,BigCodeBench/130,kern_compact,a91e2776bb2c3ade1c375efc23192878ad32385da9ff8ed59da80057fff5d2a6,208,70,72,72,True
BigCodeBench,BigCodeBench/130,python_minifier,4fb0596dd9b083ccc74c51e525933aefc5626280493002629490849b89f342e0,221,72,74,74,True
BigCodeBench,BigCodeBench/131,python,49bcc04875f8d32ccb3bb43f3bec2849bb1336dcb39d6cc3190281c0a35b5487,332,91,92,92,True
BigCodeBench,BigCodeBench/131,kern,d80848b513e36a658bfefc01784c7ae231fbb109d4464eb4de6a53e805c6f9db,273,82,84,84,True
BigCodeBench,BigCodeBench/131,kern_compact,a91e2776bb2c3ade1c375efc23192878ad32385da9ff8ed59da80057fff5d2a6,208,70,72,72,True
BigCodeBench,BigCodeBench/131,python_minifier,4fb0596dd9b083ccc74c51e525933aefc5626280493002629490849b89f342e0,221,72,74,74,True
BigCodeBench,BigCodeBench/132,python,66126dc63369c8197cd94c99a61c283580d0336fbd81b0f4d4f435b52b289714,692,164,166,166,True
BigCodeBench,BigCodeBench/132,kern,e1adde0f0514169a6f971fb45aef6acbd107c89af285b657cbf8a4d4a0cb39a4,581,146,149,149,True
BigCodeBench,BigCodeBench/132,kern_compact,9dea1efe5a7474679d23ff14c3b9069d938711b15103f435b4e23c5d99b96e83,473,126,130,130,True
BigCodeBench,BigCodeBench/132,python_minifier,82fbba13d72d4c8161b5bbe1703de8d0aae710c6dcf78903ce1f65b192617259,458,128,131,131,True
BigCodeBench,BigCodeBench/133,python,d6711b592d7ceef5ff3f1b32cd424e98dbcc602e39edef9d78e36ea91969168e,710,157,160,160,True
BigCodeBench,BigCodeBench/133,kern,3a9c19a080e908e36feb0461b7c8f03a1f747e05042108e3b85c62118a2906d6,604,138,144,144,True
BigCodeBench,BigCodeBench/133,kern_compact,c53312444236bc394420261780d53ab080ab83222f248e0691031f7543054994,432,115,122,122,True
BigCodeBench,BigCodeBench/133,python_minifier,d5ff525947f58030271a0fd94f5b9d4bd0f8854e21338e3fc79e3bb692099e63,451,119,126,126,True
BigCodeBench,BigCodeBench/134,python,2319faaae699b25f58c3591c49dea739d1162741e724e5913c909b20ecc1f59d,453,111,114,114,True
BigCodeBench,BigCodeBench/134,kern,b99ea6c0aa529432d612c3ca0d29f0dcc8262cef71f25a04c8fd6317528950b5,375,97,102,102,True
BigCodeBench,BigCodeBench/134,kern_compact,9ba934fec5a9464d9f45bb243385d8810445dcf2486840f4375687b019936e2e,329,88,94,94,True
BigCodeBench,BigCodeBench/134,python_minifier,52853c354ea2667217b4899a5c7e051e28616a6982dc49ac63f98f10e49bcc36,348,92,97,97,True
BigCodeBench,BigCodeBench/135,python,052f6d1c568e53cbbbb647cb0189509dda9e549d1ddfc81fbafcca21736e21d2,613,152,156,156,True
BigCodeBench,BigCodeBench/135,kern,21c5a53f515931198555c87483874b7850a20320038809027477ff5e4990c419,522,136,142,142,True
BigCodeBench,BigCodeBench/135,kern_compact,32097e61a51329ee6ce20bdbf48f73bc241d091b456fba9f9ef6464b046a02d6,462,125,132,132,True
BigCodeBench,BigCodeBench/135,python_minifier,b5412cb044821c678c95db9e38d5663e920c910c862c2cfced821c01f75d3159,482,130,136,136,True
BigCodeBench,BigCodeBench/136,python,55ba6ca592a0e53bab128c580238804a56d57275f71d71737eb935aadca8e448,717,160,171,171,True
BigCodeBench,BigCodeBench/136,kern,e05e0dae3c49ebbd027aa3dafef2f26baf6ab6d5391697b85c7ed9088ad256c8,617,147,154,154,True
BigCodeBench,BigCodeBench/136,kern_compact,a461046005fd18f3d0e0fe3c281e787b7dcc3ba04ce12a417d503bc958128f06,549,132,139,139,True
BigCodeBench,BigCodeBench/136,python_minifier,a95735233f851d9b7c0026940fc52aad9ba1ab1f6dfecd948b748f0b8c67521b,491,124,133,133,True
BigCodeBench,BigCodeBench/137,python,04d372acdf5810e9c0424cd9caf8a847a57fc95b0b89e2b1f9290695a059a407,320,77,81,81,True
BigCodeBench,BigCodeBench/137,kern,6d53939c0e2eaec6a8b29bbba05d8ec55c5cf8e7188d9a16b44a2c264136e08c,227,59,63,63,True
BigCodeBench,BigCodeBench/137,kern_compact,daed48486f663dff0a1cca4813fe74774b54f44a75e3159b8d9b63351f397f67,204,53,57,57,True
BigCodeBench,BigCodeBench/137,python_minifier,0595c71acd1f6dae2458367f5c55bc6bd08a868e3240b0815f626b40183e0663,228,58,61,61,True
BigCodeBench,BigCodeBench/138,python,27a143e011bd159c0129839e3d7044bb50c5338ef74852bda7b6460493446835,529,117,120,120,True
BigCodeBench,BigCodeBench/138,kern,11f987915819869bd6f09097d86d6aa129f6a39e079dc1973dbaa9321f49944a,461,106,109,109,True
BigCodeBench,BigCodeBench/138,kern_compact,2159deb6da15e55ebc7d9852e7ef24a8a0173ae3cf10bbe505e2aed8a0f76418,422,103,107,107,True
BigCodeBench,BigCodeBench/138,python_minifier,dd197eff813f30eb2cc9ae31633bb5ca0d9e5f14d93515c9925b8570f23bde01,428,103,107,107,True
BigCodeBench,BigCodeBench/139,python,9af0d1b98048b4327270709b6d174a2a8615cca37aa0b15d468de6dd1c11745b,615,136,141,141,True
BigCodeBench,BigCodeBench/139,kern,70d3afe53a6730ca937eb86d8a450a69bbe9c88909c1ed078281f3b8472a9b03,495,116,124,124,True
BigCodeBench,BigCodeBench/139,kern_compact,ca46c1d0d6fe424071652be18c51fb24293525f261dcff8d34d25246d0fc6dbd,436,110,119,119,True
BigCodeBench,BigCodeBench/139,python_minifier,c13277f0aed414da6d46e4876b152ace9194a3f6291aec4d6a88498a57f8abd2,455,112,119,119,True
BigCodeBench,BigCodeBench/140,python,ac1796caf03b9ca9107ffefc2c2c3db9970129350d017bdfba003950a98476a7,572,124,130,130,True
BigCodeBench,BigCodeBench/140,kern,85e5079e19c13bdd22020621e6cd23770121353175b59da7dc27be85b8e7ab37,492,112,121,121,True
BigCodeBench,BigCodeBench/140,kern_compact,437ef56331c96f42d1a6780cff7f053d92e804830ca9ec705f1651ab33d30880,474,110,119,119,True
BigCodeBench,BigCodeBench/140,python_minifier,9475b139ff08a264903688a59f53c28d8525deea6bfbebbe3bcd5c7fab645978,488,117,123,123,True
BigCodeBench,BigCodeBench/141,python,084fb4a945cd0c9349ae0fc34a43cf1db12c01cf11b1dd10f568e528cfcb8e58,597,152,155,155,True
BigCodeBench,BigCodeBench/141,kern,12a4ad195145b271ee11b048a11c6d91d5dd67262e5c3a3d287368167da78082,451,120,124,124,True
BigCodeBench,BigCodeBench/141,kern_compact,8fabf0e7bb4e01b3ecab00f8b0fbaf76d03d502f3c66d1abf2efacbe8f68218d,398,114,118,118,True
BigCodeBench,BigCodeBench/141,python_minifier,a2810bf217bc65a5ce537055631639d0d429389cec16662259687f7affed0452,415,124,127,127,True
BigCodeBench,BigCodeBench/142,python,68c0177d7a7022102384da7e7b86ad190d5378a37cd2ea8d279a23ac1caf4b96,491,151,151,151,True
BigCodeBench,BigCodeBench/142,kern,4adffeca49d6ef0fb38d524fde80edbfeffb3c91ec8bd7f2e734174b4fa91c02,394,139,130,130,True
BigCodeBench,BigCodeBench/142,kern_compact,cde8cbc0cdb507b0547e368c0f12ef2dff3f09029235d6b21e832e3f58a8ef40,331,121,123,123,True
BigCodeBench,BigCodeBench/142,python_minifier,203f68a4a7208ecdb71f90fdec7339a1a2efd17e2112624a8b5c92303cfffcdc,344,122,124,124,True
BigCodeBench,BigCodeBench/143,python,12d1addb61ac52a3d37f69235179599ad62434a83cd7311bff4ff72b9458f5dd,629,204,204,204,True
BigCodeBench,BigCodeBench/143,kern,2eaffb670927c319f6bced816507e1cf892d32a8bd8d07ff11d2679106b5a536,364,131,133,133,True
BigCodeBench,BigCodeBench/143,kern_compact,8cdea8c145a40109c578ff1d1a7b65577b028ff1a47d93e58f1a929b7e50826a,332,124,127,127,True
BigCodeBench,BigCodeBench/143,python_minifier,31f7a1bab20f4f0108721417c0fb49561b7b21691027037e936508da7b35cc5f,339,123,126,126,True
BigCodeBench,BigCodeBench/144,python,9115c11984963df915dfc75b7d363b98cff12a5fb990a748ea89f679229af268,545,116,119,119,True
BigCodeBench,BigCodeBench/144,kern,e5fd9a1104e5f064adc5134145db9a5c414bfe46b364a2f50f42a13f1c6d2a6a,366,93,96,96,True
BigCodeBench,BigCodeBench/144,kern_compact,1437a1003157fc09da062eb86aeec7809cf5b68d91beb079c3a4fa654a41a3c8,315,90,93,93,True
BigCodeBench,BigCodeBench/144,python_minifier,7d49f62ffa4a239354bff8377cd7c71d8bbffc73eb61854a93851a7ac80b67bb,359,94,97,97,True
BigCodeBench,BigCodeBench/145,python,a797d82af832211fcb719e595f77c61b9a1f0ab2707fa59020ca3efdb15bddf9,378,87,89,89,True
BigCodeBench,BigCodeBench/145,kern,120ee25d081fb9982a76b6cdefcfdda1df91fcbad3595f23e1322e1d1deefba0,285,73,76,76,True
BigCodeBench,BigCodeBench/145,kern_compact,a94510a5b7dc86925f0086c81f03332f18e8372a99113516534fecde469e8710,248,71,74,74,True
BigCodeBench,BigCodeBench/145,python_minifier,3eb3c0f7ce6c80b999a31d2e85d91712d40efa5e604870628e060cf22fb92f03,262,80,82,82,True
BigCodeBench,BigCodeBench/146,python,643ac1e051d5a70214b237a23087b50a011db666c1065e6fc8148223764b40b7,362,82,82,82,True
BigCodeBench,BigCodeBench/146,kern,2307d2f26cf225cf39b7080ee909dffd1040dfd7f163726f46e9789aeaf41565,266,73,72,72,True
BigCodeBench,BigCodeBench/146,kern_compact,4c7653d5d12500bdab1ee797ef7f2a2310865c95f14d3af0a435deaa06a19a17,226,69,68,68,True
BigCodeBench,BigCodeBench/146,python_minifier,565f1f0df799248b459f29efc529c6445bfb4c500d1027088482a977ffe4a076,254,71,71,71,True
BigCodeBench,BigCodeBench/147,python,2c56ef7807a162cdd6039c6b7d0ce8528fc2db8225b89adb442988894ca3a619,687,147,148,148,True
BigCodeBench,BigCodeBench/147,kern,7ddff81db11284862336a6a4b98e632edcfaba36c48a1c3f321b6a8071bb0965,485,125,127,127,True
BigCodeBench,BigCodeBench/147,kern_compact,200b8dc7216fed5be0a2dc8cc21c969997164c45df8ec086d52a3900a757356b,374,115,117,117,True
BigCodeBench,BigCodeBench/147,python_minifier,58dd9f3d522c50be1889f81211f1e2277a0d111a13f63c3c4f312cbce15559b3,420,118,120,120,True
BigCodeBench,BigCodeBench/148,python,e56042c368cf5bec06fc86c8dec6a544dd1009ea801b2369c8445a68b166682c,227,51,53,53,True
BigCodeBench,BigCodeBench/148,kern,b0683350414daae123aca6defefdae0f5a6b783db11624f8a90c271847e19bfd,189,43,45,45,True
BigCodeBench,BigCodeBench/148,kern_compact,76beea5482fc6f9262fcbf9aaf85c3c0a1c4b447c8f5e3b6b3f9fd1409f717e2,187,42,44,44,True
BigCodeBench,BigCodeBench/148,python_minifier,d0bdaf8792ddcd67a5751f270145fa5e7bdd8635376fa55d9d546acbe0bec645,166,40,40,40,True
BigCodeBench,BigCodeBench/149,python,5b88af10784dabe25d79099ddcbac37515c821dc400faab37937a68476794b7f,551,127,128,128,True
BigCodeBench,BigCodeBench/149,kern,049a9ac190fdd56e23ceb6eb875dd723201b881ba14fa12e209b79e980264248,419,95,97,97,True
BigCodeBench,BigCodeBench/149,kern_compact,98354e2fae4254de894920098fa536912ce7f2b74395075d442f7626004d8d06,299,81,83,83,True
BigCodeBench,BigCodeBench/149,python_minifier,0690d58716b12ac2e338a5ca3b8800776cbb007b67de5315441d45569a0daede,297,98,99,99,True
BigCodeBench,BigCodeBench/150,python,df467f9347d6a67e6dcc1ac6eac11df2caf61d409b0e76a6f80e5036a46a1399,876,203,204,204,True
BigCodeBench,BigCodeBench/150,kern,fb7cb61eb27429897a2d78beb69c8084faa862853e237b3b07988d53aa5f2756,553,146,147,147,True
BigCodeBench,BigCodeBench/150,kern_compact,214e2717ffe3a3cd38135d664b29fa02d602aa0146a9aa30b3e2ef50c1b2030f,440,132,133,133,True
BigCodeBench,BigCodeBench/150,python_minifier,ddf62c617429edabb9a35a872db122c0ba463828e628291f71db5fccda669fdf,437,139,141,141,True
BigCodeBench,BigCodeBench/151,python,63ba8bfa98e3ba501c7a81192f55fd0adbee6f3633a99278596c635ab7823855,835,187,191,191,True
BigCodeBench,BigCodeBench/151,kern,61068ccfe7318d2cdd4c8d08ff32bd91593736595c8f14a8aa05d40fd7ce935a,563,128,133,133,True
BigCodeBench,BigCodeBench/151,kern_compact,d33232506736294d11ee5b48e4512fc74d1756cd954052a4382cd271f7720bdd,449,114,119,119,True
BigCodeBench,BigCodeBench/151,python_minifier,fe3c8a90d7dc92ba42a02aa73870c5af39d78a0979478da31d34512bb2d5d310,460,119,125,125,True
BigCodeBench,BigCodeBench/152,python,305d2097e0baab63e45d27f4ed8f5e627df7c6cb9cc82cc05168be5ce32fb86c,626,169,168,168,True
BigCodeBench,BigCodeBench/152,kern,4b75b2f2440ed722198b76352ba248becfd19eb17e5b7d162425c637b95f8958,491,131,130,130,True
BigCodeBench,BigCodeBench/152,kern_compact,e94acf9a244f1e4acafc9afe96b0610523619fd74163ef44007f7edb68dab262,385,121,120,120,True
BigCodeBench,BigCodeBench/152,python_minifier,62dcbbb21e1ce88af0707cf7230b04e3312e02df0719102d76b8121b76a16cb4,408,122,122,122,True
BigCodeBench,BigCodeBench/153,python,da7e5c20be6529fd785d4a7d24c849780bd8832ddd386ccabd90e1e63fe27f79,225,49,50,50,True
BigCodeBench,BigCodeBench/153,kern,b79b5063c3c2d920b29ae36a48ad360cbd549ce29caadf442377cdb4a7e564e6,179,41,42,42,True
BigCodeBench,BigCodeBench/153,kern_compact,09cb86992cf21217f760d91e4eb3074f0bf06bbb3561b9b4086fbb3add925c0a,162,39,40,40,True
BigCodeBench,BigCodeBench/153,python_minifier,3d43b74afbf690948c20b1a2bb043d27b238e49969a45787461b1fd8a845a868,182,42,43,43,True
BigCodeBench,BigCodeBench/154,python,b26b4646b8d23d9be261fa5629ed5a9e5fbdc53f8776405f73e985b65e732c22,354,81,84,84,True
BigCodeBench,BigCodeBench/154,kern,ac0a4d10e61a713970f07b4091c8db56719535ca27616f740527340a18d6df59,265,68,70,70,True
BigCodeBench,BigCodeBench/154,kern_compact,ff2033bea6b29d3393c627bb7b6af45bde787a66362e63cc4501f2c0141fc31c,190,60,61,61,True
BigCodeBench,BigCodeBench/154,python_minifier,83b4e08308d806e00215c6ee8c43d32f3cb1991e40375aacd10963f0cae84b56,209,62,63,63,True
BigCodeBench,BigCodeBench/155,python,a8cd08b120a435b1f8706a49433d0bd7d6d591ad29edcd034ea6e60720a25679,425,121,122,122,True
BigCodeBench,BigCodeBench/155,kern,6976a557e75388145fca21904c93848ce6d608d36d0527ca81a70b79cedf9945,259,78,80,80,True
BigCodeBench,BigCodeBench/155,kern_compact,0f3d04c0571a0d4e5b1275b1f490f31b2c1817bb725e6ae29ee39e0bb1b860c9,248,75,78,78,True
BigCodeBench,BigCodeBench/155,python_minifier,7f85f5fa8b2f9a0334e95850db115a4c0419f02094b7ab4a39d4fa86b012ff0e,247,77,80,80,True
BigCodeBench,BigCodeBench/156,python,dff7169a37c9b5b1d21a671185f74b08380b6aaff5d41925bf4c4bc02b77af47,433,116,117,117,True
BigCodeBench,BigCodeBench/156,kern,6a91974eaa21e7528b625674e076d0ff9c1eb9b8fa267ba73143987594cf4c94,354,96,99,99,True
BigCodeBench,BigCodeBench/156,kern_compact,ea6940087a3ed39813070a4ff15361135165f433860c6a9ae09e8a0f80809086,288,85,88,88,True
BigCodeBench,BigCodeBench/156,python_minifier,869223dc09d032fd14a2a6d2f121516ce98d0e62bd294420b8f26c26a3a2eb07,301,89,93,93,True
BigCodeBench,BigCodeBench/157,python,58855d025ca4fd8ded137e666fa8d483ff6545def9c544ee790406c76e92e471,488,122,128,128,True
BigCodeBench,BigCodeBench/157,kern,5511854d583bcd39e93376012c8f580a5ab0378f82bace7862243dcd0c030a22,293,81,87,87,True
BigCodeBench,BigCodeBench/157,kern_compact,677c625cd576f1ae867990c20d489092b39e5af0d04a57cc2ff7d49814a0aae2,262,78,82,82,True
BigCodeBench,BigCodeBench/157,python_minifier,e89d22fa9e2ffe68fe54e0386ced86fd070dc095d828c1d74fbef91091d54be9,278,84,87,87,True
BigCodeBench,BigCodeBench/158,python,f3ae3286e63886fe45f467218cd947eae2ecfff06ac710b8a007b9fe85f0cfa7,337,77,77,77,True
BigCodeBench,BigCodeBench/158,kern,8bf6f3d00bca32d22e525171a15e6eab496f9dea9115d45b253a15e49a76e670,275,66,65,65,True
BigCodeBench,BigCodeBench/158,kern_compact,5d06c31aab22464c0e29652a337f2d7173065cc8548512d7a91085b1879eca91,219,61,58,58,True
BigCodeBench,BigCodeBench/158,python_minifier,78c0cb66829a985148a210c1816ee6654280551a788ea2a4e4085309c9150545,231,64,61,61,True
BigCodeBench,BigCodeBench/159,python,1a3b686d598b020fc680f901ce3c2b40f0b3c4b703ae35018953a4d6bc07fd4e,231,61,62,62,True
BigCodeBench,BigCodeBench/159,kern,491530d75130d51724df1753f8c6ec42ac50bf6ab5d253633a89149153865321,184,54,55,55,True
BigCodeBench,BigCodeBench/159,kern_compact,4a840f4e61d8807a099240a64c8613b18a301d29715ea38d004f9b172e2d5d42,161,51,51,51,True
BigCodeBench,BigCodeBench/159,python_minifier,479dfe5e675df4d7921a348cfa906b95e533b888a89d84315becb7cd0f3249cc,174,54,55,55,True
BigCodeBench,BigCodeBench/160,python,1608b0bca68b281dc4db88d8022c0f12c11709448ae380c52d780fca5789630b,572,162,165,165,True
BigCodeBench,BigCodeBench/160,kern,1c4a09385780ede9da776ae94d2da1769899c4dc0c5c0a435348fdb7457b78ff,399,118,122,122,True
BigCodeBench,BigCodeBench/160,kern_compact,ad6699cef4368d203158f28d825e0038fdf6ea3d32667c9a738844ef5a8a958c,386,118,120,120,True
BigCodeBench,BigCodeBench/160,python_minifier,4b1da3122011bc2db98611c0f25f388a637fee2ff354b4abc1dd26b57031cd21,388,118,119,119,True
BigCodeBench,BigCodeBench/161,python,bd05585fccae68c046b6c1dd5e5b3262bd73e7dfce627d657b065bc54da68839,1008,241,245,245,True
BigCodeBench,BigCodeBench/161,kern,da78bae90db05c9a420cfc4ca960a0d090075f52c94383de790d264ed56a107e,737,207,214,214,True
BigCodeBench,BigCodeBench/161,kern_compact,f402103c3cb0ffbf91b6cf36d7b2f8fb90eafacfebb4190bb72d65693ed732f7,541,187,196,196,True
BigCodeBench,BigCodeBench/161,python_minifier,a9be4920e68f086af533ec155d12a0d9a1cfda3d1160b4b6d2d651861e1a5b5c,589,193,198,198,True
BigCodeBench,BigCodeBench/162,python,e6d47f4556a20a690f996e88366701e75705a27807fc39d9ac2024bc2dca7aa4,672,179,179,179,True
BigCodeBench,BigCodeBench/162,kern,71e6c5b2d7be62abcd742befd8b5a8276a6f421a6ed549cf21604479e8201728,391,106,107,107,True
BigCodeBench,BigCodeBench/162,kern_compact,7d797c67f0a6296ed1512f17bfb8ab00d5c3e74140c455476d5283873c649cf7,311,97,99,99,True
BigCodeBench,BigCodeBench/162,python_minifier,aa2cc3552c7eeba8cb7aa579a8f1e126f62cf8f134c9dea48ada1f5bcbea2a12,332,99,101,101,True
BigCodeBench,BigCodeBench/163,python,a97304c5dbb46957d57b09d29c687135c29d4a74cee1a6418ae0913292084113,478,130,132,132,True
BigCodeBench,BigCodeBench/163,kern,9b5e374e52fa931cc85d2138179952a9958dab4241f2624bd416e096166bb83d,397,112,114,114,True
BigCodeBench,BigCodeBench/163,kern_compact,75a0c527d31d2f0b147fd59cad93f69d539f4e653fd851457e8aae83ea7c509e,347,110,112,112,True
BigCodeBench,BigCodeBench/163,python_minifier,dcdbc8620f598a13da52df6f209f78fcd62f9ceeb15aafe93c949f6c13e11a81,362,114,116,116,True
BigCodeBench,BigCodeBench/164,python,ca5dcceea9294ba50e7013dcf683365cd9ca5eae38437eee686a84dd27e5c153,414,112,113,113,True
BigCodeBench,BigCodeBench/164,kern,48966953c1ddbc47267ced21e473402d50312857e1a859f7c734fc94ec7a3ac2,341,97,100,100,True
BigCodeBench,BigCodeBench/164,kern_compact,7de0427fa8a9dfda00aea1ad82db3a0be9d9f0e1757206bf18674d285e42e0ac,312,95,98,98,True
BigCodeBench,BigCodeBench/164,python_minifier,0b9974c885cf466d31c4413ba8a0546276a69c2af635e34689e54a32b96bba1e,311,100,105,105,True
BigCodeBench,BigCodeBench/165,python,ead5816a7822065b8901a7a0c3e7ea92e758a32120390bbb1a8ee9563144c246,378,107,108,108,True
BigCodeBench,BigCodeBench/165,kern,e5c4d6a20e0d55568a6c5f989d1efd148e2eb3e6d67bfbaa1d4d5f6479c3da60,316,92,94,94,True
BigCodeBench,BigCodeBench/165,kern_compact,fdcc6ec2bc9c15c15bf278d987dbb8320f6adad13a296bb9471c3ab118214288,278,90,93,93,True
BigCodeBench,BigCodeBench/165,python_minifier,e784a1072db55b585d7dcf12732ddb631728854bb97585b28a12fd947ae1d6db,293,94,99,99,True
BigCodeBench,BigCodeBench/166,python,1827ddf4e7bdb17ff68ea907abc99cf7d449320d6b402cfadb72ecc113ac929e,649,150,152,152,True
BigCodeBench,BigCodeBench/166,kern,491d99f9538aca6edb8de0ad879cb8a66f244ba9defd92ee6e7c3cfed29fbb01,547,129,133,133,True
BigCodeBench,BigCodeBench/166,kern_compact,527b9ccb0317604ef8f72323275d54a7e26aac0dee595801522e9fffc4fc0f02,513,125,129,129,True
BigCodeBench,BigCodeBench/166,python_minifier,e3ee2432b7a4fc58ca5bc45c64c6b23e381e0022557eb5d8233564343ba6b2e3,491,128,131,131,True
BigCodeBench,BigCodeBench/167,python,70693f4ba2c1ecfcc5ebb23b867e469d493cb808452e0b0ea9537b7a63ec2e20,390,107,108,108,True
BigCodeBench,BigCodeBench/167,kern,039ca3af5ff658d4fb3eb3590957c2d5339e1372c9efd628cc9632ad755d5aa4,331,95,98,98,True
BigCodeBench,BigCodeBench/167,kern_compact,db2764df3f0d73cb587578d8b1964619ad9d657f96443eee9eeaee2835333d1e,286,90,93,93,True
BigCodeBench,BigCodeBench/167,python_minifier,c755ce436900debc7e930bfd15fe5296eaf59114d5c8c6de895eb007b2675a8b,307,95,99,99,True
BigCodeBench,BigCodeBench/168,python,e826d39ca64cf0d346fd168bd56cc056839bea41c4afae7e4ee0f91273b1ab02,620,152,153,153,True
BigCodeBench,BigCodeBench/168,kern,943d6e41961ed109b5c92b7de94f8aa7efe33f9deed47d2a8501ce212d64430f,383,100,103,103,True
BigCodeBench,BigCodeBench/168,kern_compact,0dc3119e8213d9bb867acdfd1ce3f19d152281bdf06119b5e85171cd0bd24796,318,93,97,97,True
BigCodeBench,BigCodeBench/168,python_minifier,4fdf2da4f356c087c0415b2be7a075bb8190210e94250d8a10d9e98cff40e350,336,102,106,106,True
BigCodeBench,BigCodeBench/169,python,c9d39599ac3f494cd15cf237c764cbcafcc7e68f3b06669e40be72d06a07dae5,595,150,154,154,True
BigCodeBench,BigCodeBench/169,kern,0e289e9b658985c2c1363bca6c4846d6349e334953ebd351493ceeb4401b3323,495,133,140,140,True
BigCodeBench,BigCodeBench/169,kern_compact,fba1e6d5bc3b433fbc259dd2a8464f77031743af849d13725887710e0b7da1fb,446,126,134,134,True
BigCodeBench,BigCodeBench/169,python_minifier,90843c1ae4e0151f572788b63bb0472c454dc45dd5b38d5bcd9392b7e6e777ae,466,136,142,142,True
BigCodeBench,BigCodeBench/170,python,6150347924930639d55dfad6cb70e1869a20cc39844a1123471ede049d8facb7,361,83,84,84,True
BigCodeBench,BigCodeBench/170,kern,3cef529d05e25f46c92b9508ebb667c60ee78b1364376d305c7a7a913a3ad860,254,62,63,63,True
BigCodeBench,BigCodeBench/170,kern_compact,81c599966a01c562e4311b70b83c58133907b0b649ea3a4181889576d34629f4,203,56,57,57,True
BigCodeBench,BigCodeBench/170,python_minifier,bc93fc2f5d4bdf1d2b71a9acb0087562f1231e6191d86446c96ace0e1bef1c55,223,60,61,61,True
BigCodeBench,BigCodeBench/171,python,202be629dc5ab832d7df2cfa64b0cf14cdea767f94ef941996d7cb6b12e8e3a8,656,160,162,162,True
BigCodeBench,BigCodeBench/171,kern,0bc24891afd153da6dae183d405f36b0460f42e7b6b0ed11d373b9a2305dc763,506,127,129,129,True
BigCodeBench,BigCodeBench/171,kern_compact,554f1f41ffcfdc2ca82addb5fa6e0d68e412cb59b528fab8f9aca8c02f838bd3,366,110,112,112,True
BigCodeBench,BigCodeBench/171,python_minifier,bb9f85a84990e112e3ad66ed5babb53c03951cc0b909234eb0caf5265f5d713a,370,115,117,117,True
BigCodeBench,BigCodeBench/172,python,9089524f1d4a1f7212c3d52eef390cf9f794abacb45bd05250686220287f8f97,545,120,122,122,True
BigCodeBench,BigCodeBench/172,kern,da8f90a2ca995cf7b80beefc5cfd64901b3c439b14b0c2d2a275d8c4083f9f64,240,62,64,64,True
BigCodeBench,BigCodeBench/172,kern_compact,23b5eea97e3598cb1e93ac84031900538d5d1c8a0a7330e4332023725f69d24c,190,56,58,58,True
BigCodeBench,BigCodeBench/172,python_minifier,c1d940ff8281309681b509317d16357f4509243795b8347bbcef5b562c35a655,212,58,60,60,True
BigCodeBench,BigCodeBench/173,python,58328458ea80152283a92bb5d5dae7b1e077e09673759e844d1ffb5d07f0bc6f,399,107,105,105,True
BigCodeBench,BigCodeBench/173,kern,b8a5327c037ebee004f689b185a9c7ac3b565cbc8dcb7886e045a593afc38705,323,89,87,87,True
BigCodeBench,BigCodeBench/173,kern_compact,e0ce42a98b9ea9157dfb42bd70cfbce3f5337487e6a083f50db4cbc85e33b026,258,76,76,76,True
BigCodeBench,BigCodeBench/173,python_minifier,5a512d07b40691d2a09657e613143889225af0ce6de827c82249cd8f499ec58b,274,80,80,80,True
BigCodeBench,BigCodeBench/174,python,81d6652f3168b07cd0514ca72ffb549f1b10d5ddcec27f90dc50701002961812,335,78,81,81,True
BigCodeBench,BigCodeBench/174,kern,5ca1ab2b2c6f2207234a15d52465782a5d446b19adb562bed01ae610fb57c8c9,276,63,66,66,True
BigCodeBench,BigCodeBench/174,kern_compact,4a53aa47beb1db108a9b8055fd1e95001f723b623783ffffe665b042e5fa4874,242,59,62,62,True
BigCodeBench,BigCodeBench/174,python_minifier,0501f97895e8cee2fa8fae550571e9c1b85dd318941d22b0e093cfcf4028125a,254,64,67,67,True
BigCodeBench,BigCodeBench/175,python,fa78c94457d4c343c91683773d6d70c9bc3c01cc3166bace8595a1c04d223535,844,195,204,204,True
BigCodeBench,BigCodeBench/175,kern,3e0dcc94e8615cd6d4caad811ba022063883575188598cc925bbffc07408a322,651,162,173,173,True
BigCodeBench,BigCodeBench/175,kern_compact,0c7feedec823a0bcfe41bd751c5a19e0a49365f9eee91a50c1f58d7ad9388f90,482,148,151,151,True
BigCodeBench,BigCodeBench/175,python_minifier,84fe8e59b77f6eba6dd31606670d9a467f27168238f5ededecda28395a1264b5,474,147,151,151,True
BigCodeBench,BigCodeBench/176,python,dd3707ddadc6515f05575313a646b8e3be9d33ec9f0741798683cfc7798a69dc,418,106,106,106,True
BigCodeBench,BigCodeBench/176,kern,bc3796e23ba08a6ba0b73b92db86aa9ef3bf2d1030b0f88065bc627ac5c4e452,277,88,88,88,True
BigCodeBench,BigCodeBench/176,kern_compact,5a925bfb4160e9188a5ec0c3b681c37d0051c29d0e724a6c000934bb0860eb59,208,78,78,78,True
BigCodeBench,BigCodeBench/176,python_minifier,bbdf4d31aaf858d9120fdabdb68bbd1ec0740e90a0ac0512a20cbb8b5caddda9,226,80,80,80,True
BigCodeBench,BigCodeBench/177,python,bf26adcc43a9a6282bae2db8327309552f732e2c058c5f23c9faf5c551da8420,833,173,178,178,True
BigCodeBench,BigCodeBench/177,kern,67b677977c5dbdda548df5983a166e70af5e203ee0bf867342597e83ff8937d2,577,140,145,145,True
BigCodeBench,BigCodeBench/177,kern_compact,248d3785cb88a9f833d6e0f0d04b2e6aade234d2e4a0afd9648e255c6436241a,426,128,133,133,True
BigCodeBench,BigCodeBench/177,python_minifier,aa48c47f84c9983331bb87080836b0ee576b384ae1872fcb92bfbe7f6f2f7679,459,133,137,137,True
BigCodeBench,BigCodeBench/178,python,711a31e7f15341ba0c3e0ee39b3e5a756c436661bcd0cfd3145efab1bec9eb4a,365,92,92,92,True
BigCodeBench,BigCodeBench/178,kern,4990c0c8fcecd7eef1524f74ba88087e45a50196fbc1a072d4ea42edf0f9cd05,227,73,74,74,True
BigCodeBench,BigCodeBench/178,kern_compact,a9c568d4f7281ab66487b51db4a7257c4833e1046103c280fdf9599ba25b1ec2,195,66,67,67,True
BigCodeBench,BigCodeBench/178,python_minifier,c2086eb1fabfcabde8c12408cd5ccb349f0314e4e5a5e4b72b0d30dacc1a103f,237,74,74,74,True
BigCodeBench,BigCodeBench/179,python,38313f3c911a2c8d87d99fa4455ce67060dabd64b5b696fa737afd0eed570405,888,204,212,212,True
BigCodeBench,BigCodeBench/179,kern,0ec54cb5ff53cd83f510a2d2120599a20eb68e661baa79ec0a7d1df6ce4627eb,628,155,165,165,True
BigCodeBench,BigCodeBench/179,kern_compact,239c1b8d0fef60e1332435001f10fcb24c5712794521b7988afa8537ed3357a3,507,139,150,150,True
BigCodeBench,BigCodeBench/179,python_minifier,ef45a240c612f5835e6e6f08a81a59a1c6747ba969227eda4cb00fd92b39c09d,530,145,155,155,True
BigCodeBench,BigCodeBench/180,python,5e9ba8c803cafa054c11abba86f86b17a247854953b8215ce590e065b73b0878,771,183,189,189,True
BigCodeBench,BigCodeBench/180,kern,ca9ffb57deb0d72fce41a53a32d57a2ef034c1ec1b21a3692053162b521b65b3,594,155,165,165,True
BigCodeBench,BigCodeBench/180,kern_compact,b0a8f7d3d637820233552cc6f2eb675dd394622a31c4f1d07ed4f706fc859fee,469,137,145,145,True
BigCodeBench,BigCodeBench/180,python_minifier,cd65a4ae371e3d86df22da87d5a652626fabc3762c2dd05a77b1b7079cd81526,484,137,145,145,True
BigCodeBench,BigCodeBench/181,python,d8a4b74177262c5844efa5821471ae739e727e8d1817aa02e064031945391bd0,355,74,76,76,True
BigCodeBench,BigCodeBench/181,kern,f449fc42e8333336aa3caa437bb169a8148aba391314ab40a4451c05654d6d8a,240,49,52,52,True
BigCodeBench,BigCodeBench/181,kern_compact,d0cbf908f5160da6b4c6de0b61e7114538247e7674f76c490482923923b638c9,219,45,48,48,True
BigCodeBench,BigCodeBench/181,python_minifier,aa5f53e0f9f53fd8608b3b7ef97bf7379fc4e6922855cd0783cacfe7dd0fd0fd,242,49,52,52,True
BigCodeBench,BigCodeBench/182,python,7959cc9db3b9f87d84284f900ce1adb25aff2911cfb82abd16ae8d9935183e55,531,121,125,125,True
BigCodeBench,BigCodeBench/182,kern,ac9848b29dc01a8ad74ad28066e4849356531df92466d199bac1304945eeeed3,442,108,112,112,True
BigCodeBench,BigCodeBench/182,kern_compact,1ec868a0330d3a46a488f4a4dcc8e2f72b91d411e724446cc8096d65220f6781,352,98,102,102,True
BigCodeBench,BigCodeBench/182,python_minifier,d18823dcf23a9a90c9ee002b2525b9ce13aa83ba931d9af0b918c2c1919c3455,372,97,101,101,True
BigCodeBench,BigCodeBench/183,python,721ac41310e9da2624ef8ebf08946fa689cb59d9dfde03c3fd5c93776e21d132,298,63,65,65,True
BigCodeBench,BigCodeBench/183,kern,24f86d90d1d01b5ea24a9f81fe43df3b279aeed9f7cbea879a529157bf27a025,189,40,43,43,True
BigCodeBench,BigCodeBench/183,kern_compact,5c965adbbb2c19bb1660a7af97e5ba9956f6c2c575cfc9717210612a054a7930,146,37,40,40,True
BigCodeBench,BigCodeBench/183,python_minifier,03ae1778e1aca618ae88119d581b71a1350804bce92c6eaf20dcda17c1439d3c,162,39,42,42,True
BigCodeBench,BigCodeBench/184,python,191e701b031d5e12d84a91f3784dedcde87605937bd4049eaf7eef91da1759ea,1511,450,452,452,True
BigCodeBench,BigCodeBench/184,kern,a392ba8ff0883b9f37c0dda624e5b4470ae8c18fc3987986900077c35595bab7,1195,328,331,331,True
BigCodeBench,BigCodeBench/184,kern_compact,2979c53cc51e15ef5f182c600c560412e644790e34e2590e9a4a028cbd2e3a0a,1099,313,316,316,True
BigCodeBench,BigCodeBench/184,python_minifier,79bbe286dd7cbb151a124d620894cc3a7c6e68acfbd8cb511555bf4b702f0237,1085,322,325,325,True
BigCodeBench,BigCodeBench/185,python,c2aa7e300067ee6d96d1dd49d14c588e2208605a74f33b284ad3425b755d3055,926,251,252,252,True
BigCodeBench,BigCodeBench/185,kern,b894e2b777c23347f6e270f95424795ea5ffcfc4d4f7f8622232d5808e605598,779,225,228,228,True
BigCodeBench,BigCodeBench/185,kern_compact,ee177e6125e64803270f57cd76324c43946de5e71afe73e282d65a6a162cfbfd,689,209,209,209,True
BigCodeBench,BigCodeBench/185,python_minifier,fb7548884d54beb309bcdc6b526518af41bdcc1125179c940612e6b16d2c8977,669,226,226,226,True
BigCodeBench,BigCodeBench/186,python,ec44d14328e584be2d61e3e3605b9a6a67204d99400605005b6fd090ae6197be,716,189,192,192,True
BigCodeBench,BigCodeBench/186,kern,6820e4375c16031e641e211de6e624f26883b15f733efdb58c92ff67b4f76ad7,594,175,179,179,True
BigCodeBench,BigCodeBench/186,kern_compact,0a5f88303233ba2561739ce5647778cf90d3563300c3b4435d52730d04850457,417,161,163,163,True
BigCodeBench,BigCodeBench/186,python_minifier,2abc61663076ebee691c8587c5b14a8481cbbd1f82422ba2e0f3cccc2d50d265,441,168,169,169,True
BigCodeBench,BigCodeBench/187,python,b06a92bffbcd5c8d5a6f75a65235950625548ed9465632f8d8587ffcb6f05cbe,769,207,205,205,True
BigCodeBench,BigCodeBench/187,kern,52958e12fb5553e810f1719dfacfa7d78111b2652f20997deb7fd2d8d06eb17d,652,183,183,183,True
BigCodeBench,BigCodeBench/187,kern_compact,a9e053d7fba8d76c685cd94ebcb4f7a64aaff9592d543eaae2fc0ce52a0fa343,578,170,168,168,True
BigCodeBench,BigCodeBench/187,python_minifier,68a8209bc634104e592ce6a1a16761c897cff11d56dd2941ffa556396a8aea6c,576,186,184,184,True
BigCodeBench,BigCodeBench/188,python,f3859defde82d3abc22ef091749bae1ee40890d3cda8584e7fd7962167cac3f5,1244,287,288,288,True
BigCodeBench,BigCodeBench/188,kern,9f1c2e4ecba8382e053df1539286164f6e69b9d9fbdae478bad66d822533400c,914,234,235,235,True
BigCodeBench,BigCodeBench/188,kern_compact,028897ac61b837b0d6eca81eaa7be6e1eed01871124df1d29a45216439beb8fe,615,196,197,197,True
BigCodeBench,BigCodeBench/188,python_minifier,1ab86fdd32c1a87d127121751b81dfc44a6497ee75becad91e493722c7706dba,603,194,195,195,True
BigCodeBench,BigCodeBench/189,python,33048a88df36e4600df5c647f866c55c2cec123391ea7564291418e398b370fa,357,90,89,89,True
BigCodeBench,BigCodeBench/189,kern,a5a1edb984e3fc2e8f44c1719d863f6d55bb0ea5a0c4121e587ed0614d72be83,254,73,73,73,True
BigCodeBench,BigCodeBench/189,kern_compact,7e5d9db0fa87b6de5abe9141f7a2b39498111868a857a9ff548cb72001a53d65,202,67,67,67,True
BigCodeBench,BigCodeBench/189,python_minifier,0f24e096da02d8c668b61e2d393f0a191832ac157d9ab954cd1649444f40e5fd,218,67,67,67,True
BigCodeBench,BigCodeBench/190,python,9536d44e64742ddcb56f684a02c360723f75ab687bddac4ece23ec4ca80f5e65,973,246,250,250,True
BigCodeBench,BigCodeBench/190,kern,052eaa27964ec8048604d6d403f83770a5b25a56f9eed45b7dc014bfdebdfa4a,687,187,189,189,True
BigCodeBench,BigCodeBench/190,kern_compact,4bacee13a28fb87c5914c144a1d1e2580de57403b1f88c7613f215d505cb3241,607,178,180,180,True
BigCodeBench,BigCodeBench/190,python_minifier,bca405abd207405da6c1a2d65c2f36b04a813bf01b8db16bb379b6afd8259b31,618,183,185,185,True
BigCodeBench,BigCodeBench/191,python,4a769154b96cb37917d4019fb7740ca2f99908336774b9a1f559757de3e49047,321,82,81,81,True
BigCodeBench,BigCodeBench/191,kern,aa34f5241a8ccacdc7b43afc9d0d6d8718ef7e7070e769faaea5cf38bd2a7158,240,67,66,66,True
BigCodeBench,BigCodeBench/191,kern_compact,48b269b00e6a42e931a5a78a149deba2f8c766cb33693b8c8cf334560acd5a23,180,61,60,60,True
BigCodeBench,BigCodeBench/191,python_minifier,165a4b5a3bd6e10996513b7be8cba02e8fe80b5bb7c56bb01649b5bf03cf55b0,203,66,65,65,True
BigCodeBench,BigCodeBench/192,python,d73c76fbbb63767b8224e511dba89bac8632e3d18c8039b60f24fadad5591a6a,1041,281,282,282,True
BigCodeBench,BigCodeBench/192,kern,6376baa16d6e743b8d4c4c55d1b8f3ac49b5328b662ec5e7ca7580b65d0d9d2a,828,232,234,234,True
BigCodeBench,BigCodeBench/192,kern_compact,b0c87a86a59c95ecf6b90f52c1f00e715ac985cef7774385f658b525cc679c3d,753,229,230,230,True
BigCodeBench,BigCodeBench/192,python_minifier,dc573b6afd2518aa51c6f468faef2a113a73590615d8af0d46c9854ad4bbfb6f,752,234,235,235,True
BigCodeBench,BigCodeBench/193,python,586e978e85cf089a6fbe5a244a167ecb79a2e96a9adff82c1daf9a11bdfa04b9,1512,345,346,346,True
BigCodeBench,BigCodeBench/193,kern,8ac5d2d9fde94ab69bedde47e11410daad9146dac1aee265cfa6e20fbdb98681,1025,285,294,294,True
BigCodeBench,BigCodeBench/193,kern_compact,da12914f6aeb03f1a45ed449343e349e2abc02d412576cb1609d632ee5f6ac98,846,263,268,268,True
BigCodeBench,BigCodeBench/193,python_minifier,44828928eaceb323903a5dee14e0c205a5c3ec7f1a83ab9c83e70a1a59df59be,921,284,289,289,True
BigCodeBench,BigCodeBench/194,python,af6128e59df00b15fa5f7666a65042cdae493032de707663a9da86a68bccf6b9,365,103,103,103,True
BigCodeBench,BigCodeBench/194,kern,e5d01c8f8e21b9114a74949ffcef2931e8837d64e812d1af448a958481955a24,292,80,80,80,True
BigCodeBench,BigCodeBench/194,kern_compact,3fc84bafd8861ff0ee0dbc2e95597d96f3289a51278034fd5fda448a567eb7a8,272,79,80,80,True
BigCodeBench,BigCodeBench/194,python_minifier,10194a0863cffedacceab0f2a932441a986530a0a4ed31b5f4372faa0de82b43,285,80,81,81,True
BigCodeBench,BigCodeBench/195,python,edf90ad104261481d1c5f49a5aee53c200eab8b5ff91e0350b3b1708f5298bc9,448,106,106,106,True
BigCodeBench,BigCodeBench/195,kern,bfd731db6a6480eb6ef9b034f3ea32dfa4e8da0e12e35b935334cd943512160a,262,68,68,68,True
BigCodeBench,BigCodeBench/195,kern_compact,2798b6443adfcc19b35514b78cd210d1e08b9c267203987414eab57626497ec1,228,65,65,65,True
BigCodeBench,BigCodeBench/195,python_minifier,bdcd8fe91253d9913467fbf0cf9c2c0b0871854d82b744fae74d6403187542e0,254,67,67,67,True
BigCodeBench,BigCodeBench/196,python,aa6dd01547eb475576f5e5c992e50faec7b67a4f91abcda09f20e079fbad2e32,516,121,122,122,True
BigCodeBench,BigCodeBench/196,kern,90f01f5bb310ef944406ceac57e3f224254d8368c0b24b61905797d6ccf9044b,407,101,104,104,True
BigCodeBench,BigCodeBench/196,kern_compact,b911720cea86ce8c2b273ede82c8b08b042648999b888ade00050d21e747f98d,335,96,96,96,True
BigCodeBench,BigCodeBench/196,python_minifier,f89600b1fa40281c9471f2d1166875d8567e6a7b9b3940f46d09fb70ab168aba,354,99,100,100,True
BigCodeBench,BigCodeBench/197,python,edefa6e02baf45e29432c16c0bbadb49b2bc034b9fca9953bb06be2628622e2e,334,101,103,103,True
BigCodeBench,BigCodeBench/197,kern,9f67b1aee3cad58ca6c0d1d588cab6cdbbf5df549cb4c0aa43973827e3ca46d8,272,94,94,94,True
BigCodeBench,BigCodeBench/197,kern_compact,2411b90bb4642c0e9e3ae2235954397db3f1adc48fe5db4a4b2d067c1025dc49,199,79,82,82,True
BigCodeBench,BigCodeBench/197,python_minifier,2d5ed495dec090682b6329ef146d1cf4d7b7ef9735c361291042e6bd2c15a38f,213,79,83,83,True
BigCodeBench,BigCodeBench/198,python,8ce6231e13778ce0091f7b4da13bbf977ba352a85ba3ad59f8b43dd62929bcd1,471,120,122,122,True
BigCodeBench,BigCodeBench/198,kern,e3ace4a7764858a3558d1f97a3b5dcb625e11f6cf400ee1d4f60bb81b495578c,344,92,95,95,True
BigCodeBench,BigCodeBench/198,kern_compact,dc2aef84a901be18cfbfa58ab7fbcb13eab6eede4ba2cfb1bfa6979ea3a3ff46,266,80,83,83,True
BigCodeBench,BigCodeBench/198,python_minifier,9c732208f880e50bde3f4bf5ea833a4e353f5c8e52d857232daffd1ff3c16c59,266,84,85,85,True
BigCodeBench,BigCodeBench/199,python,6dd0bac3fa39ee97b71b8cf2cf974263ea79a371f30062e5799b1438dd6a6ef4,1215,307,304,304,True
BigCodeBench,BigCodeBench/199,kern,4de637b746f07962c25431aa4c534760e0073741db61e9368e071fb9359bf523,974,253,252,252,True
BigCodeBench,BigCodeBench/199,kern_compact,0ca1dd5f369c77e7733fc872ed50dd209ab21065732b3eb4c6d4eff2e9cb9da4,875,238,237,237,True
BigCodeBench,BigCodeBench/199,python_minifier,0307d6284fd5ef35e6115856b0d8c65854540ba56a48c8642815d65730b41955,882,266,266,266,True
BigCodeBench,BigCodeBench/200,python,cdfbdb52f10c7ec06017ca247fb22346e5157bc977b905ec98e8211fe6548f5d,505,130,132,132,True
BigCodeBench,BigCodeBench/200,kern,a1b5eb5beb9d5039736e3fe4754d350d89f54fb4e0dfd41110290e0c4c2abf0a,367,96,100,100,True
BigCodeBench,BigCodeBench/200,kern_compact,fc9ea0955845786e467375919872f666eddfe2213159e3eb140c3cc0211bd448,245,85,87,87,True
BigCodeBench,BigCodeBench/200,python_minifier,5fad41d5747e162354f163e7f24db93c00ccdc90ebdc3cf19a9deb7144997c8c,267,85,87,87,True
BigCodeBench,BigCodeBench/201,python,149ae2ad2cf45d6900d685c014bac166318c13f95d1f2337ddff46534e936c1e,595,148,153,153,True
BigCodeBench,BigCodeBench/201,kern,da2c0771f21a0e28afb582a1018d3352e5c42f1dfdf83286aa2ac3c0c97e63c4,457,116,121,121,True
BigCodeBench,BigCodeBench/201,kern_compact,c5face74639dfbee6d2eafb7f253033a9d0fb0dc6d2a3e4502e6294b8748a2cf,364,105,109,109,True
BigCodeBench,BigCodeBench/201,python_minifier,94664ccfa52fcc8ed2640fa26126f3c84aa0ff67ada0da1fb7179802885d627b,377,113,116,116,True
BigCodeBench,BigCodeBench/202,python,6919dc72ef19316f62668ebcd1999c4595b24320053a3362e50b2817d2b0900b,782,238,249,249,True
BigCodeBench,BigCodeBench/202,kern,d11a136ac63085b06c25ef6c0480d5474b4e12638d5b697c85678cdc63516e6c,625,224,237,237,True
BigCodeBench,BigCodeBench/202,kern_compact,e473bf90366e24d4caeddc312ba2846153684cf24a03ef4df5c5cf756fd4953e,553,221,231,231,True
BigCodeBench,BigCodeBench/202,python_minifier,be21544cce44010375ae155c08a11bf7aecc67b0a0063df56b22b1c8bfd1bdb5,590,229,239,239,True
BigCodeBench,BigCodeBench/203,python,3a9062b83d74ac747ce6c7c693e6664198abb37df650087308da517c05c1812c,1003,231,234,234,True
BigCodeBench,BigCodeBench/203,kern,e62a38c26022640416a4a544cc87b7592d2674e81893c2a62d08fc2346dbb69e,749,184,185,185,True
BigCodeBench,BigCodeBench/203,kern_compact,603a0fc78a8ba7eb20e69cd0893f81f647cee8b735058827b22a5dcca40da0a2,636,178,178,178,True
BigCodeBench,BigCodeBench/203,python_minifier,7d85a46b14aeeaaa31787767e67533e891877ee6b3c8fe9c6afbb2540efeb881,663,183,184,184,True
BigCodeBench,BigCodeBench/204,python,5d1a4f1859ae56f6d76c97e3ad770c02719c776527bba2523ea0b4124bf8525c,438,119,121,121,True
BigCodeBench,BigCodeBench/204,kern,2b83eb8a8882f9c67a70d68879a0347993949bc1008d126b33b98ad28d4892e9,354,100,102,102,True
BigCodeBench,BigCodeBench/204,kern_compact,14aee6f9da43329f879280e5cccbf13c89171e07784d05932f9e7f2dec402548,320,98,100,100,True
BigCodeBench,BigCodeBench/204,python_minifier,19a45c90afad5243c8c7fc35ad5d1e150067051c4d99942f7d4098e4cd77b944,338,99,101,101,True
BigCodeBench,BigCodeBench/205,python,2f4888a467486ccfdd9dd6330f83b2aed4fb67732594039db76472420a25a28d,468,92,92,92,True
BigCodeBench,BigCodeBench/205,kern,636782a136e78636ee550e7c29167ad8418ac5e2bd5d8e1a5efeeb795a5aa2b8,335,70,70,70,True
BigCodeBench,BigCodeBench/205,kern_compact,3ac4338be25c63492939843dc8b9b2fa8788307886ccd33604d6a049197d8bd9,295,68,69,69,True
BigCodeBench,BigCodeBench/205,python_minifier,2b5eca001766714b7d724ea2723f46fd3162c0298a4d06418cfec76574f3126c,319,71,71,71,True
BigCodeBench,BigCodeBench/206,python,534ec5bdbd1ed6fe10218d9689c50de669c2de7c88f0262f23d186c46e1ad0a1,455,110,113,113,True
BigCodeBench,BigCodeBench/206,kern,1fc8f4a0c9c52170b4bb3b5c960ac71305f541be5430b1bc3db6e6cac0032a82,347,92,96,96,True
BigCodeBench,BigCodeBench/206,kern_compact,2750752cd48112c9e180dfa9e9b08fc10aec6888026617743dc69c10423c6669,269,79,84,84,True
BigCodeBench,BigCodeBench/206,python_minifier,70560e0becdbe5189a6016f11102a237af547498963011beca77e96a7cb2ba4a,281,84,87,87,True
BigCodeBench,BigCodeBench/207,python,f2be8550d13bb3fe4b30fd40a22de9ed6fa4e8486d142991d9fb40709a2ecfcb,176,39,39,39,True
BigCodeBench,BigCodeBench/207,kern,4cde55401ffe9d339e91059aa7ad3ff3301a1fa640926f20561e804a55e1ab70,140,35,35,35,True
BigCodeBench,BigCodeBench/207,kern_compact,1ea04d3f548a1589e8ed7614661d2b1c8cfd454ba78508be62beca67f9ff184c,108,33,33,33,True
BigCodeBench,BigCodeBench/207,python_minifier,307250e51f7ea6a4565c9ab678fae8258cfff2928725c62a3b1931a04fbbd4c9,121,35,35,35,True
BigCodeBench,BigCodeBench/208,python,0016092a18ab0bc8a2304b7f117148a95d5373430ddbc4132cba4c2929b22232,559,144,147,147,True
BigCodeBench,BigCodeBench/208,kern,c5e11d9af0636487a010acc0be506e40abccd29b892f4e4357a5141a066cf1bc,460,121,125,125,True
BigCodeBench,BigCodeBench/208,kern_compact,e82d9619387ee350d65ebe2f34807c43713353da4babd991ce3eec608a9239e7,403,112,116,116,True
BigCodeBench,BigCodeBench/208,python_minifier,c7a4ba9569dc9d3d72af4b7f82e490c5941d3da437fe8d95dd8bbd40d68838e4,411,118,121,121,True
BigCodeBench,BigCodeBench/209,python,c3b8a862f5c1675c581b8f050520252c5de078209485251b4a2f1bddc161e1f2,457,122,122,122,True
BigCodeBench,BigCodeBench/209,kern,93356a0886a0522dad90df16296926dc2240fd16b6c86f54b23bb1f1df37ce74,373,103,106,106,True
BigCodeBench,BigCodeBench/209,kern_compact,50ef32c4f9c2adf8bb9c2abb9b09b9a33a8d96f5b055bba3e948bd486bb68c7d,334,97,98,98,True
BigCodeBench,BigCodeBench/209,python_minifier,aec723b267c5a7d1ceb06cbecba4df9af3b3a1035801477f8ce7309851cb5a4a,351,98,99,99,True
BigCodeBench,BigCodeBench/210,python,efeef2a32fc3e44c8b1ae0df6b66ccbcfad82d5eb5c6920a0c549b8e97507e7e,684,155,156,156,True
BigCodeBench,BigCodeBench/210,kern,6cbe7a59464b0b4ecdd26373e12ac7fddefd9cf28e4f82f0709da2878e40add5,562,131,133,133,True
BigCodeBench,BigCodeBench/210,kern_compact,05f71eae91c09b00a7155bce03aa90fac570d728844950dfcccb1842524abf9e,426,114,116,116,True
BigCodeBench,BigCodeBench/210,python_minifier,0dd37babe7dcfd6dececbc0ccaf5b94d7efad0415de4d82831bb1b1c705c063c,447,116,118,118,True
BigCodeBench,BigCodeBench/211,python,a615a51d5e797b11acdcbd5a0265b810fb2d463d262b2247713d1c82ecfaa5cf,617,126,128,128,True
BigCodeBench,BigCodeBench/211,kern,a881d956919ac8936ccffc3b19edc98e6eaa66716e78ab012d8b93cacfe0e4cc,455,97,100,100,True
BigCodeBench,BigCodeBench/211,kern_compact,0a6805c7c45b8dd4f0fe80eeaf23929fe88d45201215d575626161c371a99f57,370,88,88,88,True
BigCodeBench,BigCodeBench/211,python_minifier,1e62541dd9fc952447e1b4aef945d4acb690fdd5cf71b4847ac269f72fe3f4bb,362,97,97,97,True
BigCodeBench,BigCodeBench/212,python,0d437c1fbf0d8cf4bc0b3c2617f4297fd232ac9c15954621d1ab68b185eb12b4,493,132,132,132,True
BigCodeBench,BigCodeBench/212,kern,70e54aff45d7252fdcdd63b14d45b5317453404e0740b6953eeec752ac185562,407,111,112,112,True
BigCodeBench,BigCodeBench/212,kern_compact,ce7d13048a4e0e63f57cb2f6f2d9625494190e86573ec49cb409e0c7919d258b,354,102,103,103,True
BigCodeBench,BigCodeBench/212,python_minifier,f56936eac583201c9dbba7f5d93ecf00029b3d4c4cd61bc358bf901467d702ce,371,103,104,104,True
BigCodeBench,BigCodeBench/213,python,c53cd84fa867c25c772f54339332ff0c1d5d354a2a89ec59bf8071d5fec4eebc,597,136,132,132,True
BigCodeBench,BigCodeBench/213,kern,d40c53fd005ce53459e1dacda36b896928e0317d95108e4cbaa69d675e3cef85,430,111,111,111,True
BigCodeBench,BigCodeBench/213,kern_compact,715810c4b3702a5a69444353e9f2c6aadbad515f633d3133d7c082d28295a397,348,100,101,101,True
BigCodeBench,BigCodeBench/213,python_minifier,09770af6a19e7cb21e1b711e76393c72186fc9930f078fdeb80451e39bc8952e,381,101,102,102,True
BigCodeBench,BigCodeBench/214,python,cddb72e5412f82899165719baf9a776ed775daa5947d5aa7978055e828ffd48b,683,175,177,177,True
BigCodeBench,BigCodeBench/214,kern,b66f1b62843c22ef10d04872307b9f354b8695234172497912990c4484aa5366,553,151,158,158,True
BigCodeBench,BigCodeBench/214,kern_compact,de6cdd20cd6ae018b91ba482ad03cea697c0fc4284bee68c5d7f693b90938c48,521,146,154,154,True
BigCodeBench,BigCodeBench/214,python_minifier,9b3290bc9734ccf697324c8768a5d5eb2433992b5f87d0795ac6a9b1a9af8f2a,512,154,160,160,True
BigCodeBench,BigCodeBench/215,python,8d65f3f338b8b8ec0cad829d51b5d0735a657a79b8d37f182def0fb0fd6cc7b8,468,113,116,116,True
BigCodeBench,BigCodeBench/215,kern,0511da4cf90c3e0ed745afbc2cab7bb45bd51aaf4012e07609f789421c5114ae,336,90,94,94,True
BigCodeBench,BigCodeBench/215,kern_compact,87b43e86244b347550452a231dbadf688dc0a825cd150b2cd6dcc657864731f9,293,85,87,87,True
BigCodeBench,BigCodeBench/215,python_minifier,199ed0f9ccfab331a959c4db7d791d13f203560bf80e778bff4e4ff37e340892,312,86,88,88,True
BigCodeBench,BigCodeBench/216,python,c2a4d2a5ddb755ac5a1cc54780f2399774aa4ea9dcda94bc6f88570efd351382,547,110,110,110,True
BigCodeBench,BigCodeBench/216,kern,d911b99c3ac3416b96b31fc1634f52bc8743f161886718eec7ab9caed55669ea,391,93,94,94,True
BigCodeBench,BigCodeBench/216,kern_compact,567ef2a8bd89dcb29f17a15923ec49b97fe42734c3576bac7a22a46dbd8fad18,309,85,85,85,True
BigCodeBench,BigCodeBench/216,python_minifier,ad527892780e0475e73a5b6119a7ae48c12fe158ee80e15a9c6c3dfea1d07cf8,325,90,91,91,True
BigCodeBench,BigCodeBench/217,python,6846fa43d6649586e33c295aef452e7cb05ee362a9963f7a1dbfdad7b8f4a352,652,193,194,194,True
BigCodeBench,BigCodeBench/217,kern,247c814f9d1ff0f4c2a84b65e0d278557768e0f0db7d6443134db5a08e7cf730,534,163,165,165,True
BigCodeBench,BigCodeBench/217,kern_compact,fc512bd12ab6f5eb7ae616aaf25231c788f0f13d5c34db4d5bfe0a512f10d99c,495,157,159,159,True
BigCodeBench,BigCodeBench/217,python_minifier,a7ff309c815eb7d8e1cf350a5d439ac2bd5dcafdf01de6155b01c9c2343255e1,508,161,163,163,True
BigCodeBench,BigCodeBench/218,python,7d0000673a945b490db538ecf049263faa5009a1c09a686c9ccec52eeb94de92,1000,224,232,232,True
BigCodeBench,BigCodeBench/218,kern,19a6819b4b5c8dc0df6669b1aaa60288a81c0bd9b017a586b38ed6beda4c0758,646,155,164,164,True
BigCodeBench,BigCodeBench/218,kern_compact,0b23272ff5546ddc79473302b94d37eaba3e4eaae4ea8eccd369eab2778faa34,551,146,154,154,True
BigCodeBench,BigCodeBench/218,python_minifier,37fa25898969d253352ae76737fd9cfa33f5a2e7e3994bda5993541c3ca14803,582,150,157,157,True
BigCodeBench,BigCodeBench/219,python,894bdfc314703652b54c0dae9c037ec477866e9928826342192bb1b8b8c08bff,537,132,136,136,True
BigCodeBench,BigCodeBench/219,kern,e8c38f0c7e0cae599f690e6b17ff3a96274af417299d6ba3ba3b1738132854ff,451,118,123,123,True
BigCodeBench,BigCodeBench/219,kern_compact,963326d05745b29d222551ed5d4104544bacfbd68f7b8765a3fd8afdf143b364,327,97,102,102,True
BigCodeBench,BigCodeBench/219,python_minifier,abede1e663d38bb547ee31321aa4c3ac87074150f97b1e99e56f049b4ad786e8,338,100,105,105,True
BigCodeBench,BigCodeBench/220,python,ad109a88ea2049da44f059d7fee151272155d35899ced0b23ec40742d0f7ac1b,350,86,86,86,True
BigCodeBench,BigCodeBench/220,kern,9dfe759e71491171e294d224674cba66681491cbc69ce7521fb67dae8851153f,255,74,74,74,True
BigCodeBench,BigCodeBench/220,kern_compact,c4f984178c125eedab69afc5c9a1aad6126b9c8716ffd3c3456c51c7e8e34a2f,228,70,70,70,True
BigCodeBench,BigCodeBench/220,python_minifier,119ceb749ae866159dcd74e6a25ff4e28cecf6958f7fda96f95e7782df487b6b,257,76,76,76,True
BigCodeBench,BigCodeBench/221,python,15b8a55062066d62581f6dbb35880e91596af9a06f78744e21530dcce88606c1,749,169,170,170,True
BigCodeBench,BigCodeBench/221,kern,fa960841ff70e42ddbc405ba138cc0adb5b45e16b7a696c0535dedfce3a004ea,432,118,117,117,True
BigCodeBench,BigCodeBench/221,kern_compact,3c05650882c7de468cbc6b7a911e9727cff299d96b6699eab06c733719e3b355,333,110,111,111,True
BigCodeBench,BigCodeBench/221,python_minifier,c653e610d9c885940ada3d33c6b28809db3e7101a4f246fd3ccb7b461a1f3ce4,363,114,114,114,True
BigCodeBench,BigCodeBench/222,python,685204166eb782cbf39580964c1f8b3984e8695e2d1fbc8b5d3166f0200b630f,397,105,104,104,True
BigCodeBench,BigCodeBench/222,kern,6e76cdef653f93ca71365138b1076b788ddcb40776021bc12acdb64089d8a0a3,295,84,84,84,True
BigCodeBench,BigCodeBench/222,kern_compact,1465085276ec9202e9a13557ef994f611a16c956972f03cc69a2124cb827ffec,247,73,75,75,True
BigCodeBench,BigCodeBench/222,python_minifier,d065fcdb10f2309430d9aaf2a569b798f1adc84488b834381ae53937aa03b228,264,75,77,77,True
BigCodeBench,BigCodeBench/223,python,cc088aa441826c263a1515aa1c99c309e5344c8e65cb19799fe52dc69efb2c4c,713,152,156,156,True
BigCodeBench,BigCodeBench/223,kern,b8ea61358b66373481b652c6261b2fcaf33164f5c4c3988b1bf0b0965ed07556,410,99,103,103,True
BigCodeBench,BigCodeBench/223,kern_compact,9842401fc6b3dd289f3a2a3a10fa937a6fe896851068b36d4511ef05eecc51d1,388,99,103,103,True
BigCodeBench,BigCodeBench/223,python_minifier,dd675416670960a920fc5708ae5fa8e23c9fc12fcc14b913af53d29fadbe19e3,405,112,116,116,True
BigCodeBench,BigCodeBench/224,python,74459bf7769371197147138d8c14a74091d6dda3a50a53b922a0e62d21775ea7,874,248,251,251,True
BigCodeBench,BigCodeBench/224,kern,9de61968d21c234f980bf95116d688c941599df1eb6d353fd22b59ebdedb2c86,665,204,209,209,True
BigCodeBench,BigCodeBench/224,kern_compact,f2279c00609268b237854f92ac77b67971a1830fea907977c2cf076d21ba6bd6,565,181,187,187,True
BigCodeBench,BigCodeBench/224,python_minifier,7f4492b4d8a4a321fa804b0174a411f02b31bc89beb07002bd9759b1a5e4eda5,574,186,192,192,True
BigCodeBench,BigCodeBench/225,python,f1ed879d6ddf9b5e42d20892ea0bf4f186b7462d5970f7e93fd2467d67988984,575,123,127,127,True
BigCodeBench,BigCodeBench/225,kern,55257455318424fab1ca2269d7460777a4cc401d741be4204fbd309246c6f327,360,91,94,94,True
BigCodeBench,BigCodeBench/225,kern_compact,c4c32b81bdf2d85a672e8983556e88f9b9908e5ed6cd2bfea80e319b90732a15,296,82,86,86,True
BigCodeBench,BigCodeBench/225,python_minifier,9dc7b6b8c852066ea4d8d0594f825696dd5ad9ac2f713e181657edd250e1ce86,321,88,92,92,True
BigCodeBench,BigCodeBench/226,python,d582e10c0d783a0f713088722a315b1d56ced7bb505e4c0d8cf48c851beb27ec,474,138,138,138,True
BigCodeBench,BigCodeBench/226,kern,05728a370da5a6e828572136e516a4341b5a027626c3e11483e6cc81c63b58f8,389,120,121,121,True
BigCodeBench,BigCodeBench/226,kern_compact,cfeae72894f07dd7b705677f7bf532291976eb49c02ec01cad67abe036daea79,334,109,111,111,True
BigCodeBench,BigCodeBench/226,python_minifier,e7892697a4b5d9eae9398d1a7fcc2eed4b7d8e0a3d6db87d608dc383addd0c14,349,111,113,113,True
BigCodeBench,BigCodeBench/227,python,9cc718cc5e0c525ffbf726bedc76823122328d9d91d0a19e01e40fb0fe2a0c70,942,247,250,250,True
BigCodeBench,BigCodeBench/227,kern,5d7dbb1e7cb6e8fcd6be3efb05c49861401a8220af9e835962228b24da60fad5,562,166,167,167,True
BigCodeBench,BigCodeBench/227,kern_compact,e7a9872bb3f060fd72bf554ea6db95526a6f0ea88552d3928861b3cacf1cea3f,488,157,158,158,True
BigCodeBench,BigCodeBench/227,python_minifier,84abc5472fa1181b54473828db371ed13d95d5885f14614b6d43cd3945bab6a3,489,161,162,162,True
BigCodeBench,BigCodeBench/228,python,9adb4122fac82c4de0d66aa5ca1be565185384e5d7d815cfa7188f8129dc1c36,505,120,125,125,True
BigCodeBench,BigCodeBench/228,kern,bfe4856f2fae6f5f4aea5120bfebbd032d32735652608ff2714a83c3c90b0165,341,86,90,90,True
BigCodeBench,BigCodeBench/228,kern_compact,c8ddb665034bcf363b4f68aa134b7b3dd31999841e6f589d2eb1debb5aa88c75,303,80,84,84,True
BigCodeBench,BigCodeBench/228,python_minifier,f88c0a8acde25bf6df469b048bc2b4c77d8323c02d9eb4d20c8f5f1930ac44ce,319,85,89,89,True
BigCodeBench,BigCodeBench/229,python,286aed76081c2ea5688b602ceec3203a4652939e2bf14785a9ab75eb35fe64d7,788,193,195,195,True
BigCodeBench,BigCodeBench/229,kern,3cdaca6a2534f5ee00a913464226bdddb643711bb8058a7569ca55c526791e4e,621,156,158,158,True
BigCodeBench,BigCodeBench/229,kern_compact,33fb1438606499f5e06b08e31d0d115ebb0f6c6de8dd4fb87225a0ec2b2fa9f1,502,147,149,149,True
BigCodeBench,BigCodeBench/229,python_minifier,1b7970f4c4dbfccddb46c65177f41fdd6e35a48ccc20c820fc3f3e931210d87b,535,152,154,154,True
BigCodeBench,BigCodeBench/230,python,d46a73e574d6eaf9babd6cb1a115db00fdf4bc66dc37f3c82ab45eecc0534545,684,173,175,175,True
BigCodeBench,BigCodeBench/230,kern,03901c8222cef4be8e4c5f1f94251c1cd35bc47ce83f623c404300e7d36f3c7a,493,139,142,142,True
BigCodeBench,BigCodeBench/230,kern_compact,cb3fdb7d8ae094571292f86a38f362e4439882a15996414dae285646db2d2334,481,138,139,139,True
BigCodeBench,BigCodeBench/230,python_minifier,dd958dd2bdfd937116eff523e747708f85b566f14a490b04d3b0308c5b628c99,499,150,151,151,True
BigCodeBench,BigCodeBench/231,python,9bde9ad84bdf0d70c4dea814daaac06f51843ca50f7a399a8fa7f1f4963d64e1,962,274,277,277,True
BigCodeBench,BigCodeBench/231,kern,4bea984cdec3bdf224ecfe19c0cf00363be2a9e90578e5fe69ba10612455ff84,633,193,198,198,True
BigCodeBench,BigCodeBench/231,kern_compact,2dee22cc73ebb4fc86a0203ec50f1eb4c020401512afa834f594b3e1541bdb51,548,184,190,190,True
BigCodeBench,BigCodeBench/231,python_minifier,3bbaff460e5f8067c7c5052799d05d910dec038a965d8117808eca747d7ed570,569,187,193,193,True
BigCodeBench,BigCodeBench/232,python,030ad2f19f4a50f9724dcac78138b05c12b8b4c4e4a456032725c76db951deb8,414,93,96,96,True
BigCodeBench,BigCodeBench/232,kern,6e55ff8d6adf8e89f0771228cbf9f24380b0d96f92456c7139f831d7a63e7a7e,348,81,84,84,True
BigCodeBench,BigCodeBench/232,kern_compact,a605df964c2c690b6b8f33e15d7252c42e5321729479dfaaea156b6a3a5302d2,294,75,78,78,True
BigCodeBench,BigCodeBench/232,python_minifier,9e20e226c690ed4105d0440d736578c39c5a22f22d7cff82a6eb19736e58b396,310,80,83,83,True
BigCodeBench,BigCodeBench/233,python,f0f0357ccdc89a141a2d86d79ee313a2ed829fa895c701ee0a66b41b24d54e56,628,161,162,162,True
BigCodeBench,BigCodeBench/233,kern,cdfc5a5cef08ad0c6a11a1bcab08b3d260379981bc39e95d95fe84a86dcdbd47,421,115,118,118,True
BigCodeBench,BigCodeBench/233,kern_compact,bb6e36f25cc17648afe6467ddbb2488e1518211314b509e4452a35c4696062cb,387,110,114,114,True
BigCodeBench,BigCodeBench/233,python_minifier,e332f95f4c0dc2fd58fa3ab51cee63dedca440c0c83dd77a9e333dbb767ae6a8,421,121,125,125,True
BigCodeBench,BigCodeBench/234,python,ca5aff31d1e0b5fe5b88ff66da2f79d9f67034df7f7330bf2f5c12dc6a06f134,689,181,184,184,True
BigCodeBench,BigCodeBench/234,kern,c4f046eaf3f18b772b526e56af215e556dfd74afe29248e9367396f4df05dfd7,574,160,165,165,True
BigCodeBench,BigCodeBench/234,kern_compact,7b8ec64afeedfcd0b9c01128288941fd584219bef55b3b503d769cb8dfda4b82,544,154,158,158,True
BigCodeBench,BigCodeBench/234,python_minifier,7bfdea71bc2f85cd38d38d4c8af127db043fadeebf59ef5dc5afe2bf6a13b5fd,532,157,162,162,True
BigCodeBench,BigCodeBench/235,python,e1254526c6e190b5e3d600c42aca0fe43ac1356b5a2ef588881e4f817b593aa1,875,261,262,262,True
BigCodeBench,BigCodeBench/235,kern,b228298d8b0f221687fdb3d085dfcf6a7484a06040ba956da0f9829f86f6a1aa,639,198,202,202,True
BigCodeBench,BigCodeBench/235,kern_compact,c7905e9e728e89413dba2261f606a8388d93324ac42f731a3bed7821a7b885de,564,187,190,190,True
BigCodeBench,BigCodeBench/235,python_minifier,2d456ce61071c8c67402d4882185a24a225c4b2c89306a6f98bb9c9dff4ae5f3,567,195,197,197,True
BigCodeBench,BigCodeBench/236,python,03e59ab4ee266d01c9064278b8d48cbbe0072729908ac944fe5cdc17ab5ef210,740,166,171,171,True
BigCodeBench,BigCodeBench/236,kern,8440f50674da8c1633fb096f23e70c9f6743c275e11732c00b7b821cf0094c6a,588,136,141,141,True
BigCodeBench,BigCodeBench/236,kern_compact,53daa82a37011d60a87cd1641db7dd11dd2796bdd718d2eca663916eea86d261,503,124,128,128,True
BigCodeBench,BigCodeBench/236,python_minifier,462a8fb37a11d7bd466c1403ad7ab7da34ffb660a1dd26a678da6f6a9493afbe,559,137,141,141,True
BigCodeBench,BigCodeBench/237,python,a12b15dcee1158aec1a36f5e64d15a909fc0841f5aefdcdc9ebe8b33886eb401,731,169,173,173,True
BigCodeBench,BigCodeBench/237,kern,0f61db8318495be00ee58c5f964297dfe79c8da151fe6d5134affb42afbcaf9c,541,137,141,141,True
BigCodeBench,BigCodeBench/237,kern_compact,f1f52d1ac03f649d036b88f68bafafe4df859bc0efcc1d8c744475d2adc807ca,406,113,115,115,True
BigCodeBench,BigCodeBench/237,python_minifier,10a0bb4444c7eb456032006f1cf65be5402672e37b8a549f2c0d7246415c936a,442,123,125,125,True
BigCodeBench,BigCodeBench/238,python,d08a07b5e9b7301596f2dc3d29862be2e1cf9de940ea986567e4eb0e969baaba,533,128,128,128,True
BigCodeBench,BigCodeBench/238,kern,df569ecb3cccd9777119e9b21836680721c58f97a4905e9c5dd8685cece667fa,431,110,111,111,True
BigCodeBench,BigCodeBench/238,kern_compact,5c10dc71c9a6bf5213a39ca47304b6da18158f21616e547c08ab4a1624d5bd20,415,105,107,107,True
BigCodeBench,BigCodeBench/238,python_minifier,26f257abf9631a46202a1bc4935e00e6654a500045cd0e1f83fe20604236fcf0,417,113,115,115,True
BigCodeBench,BigCodeBench/239,python,883c95acdf3fe980ce43a4dcee0f3574aad89673f12ec9179d33683016a5c150,798,215,215,215,True
BigCodeBench,BigCodeBench/239,kern,0fa4a09323c14219f767e200c55bdfcd34431e2209a6ca9fbb5655d307575e4d,545,153,155,155,True
BigCodeBench,BigCodeBench/239,kern_compact,bb801090a5dc4fbe768bc2bb271862b94014e0a4a3ed9c6226abfd44c6c0c039,452,142,145,145,True
BigCodeBench,BigCodeBench/239,python_minifier,e811d41cefba1afa9cbf5dcfe0c80a13b91551b948abe89d5a6ea672e3af2960,467,149,152,152,True
BigCodeBench,BigCodeBench/240,python,99be109e7d4351b0939dc2b2057669ae6b2b6ab24573100784e8099d7505348e,293,81,82,82,True
BigCodeBench,BigCodeBench/240,kern,83db6c59df85d5bdaed40e5027c5aa300b33b82225efff3296d0f105d2cb1a7e,243,65,67,67,True
BigCodeBench,BigCodeBench/240,kern_compact,6f5f22e8e7c979b9694685411c0a0dbba8e89ad5a42ff6dfd306f678153828c7,225,64,65,65,True
BigCodeBench,BigCodeBench/240,python_minifier,96663275620281cd8b42e76a1ffc8235fa827c16c6762d5440c55f96e26a44b9,247,66,68,68,True
BigCodeBench,BigCodeBench/241,python,72bd8bc3327ab37bafb4fcbabd8e996903093430f48bf66f5e4505c808502b4b,566,139,139,139,True
BigCodeBench,BigCodeBench/241,kern,e11e2c87d06078403a9406fe15e8fe664c0a861969f1e772271cab421c1f84d0,372,97,98,98,True
BigCodeBench,BigCodeBench/241,kern_compact,33612535726d1e50469a7a7f04fe05c7fdf6f8c259814ed0d63e4ef28b14d0be,322,88,90,90,True
BigCodeBench,BigCodeBench/241,python_minifier,3e958553b028df67a99a2c31338747fb6f9012ef847fb6c10e11dc79df74c845,341,88,90,90,True
BigCodeBench,BigCodeBench/242,python,f7fbd5ed83ecd704c03df781c4311e31534024408f2634fb08181d8cf5b009de,828,214,226,226,True
BigCodeBench,BigCodeBench/242,kern,27b58f5cb55073583385a40e8b04b6bcd5f0ade5ee778f152d7486fe063033d6,671,189,203,203,True
BigCodeBench,BigCodeBench/242,kern_compact,c37c87ab4d5846888ba5670f2761eec46581f576ffdee9efa78dad4023015ad9,591,166,179,179,True
BigCodeBench,BigCodeBench/242,python_minifier,4b3b1cadd7a4df1911a4d699f2dc407c57638989975f2cb2ae7909da3ad77f21,586,169,183,183,True
BigCodeBench,BigCodeBench/243,python,8326e7dffb4f164b6b16dc6c8244646667629ee959d5cbb0e73b486e306d8d1b,385,104,106,106,True
BigCodeBench,BigCodeBench/243,kern,e358bd38ebdad32b29204db08ca65c468c951ccc10df11761fb1f1c703beb7ef,295,82,86,86,True
BigCodeBench,BigCodeBench/243,kern_compact,c49f84dcd274113000b0a31e9813fa039003123e10712380ee8c0ad0752599f7,273,80,83,83,True
BigCodeBench,BigCodeBench/243,python_minifier,6f06e9154bf934b52f822eff835379199d21f9c0f75b4ccc48e674e941f22e8f,292,87,90,90,True
BigCodeBench,BigCodeBench/244,python,655363a18934fb7538a1fd911c85c2a6cb63821e86e9b728037449067210d305,355,92,93,93,True
BigCodeBench,BigCodeBench/244,kern,1a1bbcf05776aa79f3765a0aa2dbac8a0f3afa490a3433230c34e842a9ae3f61,267,78,80,80,True
BigCodeBench,BigCodeBench/244,kern_compact,e79859729e56659a80c893e91ff94a22ff25cd62813f344c37db509a17a4cde1,219,68,70,70,True
BigCodeBench,BigCodeBench/244,python_minifier,6148f6755a6fc7ff53ea43b0a1bfc50723892ef3818789fa858e56ec7c66774a,248,70,72,72,True
BigCodeBench,BigCodeBench/245,python,fcda948a962ca5c1ad787a54cce0808cb6982c220e0dcd2124227a6642e6b9af,453,126,127,127,True
BigCodeBench,BigCodeBench/245,kern,d13e2ec06b23402350c18e481ef1febde12c55f9bc3aa68be6eb344a783b98d9,385,107,109,109,True
BigCodeBench,BigCodeBench/245,kern_compact,3d4b49d179dd6dade81d97cf663f72f0356bf9f8b415c3757a44cff5c7e94538,323,102,103,103,True
BigCodeBench,BigCodeBench/245,python_minifier,1cefe3119f353d2cc36e590913b777b7fd2427c44ee8f6a7ae0aec3f7cf490a8,328,104,106,106,True
BigCodeBench,BigCodeBench/246,python,8f85b66331ffbd3b271764bfefd545d4b4b85019fbdf45f26affa72fc541115a,546,154,154,154,True
BigCodeBench,BigCodeBench/246,kern,066103c6dabe148f732803f18f22fab1164f9118fc4ea2f8e263ea5f7a8f8edd,433,132,136,136,True
BigCodeBench,BigCodeBench/246,kern_compact,71e31898557a13e23eecce9a4679894f9e794152e725819147174956d522ad4e,308,108,113,113,True
BigCodeBench,BigCodeBench/246,python_minifier,6e79e1019c35bbc6323ddb9670efb9b3e25652d5df203c1ccd4f753fabe841da,333,109,113,113,True
BigCodeBench,BigCodeBench/247,python,5ac80e3654c22b1dfd2e228a290007666e79d88e97ebeb7681c08e798cc9c6bb,580,146,149,149,True
BigCodeBench,BigCodeBench/247,kern,07d04c9def3825349a741029ba37e5157d889491df8f616184de0ee26f09019f,488,123,127,127,True
BigCodeBench,BigCodeBench/247,kern_compact,95a64c019666f9efcfc2b4299f43ddca90b0eae4bdfcf3f76be0242b1ad4a2c8,422,114,117,117,True
BigCodeBench,BigCodeBench/247,python_minifier,898b3b70f0aa7279890d69780da18a3f235a3b5bbadcbb6b6cab9ed9142443f4,433,123,128,128,True
BigCodeBench,BigCodeBench/248,python,99351aea9e2f6ad71ee18dd5d559337a93787e1847f63ed63abcef114df2429e,426,107,108,108,True
BigCodeBench,BigCodeBench/248,kern,495a577bfb3c2a503d382449d38b4426d5fac9a201bfa27011ee150986e5b1ee,348,91,92,92,True
BigCodeBench,BigCodeBench/248,kern_compact,49758eb7709e63c9b9cd313f17c9a9c3ecc5c0404ff81d9547fb2da92e291931,290,79,82,82,True
BigCodeBench,BigCodeBench/248,python_minifier,9b63d5fcdab07942486e017d87c2c361f18e1e5646a8fa89a9a608d8a99cd8f3,307,81,84,84,True
BigCodeBench,BigCodeBench/249,python,0f3a56df67f5c2165fe84b048569fe5aea44ab876800904aefebe414db7e84d5,421,109,110,110,True
BigCodeBench,BigCodeBench/249,kern,9d6fe923cf17fd65a36e559556ce1dbec06aa6e012c65e2c561b96b928fb48c8,356,88,90,90,True
BigCodeBench,BigCodeBench/249,kern_compact,ed940e5d964f30e77efd2c1d151f1ca7b2c98a02a736728499d49d72d915523f,294,81,82,82,True
BigCodeBench,BigCodeBench/249,python_minifier,99ae8a7ad893ecfa350589898e6c00ac9b4c8b645ec438d003e25169ffbe450d,323,83,85,85,True
BigCodeBench,BigCodeBench/250,python,a04f14e0fb89a23dd6ae37c84022cad4705c6725617ede43b2fb9cbc55c1fdbf,452,114,114,114,True
BigCodeBench,BigCodeBench/250,kern,c312ee3ada0557ca26029a37340018429ae7c33d545d1998aa84f60a01810f2c,384,101,101,101,True
BigCodeBench,BigCodeBench/250,kern_compact,7c363a5669c25a66bc003e8ae3a39cd9668034e7ff663266ce2d2bbe1ba0c022,286,86,87,87,True
BigCodeBench,BigCodeBench/250,python_minifier,4e7ea20e62fcd4834d8a606f5ff1d349da2db372696c6ef4fcfb521f2beaa32a,301,88,89,89,True
BigCodeBench,BigCodeBench/251,python,8a2c9be9c225bab2639ffa1f6bce2d440bcf4829519d48d82e1e0e59b61af095,542,133,136,136,True
BigCodeBench,BigCodeBench/251,kern,887d3e9075a33b59692febeea241a3ec07805cdf71f04c0f72cd04e24afce002,430,113,119,119,True
BigCodeBench,BigCodeBench/251,kern_compact,c12698f5366cd646a1bd95b79890e9029a5510a3312fccf84f1a1cf277266ccb,369,109,116,116,True
BigCodeBench,BigCodeBench/251,python_minifier,8260e44b95d3e18d23105b200dcd065bbf0004293ce82eb5205a1763b37d0010,384,108,115,115,True
BigCodeBench,BigCodeBench/252,python,c9ec73f48e8824d8b75c0ac06a266fbb07581b7ff39bc7014c284db196575d12,364,90,91,91,True
BigCodeBench,BigCodeBench/252,kern,7c656299f969e27f6afa8d1737abcc9390317e22887e8134c304b2c268256d74,274,71,72,72,True
BigCodeBench,BigCodeBench/252,kern_compact,911a6c267a5a8d191156943df18c3529068ba655f144f1db007b3e81e8b26b1e,254,70,71,71,True
BigCodeBench,BigCodeBench/252,python_minifier,981878aa386370c97786ed0a29223350b1715217e20129a11355d4d8fa5d77e5,272,72,73,73,True
BigCodeBench,BigCodeBench/253,python,3cc5d213d4ee06b229ce993d040330da7874258ea8e38b2e096755750a0c5352,324,108,109,109,True
BigCodeBench,BigCodeBench/253,kern,20e4e586f5964fbbe17b316cdb223931a63144d7803579fd7d7418ca27641abe,241,81,82,82,True
BigCodeBench,BigCodeBench/253,kern_compact,60e50e01214e2d8326cf537ac02f032fc3245f68a0a8e9012c3ac4b83458c6c7,230,79,81,81,True
BigCodeBench,BigCodeBench/253,python_minifier,fda96c317035c701879b147fb8a1ca2dbbae0f76845662697757a887e1b4a1dd,243,81,82,82,True
BigCodeBench,BigCodeBench/254,python,055b42f337adaa27b85c7210a566f2487286ce207111f6f4895d198391e703dc,287,66,66,66,True
BigCodeBench,BigCodeBench/254,kern,4f2b6d8a7fb040d8a359198c9597bfbf40c13b0b52c9a43bac85b456fa517fb0,139,35,35,35,True
BigCodeBench,BigCodeBench/254,kern_compact,3552cfccffea99d08ec434c47b6fbc4e0083043e4f3a820943d65063dfd22e92,106,29,29,29,True
BigCodeBench,BigCodeBench/254,python_minifier,a52528afa0d800951e70767787b9b8b7d413bc98044ca965f095404e586d2d4c,123,33,33,33,True
BigCodeBench,BigCodeBench/255,python,00075832b22f15082158c7359e0b565570b6530e58a820ddc7e2fadea80ec2cf,388,110,111,111,True
BigCodeBench,BigCodeBench/255,kern,e2e37034b271bb366a8218c1cbfba316ad81775fb729fd151d214daf53fd0627,304,90,92,92,True
BigCodeBench,BigCodeBench/255,kern_compact,5dd4ab5ac7427a638db12837fd9375ac62a6c68dc455928ccebf5b7a6ff3d1a0,295,89,91,91,True
BigCodeBench,BigCodeBench/255,python_minifier,32fe398d8258dc9d4f87d168dfe54868f2960c4640bead9be7de3e8088346296,312,95,97,97,True
BigCodeBench,BigCodeBench/256,python,1e0b02a9c7953f0e828caf6677f4f6e9ee0c9f58eb1ffc963b258f45fa5fb3ad,1014,232,232,232,True
BigCodeBench,BigCodeBench/256,kern,ec13761b2fa920f0ca31c13814555661b413c7137496aa9b054cbcb175d6cf34,627,152,155,155,True
BigCodeBench,BigCodeBench/256,kern_compact,b5f6d3c56b75aa6b0e4b7863867cbc8e7bb81609805bc2b08fdd6b0ef740caec,509,135,139,139,True
BigCodeBench,BigCodeBench/256,python_minifier,54bb883b7bc08b504650a99bca8721210548802816d2a2790a0a0590258d25ab,532,141,144,144,True
BigCodeBench,BigCodeBench/257,python,d32553af7157dd46ded78f40fae7bfcec653a22b512a44a410b6c0ad136e4f8d,210,67,67,67,True
BigCodeBench,BigCodeBench/257,kern,2a8a10bab3d5022f4c644053c61fdeded43f6851d06514c8f2ab9ba25a9b5100,156,52,53,53,True
BigCodeBench,BigCodeBench/257,kern_compact,8d45638fdd86189b5848d49962c1b78278a4aa219d742526dcc3e2ce9b2696d8,144,51,52,52,True
BigCodeBench,BigCodeBench/257,python_minifier,abb702e3ca6a482d0430f74927ed9a5650b011c0bfb4969ddcc85ba8ccfd615c,153,53,54,54,True
BigCodeBench,BigCodeBench/258,python,5496ad51e57f24279ad4e0b889fc823d37586959cd57c2bb87bd5d30a66425d6,861,280,275,275,True
BigCodeBench,BigCodeBench/258,kern,35ea1ed7172c93545526dc01206dd184d4e30f6129cfc96e347ccda638031543,599,183,188,188,True
BigCodeBench,BigCodeBench/258,kern_compact,f85ff345060aa92ae1d973b1192a3e4396a3c22eaef582eb52865770ae089a8a,564,179,184,184,True
BigCodeBench,BigCodeBench/258,python_minifier,b621e1cb3c34a5503c18c114395e9a983abf4bee046a26b49738ede795c7e4a6,500,213,210,210,True
BigCodeBench,BigCodeBench/259,python,a4703386bdb5da60200dc2c5c5aa9d16c698cdb4cc1ac121238fb9a28f3e8e09,345,85,86,86,True
BigCodeBench,BigCodeBench/259,kern,5ec1f11180e4befdedcf744746809fcbb14770f10c5794bb4d3cee97f45de5c6,275,69,71,71,True
BigCodeBench,BigCodeBench/259,kern_compact,adddc5dd7f27c2030255b9e8a75facb88f78e2e9892126296e04bb18f715109c,263,67,69,69,True
BigCodeBench,BigCodeBench/259,python_minifier,d70838cc08665708af74ff7952fbb42256318aba6ea1a587345e2e0f1ecfe445,266,70,72,72,True
BigCodeBench,BigCodeBench/260,python,4e9689c7e1c8b3eaa7d546e187dda5c04d550b0cc5a3383680682acadaafcac1,497,119,119,119,True
BigCodeBench,BigCodeBench/260,kern,2b62c6aed11ee64e19f22e4a792556f0f5b031dd3187bf2335800ca99722a1b8,317,95,95,95,True
BigCodeBench,BigCodeBench/260,kern_compact,bc10268fa88b880a771dabb4c4b88562039dfbc1dc429ff06213eea391883f99,247,87,87,87,True
BigCodeBench,BigCodeBench/260,python_minifier,b5b2f90e6a5bd89f588fb89d2a4f1a6705d362cd6d5f3efe99891bcb9d312710,271,93,93,93,True
BigCodeBench,BigCodeBench/261,python,44424edea095db9f55fd6bb91907d9a215bdd684e89fb900b3df1c15b39375db,393,101,103,103,True
BigCodeBench,BigCodeBench/261,kern,8b6ddec3e46d1c897d8d4cf6003ddbcde07114ee1b26b3ae99ca97d36a34491f,318,85,87,87,True
BigCodeBench,BigCodeBench/261,kern_compact,7175b14663ff776f8209e528a87f0628f867c5c897e4f68ec7d4f99ca5a3d058,302,83,85,85,True
BigCodeBench,BigCodeBench/261,python_minifier,27a5591f20ce30b984d5dd2df8444cb6e2bd9807b83c782c8874caebe3bf79f2,314,88,90,90,True
BigCodeBench,BigCodeBench/262,python,a876ae280aa1ea97cae34a326af884d88e7028d105e4c3a74dcc8692bd328c8e,525,108,109,109,True
BigCodeBench,BigCodeBench/262,kern,8ecfec656ac621c0bf184d1d877ed9f6ab660db4a574b146aadccbbbee13e0ca,368,76,77,77,True
BigCodeBench,BigCodeBench/262,kern_compact,1a565b28b417f199669d6ea0f0e76c84a0fc6160be25e6f5144c811f71132539,322,71,71,71,True
BigCodeBench,BigCodeBench/262,python_minifier,8be48f19999bafadfcf2998bd9019bd1914a4ef431a9000b7ed7928183638883,321,77,77,77,True
BigCodeBench,BigCodeBench/263,python,3b44d799c6e110517deb7b41cd6c6ecb992ffc3d8ea262aa5a7d16046a5dcfe4,555,140,143,143,True
BigCodeBench,BigCodeBench/263,kern,15f6fd8e691ec266c8b73f40fb524671c7762a93860ed25809ba9ba544797d07,425,116,118,118,True
BigCodeBench,BigCodeBench/263,kern_compact,1fe93a97a40e86ac0a41e5a90667439f17ab82637875a06ad118c66c32d61b6b,349,105,107,107,True
BigCodeBench,BigCodeBench/263,python_minifier,efefa9fe0671779ee61713e212e4d645698e84745b172cb09b9cfa392b12087f,361,110,112,112,True
BigCodeBench,BigCodeBench/264,python,b1dd3ced8200277fac6284dbafaf436c6d26ee94f77b55c42750debab899edb2,664,158,160,160,True
BigCodeBench,BigCodeBench/264,kern,db1c856e48a170db265b94751eb204b2ee367a4a0d35362e2ee63666a5517925,393,99,103,103,True
BigCodeBench,BigCodeBench/264,kern_compact,defa7fabfb1b2c4e76822fe6fb886bbd421e90ec020f52ab4942d06cb13ad8ea,367,95,100,100,True
BigCodeBench,BigCodeBench/264,python_minifier,99888fe5649b1cb11361abd58b9412dc064cd948d476b0847cb08f380b01eec0,379,106,110,110,True
BigCodeBench,BigCodeBench/265,python,d8ab3a4d5cfa1b8a33937940465d32389d3201b85a3ea15814c9f98b78017923,532,138,138,138,True
BigCodeBench,BigCodeBench/265,kern,538dd67bfd3c3777eee0b5e41b07b59e1f56d937de25524183dc0d92a917e99a,314,81,81,81,True
BigCodeBench,BigCodeBench/265,kern_compact,c507b2c62ea99795e1579a5642e340051772005b6bd82841b843297f4fa70a1f,229,66,67,67,True
BigCodeBench,BigCodeBench/265,python_minifier,468e16f631ff586edcca685207cb0d9c09838181db69fd3d371b7de2fcae9b15,243,72,72,72,True
BigCodeBench,BigCodeBench/266,python,819e5bc53ff8c2778bf29e94550d37649e5900c434390f1b2c5dcd589809765e,623,145,147,147,True
BigCodeBench,BigCodeBench/266,kern,937db04ca792ba17662f40408edffbd8dd5ac794bcb56d39f0993e25440a17c4,479,124,126,126,True
BigCodeBench,BigCodeBench/266,kern_compact,a0f35dbef2de64c0c7e855b409d896157c308f9d0f3bdfa5d9b8f0070f640356,379,110,112,112,True
BigCodeBench,BigCodeBench/266,python_minifier,731aa3f103b5bec523d2e6886da1d98abcaec21053f9c07897fb2b028af4782c,388,118,118,118,True
BigCodeBench,BigCodeBench/267,python,b4d38f31a54c985fe5fec4842ad137bf6d125f240dc7eb056ad139490a3b66c4,698,191,192,192,True
BigCodeBench,BigCodeBench/267,kern,0f85b10a4c22727ea0048b81499d013884bedc9fa739d34c937f16530df73090,435,123,125,125,True
BigCodeBench,BigCodeBench/267,kern_compact,bb698bb52a519de17e193c613384f049f5f9d851969fac03bc3fc973eaaeb359,397,119,121,121,True
BigCodeBench,BigCodeBench/267,python_minifier,2a88cbcd0b6acf07cbf0fd3efbbdfc7d1a614f68beff0847b24972e128766bcf,414,120,122,122,True
BigCodeBench,BigCodeBench/268,python,e1af37c30cf76c530e72afb7eb9b8d00f30b5cc39f74c5930ba3236a24d67b3c,308,100,100,100,True
BigCodeBench,BigCodeBench/268,kern,52a5e60c35b708f38b712df0edca098036198b70440ac65b82c71b7c73883bb3,246,78,79,79,True
BigCodeBench,BigCodeBench/268,kern_compact,45cc0f08a515950ed55866b5b927529d7cffd9c3798eb8d4b6795b2d5d43515d,230,77,77,77,True
BigCodeBench,BigCodeBench/268,python_minifier,75a692c131925ac9e9c98de8347ce9cf9d20ca553863239a1e64fafdab995a13,237,77,78,78,True
BigCodeBench,BigCodeBench/269,python,7900eef4bbac9d07dc6cfd51555692e97ee062d90a1e147dd396f0466454eb73,967,236,239,239,True
BigCodeBench,BigCodeBench/269,kern,e227be5535129269978f7e2b8c1d00df0205a674aa7b38624441ec77ec3f4154,647,162,167,167,True
BigCodeBench,BigCodeBench/269,kern_compact,b97daefc4c025eaae2e907ea892d408ba22de7d5405f91d709f46baa12a38099,518,149,152,152,True
BigCodeBench,BigCodeBench/269,python_minifier,8bea016888cbbf5f19878a15f393be776ac985093d86009e8281d0853df785f4,526,152,155,155,True
BigCodeBench,BigCodeBench/270,python,4bc2f3b424cae42f15c4e180efc158c8a0ca0c259cc39dcd1aa99ed4d180072f,145,36,36,36,True
BigCodeBench,BigCodeBench/270,kern,6009f834d4ba308e8abce698819658086dc1e3911c2398896f32855bd9ac4b9e,117,31,31,31,True
BigCodeBench,BigCodeBench/270,kern_compact,3e57e3e3c55f57e7dfddc9c1331b5c1f0abc04db5467279c077996d3d3ee6cd9,109,31,31,31,True
BigCodeBench,BigCodeBench/270,python_minifier,ae9b4720c851f889f2821d297021d359944b8019d10c92bfae61931c844a2b82,125,32,32,32,True
BigCodeBench,BigCodeBench/271,python,9bb4c66fd08d0138a5f32e502a0c01f6067948655e3bfd2c9ba821a6223f0750,641,157,161,161,True
BigCodeBench,BigCodeBench/271,kern,ff02dddbae5fd9e611fb315dada4314ac7843c000d057946e9104e39062a4265,372,97,100,100,True
BigCodeBench,BigCodeBench/271,kern_compact,360b657a6145ff32f7c0e8b7b3b88424670fc3269118d4ac7497d001c794d59c,322,87,90,90,True
BigCodeBench,BigCodeBench/271,python_minifier,750a2a6352f964fe55afd05c69b067bee6577baffaecc74816b1866440701c37,299,86,89,89,True
BigCodeBench,BigCodeBench/272,python,f1f45e180a72bf8d99b5628898760fe1aa0830b0eac7371eb995f374bcc5da5e,1637,287,291,291,True
BigCodeBench,BigCodeBench/272,kern,6cf67f84ec76b3fd805e8f26a89a067a5e0cab160a9c990a042d8bf69c609f5e,882,198,200,200,True
BigCodeBench,BigCodeBench/272,kern_compact,7a67589f41acc01f42811d509c00c98a265bab4a49c357d5f68b3aa553da1130,715,184,184,184,True
BigCodeBench,BigCodeBench/272,python_minifier,d86056ec60c104f564237c5ad1debb5747ad119fd6dcc7af62b904a2af311878,736,200,200,200,True
BigCodeBench,BigCodeBench/273,python,e9a052c6c5a3832e1e5db7a2aa8feb1d7952c002b80cdf630acb7a09dd049b50,1204,235,239,239,True
BigCodeBench,BigCodeBench/273,kern,80d80d98303eb57c9625a108a7dc014ad63c239cf294220c9b76285883bd4d9e,803,185,188,188,True
BigCodeBench,BigCodeBench/273,kern_compact,3cbe64265da2b8d52cb6ad747942834ea76c03ea1e2d2fc40fc5b46ea348bf31,717,177,177,177,True
BigCodeBench,BigCodeBench/273,python_minifier,4e7e39fccba9e432a4a9cb70bed52007907fa9a306915df0ead3b50ade12d607,762,202,202,202,True
BigCodeBench,BigCodeBench/274,python,04b633467a6de7afd486d29752002546242f7badf42af33b4f24b648bf0138c3,1678,318,325,325,True
BigCodeBench,BigCodeBench/274,kern,4779c0ef457dc532bfa7a2530c8a68e978990ee248275de21ec10ba4d4c2c775,1046,270,275,275,True
BigCodeBench,BigCodeBench/274,kern_compact,523ec597fc1c159345e432e196a5b9556d1689ed4e754d03e1fb56528fc4bd32,882,253,255,255,True
BigCodeBench,BigCodeBench/274,python_minifier,5bd1d6d46a97c0a8edb8db9983eb66422ee4f5c458a038955eb7f79a7dc196e2,961,270,273,273,True
BigCodeBench,BigCodeBench/275,python,54943533ee819c7b579883da480aef98bbbbf9a8ee953eb42fb5a23fe1151025,241,60,61,61,True
BigCodeBench,BigCodeBench/275,kern,555dd61743062e47147b49cfc4d846c7e425f1c89cf8f9d18b19686a4843c6f6,182,47,48,48,True
BigCodeBench,BigCodeBench/275,kern_compact,fadcef961c36073c5db91b103c18e66a72c2c131177b6dc2910d804828559396,164,45,46,46,True
BigCodeBench,BigCodeBench/275,python_minifier,9154c69955b73ce637b00238f5d099fb09251df406a646f1f138085cce2c4394,187,49,50,50,True
BigCodeBench,BigCodeBench/276,python,263851dd60d41fd5378a2f5edf97d9026c072c528adf141341d9c8e6e8b31784,535,152,151,151,True
BigCodeBench,BigCodeBench/276,kern,143dd2532a329888be139494107d1a745371cfdb6d3fc005e791de4518266646,433,128,132,132,True
BigCodeBench,BigCodeBench/276,kern_compact,0b764a339cd4ea1cc425bae3a438a6b8bfe307cff102f21af61b252338c61bdb,331,108,112,112,True
BigCodeBench,BigCodeBench/276,python_minifier,8da6f3582b1586a2e7dff76f4c840c178dab634ec85fba2374a45259fb13cb43,347,110,114,114,True
BigCodeBench,BigCodeBench/277,python,06c156b7ddca30f37b5a084ba855c097c37c4c3dc963d5f3690876e186339eba,333,93,93,93,True
BigCodeBench,BigCodeBench/277,kern,21d66b8a4813a6e74c738bf1ac85b8d21d7b8b701428f3c246c0eb4dc3c787a8,248,80,82,82,True
BigCodeBench,BigCodeBench/277,kern_compact,fefba116dda68852af446dccb0d9a945c6eb41ad468a8c3f1af8a8537261189e,215,77,77,77,True
BigCodeBench,BigCodeBench/277,python_minifier,4dad8e9c3aef011c849a85ee648479b67842f74f9c65c5b07a7bdf5fe93e0c02,255,79,81,81,True
BigCodeBench,BigCodeBench/278,python,dd2d93fc1fe22004b0960f6b8363ffecc4232c68b575da4bd067105d2c713510,476,133,133,133,True
BigCodeBench,BigCodeBench/278,kern,7d4b44d1a8a6d8d8339654ad4857f510e89293034c055205b5c15af349c6722f,389,112,112,112,True
BigCodeBench,BigCodeBench/278,kern_compact,3f9a7f29b93bed5b743a6484e21abc77c3fc49159f1a73575ddc733a60e65a0c,322,106,107,107,True
BigCodeBench,BigCodeBench/278,python_minifier,8453504f672e103610344dce4b3f8135f3ea88a20803ba8634c043b2b8249d0f,333,110,113,113,True
BigCodeBench,BigCodeBench/279,python,0ee90ed20e4cec34f9457c178026cb0915875b99c6f8b78b97b555238502e93e,355,107,107,107,True
BigCodeBench,BigCodeBench/279,kern,7f3e355f93e2a50933062b8524748f2586b2c6ef52cae17791b82b98ab900c0f,261,81,81,81,True
BigCodeBench,BigCodeBench/279,kern_compact,977a41c50a05f780b766dded12d99a95fcf107ed341f7ac683809f4880d3e2b9,200,73,73,73,True
BigCodeBench,BigCodeBench/279,python_minifier,485dea1774494491c2c13472d0956441e5f128b6e92dec5df34119d77d8dc3a6,224,76,76,76,True
BigCodeBench,BigCodeBench/280,python,2656d40257b5f3804d1faad522e1517b3f5b58acb6843d0425755df15ee52bcb,557,139,140,140,True
BigCodeBench,BigCodeBench/280,kern,5e4cef5afb382c23f126b5062f3d2086904601f01c9c1a1e020aab345a8333fa,449,119,121,121,True
BigCodeBench,BigCodeBench/280,kern_compact,932ff7fb00dcdb0178f33c5568a507183017852e9f645bf2d3f229df4bd8de83,330,101,104,104,True
BigCodeBench,BigCodeBench/280,python_minifier,14c11c2ae682a17d0b31d8cc06e694b565fa7b69ccd6b1d8c6b35d06ecab1f1c,343,106,109,109,True
BigCodeBench,BigCodeBench/281,python,ff5952b0c573ea08b404dbdb8800e74dac78002466d5ea08f7203497fc10f684,482,118,118,118,True
BigCodeBench,BigCodeBench/281,kern,e3097aa8b94cfcc4504461c6fcfbbb9b8412afae89e3dffdd6ca7118162188cd,371,105,107,107,True
BigCodeBench,BigCodeBench/281,kern_compact,8db55821f20a8d2b12239c74bc595e804b3087cfc969fe5da002c6284ec3ea42,292,101,101,101,True
BigCodeBench,BigCodeBench/281,python_minifier,ddb5d7d77c2f6ec4b9a481b4427da7ee16ed6b9f12aa66d477f3975a7a82e830,300,103,104,104,True
BigCodeBench,BigCodeBench/282,python,404ddedac4331cdee3278e0230ce93b1aa88279cfb10d9af03d6295e808ed5f9,585,164,169,169,True
BigCodeBench,BigCodeBench/282,kern,f8401d790a89b0b56b562924feeb923495a645437380a3dbcdb78bda1126eaf7,455,135,140,140,True
BigCodeBench,BigCodeBench/282,kern_compact,888eb7b2b6ab09047ce296608d3c3c01b852f57e2b340831a886afedda73abe2,416,130,137,137,True
BigCodeBench,BigCodeBench/282,python_minifier,2966bf9b2d52ab3b86e15fc3bd63b8e3cab55b85da1f563d7b091a3035f55e37,429,133,140,140,True
BigCodeBench,BigCodeBench/283,python,bba0d776cdcf45d39ce75372a179a1fd5fcd2d00526df90fb6a49f74afdfa5ed,501,102,102,102,True
BigCodeBench,BigCodeBench/283,kern,d830b4c2561bd3d45a9dc9ba283ce6c6d81c135dcb1b6816295e43e3579e93f0,372,88,89,89,True
BigCodeBench,BigCodeBench/283,kern_compact,753d2e5db0209c3330f0db0fdc00c695de6e2cb79b3b0e53980472476e450bc9,279,80,80,80,True
BigCodeBench,BigCodeBench/283,python_minifier,e11a80a6fbcc947ab75fc7c410cfec85d4bc3099ccd5a64785380dd9aca6263a,305,84,84,84,True
BigCodeBench,BigCodeBench/284,python,88fb5f5d34113adb9ee03ca0f95b46930cf9efd97a40829119d97e6567fd650f,309,75,77,77,True
BigCodeBench,BigCodeBench/284,kern,7f778759b22e3fb9e2fdbd029a6aa3c69b71391ba5356d35608f1ac1ffb06fc4,250,67,68,68,True
BigCodeBench,BigCodeBench/284,kern_compact,c4f86101f7a640b59630c5cc10758ef7f060de5dc081dc30e0c52ea122436c5f,222,64,64,64,True
BigCodeBench,BigCodeBench/284,python_minifier,8e08b56290d00e7feb92c089ca80a296e1388d87676d0181f85b134510b444ef,244,68,69,69,True
BigCodeBench,BigCodeBench/285,python,cfb145c7d3e85781452e9f30d536137034c6f3c27faa9a4cd6c185d3caf4999d,383,91,94,94,True
BigCodeBench,BigCodeBench/285,kern,e0db6480fa9b7047bb858b14f7c5dfabaff9cd08d792666caff7f6a6ad7068a0,301,78,80,80,True
BigCodeBench,BigCodeBench/285,kern_compact,59b20ecc120f7490bc5e59608bf422655b71a5f3789d14c8280ffd02cc2dd481,255,75,76,76,True
BigCodeBench,BigCodeBench/285,python_minifier,58d3edf32de4158b86e0e5ec9dd50240cd7cf8d4dfb7c68a91dc1573b1fd704d,278,79,80,80,True
BigCodeBench,BigCodeBench/286,python,febb409d4989761c7cb1eead83e7aa165af13065f786c0a310dc30ee4f9bd31a,822,167,167,167,True
BigCodeBench,BigCodeBench/286,kern,08f659edc5ec2568e82421bd059d501435c872486defe989eb531870bd60aba6,578,137,137,137,True
BigCodeBench,BigCodeBench/286,kern_compact,de4a733f0a237c49267f8e4ebfe3d8741fa5c9d54290f4e81b8af81ab0d826c9,424,122,121,121,True
BigCodeBench,BigCodeBench/286,python_minifier,6d8b700c53da06a39fb5f25a89d02533eb89763cabe2e444d0238476c912271f,457,131,131,131,True
BigCodeBench,BigCodeBench/287,python,39fc69033b66c7e4e774bac490b23af67fa16532c5f9b035f32079ad2df13dcc,572,123,123,123,True
BigCodeBench,BigCodeBench/287,kern,4697ffc951d992e5cc1903f0c4e4578db53d6b6936f5824ff870b90f3f7d371d,436,103,103,103,True
BigCodeBench,BigCodeBench/287,kern_compact,de8532aab255ec9fa2833e83a688407317f39eb7a6866a5dae16e181d511b5ba,302,88,88,88,True
BigCodeBench,BigCodeBench/287,python_minifier,70dde934b1061e85e44e7cf94a542641fb8985e76c7da8bd3cf99ad0bb19f0dc,322,95,95,95,True
BigCodeBench,BigCodeBench/288,python,e674701bc12e3653668f538278fd78a88847e4180d1d14d9f03b20405906cab7,487,100,100,100,True
BigCodeBench,BigCodeBench/288,kern,54435214cb95c3b5bc52be4b5fb6ed9e39b49d088d8794fc7dd312263717aedb,354,82,83,83,True
BigCodeBench,BigCodeBench/288,kern_compact,6d7c535fb062b5e609223f7721b0fdb912a80eed2e924bec966d5e015dc4b5d0,256,70,70,70,True
BigCodeBench,BigCodeBench/288,python_minifier,32a58cfb1cab479557e00f068cfd098193147cfd06f339837cd8fd37a7126d79,270,78,78,78,True
BigCodeBench,BigCodeBench/289,python,e270497a5f0a10e1ceaaf1afddf63bbb4b19ebfb8be26547f360f4dc699ab4aa,905,202,211,211,True
BigCodeBench,BigCodeBench/289,kern,d8cf278c0148a4ed7d4449e762f49edae059cdc3b78884af5f48b4ee9ebd3d9a,712,170,178,178,True
BigCodeBench,BigCodeBench/289,kern_compact,267ed0b6f90dbf511eec3cd86a63f4004bcd7ca9326070b41dc593a5d6c7a26d,535,150,155,155,True
BigCodeBench,BigCodeBench/289,python_minifier,1586883fd9ef10db27fe593f1cd23feffd211f464e3dffb8972b2213f02010ec,582,156,164,164,True
BigCodeBench,BigCodeBench/290,python,f2702ef195bed4011ed276b507480b74b039cf0084c841867587e5ceaaa88f71,576,124,125,125,True
BigCodeBench,BigCodeBench/290,kern,5a861e92de18c51932d580a8b41453ff06c33d2b385e7682e3b84bd650f217ff,464,108,109,109,True
BigCodeBench,BigCodeBench/290,kern_compact,59d269f163e5e40c4a48c8101ec01b6676ed4da1448f0bfeb171f70bc77491b6,387,102,103,103,True
BigCodeBench,BigCodeBench/290,python_minifier,cdce50c146a69a0ef7ea9c73cf92b9deee20361eab54537884234256647246e4,405,107,108,108,True
BigCodeBench,BigCodeBench/291,python,dd92084668314fddc540753809da8337385521d61c6b952e5173acce7ed183d1,437,108,110,110,True
BigCodeBench,BigCodeBench/291,kern,2e5dfadc2803818cdfa95d27b605730c2396f0ec5618b20b3cf62e63dd0b0f10,248,67,69,69,True
BigCodeBench,BigCodeBench/291,kern_compact,30a65f343bba3121634ab1b278ee0c8b61ca3e8ea4e7f1d4d9bca13d9b9dd293,207,63,64,64,True
BigCodeBench,BigCodeBench/291,python_minifier,7322bf14d5533a270cd47eb6293433129b88e47e570310239c16770f97e7f037,220,65,65,65,True
BigCodeBench,BigCodeBench/292,python,77da32f5a1952447e9a4ddbfd9ea20b17eff257e03c0032ed475b7724beabbfc,558,140,142,142,True
BigCodeBench,BigCodeBench/292,kern,b879e658d1b0a7157a32440f8f7b46273f2ce69e24088e3b0bbbcc2485b044ba,343,94,97,97,True
BigCodeBench,BigCodeBench/292,kern_compact,0c86f8b596da5474e653dd8f7f1e0bfe455fa68a0b9ae330dfdb5cfb20dee46f,300,85,88,88,True
BigCodeBench,BigCodeBench/292,python_minifier,70465f3ff516d52632ba7b9c96dc9e8645fd6b59a5b030a5933c5f2d721ae685,300,88,91,91,True
BigCodeBench,BigCodeBench/293,python,799286366b45a120965ebe04a42221f199b564d9ffdf3c4f15d0f9636823a62e,377,96,97,97,True
BigCodeBench,BigCodeBench/293,kern,da6d9f11cfcea95e39af71319cfea0391391ab2ebc0d2c3930c04972fd8af6f8,321,83,85,85,True
BigCodeBench,BigCodeBench/293,kern_compact,03f1b30a90ee0696e516ff7ac867438ad82d5419b42bf0bf04e005ab576190ea,242,72,75,75,True
BigCodeBench,BigCodeBench/293,python_minifier,43e1f103bf1cfa9238666e6fc70b380b7621e6763354cb7b0a282c6c2ec83ee6,256,74,77,77,True
BigCodeBench,BigCodeBench/294,python,5e66bffdab8216923c9ec7cf593ce63137e3004aae62a8067e0ddf651e84fb5e,351,78,80,80,True
BigCodeBench,BigCodeBench/294,kern,d5fc290274663c95f07ff04752ca6fc207ab54f698a6e0b9fae8f060766abb63,263,67,69,69,True
BigCodeBench,BigCodeBench/294,kern_compact,efb22542c83a2651ec6dc8ac7b5101785178a1550b2e51fc692ea91d12e543bd,254,65,67,67,True
BigCodeBench,BigCodeBench/294,python_minifier,d56cb9998d8207253331b8433f18a5d5817e9883efb9ea35c60b0092b264aaf4,268,68,70,70,True
BigCodeBench,BigCodeBench/295,python,435ae4bd26edf67ace8d3ac4ddfc7d5b188e6ef735ef96f890687b155c356b77,398,81,82,82,True
BigCodeBench,BigCodeBench/295,kern,f66fdd6c2400cf13c75a1dbb2ea1982ba47458f986cb06179d817a3abec238fe,274,60,61,61,True
BigCodeBench,BigCodeBench/295,kern_compact,49e665f50c1efe2dbc8aa295c00ad85a1139d251c82a7eff27a63d1e14bd3c30,213,52,53,53,True
BigCodeBench,BigCodeBench/295,python_minifier,bb7bdaf84bd385be7451ed22b46cb8c24647d9968004ca26f8905dce989fb837,227,54,55,55,True
BigCodeBench,BigCodeBench/296,python,60108765b0fb15fdccc9e6c0003659cad6e795521fa30e42f7fd8ac586a0f9d5,386,86,90,90,True
BigCodeBench,BigCodeBench/296,kern,d580ade17ecd8d284c713722cf1e066466e339f1e3d49c77c9794c8454e037ec,320,73,78,78,True
BigCodeBench,BigCodeBench/296,kern_compact,69aec09edf98d3a18c9638ea8e461a522f7a4de0bdbc7ddec9fe9a11d2dfd388,283,70,76,76,True
BigCodeBench,BigCodeBench/296,python_minifier,846d191fba5189c30d43948bd98b303b3dfc1f6ab4ec4b578bd45d26b555a153,298,70,76,76,True
BigCodeBench,BigCodeBench/297,python,cfa35e361caf945d69596b8fba8c18ac79dad1a38f806cd3e5a44ae4f281eebc,243,47,47,47,True
BigCodeBench,BigCodeBench/297,kern,713a4fb8382923be6311ed612a101f567318d6329816cae31828286c26798b96,208,43,43,43,True
BigCodeBench,BigCodeBench/297,kern_compact,45af68378391411eb46d1e430eb70a8e92514db3c600281eb61169d35732ccf2,153,37,37,37,True
BigCodeBench,BigCodeBench/297,python_minifier,6823294f5d82a5e615f985109a3f5caccca99f5172f63f29303edc8bd7a227b4,168,39,39,39,True
BigCodeBench,BigCodeBench/298,python,13a71510a27bc6c1cdf5e1a764691ad0e56d3e4a9f89f6292e33e484b04ba9a9,630,152,153,153,True
BigCodeBench,BigCodeBench/298,kern,a552775884601495a97138301bccf0abae267112d16766c312c920c1419da7a6,485,132,132,132,True
BigCodeBench,BigCodeBench/298,kern_compact,6db6bb9dd35a806fb769bc85cee8cd9c73dfc838711f318f10c3b294e6ded265,473,128,128,128,True
BigCodeBench,BigCodeBench/298,python_minifier,b9f85c1d37fd6ade5e496b5e9737091035f59cfd3ac9524cd12bb4788b553650,483,138,138,138,True
BigCodeBench,BigCodeBench/299,python,660986f0574801a39fd1a9eddc542d723a2e1e4093c317384cc8f11bd910042e,478,119,120,120,True
BigCodeBench,BigCodeBench/299,kern,19decc284ec4133a5807427a86b207d92237ef0ead59466baf70fbd840a4d580,390,103,107,107,True
BigCodeBench,BigCodeBench/299,kern_compact,8c6ace3ca21759cd61296f7119eb1d3566c1edfe671dbc1fe31c27a33e112f16,282,87,90,90,True
BigCodeBench,BigCodeBench/299,python_minifier,a8d12fda6e6a66230aed90ed4c8b66881c60c85ccd14bad899a76c9b8e0b8074,292,95,97,97,True
BigCodeBench,BigCodeBench/300,python,bf1ebb5e57bc110ecac00921cdec0e762b71204541f6bfcafe2d2fe06bbc2842,486,136,136,136,True
BigCodeBench,BigCodeBench/300,kern,8ded5482e1d9980baa30e18a114f49831608bbe35846db864ef269e8b67248a5,395,119,120,120,True
BigCodeBench,BigCodeBench/300,kern_compact,a45650ad32c96b068f810d7bccf3d1940b97be67307a72926e53a1a95ec975af,386,118,118,118,True
BigCodeBench,BigCodeBench/300,python_minifier,3c23c658a8869f5350d8ae19ad55a2148b58fc6477e64fca99c5d297c5c97236,385,120,121,121,True
BigCodeBench,BigCodeBench/301,python,f1cc6c2e911031084134ee00231a8b504ed2bf9b541e16fde9336150459c3ff1,633,182,185,185,True
BigCodeBench,BigCodeBench/301,kern,2c30c5bd0d6c03b9a51a9d606140399aa38170d2f7c5fa74735d92af5a7ae105,531,168,168,168,True
BigCodeBench,BigCodeBench/301,kern_compact,3af92f889daa613a6984014b040a92969595b0e6e97d1a97ee68bde4eb614f6c,371,137,139,139,True
BigCodeBench,BigCodeBench/301,python_minifier,e34a71ee421acb00c30bd440bbf6d491b9284e226cef9d33d23357b3a8532c6f,382,142,144,144,True
BigCodeBench,BigCodeBench/302,python,d6133ac740b42532463fee11541c608a6e23313f49d08063cf91291f59da49a6,633,167,172,172,True
BigCodeBench,BigCodeBench/302,kern,5363b0188cba6cd8fcf53f90ebfcab0abc7e57196e39f63b2e00ed9c8b8eba07,489,140,145,145,True
BigCodeBench,BigCodeBench/302,kern_compact,1a7baad196e87861be31a0a2491211d1a2845239e51c87bb2a9e9d3bea3e357f,445,133,135,135,True
BigCodeBench,BigCodeBench/302,python_minifier,161d383d845ce332bf9fa8902b8e29dc9e4a98c5d555951a165a5e1051eb7b68,454,147,149,149,True
BigCodeBench,BigCodeBench/303,python,e93cbc6270560514dd67e2c187cc0d6d131d017df563e9d941fa7194c380b636,632,192,194,194,True
BigCodeBench,BigCodeBench/303,kern,6af24a03cfb25a4478dee2e42959aae6b1bba911d886a3e741068744d7e906db,532,174,175,175,True
BigCodeBench,BigCodeBench/303,kern_compact,a1a0d6408937e67fe0b72ba13b9d5e719688ba2a09d1744d994079ca87579b15,380,145,146,146,True
BigCodeBench,BigCodeBench/303,python_minifier,155cfa0a73d3b571a680e99aca0f54a9e4c3cee84fc3b8a8a1394aefd6341444,391,150,151,151,True
BigCodeBench,BigCodeBench/304,python,2dcb23fc63be45e5227d22db726418a73864ea576d5dc637b69badab7740e186,797,186,194,194,True
BigCodeBench,BigCodeBench/304,kern,2ef960ca31f1a8448587fda6f3482bd5341c6fae30b1336c32b1aa8a271fd5a9,565,142,152,152,True
BigCodeBench,BigCodeBench/304,kern_compact,ef4563d5268d234ebe98b74d322e36df68237a477ef837b2489d5e7bd104d989,461,127,130,130,True
BigCodeBench,BigCodeBench/304,python_minifier,da139367941736d1612abd2f339ad3eb5b960637da94451ed84d4f984377f51c,480,133,136,136,True
BigCodeBench,BigCodeBench/305,python,a78fb04826de443b4827b4f7d0e1b95cd12d93a90fc237355c526ca78f88a726,419,93,92,92,True
BigCodeBench,BigCodeBench/305,kern,1ff751e8cc7b9c6d9fc509e54a96baf0dde6401cab8291b67855a40e4f14365d,318,81,77,77,True
BigCodeBench,BigCodeBench/305,kern_compact,bcc29f50bb40bed97bad339fe4888ce102ddafcb93704831556da20f0b6a0067,251,65,63,63,True
BigCodeBench,BigCodeBench/305,python_minifier,6b246c64b4e27973ffb079c849d77278e2912556eb3e0290e980992d416d3865,270,74,72,72,True
BigCodeBench,BigCodeBench/306,python,f1bc152b45be4f77e1afa1ed86bf122513a9b4e820d6731d2ff38b410bb59edc,974,197,204,204,True
BigCodeBench,BigCodeBench/306,kern,a0a5a41fd65c086ac392a4ed22a0dd483808820f35612442b3d61088916770ee,635,148,154,154,True
BigCodeBench,BigCodeBench/306,kern_compact,501b2288733693b8ef39a1504bdb810823fd0b029290c2a6cbd242c2199ec4a1,515,137,143,143,True
BigCodeBench,BigCodeBench/306,python_minifier,6110895e4c27e232d92dbdf5414d452d5bcf77fc93a6cdfd71d768cc22304c1f,527,142,148,148,True
BigCodeBench,BigCodeBench/307,python,f92b6395b94ff126825dbf35f2fc19c1f12186978154c3bd93b7835a9d947e95,388,97,98,98,True
BigCodeBench,BigCodeBench/307,kern,6d8b7d832a20c14ab194ee680d78d5636f665d9fb6e28b2716b518d82d86f1a2,255,75,76,76,True
BigCodeBench,BigCodeBench/307,kern_compact,998db059f0f0bbe1ac91b7fcd4b5d8db410b25ca359bcb35bf96f1b579693654,212,67,69,69,True
BigCodeBench,BigCodeBench/307,python_minifier,de5eeda8af4e6604c5fc6bb254ec7da27bb15e1b2f1f0d80a6c874738d2614ef,243,75,77,77,True
BigCodeBench,BigCodeBench/308,python,9deb1b68973adc4777514e472289be18efaa9df11548b9760525be1e55c32290,777,197,199,199,True
BigCodeBench,BigCodeBench/308,kern,edc6d1a467946be3ac6b74a03bfc97fa8cbd4fbee103701ae378d0b43d1f6f35,448,121,123,123,True
BigCodeBench,BigCodeBench/308,kern_compact,214eb1a6f783ca37971e3355e0a1fa45728403b68c67926ff50834bb90c2a5a9,390,114,116,116,True
BigCodeBench,BigCodeBench/308,python_minifier,c221552d043d05c5dd63b353c5bde0ebfb764faf2358ddfbcb1cd5c8f0a1ab9c,412,117,119,119,True
BigCodeBench,BigCodeBench/309,python,a407d8ecdbc4210f2728df8e15c29a767af885596675ec93050271ecbb587e0e,648,159,159,159,True
BigCodeBench,BigCodeBench/309,kern,152c18848d61ab61d5a50c290f2f7be6320ac1a030fc9c578a762386fd5da671,442,118,120,120,True
BigCodeBench,BigCodeBench/309,kern_compact,d2c00d1575417d79d437ef415495d6fee173515c16c40f4a251a43e867ff0de4,332,99,100,100,True
BigCodeBench,BigCodeBench/309,python_minifier,3d83b16edf3bc0842eda002aee201f2e45c6bcb38096f8cd891784b1f894084c,362,104,105,105,True
BigCodeBench,BigCodeBench/310,python,f0b522f2c1deda0249d92bf1ea61b47e072ee42bf763b93e1ec94a423638c07c,751,190,191,191,True
BigCodeBench,BigCodeBench/310,kern,15d3841d7457bdb6f6a3b1d95cfd86ef88dad24c3e073bfe8d8fd43614c464ce,565,159,161,161,True
BigCodeBench,BigCodeBench/310,kern_compact,09cd7711394eb56a4b49ce50af9cfef2cecff13eb3b90a1c27f0d51af95205b3,469,150,152,152,True
BigCodeBench,BigCodeBench/310,python_minifier,cd411a726b99662709db3f4ae2ff0e18485130a1afb96644f3e18095137a375c,484,155,157,157,True
BigCodeBench,BigCodeBench/311,python,6e84acea65cf24942f1a3a37a53cc8d28317e98bd6b2e077984a65591732a544,420,109,110,110,True
BigCodeBench,BigCodeBench/311,kern,e6a8de3aebb25859c7633ad1899f90ddb168e05ceba0be1382b06c2016a6393e,292,87,88,88,True
BigCodeBench,BigCodeBench/311,kern_compact,27e2e0bfae31e34039ddb8e64f3c1ebf9129be6b8793c0711f71d32e94661e27,252,84,85,85,True
BigCodeBench,BigCodeBench/311,python_minifier,50517ae3b2031e9635357392551e59adc11fac9f65527897aa8b06a159c31c31,281,86,87,87,True
BigCodeBench,BigCodeBench/312,python,deb28fe50a48e6f033d62ad918a16edd649476771b21129e2bc4ad1c060f554f,274,75,77,77,True
BigCodeBench,BigCodeBench/312,kern,98b600264c081433df73b0ff51f593645518070057df8cbc447b041fd4fbd774,218,62,66,66,True
BigCodeBench,BigCodeBench/312,kern_compact,83305c4a0769d16567db96c425c5f6cd81c492ddc4a7f484e24d187aa7a2ea6f,173,59,63,63,True
BigCodeBench,BigCodeBench/312,python_minifier,4a16484b87b11db84ed1ea3ce5d3a1bd66fa147b7f191ac649b4e960974cc09b,195,62,67,67,True
BigCodeBench,BigCodeBench/313,python,78c68397e484e866a8373c980b43757d54b225f51f265f72cf2d7836b59afb92,1026,200,203,203,True
BigCodeBench,BigCodeBench/313,kern,24966214cb7d33be2eab44140756245fbfe499865dbbd9cc2c1366220ae350f1,762,178,184,184,True
BigCodeBench,BigCodeBench/313,kern_compact,a635dec0d66bff499b939a1ed48df4e8f6f7470299e60e9a7e74d2127a2f2044,509,153,156,156,True
BigCodeBench,BigCodeBench/313,python_minifier,7e1d0608f21b25442ae2146ed9be9cb66b445b1a45200ac99fb8b101b83fbd8a,513,167,171,171,True
BigCodeBench,BigCodeBench/314,python,c0f5c51d75aa8b856eb1100c371bb5b7adae3fb9aee11054864224de0c43f7f5,497,102,102,102,True
BigCodeBench,BigCodeBench/314,kern,a066b6cf2329d4c299debdaae7e10e898032bd53443bd4c99e29d6f6882d5dc5,390,91,91,91,True
BigCodeBench,BigCodeBench/314,kern_compact,075ca7adc7b1088802a129ff1f4652defc650ec9963916b67b72b37c6f3fe19f,342,87,86,86,True
BigCodeBench,BigCodeBench/314,python_minifier,6e700a794bf6ca6a1207fd355281ffaefeda214cecbf76ee035574ca75496111,333,90,89,89,True
BigCodeBench,BigCodeBench/315,python,2e1a6c1207b0317b8b0046490c37dba54720ad50f2ccd32e761781939f17fd02,900,202,206,206,True
BigCodeBench,BigCodeBench/315,kern,6af8b2cbcd7db3f0b6b67c81f9a3b2bd0a4e49cf2e442543376570c107eeff71,654,165,168,168,True
BigCodeBench,BigCodeBench/315,kern_compact,259c2c3ee55de696b544ddb8787d1f1b3f796203fbec6bacf6fc4f9d0cd36824,644,165,168,168,True
BigCodeBench,BigCodeBench/315,python_minifier,79db711a2e932de3aa894949b37ffcead6944fe9e17b6a9c0a860da11ab5939a,624,158,163,163,True
BigCodeBench,BigCodeBench/316,python,82b7a5140ae67250275df11377d7bbf428974874f0183adce25ff4af5ac634dd,305,79,80,80,True
BigCodeBench,BigCodeBench/316,kern,17a4cf9f036fcbb949f5c996aa7e769b584cb8370ecab49a33e952a067f017e1,245,61,62,62,True
BigCodeBench,BigCodeBench/316,kern_compact,5a31f12912bba089ac683e5730c13ae94a6c4ef8d1f18599ba8bb5a5cf305bbe,202,57,58,58,True
BigCodeBench,BigCodeBench/316,python_minifier,c8b8317b3501120a1bf55f661325e53124b9e977226b7cca8f8c4aae31297de8,218,61,62,62,True
BigCodeBench,BigCodeBench/317,python,27d919a9755776764e01c0d7b6f4c67c58791cfed41e9747787faac81373731d,494,114,119,119,True
BigCodeBench,BigCodeBench/317,kern,a9057d3b22436eaf40c3018601a8d98e0409d8499b73cd5cd3fea73b109ec700,398,96,100,100,True
BigCodeBench,BigCodeBench/317,kern_compact,f13071171a293bd2a9aa0bd02d1ed8e399189461e9489a662c200ca59db72dca,273,80,84,84,True
BigCodeBench,BigCodeBench/317,python_minifier,9e11581fa5b4eaaa2d179087ef988bc7018dbfc8e23b7f537d4d3557e5b747b2,305,81,86,86,True
BigCodeBench,BigCodeBench/318,python,0c85e08b44331a35fac549ebcf21c76b0fadce6e052ef25143b0032b64276668,455,108,109,109,True
BigCodeBench,BigCodeBench/318,kern,6ffb363f2e7f0f6e1d005089cff1cd6ecee7732fbd4d75bb466159af611337cd,358,94,101,101,True
BigCodeBench,BigCodeBench/318,kern_compact,1a2072cd59803fa11a0577826e76193a5739ae60cc6154a8e4487aebaef30087,330,91,98,98,True
BigCodeBench,BigCodeBench/318,python_minifier,0ab1e81cad9a0085014e2b43c2ed1d891487d522f6be35e1343b39c219a58cbf,345,96,104,104,True
BigCodeBench,BigCodeBench/319,python,7adb48033851fe8bcbda5db7b25168da005267319e933dbd87d2399f89dccca5,535,140,141,141,True
BigCodeBench,BigCodeBench/319,kern,d182832e37c4296cf39a7f7c8884b05926d730deef3c8e9cdc6112dc65a4d9d3,369,107,109,109,True
BigCodeBench,BigCodeBench/319,kern_compact,4172e1cfa42eb35483fe4fd98840121e671c7459c63d168e767706f741744d69,309,96,98,98,True
BigCodeBench,BigCodeBench/319,python_minifier,faa2a16d312d4ed33fe771902ae4f18f89c14e729eebcf5ffee8dca68f1e301e,321,100,103,103,True
BigCodeBench,BigCodeBench/320,python,03d193040b710ad92ee6b9c8066574a4433bd1629d221dd6dc979950b8079ace,423,91,91,91,True
BigCodeBench,BigCodeBench/320,kern,841352eef1140c71d44ffe3b8c7e83056210a3e7786e19fec7d0910e8667f4d1,255,58,60,60,True
BigCodeBench,BigCodeBench/320,kern_compact,b45083a925fc28dba38652587dbecdad1dbff48c2ece43ccae3c8ebadfcc4616,199,53,54,54,True
BigCodeBench,BigCodeBench/320,python_minifier,5585b1497d03fa9d915c5f241ce302ec632b33b70ce9067d915f9e3ebd82edc9,227,54,54,54,True
BigCodeBench,BigCodeBench/321,python,a84195c1731a5a9e882add6b4cfc1cb4314f0678dfec9c81223e10720b2a4b32,825,215,209,209,True
BigCodeBench,BigCodeBench/321,kern,5bc99e29711ee842e8baff23cd33fc3f203e33fc6a84ab2342109c5107ed60d8,496,154,153,153,True
BigCodeBench,BigCodeBench/321,kern_compact,8b342894042a0a35cf41a578b8564d5e6c057d4ba7819f825a75fa6f1a277fa6,340,116,116,116,True
BigCodeBench,BigCodeBench/321,python_minifier,d22f98a737387a9e4c624d6efa1c240502d32ea6068e1fe1a2b7038eb145b2b2,360,124,127,127,True
BigCodeBench,BigCodeBench/322,python,2015008c1b32366d966a63c915014daa90356ffcef9e4156b03dd157df6850bd,768,186,187,187,True
BigCodeBench,BigCodeBench/322,kern,990fbe46594b1c7e63df6151119343a4e56b60734e2bee2c21828630f7ad95f8,532,139,142,142,True
BigCodeBench,BigCodeBench/322,kern_compact,e555d52ac0676021a3cf35f1ef6aea2144448cc41a820505987a33f7ceb22104,464,130,133,133,True
BigCodeBench,BigCodeBench/322,python_minifier,0dc29b6802b556364c47815a25097d992b041d5c571f3936bc3e50ab51bdd1b9,496,137,138,138,True
BigCodeBench,BigCodeBench/323,python,125fb6340bc04390d1c70ffea196b1c0e244be3ce390d3664d6b3e84fb2a94f9,719,182,185,185,True
BigCodeBench,BigCodeBench/323,kern,f15d3eda2bdff1be2028f0c071644e5193902f381dc902d03340065be6d3de78,620,168,174,174,True
BigCodeBench,BigCodeBench/323,kern_compact,d56fcd681972507dcd9d4cefe2cb5e759796bd54647b134aa34b6ee860dc011d,532,156,161,161,True
BigCodeBench,BigCodeBench/323,python_minifier,5499afb50b58a6a24c38e4c568480df5422c400d32233077f56f6514468907d2,535,154,157,157,True
BigCodeBench,BigCodeBench/324,python,d25d965f8004d40e549c46e98d8c3b8d2ba17344a7fb92267c3cc7987b4ffa4a,599,134,134,134,True
BigCodeBench,BigCodeBench/324,kern,4ead6638667f54d4318d71f0df9d7a9339cb954f83f9906fc648d47eb736bd7c,358,83,83,83,True
BigCodeBench,BigCodeBench/324,kern_compact,50d39d23bd625b30335dc173208f480b57c0384916958929c755b65b9a40b93a,251,72,72,72,True
BigCodeBench,BigCodeBench/324,python_minifier,cc7ccb6e9faae084647cc1586575881948437e0c2b1d7be757a0dda67fb3c047,252,71,71,71,True
BigCodeBench,BigCodeBench/325,python,3d8d3f689529c970240ffec07f0359c3313e172cfc4828585e7032db2840a23a,518,125,125,125,True
BigCodeBench,BigCodeBench/325,kern,b97bce11a9d7b9898e59c3e7c8cfcb879e297bb57df698e10047e9b0c5064062,396,100,101,101,True
BigCodeBench,BigCodeBench/325,kern_compact,4687749d8b9ae0a6b2db0008ef9dd57ffac283782126269def8e9d7a46e8f4bd,271,85,85,85,True
BigCodeBench,BigCodeBench/325,python_minifier,45663f6e02ec6b2a9bb2e02fdbef97e1ad0005a7ac208a8dd76c48cb35abd863,281,86,87,87,True
BigCodeBench,BigCodeBench/326,python,e0ddc963d6645f99fba93a944d43a68747e26340fbd3756eaed7738a5fdbe211,588,123,123,123,True
BigCodeBench,BigCodeBench/326,kern,e1fb3f0e0dd72016494a05dfc8464590535a6c8114e280f13d22164f1cc138c3,452,111,111,111,True
BigCodeBench,BigCodeBench/326,kern_compact,e59c7b67f42c035ea9f93642a13b5a44511e917020e888d36bbb6216da7e39d5,330,96,96,96,True
BigCodeBench,BigCodeBench/326,python_minifier,b7021a6838fecb9b4f771998087c929d8b2ce61873c89c0ff02269ec91c9fbbd,354,99,99,99,True
BigCodeBench,BigCodeBench/327,python,8dd5875b58dbbfabcc41b50af9ac89f978d5e7651ca41cc5fa4cf550bb2a5116,343,90,90,90,True
BigCodeBench,BigCodeBench/327,kern,f7917b0d79ca653eefbb15c175bbfe0691f80016c6fc347c3b41a38ad605c615,277,80,81,81,True
BigCodeBench,BigCodeBench/327,kern_compact,22ca428dbe84b62fb32cd42c53a981795f650b7c788f2b1d54bcf8f1bcaa6d25,225,76,77,77,True
BigCodeBench,BigCodeBench/327,python_minifier,30736eb6dcd42bb4d9d4f9bc28edaae6ad3f1ab1872a515e01b8a61bc8c4fcd4,242,77,78,78,True
BigCodeBench,BigCodeBench/328,python,e41c8052df866ce12757f00378edd271a4411a4bfdbcbeb1c8e0f29f13abae41,712,165,169,169,True
BigCodeBench,BigCodeBench/328,kern,0ce988e5a8c23ae71ee583e81da6948ac56f02722b5d3eab7a7267dd238014ca,553,138,145,145,True
BigCodeBench,BigCodeBench/328,kern_compact,565a2921891057cba9bae2abfb3114353302a5065ace7cd4d0fe361738da5492,330,102,106,106,True
BigCodeBench,BigCodeBench/328,python_minifier,bee38674677831688c7e4b6cb2e972075fb1c549628291bfeef3f6f49a529eb0,354,106,111,111,True
BigCodeBench,BigCodeBench/329,python,45cae6fbf3405955a399c1d32f14b36373ee4978f7d5ae6ea17deb71c2111bdb,337,86,86,86,True
BigCodeBench,BigCodeBench/329,kern,5bfa5b5618b9f1ceb828c236219178a63338454153e3416665ba9272eda9cff8,255,69,69,69,True
BigCodeBench,BigCodeBench/329,kern_compact,a99da781b38640183f5e09accc9b373aa7b5b4d785c6e1072a6fce1bd9eb4529,206,64,64,64,True
BigCodeBench,BigCodeBench/329,python_minifier,108b6e5a91c626ac83bc86088177febf5a0ae526ea77d8fb17cc2dd9c4ebdcc3,212,66,66,66,True
BigCodeBench,BigCodeBench/330,python,0a9e5fa473e27161299c2e99ecd8b3156a989d98b0e3f4b844d13f2ea6398ec0,252,62,64,64,True
BigCodeBench,BigCodeBench/330,kern,f022f1e029dc012147aefc67ac8f1957f09de94c61b3ff434ec888a6aca045d6,201,55,55,55,True
BigCodeBench,BigCodeBench/330,kern_compact,f2f6d8f091476d5c21ad3620b8f671fef59f5facdf9f74708dd601ed038553ff,139,48,48,48,True
BigCodeBench,BigCodeBench/330,python_minifier,a1c1771a7859da2d4f3cf1c3d4d38c58cfd3c1865c98c8c654d0aa6418981bbd,151,47,48,48,True
BigCodeBench,BigCodeBench/331,python,ea1f19f915cafa31474f5ae1597c119a32b9855c48e81424985b6467b500d013,277,72,72,72,True
BigCodeBench,BigCodeBench/331,kern,6520a83be1889cc48416d4deb26f451c39000e7def7ca8966d36c80b9fd90019,227,58,59,59,True
BigCodeBench,BigCodeBench/331,kern_compact,b57f2c5ae55cf70043aee60c2e90466f78f423a6e056798bbedd6772ae9c6d90,169,52,52,52,True
BigCodeBench,BigCodeBench/331,python_minifier,e4e668505ee2aae16f827b2804ec12c02d5afa18ab053d02b5a1560dab3b169f,187,53,54,54,True
BigCodeBench,BigCodeBench/332,python,d619260ccbc89b3b7a230035106f587a23ed09d85666e338de2aa749a334062c,309,78,79,79,True
BigCodeBench,BigCodeBench/332,kern,bc6f4dfe539da107632a1ddcd51a8fd9ceff32f7b9648a18cb03b41c2fdb00b8,258,67,68,68,True
BigCodeBench,BigCodeBench/332,kern_compact,535ba1e8744fcd93206eccc24c451cb296028c864b42db2a93a72c459ba6b6de,211,61,62,62,True
BigCodeBench,BigCodeBench/332,python_minifier,0bbcfb4cc2fe621885d71f824dea7a90439d06b958777c08eac43010b0e961ac,223,62,63,63,True
BigCodeBench,BigCodeBench/333,python,e847ccd35acb28e984a17a977d47b0dc981a74306eae485a6be103b2e84cf2c7,294,73,76,76,True
BigCodeBench,BigCodeBench/333,kern,f2d0b08448a699a90c48a744d8e99b88b22a1d306444fc501bc79cc6b61424d8,240,63,65,65,True
BigCodeBench,BigCodeBench/333,kern_compact,3e17c0747cc483b46539212367598b0240f582d28b2a3b2aa7641456a4aae17e,176,55,56,56,True
BigCodeBench,BigCodeBench/333,python_minifier,e718cdc277bb0dc954cdc2e23e757dbbcc21d89a1c6b254c5f134b109cf30a9b,194,57,59,59,True
BigCodeBench,BigCodeBench/334,python,3987dc290179de2314910caefe7a15794f5e1c4bd8d23a2c3dad34de42109f91,375,80,89,89,True
BigCodeBench,BigCodeBench/334,kern,0c075d208d4f572399d951198513aefa2b8c1ee00da97744f89e9aa6a4ca7caf,322,70,79,79,True
BigCodeBench,BigCodeBench/334,kern_compact,7a0f54f0c62e1a76c259f34929a8303ffa4c1b251400d2322e52cb43da51b2cc,264,60,69,69,True
BigCodeBench,BigCodeBench/334,python_minifier,3f58cc0fa38f1bf1f01c15fee8b7f99a558bb748b3aaf1e5aa60f61ffcdd946b,287,61,70,70,True
BigCodeBench,BigCodeBench/335,python,87c8051b44510b6b0575c0bdd0c2ab0f1a56fcd57fb6a166cb3b1c83a6e838ec,547,133,135,135,True
BigCodeBench,BigCodeBench/335,kern,bfef4ac84076cdd550426e740ddf6273393b4fd55335ae294ab24a10642e978a,434,111,112,112,True
BigCodeBench,BigCodeBench/335,kern_compact,a01ae8cc0f3fbdb463ceddac315ec8156f13ae9cc8ae82b34c935ba46f079dbc,342,102,103,103,True
BigCodeBench,BigCodeBench/335,python_minifier,cc82577aadd128c563a6f54905427a99f6c74894e41ec289d87d45965cc9a942,372,107,108,108,True
BigCodeBench,BigCodeBench/336,python,71901b5f1ee1586d53641474da17b0681396e3e4c646c6dc98b21cbe86e58c6a,462,93,93,93,True
BigCodeBench,BigCodeBench/336,kern,186fcacca4e1b514a78bc76a5712b88cef5822cc6aecd77e5cc9fa9512346d9f,334,82,82,82,True
BigCodeBench,BigCodeBench/336,kern_compact,3d70bbfcbe64d6552191986c1114496ba43ffe07e55dfa7b7d19887cc41c6e8c,257,75,75,75,True
BigCodeBench,BigCodeBench/336,python_minifier,4d625e7b1a2b10b6b02f26baec69096db0807726e703489fbda36688562cbb03,292,80,81,81,True
BigCodeBench,BigCodeBench/337,python,351d2db7d254085039f7063ac946fdf92abc739e94ba0839b60a43e9b77bc7b2,874,232,235,235,True
BigCodeBench,BigCodeBench/337,kern,41189153b3adee212af876eeb2db682ce346857e9b37c01a2d7c23b28254d252,559,156,159,159,True
BigCodeBench,BigCodeBench/337,kern_compact,50445fb42eb0f36aa0e28d2a671692f0d783cbe0dc3870c6f788bc688236e50b,463,145,149,149,True
BigCodeBench,BigCodeBench/337,python_minifier,fed4d6018a2fde1300fa98876696f0a4e8364414f420212f83fecec8c804bfcb,440,146,150,150,True
BigCodeBench,BigCodeBench/338,python,e80399916eab55d9bc68a13f25ce694493489cdcce2e04b84e24921a73407237,792,166,170,170,True
BigCodeBench,BigCodeBench/338,kern,b660f39b7325747dd73055113b7bd7922559d704987970be00cdf405c244c23c,516,123,128,128,True
BigCodeBench,BigCodeBench/338,kern_compact,ebe52a911dce9d0e533bdfb5d379c1f24dfe2ddf9404d74aad892494088a70e8,336,105,108,108,True
BigCodeBench,BigCodeBench/338,python_minifier,a9baa2ed90fc5f10bddfdbd0013257b35d35c2a122641e21c6d7ff05f9510a2a,361,106,109,109,True
BigCodeBench,BigCodeBench/339,python,fadb44b1d4d4418a6e717c68b9b871a64b992193045705e668d5a96d4ba6414a,704,151,160,160,True
BigCodeBench,BigCodeBench/339,kern,912e398ab7d99b20d6c0943801ff11d462a1e21151fe51b209003697db778f45,370,90,91,91,True
BigCodeBench,BigCodeBench/339,kern_compact,a74e0e025c2bc5ff594700d64dc4a6a45397dd33a1d768eb127ea6032f5ce3d6,272,73,72,72,True
BigCodeBench,BigCodeBench/339,python_minifier,fe0b32bed71e46d64d13b14f60c3007fc6508f1ca12fc3ee5ebcf576cd79afd4,290,79,78,78,True
BigCodeBench,BigCodeBench/340,python,644e20d50b5527f4bd5cecf9c4d56714c741eb97f0dcc17099c9298058270e4e,505,126,130,130,True
BigCodeBench,BigCodeBench/340,kern,5ab2708d4a9a082e40226a2f25f4177c48a1b6adc6b01fe8cbe2e223ce246afb,236,75,77,77,True
BigCodeBench,BigCodeBench/340,kern_compact,b85322fd45be03fe1b09af75587d72f5b5eb51070470a00da038d70affa8a8d8,163,55,57,57,True
BigCodeBench,BigCodeBench/340,python_minifier,215971faff6d6e7b0f7522511d48e8f43872bf15fa1873edefdf38064e0726dc,174,57,59,59,True
BigCodeBench,BigCodeBench/341,python,468b7a614be1b3a9edef7e54183767e6f77f7d2f0db3795c137ee87c0496db46,823,210,215,215,True
BigCodeBench,BigCodeBench/341,kern,a5748adc32a4e5ba39d890712807fddd55229d811a66273e8177cbd4ca372da0,546,158,163,163,True
BigCodeBench,BigCodeBench/341,kern_compact,16093f6c67c70104649e3e408fc1e3e5735ebffcec7ca7dd8ae6f00153f90b8a,519,154,157,157,True
BigCodeBench,BigCodeBench/341,python_minifier,d3caa142b539a09c3697b1a22072b79b673d594c201f09a34e2800e7cbf218b6,532,163,166,166,True
BigCodeBench,BigCodeBench/342,python,689d537cc640b304e4fb8d78e2c8b99819deb10295ecd99522d9b61a3082ad3e,709,145,148,148,True
BigCodeBench,BigCodeBench/342,kern,082625daa7d1b86b1cbd7aa2628005fce988d91eeef001fee4df48209823fd1c,414,96,97,97,True
BigCodeBench,BigCodeBench/342,kern_compact,78e23e385f4252507341042816e49cf954dc2955de646687b5f896e316c17368,236,73,74,74,True
BigCodeBench,BigCodeBench/342,python_minifier,8c78baff6bfcaa000d0440455cd4453598089a53b360025ded795907d31b192f,252,72,73,73,True
BigCodeBench,BigCodeBench/343,python,4ebf501285e5941011e1b0642f3137072b0251559b034b491a60f267c1b82de4,697,168,172,172,True
BigCodeBench,BigCodeBench/343,kern,98854653e35d0981fb01a96b2e330bca928b993c2e1b725924a92c780cb272a2,405,106,111,111,True
BigCodeBench,BigCodeBench/343,kern_compact,299d6b0a211869fe1baeeca5784a136e285b200a7095c042e1770901196bc483,366,103,109,109,True
BigCodeBench,BigCodeBench/343,python_minifier,3a838990847ca8712ebc17b5febdd5a9004ef88fc206e14233b3f710b2ed65bd,388,107,113,113,True
BigCodeBench,BigCodeBench/344,python,0d7d96b31d90578da773dc5b35110fe2cca2db319d7d97e4275f0f296fa73e62,558,122,124,124,True
BigCodeBench,BigCodeBench/344,kern,edfa61cee17d10c5d2da20b0fd4c77704aafd58dbbab15ffe58fedb2219c7e29,371,92,94,94,True
BigCodeBench,BigCodeBench/344,kern_compact,2b5efdc7c31700da14b4b2aaf34f1c67c2c404d66fed1edc273bdd3dce4380f3,338,89,91,91,True
BigCodeBench,BigCodeBench/344,python_minifier,63f6ec16f28055722399892bdff08f8e6fb8e08c8d35a8739bc9a4972d955fde,339,90,92,92,True
BigCodeBench,BigCodeBench/345,python,b7657893b49923718bcd0e2176ddda4895a577e3cfc57d2ea2ae29c6e724e873,415,104,109,109,True
BigCodeBench,BigCodeBench/345,kern,36b9b2085c0d7f48db173a4b8b09747b489ddcc8c93c2331cf1b2f13261fc468,274,75,80,80,True
BigCodeBench,BigCodeBench/345,kern_compact,52810d46c2037aef5527678d23a208b41598e5853444c4b46a389e7c1da7331a,267,74,77,77,True
BigCodeBench,BigCodeBench/345,python_minifier,4a547f8854919ef87d45516a086cfc80ca28ae77a72ca47556000296be871d14,293,82,84,84,True
BigCodeBench,BigCodeBench/346,python,14302674d1d37c378eb13084d66fc9524acb44d888b1709a3de522d0179096a8,754,166,167,167,True
BigCodeBench,BigCodeBench/346,kern,6b0f8cd71e133322fe8e3a07a880b4750edc406bdac77cbcdd637e28836307e2,471,109,111,111,True
BigCodeBench,BigCodeBench/346,kern_compact,5988bc9f1cc51c4c91dc900d2beb71d1070d3fb8f850ae0967f960b8e5485140,414,104,105,105,True
BigCodeBench,BigCodeBench/346,python_minifier,a3d3fddac8e64b21edb28de0e5afc40859d9b44da081995986952c188ff0dad9,431,109,110,110,True
BigCodeBench,BigCodeBench/347,python,e65c4173e6b934843911d130da7323988132c8b090aa179ab77a20efd1e478a1,318,80,82,82,True
BigCodeBench,BigCodeBench/347,kern,8cad6b5d00071d59b3f17a4385ba0032117ad6955c87f2ca8adb66656101e177,242,68,68,68,True
BigCodeBench,BigCodeBench/347,kern_compact,011d085c2335ef7b0d0e5a5f21112a379dbc4167f1fddbde8f8657698ddc0a1e,183,58,59,59,True
BigCodeBench,BigCodeBench/347,python_minifier,9071b31631393f604b6fda82a2ba9614c58809a5574613c27ccf1be51284890e,204,60,61,61,True
BigCodeBench,BigCodeBench/348,python,f2f40c81897c239af9572e8668fe9951658679a23d437366710eb81950bf1730,505,129,130,130,True
BigCodeBench,BigCodeBench/348,kern,fc7644ab925d34f77ef87bc559199c490d21771e6065b79e66f6ecd92ffca6f7,278,79,81,81,True
BigCodeBench,BigCodeBench/348,kern_compact,1fa0bc02cd6229ad84beeea00d3a48fed37cb66a2797c96b308f6969386ff36f,250,71,73,73,True
BigCodeBench,BigCodeBench/348,python_minifier,c3313cea4e55bfcc1f14f0f946d40d8fe5a7a3aac1469ba516f63047d45bca51,262,68,70,70,True
BigCodeBench,BigCodeBench/349,python,774dcb4e4392a7fa81461f49c32bce72522244470b54bf2af48b185f656bbce4,500,109,113,113,True
BigCodeBench,BigCodeBench/349,kern,324f86acec7da298c75bba7d9126e965ab2d6129390bc76890bf383e0a3739d6,398,91,96,96,True
BigCodeBench,BigCodeBench/349,kern_compact,f68f5bbdea86295dad8719be8c8fd42c3c9c70ebfac627c57656881c2d353279,280,78,80,80,True
BigCodeBench,BigCodeBench/349,python_minifier,ac05fde391d834b7e9c592407929f95df963e1ab5d57b9ff955326a139ad150f,296,81,83,83,True
BigCodeBench,BigCodeBench/350,python,a9b6b08ab821421f1337f54d7e916b627dfbf2a82c4b26e08fcc04b794b26d45,1323,280,281,281,True
BigCodeBench,BigCodeBench/350,kern,bcd10e56517dc561db0050a638d84810d13313be54cda970c13cdde3385def1c,905,215,219,219,True
BigCodeBench,BigCodeBench/350,kern_compact,96811fcf3a63625efaee67feb8ca81ac8e3c058336cdb9deb12214b9e2c2ae75,753,201,205,205,True
BigCodeBench,BigCodeBench/350,python_minifier,8d939b2e0b0ebd6225a66429c9944f2dbc8de8f4e4019fbc05997e774e9ac541,747,211,214,214,True
BigCodeBench,BigCodeBench/351,python,96ff17510df653b6525c073b6f3d477e65bba5832f4f3ca445bfdaf5b904e49d,560,121,125,125,True
BigCodeBench,BigCodeBench/351,kern,f1ec8ad444ae40f6a87a8ba32de259a84b8d5404a329ea8e9f7b223b5061efb5,452,99,104,104,True
BigCodeBench,BigCodeBench/351,kern_compact,7773077eea2465d4e5ca72c2d795064c0c4ebbb46cebf75cff1d442f001ac389,334,86,88,88,True
BigCodeBench,BigCodeBench/351,python_minifier,e7595e2683261593d84a90bbaeac67b5f7e8c510ea1d5287385c168f9b46a3d7,342,94,96,96,True
BigCodeBench,BigCodeBench/352,python,f2be7c0ad8d664c538894bd79e2f76a2a989cd4605064264e6c7bddd7d950a6b,519,133,134,134,True
BigCodeBench,BigCodeBench/352,kern,4101389f145b8f289f9633be2c17cf2469ad5653a0e79aaca84c83d415915b38,430,116,120,120,True
BigCodeBench,BigCodeBench/352,kern_compact,b2fe9942b8d74d14c02cce3a54fe0f3625ac6ae233690b3fc66c3769a0dc1245,344,103,106,106,True
BigCodeBench,BigCodeBench/352,python_minifier,50166e812e97ef045459774b560d11d003156bb804b2f848188348f3ab1d556d,334,107,112,112,True
BigCodeBench,BigCodeBench/353,python,026d6ff8125998b490f53ceff2dc2ce2bca55f9d1d2e7502ae959319b2072103,624,136,140,140,True
BigCodeBench,BigCodeBench/353,kern,6aff65b905ea2240912909ac8f42c7d92d7c74c9b8bb87c7af663a8587e1c45e,504,111,116,116,True
BigCodeBench,BigCodeBench/353,kern_compact,82be6c1ec7b03ffb4e66a0bdaf8f1b2c89cdc12d8c96e1ffd2baba19575dd9bb,356,91,93,93,True
BigCodeBench,BigCodeBench/353,python_minifier,47a48abbf9756afec21aa58b49417119d7bbbe57c3696b49098a65ee16d29bc9,364,100,103,103,True
BigCodeBench,BigCodeBench/354,python,c8847945b1cd327255c5d443344fdeddd54aad881e09ffea26214ce44f3ae0dc,486,124,124,124,True
BigCodeBench,BigCodeBench/354,kern,b99e1b5d3bb57792c0deaf0466d9c1433e31b9233ac02b17edf01e3b30894eb7,411,102,103,103,True
BigCodeBench,BigCodeBench/354,kern_compact,e1c46be22909e845ad55cae8b28a0b10a2e9da7cbd5ddc6cd17b938d8d965e19,347,95,96,96,True
BigCodeBench,BigCodeBench/354,python_minifier,415b63a0b784a0594fab065f5ea67ec88ae9262a04aa34b4caabd39d38a6a5ff,335,98,99,99,True
BigCodeBench,BigCodeBench/355,python,c1952b6e43642797943dc65c175dd585b8d8d14acacb202f5652734ddd27fe68,648,173,170,170,True
BigCodeBench,BigCodeBench/355,kern,fccb320988809c27de901784ecc10673c67599c9abd7a0b8aee8e931cfed1957,475,131,130,130,True
BigCodeBench,BigCodeBench/355,kern_compact,347128f0a6e6d8d953db3f22bb8b251c637eb8dd81eaf6924e1d11b8c7982b9a,430,122,122,122,True
BigCodeBench,BigCodeBench/355,python_minifier,ce309f4794130cd44fecde1c464b6006a2f619662ea0089e50ed551fea6415e4,439,126,127,127,True
BigCodeBench,BigCodeBench/356,python,d264d9a4b4cb3cd865baba2bbe2945eb5b3c51c082233ae85dc7791448d448e9,973,271,275,275,True
BigCodeBench,BigCodeBench/356,kern,e3e347b96fd069ed69aa852c4954bb833dc127939916f23fcff8ae79ba814ba6,668,204,210,210,True
BigCodeBench,BigCodeBench/356,kern_compact,798fa9c619512428c5ad559e364b0bd520f87f143174220e31e2216b34010445,648,205,210,210,True
BigCodeBench,BigCodeBench/356,python_minifier,5e74b8a138b44bdca2d9a6cbe84414005ebdaa856ea47eb8194b5b839a4199c9,684,203,210,210,True
BigCodeBench,BigCodeBench/357,python,9bb5f66bd4942b6b6fcd30792c26a3532bd3c4802cc7844504a79fb5bfaae55f,516,138,138,138,True
BigCodeBench,BigCodeBench/357,kern,68fc52ef5019113543cac38dcdaf42ac5bcbb6e8278ed0754d4020b8909f3ee5,396,109,109,109,True
BigCodeBench,BigCodeBench/357,kern_compact,557064acc214b7a75a4cf51243ff7c4006fdbdcf09a577b70487067807d8713d,320,98,99,99,True
BigCodeBench,BigCodeBench/357,python_minifier,13376920c959e39cf2c355a235cece69a20ae8efecc03aa913d9d0d072734ea8,342,98,98,98,True
BigCodeBench,BigCodeBench/358,python,a00baa721aeb205b15041325b35068bfab4ad50581bd65fcce944bdd8aae870a,346,72,72,72,True
BigCodeBench,BigCodeBench/358,kern,36d029fc32b5db4fa4942afba14b16cdda61697aa3541cf0e45275a98a38bc78,180,45,45,45,True
BigCodeBench,BigCodeBench/358,kern_compact,a0d67fd6746b44e9dbabfa321b1a09683498f2d601dea456ae4d412f46eb5228,150,40,40,40,True
BigCodeBench,BigCodeBench/358,python_minifier,a0edb7f3b8ff339e40a77df91c30d1a9566d1e3157f86190e9ba9469300d2318,169,40,40,40,True
BigCodeBench,BigCodeBench/359,python,e2a705850d12610e7790f66fbde146af19701da76541d8986ec141496b9d1bdf,285,76,76,76,True
BigCodeBench,BigCodeBench/359,kern,14e4394d3d11db21b05fa62ae79545a160d87a20379e7f33f1b46698f531c66b,220,62,65,65,True
BigCodeBench,BigCodeBench/359,kern_compact,59035476f8b23dc60995edd74256f6ad5cd4b39ab8ce199e11a24d36b02bb218,197,58,61,61,True
BigCodeBench,BigCodeBench/359,python_minifier,d9a4d965af36c688f79b75641710f665ec10e4ca816d6b8c8d491057c73d0811,203,63,66,66,True
BigCodeBench,BigCodeBench/360,python,93fdfa04c4985031bb02573d7a2d1e9a4ca47cb8b16e960531b41bdbd0e321c5,756,177,182,182,True
BigCodeBench,BigCodeBench/360,kern,7fbb02d661163deada0c5ee08bbb655d9d2ab1fea4a0bd5dec8dc85637ef0cba,594,151,157,157,True
BigCodeBench,BigCodeBench/360,kern_compact,8cb9183945ef7c32015e1df07c606ffcf43a9961b7ac6131b19be7f217e06338,514,142,149,149,True
BigCodeBench,BigCodeBench/360,python_minifier,ff5bad168ee600c61a7143911284aaf42ed8cdf32f2bd9d5eff3f578ce027b99,528,145,153,153,True
BigCodeBench,BigCodeBench/361,python,92ec0dcae66b2893fa254389057dfd9421d948c0c0a978a2b1d55be06a466cc8,1005,215,226,226,True
BigCodeBench,BigCodeBench/361,kern,1b0590333575241bc9c4e210573ee290d9d9e01306c1b3fcaf4186616122c21b,722,166,179,179,True
BigCodeBench,BigCodeBench/361,kern_compact,ff1770a5aa9f7064517c5d2367eb44460238c480f507ddface8e387bedfb1e33,697,163,176,176,True
BigCodeBench,BigCodeBench/361,python_minifier,a21622ea33a6dbe562b4ade303ddbe291d39ee04a03e9477f4d533c5111fa933,700,165,178,178,True
BigCodeBench,BigCodeBench/362,python,8d90afa13bc1ec45177567f3d7c31439bd87a94d7afc0370513aefe041b39953,696,152,157,157,True
BigCodeBench,BigCodeBench/362,kern,991e9f913d5154d6269174d83c75995aeef23bf7d339f4e3dc297adb780a4292,464,104,109,109,True
BigCodeBench,BigCodeBench/362,kern_compact,e6ffdd127af3b76a37b017c130216991e5f4e875590cfb6a5698efff84a1d956,433,99,104,104,True
BigCodeBench,BigCodeBench/362,python_minifier,bcbbb0fe819f0ad5d558d4277ca83aefc5b8f09dc12b76df2687355cc5300b50,419,103,108,108,True
BigCodeBench,BigCodeBench/363,python,c4cdd4c5316e2e10b16ccf3859a02c662a6a277d3d5ae79b4ac0e7c52600e6d9,475,110,112,112,True
BigCodeBench,BigCodeBench/363,kern,8ff240bae5d3ccb1f518e8f9ece430142ce8fc23cd20b05dcce62d330dfe1c34,369,88,91,91,True
BigCodeBench,BigCodeBench/363,kern_compact,28788f7556954954496d2bd5d197de5872f5ca46e6b7464eb0b65d3136dc35da,322,80,84,84,True
BigCodeBench,BigCodeBench/363,python_minifier,c5f31f29f94632a3ed329d6824dc67feca05b89e8bcc4ff03bcf57bf9e23ad53,342,89,91,91,True
BigCodeBench,BigCodeBench/364,python,deeccf3b756b0a62dbb1daa01eeb39b43b15bf591d23f66df20ecaa01ee1919d,548,141,144,144,True
BigCodeBench,BigCodeBench/364,kern,eae0ee5ee49eda190c8b440aaa595f81d43c0dd907db8b11d4349b960a859ce5,448,114,117,117,True
BigCodeBench,BigCodeBench/364,kern_compact,7a1b3fb881e0683aff18f34d9292652c960732e7b3eda98d37f82a5e0b8026e2,406,110,113,113,True
BigCodeBench,BigCodeBench/364,python_minifier,a057ef324cca0858b71292dfc83ea601e72226f28395a90d2f5d3f6289fb8eac,423,109,112,112,True
BigCodeBench,BigCodeBench/365,python,823de4418e9ef73e5d431eb9e273015b7bbdc3f3ebad1c3f7e7e44048a0f3c5a,490,135,135,135,True
BigCodeBench,BigCodeBench/365,kern,dc7a73c76bcab76cfbef260a856417f8405dbc350c180b130a516b09c2e1a56d,387,110,110,110,True
BigCodeBench,BigCodeBench/365,kern_compact,b869cc25cda374e5f6a62771e44f0b8f0b61f1330b447e769f4304c5c3540fcb,347,105,105,105,True
BigCodeBench,BigCodeBench/365,python_minifier,1b5c6589aad4a73ecb6c3f9c759402c88ea478d25bb4a8eb542768cfc50f952a,366,109,109,109,True
BigCodeBench,BigCodeBench/366,python,09fe1822039d7d1c677a1a7a546282460ff333be6568001807c2b1b974dd0459,400,102,104,104,True
BigCodeBench,BigCodeBench/366,kern,5c3bb9661602d7e095559b766513cb5b00cb2f26c49b50e56fa62a958b32f274,271,73,75,75,True
BigCodeBench,BigCodeBench/366,kern_compact,1e8826db713afca90f1894f2917d946374c2ce686caeefa744c2bbd912b64402,258,71,73,73,True
BigCodeBench,BigCodeBench/366,python_minifier,66114558709acb9716280a31ae27508a692ff02c8bab7ffec7681ce2f8adfa4b,273,74,76,76,True
BigCodeBench,BigCodeBench/367,python,35ecbcd0a86d72cf7f0ceb6ce4867d9e15b515d5a73aa59e36903bbab313c8cf,811,178,180,180,True
BigCodeBench,BigCodeBench/367,kern,0c1da3b9f39696833ab1c353a2b75e44f3c931a937bb17bc0303fb9d2e15be96,636,138,142,142,True
BigCodeBench,BigCodeBench/367,kern_compact,d0c5ca6e60d388012d53439b68bf82b9f37f74de18fc1f2faf7ccb1d191a955b,533,128,133,133,True
BigCodeBench,BigCodeBench/367,python_minifier,3d43620e7ed2217adff4f763044ad26907a2f3bb1e2663563f3ffea7750fdef1,549,134,139,139,True
BigCodeBench,BigCodeBench/368,python,4c17fc0040be1a907ec93c9bcc6f6836446cf3d5ddc7c7e525d704d897ddedd1,649,160,161,161,True
BigCodeBench,BigCodeBench/368,kern,c9a3696095d1c41649993b3ef75f94472b11489166c05b8b40f9f09be1d98511,357,92,95,95,True
BigCodeBench,BigCodeBench/368,kern_compact,a6cd961ea1f83a1952ccf1581d4da25fe461e1c84269d15db1b429d903f4d5d6,275,81,85,85,True
BigCodeBench,BigCodeBench/368,python_minifier,bf8e5c31870f0750df1b945102a779aa8ae636368cef4624609d124df560b96e,267,79,82,82,True
BigCodeBench,BigCodeBench/369,python,86984831739ac61db4108b8539b57e6f74afe339b91f45f651346dddb648d756,454,143,144,144,True
BigCodeBench,BigCodeBench/369,kern,9474d63c53811131cbb492ca5fdab7023378b398a86ca68a174ccbac8f6aecd8,363,116,120,120,True
BigCodeBench,BigCodeBench/369,kern_compact,a5b76d43a63f9d4d9ac27130fbed4947d784aced09079a955dc902afbf0c3719,329,110,115,115,True
BigCodeBench,BigCodeBench/369,python_minifier,a47c06d75a4e9265e5ee2f89a125657a18649c606870e892ca2e3680eec490ff,346,112,116,116,True
BigCodeBench,BigCodeBench/370,python,9ec790b7f531b9d441707941e3a2140edb2d6b424fa75ed8ffa94ae265466dfd,744,166,169,169,True
BigCodeBench,BigCodeBench/370,kern,d3429f0b6e254610c4126c4ca5340047c1fb71a1d48625668e636adad6b12f05,534,126,128,128,True
BigCodeBench,BigCodeBench/370,kern_compact,21430b7b719290de2ef0c9a07e8c24c8af536e6b0c1a037360d9599bb77a3fd2,368,107,109,109,True
BigCodeBench,BigCodeBench/370,python_minifier,f76612e134003d7d031fd28ffda4cc7173fdf2dc471328e80d79bcde1e90ff15,362,111,113,113,True
BigCodeBench,BigCodeBench/371,python,1f4afe5f92d194d1b80071bd7c6e59f5d10e70de4f76de02eda209eb929cb21a,240,56,57,57,True
BigCodeBench,BigCodeBench/371,kern,2b3cb6d13c674335ea0746ebcf77c6a1d9c67cbe67c75bdf5902ed8d50c285d6,195,48,50,50,True
BigCodeBench,BigCodeBench/371,kern_compact,694dccae5b290bc825386e8c00444beb07eee9b1c9764d327313f4c81cc84e84,168,42,44,44,True
BigCodeBench,BigCodeBench/371,python_minifier,f541cb88a526f47ca94e55933e977bb5f6fa843a99d037fa988deb443fab11fd,188,46,48,48,True
BigCodeBench,BigCodeBench/372,python,944ecd6f70ef99e789c043cf228885c82ea3e61480a39adb2de1b835bc7ef62a,452,110,110,110,True
BigCodeBench,BigCodeBench/372,kern,ae6e60c8ab36df86d28aab0e7041cc4d2193bba6e4e68b6dbface3a1d2c37dff,350,90,90,90,True
BigCodeBench,BigCodeBench/372,kern_compact,4aed0681fe34ab9e7267ba7a794ba780b9300ea1f976efd0beea433c8e96df28,217,74,74,74,True
BigCodeBench,BigCodeBench/372,python_minifier,a8efe620b2eef1c5a141d7d6d32844edc467cf6c822e417e8c8e3e257ba21004,235,77,77,77,True
BigCodeBench,BigCodeBench/373,python,7c55715ff99e35a4460bf2a7d9e8809949efbcb874c62200f1df3accb5dcb295,522,136,136,136,True
BigCodeBench,BigCodeBench/373,kern,d5d682c74edbb092ba98d704f41192946edd2ded71cf1ad9d0b36ae4cae1d079,383,107,108,108,True
BigCodeBench,BigCodeBench/373,kern_compact,ee5752f7b1936f0d723afd617c9d741501d32bb51e3a64b47add641cbbfd6d19,301,95,96,96,True
BigCodeBench,BigCodeBench/373,python_minifier,8416ccafcf3355fdf15110aff208b6bc00f0cfaae03a91cf333e75e9935c119a,327,100,101,101,True
BigCodeBench,BigCodeBench/374,python,30c1d43d3f6f4d86cd1b5fdee32265f462d6f6533962dc4025529dc47be8a955,810,170,174,174,True
BigCodeBench,BigCodeBench/374,kern,0656cd0cb9c3d8272d44290a3aad6eece56e63b6e9daa97f7363ec63b36699a6,593,148,153,153,True
BigCodeBench,BigCodeBench/374,kern_compact,47c766617ef39bef784ffac96c75829c78a32c8b59ac950bf602365ba7b05ce1,449,129,134,134,True
BigCodeBench,BigCodeBench/374,python_minifier,df0b29ddda10ad0a4df506fe5a661acff74841e169740ebfa70147ceb247fd86,482,141,146,146,True
BigCodeBench,BigCodeBench/375,python,9a19899506afefb0557811e02bd7bd11dae9783d640249033a9e7c7b7a3ecb96,438,100,103,103,True
BigCodeBench,BigCodeBench/375,kern,bcfd149009afdc990fcd7dfbf8cdd05059cf81c3cf9a47cf0b13daf5e46252f7,367,86,88,88,True
BigCodeBench,BigCodeBench/375,kern_compact,bf20dea3fdb29543146da34970cf94af79bbd550cf1d0244b994190c82c0ccd8,303,79,81,81,True
BigCodeBench,BigCodeBench/375,python_minifier,f0eb594a209e895abe45cb8e748579b8412fc9fc3f220da955c008e05ef5d693,319,80,82,82,True
BigCodeBench,BigCodeBench/376,python,9316ba48325c17d14994aae68bb213d18965cc24378c91758a17f30ef1642e56,316,76,76,76,True
BigCodeBench,BigCodeBench/376,kern,c128cf6f3fdf1bd4faf19ff4e1de3cd8d67faae8771298b2e09d6d5289e137be,243,61,61,61,True
BigCodeBench,BigCodeBench/376,kern_compact,d4c62111bf6bdebf46d7e60dfc5c4e9ed5c7ccdf47c7882a3d0df049d6131ce2,201,57,57,57,True
BigCodeBench,BigCodeBench/376,python_minifier,05554035d35d969801a3a6181b4b1284ee60919aa8452cdbce903bd333069f51,224,60,60,60,True
BigCodeBench,BigCodeBench/377,python,f20d0f3fd3e5a70907e10ffa540634fe55cda4d8e0667b8edbbd7291228cc018,444,104,104,104,True
BigCodeBench,BigCodeBench/377,kern,2b5aa7836139b50b30159807a81c4c361a992db373fe494805b4b06cb0067328,346,90,91,91,True
BigCodeBench,BigCodeBench/377,kern_compact,df7a70ce1d9f26b6f13d8a15fcf186c393e1bdbc1ca7bf4882bf09cf28a62f21,276,82,83,83,True
BigCodeBench,BigCodeBench/377,python_minifier,7c251f4b276c4eed67564fab17121d11a2f36ef1ae59d4e6940ba611ec860a96,292,84,85,85,True
BigCodeBench,BigCodeBench/378,python,d84b78f323942d7dfcd0162ebe6a9deb93b6761a6b29a7236f2597f91b38b8fa,974,221,225,225,True
BigCodeBench,BigCodeBench/378,kern,7a13bab3851cb8ac46aac8742a29b2ac3d33a6aceb505db90e7591240205013c,768,195,199,199,True
BigCodeBench,BigCodeBench/378,kern_compact,f6bb1b10614dbfe3ab6fb27ff10a7c0b01507233e251373d55c7fda591cf1222,645,187,191,191,True
BigCodeBench,BigCodeBench/378,python_minifier,b0d30349045c7d2e26f8c11207e9affd94b166ab8b6ed457832acc4ea02dbd6a,665,186,190,190,True
BigCodeBench,BigCodeBench/379,python,60a0140525611e3cad43bf6ecb65eddd56cf1be4931dd478f01276ea15cc5048,264,73,74,74,True
BigCodeBench,BigCodeBench/379,kern,8b3ca873ccb11f2775e8f42f4d228107c0fb4ee812039ac7bc1c25ee2e23cead,206,57,58,58,True
BigCodeBench,BigCodeBench/379,kern_compact,1242bdadb6f8741081bded93d3c6789bb31fbcbdd4e3dd7da61f1aae9f297c7d,193,54,55,55,True
BigCodeBench,BigCodeBench/379,python_minifier,c3df54c56304fdb94fdb0d08a63b6dc1ffd2310ad3168c83e0a005efc6986f0c,210,58,59,59,True
BigCodeBench,BigCodeBench/380,python,a6492e4dcbe3945397e3b291f93208128393fbcf87e599dfc3ac25b7e696077b,377,80,80,80,True
BigCodeBench,BigCodeBench/380,kern,ed7d8c40b8601fded15e7af7b354ffd7e394c27af2d855d23bd6fbcdefb186e9,280,69,70,70,True
BigCodeBench,BigCodeBench/380,kern_compact,92cff43550ffffec69f59e4f5a2372dd195d0bc9fee3a5718cb8fe3691d24fa4,215,62,62,62,True
BigCodeBench,BigCodeBench/380,python_minifier,bdd5fb0b1578a1a6ac5bd93fdaabb788786a3e73fc226365c55273f8cdf87639,228,73,73,73,True
BigCodeBench,BigCodeBench/381,python,e1f1911333a15556af9934fa43b82ac2e963a5154f1ec62c1d1cc819f1b5ebfd,1058,246,254,254,True
BigCodeBench,BigCodeBench/381,kern,ecb330e3b293a270e129b6df4faa3926d5553ef7c60c56971334c6ed59e1098a,747,179,187,187,True
BigCodeBench,BigCodeBench/381,kern_compact,026da43e0a8a8f87edd4bccddadfbee2f493896512bd6b3913b50c013010af81,671,165,174,174,True
BigCodeBench,BigCodeBench/381,python_minifier,571701f0f811c2a4f974ee9633f1ade0112c5041369358ec362594ff21943862,650,168,182,182,True
BigCodeBench,BigCodeBench/382,python,b0ab08ae8c034f2b3b63458777c1cabd49e0417ab0f67541db167c83c31e60b7,458,117,117,117,True
BigCodeBench,BigCodeBench/382,kern,7ddcf4b27060cea0966fe9e3e2b9cb8fd2b17f4ffa28bea703427080ef7cb7a0,361,97,98,98,True
BigCodeBench,BigCodeBench/382,kern_compact,ff77d875e461342170194630ad01823ea83b48cfdd4299f301b43033eec150c0,286,84,85,85,True
BigCodeBench,BigCodeBench/382,python_minifier,809d901d3747361daf425a4d9db5be1dbd6d420f7ac5e4a8c54459da42c6f3c3,303,87,88,88,True
BigCodeBench,BigCodeBench/383,python,d5ce252bf6bd0fff9f72f6366c5dda36ecd06bfd23652fe108b92aaf0bb0affc,556,141,145,145,True
BigCodeBench,BigCodeBench/383,kern,46cfc86dcef155e20e15acd99c44ca42a82f980303efc650bf3e8166c371a69e,434,112,117,117,True
BigCodeBench,BigCodeBench/383,kern_compact,87158cc86d4ae29b030b6aead78cb4de2d1be12fadf63404b828cbd720885937,354,104,106,106,True
BigCodeBench,BigCodeBench/383,python_minifier,93f755cffdefcda21afd10169ebcf247ed085c42af17d106f6325d0b10def95f,367,106,109,109,True
BigCodeBench,BigCodeBench/384,python,41fcd01ae539fd9e3007f6eba2a9cfa999ac7d4751521565ff62186104e1fdd7,710,193,190,190,True
BigCodeBench,BigCodeBench/384,kern,9a8efa39a18d4fa33236c078b14d0afab982a630b40c886c8f462ad0532b667b,598,165,163,163,True
BigCodeBench,BigCodeBench/384,kern_compact,ccb85d954bc983605436bab888fb5bcf24c682f96650cac97c08e43eb63db1d4,528,154,152,152,True
BigCodeBench,BigCodeBench/384,python_minifier,03278a3c6337cd1edffc1287568543f6b26c159c1081821b2f9b73befcf9eb10,541,163,161,161,True
BigCodeBench,BigCodeBench/385,python,9c049cb16f0fc75882bae8e1d17f92a272ce3778792ddb95b69fe93e62c71d90,506,133,131,131,True
BigCodeBench,BigCodeBench/385,kern,45c0ce6bec7f575462389a7c48b11cd571e8d356dccc317baa24bbf1dc86bc16,446,113,111,111,True
BigCodeBench,BigCodeBench/385,kern_compact,bfe81d22886c0ea5178820f7743a1ba84b3000f0510f9ccfa3185436bd41512f,371,106,104,104,True
BigCodeBench,BigCodeBench/385,python_minifier,66a19e92e121f241e4896fe7c9b8becf8c851f1440f7f965b49b147de8f4b0ee,382,111,109,109,True
BigCodeBench,BigCodeBench/386,python,ff7b967a7509c977c658d2907bde0a6d6ba31d7552b520da4e96f7f64a8b9126,506,129,131,131,True
BigCodeBench,BigCodeBench/386,kern,5af11ff865ea7c75b04717de007497ff211c5892f45d5a67a6b4fcbb6d523201,303,81,82,82,True
BigCodeBench,BigCodeBench/386,kern_compact,b67a19b1b6e6bbfc009b78afba58d3f802f47b3dbf87a67eda7ba69d9e85f0cd,290,79,80,80,True
BigCodeBench,BigCodeBench/386,python_minifier,5289bc99f406d8373edb2e91c658cd65a0208f5ba17a1b33f09d17b6b62ba2a8,309,81,82,82,True
BigCodeBench,BigCodeBench/387,python,e8115dedec89b6f2ad5e9ba591ef6aa77c2546d36624d4b3f3766d2f12ebe8a5,747,195,193,193,True
BigCodeBench,BigCodeBench/387,kern,5101a7ab2005498be0b15cc2a1039e1d1cc4079df876c2b511a93f38e952b425,591,151,150,150,True
BigCodeBench,BigCodeBench/387,kern_compact,19281fe6871953a8f4ff6ce53e3be847c504bc42cbb67a5fc50454cfaa6dbaa5,519,145,145,145,True
BigCodeBench,BigCodeBench/387,python_minifier,8ab4abf5e120d355f49ee65089ec7a5cded13e113c968dfdd57190ef437a0c2d,528,151,151,151,True
BigCodeBench,BigCodeBench/388,python,6056586001bf38e59d882a2a50ee1faffe305a4a20bff64ca63f45a1472dbbc4,354,75,75,75,True
BigCodeBench,BigCodeBench/388,kern,a2b5aa71687bc8fc057db8636bee9876b2617019ac476c17d74fc028a5c7c87d,269,64,64,64,True
BigCodeBench,BigCodeBench/388,kern_compact,1cc8aa9cd967119ef2f48fb09f63b928ddb1fc925f05a6baae646f2d7332c302,200,59,59,59,True
BigCodeBench,BigCodeBench/388,python_minifier,5cb43ba5d64f90f3b11dd9a44a2f29d3153bb9f3a8789cbbe264c3c3b3487ef7,221,66,66,66,True
BigCodeBench,BigCodeBench/389,python,2231d18393306c0c0b11b30259bce5e95e3e709893fd4f212dc2cc7634b47c93,504,104,105,105,True
BigCodeBench,BigCodeBench/389,kern,4e248c5587e4fba7eef9256fbb40150aca5df05c080a0a29731e63e688f26627,432,91,93,93,True
BigCodeBench,BigCodeBench/389,kern_compact,78181bee216d42f05b609a9bc38d662f969aa3de5bef8bd5a99886bdb7f1a60a,361,87,88,88,True
BigCodeBench,BigCodeBench/389,python_minifier,e9a32e82314858864699271aba609e2596fe0d8c6c8c76aa5f76e97e675446c1,306,90,91,91,True
BigCodeBench,BigCodeBench/390,python,02462918643da1471272cf8e0e9daf003518226b7a8e05209a6ddc1d82862ecd,507,119,121,121,True
BigCodeBench,BigCodeBench/390,kern,183fa79f32327f4c5833d3651b4bcf6fb0104860c6b50444f3964fe4653d5c89,379,94,96,96,True
BigCodeBench,BigCodeBench/390,kern_compact,6e88de45fa599d4a1928756fc91b49d1277a5969ebc776b86f893a0f661de2ae,328,88,90,90,True
BigCodeBench,BigCodeBench/390,python_minifier,08ab0431eefe710b50c4f6c51c5a3c87e8a3ded6a9988895ba54f59c2e104e3c,336,93,96,96,True
BigCodeBench,BigCodeBench/391,python,ffdf2a1a4eed3541e6628c80ceaa7057cfd1172ff583c497af9018fb9a458f07,548,122,122,122,True
BigCodeBench,BigCodeBench/391,kern,27b592c420dbcf105537027f5d67e7c274d27ebb555d980e6e7cec8ee3074ed1,425,105,105,105,True
BigCodeBench,BigCodeBench/391,kern_compact,c948602d7dc9fba51914bbcbb3dc0d1b9c156c0c67deccb8f9bf47878cfbdd2e,299,92,92,92,True
BigCodeBench,BigCodeBench/391,python_minifier,d70d738cb14184a0326d9ef8a5d49dddcd6be2d76eae1e3346af5afc1705022a,309,93,93,93,True
BigCodeBench,BigCodeBench/392,python,e1be511c6e56f1ec3b1dca06255bdfb6212ce98eb464a5b0f8396bf96ba7c116,928,242,243,243,True
BigCodeBench,BigCodeBench/392,kern,67af3ba16fdee617cb321e93d32d2b8b01af6e109c5ba4449c4d3180fc5ee792,526,144,145,145,True
BigCodeBench,BigCodeBench/392,kern_compact,f214d8f044dcf16752506f4cf9c95ab1c4f1d59f5fec52bc23306a2d8637ff9b,420,129,131,131,True
BigCodeBench,BigCodeBench/392,python_minifier,717972152310973e4618eb93c203e010801afec14f1c2601ed803e0b1cd6918f,403,135,137,137,True
BigCodeBench,BigCodeBench/393,python,ed2fea01fed8481109697c12972a7920619f83429ac12421a4202ad36c773f82,431,126,128,128,True
BigCodeBench,BigCodeBench/393,kern,b6ed87e5106ac07b2a28b4aa3f2e2c4b4dfa0b305e04c8c7b113d5fba9448f20,355,104,108,108,True
BigCodeBench,BigCodeBench/393,kern_compact,a32474d8bb5bc9606c3d1878868a51008760e8db0982fd2e3fa371b3683df43d,329,101,106,106,True
BigCodeBench,BigCodeBench/393,python_minifier,56bc5016d86cab59582da7b18f7a5f5348f147b41a787cbe8f282e422310ac75,345,104,109,109,True
BigCodeBench,BigCodeBench/394,python,2448932c4b0a6987bbc4f8e51163811552f7d4f48094f3811910f56e4518bc47,267,56,57,57,True
BigCodeBench,BigCodeBench/394,kern,8d4f0402ca6ad16d58caf72a7033d55c45cc9a7a516999b8f7bd94b98d33b110,224,51,52,52,True
BigCodeBench,BigCodeBench/394,kern_compact,9a0559d6ba3fd7ecf8567ccd2851238ff984c3d34fd47ae8d5e1411ac50a4453,170,43,45,45,True
BigCodeBench,BigCodeBench/394,python_minifier,f2706c66b3c627b576ce8cfff2b0508fdf48e8628c88f4d7b39baeca3a417c50,188,45,46,46,True
BigCodeBench,BigCodeBench/395,python,fc16e60b4ceffac1b1d105a84904b4112eb4d492c8ea87a6f4460244a084bdd0,775,173,178,178,True
BigCodeBench,BigCodeBench/395,kern,6223afefbf9e53139e7438df59edae9c70f5e7dcf4a5370b002b99d12f441c11,639,149,155,155,True
BigCodeBench,BigCodeBench/395,kern_compact,66fe98b4a0bff315691879472845385c5f6f9dc43cbcdfc47a4d095015a9ec04,538,140,145,145,True
BigCodeBench,BigCodeBench/395,python_minifier,138c38fcdd828ec871b6d04ba58c2082ffb9ce6b82cc414994bc90eba2929947,540,151,156,156,True
BigCodeBench,BigCodeBench/396,python,9c31b89fdf145fd26380e4252e40523881dae24e50e1ab150b07c1ddf427811e,488,116,117,117,True
BigCodeBench,BigCodeBench/396,kern,e3b3c5f4f4ea6cbc9ae3032653d23d8db3fb80adec5bcec0cc5f9d581539a12a,398,101,104,104,True
BigCodeBench,BigCodeBench/396,kern_compact,e928719f66a64a0392b0c2a25bf9e3bd2b1d41590bb4411c9450a5f0bba9d93a,355,97,101,101,True
BigCodeBench,BigCodeBench/396,python_minifier,3bb2a532d310f047b4092b9dfb60ca9d62dab07f551664063c230b92e3306886,357,100,103,103,True
BigCodeBench,BigCodeBench/397,python,5200bd855c96c209ba48f67d8ad6dc0ebf7066444ae7177ebdf65fcc449ab86c,412,100,100,100,True
BigCodeBench,BigCodeBench/397,kern,2eb105d608f432bd2185f6bc335bbf5a50b922dda9a7b070951f82b3e697dcec,271,82,82,82,True
BigCodeBench,BigCodeBench/397,kern_compact,431509af7220289137149f80af432f85e2617bad67f2233d9fb08c22350e2440,235,76,75,75,True
BigCodeBench,BigCodeBench/397,python_minifier,6d5a4956042b98089df5db5e04a73dc8d6047189881cf8a4257a1a776b0ea050,277,83,81,81,True
BigCodeBench,BigCodeBench/398,python,e6bcc9882f379ae80122297d7323bdda3c43307787b576f2dcf8dea641b59435,340,77,78,78,True
BigCodeBench,BigCodeBench/398,kern,d958565447b0f752de350b9043d27db04bcb40dc879be19e20905cdc2d7cac0e,234,62,64,64,True
BigCodeBench,BigCodeBench/398,kern_compact,ac6117a9c2609cee49b2c3f3e98457a4c7437b4f77e504bfda5781e0f6addf9a,209,60,62,62,True
BigCodeBench,BigCodeBench/398,python_minifier,bc768da0c07010e2bfb2fab16bb0424de52f515d0b819405dab4d4add521b6c5,243,70,71,71,True
BigCodeBench,BigCodeBench/399,python,f5982be8307f0cb4f87b0a35d2e12d6745b1ecf67f267e0172f1d8251dbeb09f,548,146,150,150,True
BigCodeBench,BigCodeBench/399,kern,7b27b76c33fbca8cd0e49ca59096c118c2c7caa7800d5fd8afc9b27659491257,437,118,124,124,True
BigCodeBench,BigCodeBench/399,kern_compact,2fe7648cd010342336d20da0abd5096061251d958685f6d6bfeab180f7ecdc10,404,111,116,116,True
BigCodeBench,BigCodeBench/399,python_minifier,47d48353966725f94796a962365505cf7106cd57010029e846ea1dcfa31c4ddd,404,115,120,120,True
BigCodeBench,BigCodeBench/400,python,47cdc109fd806ed5ba710172dae20585edf0cc8e5cd07f5c4335da0f2effe8bf,504,109,110,110,True
BigCodeBench,BigCodeBench/400,kern,e8485eb349908e5106d9a74b3d7c20cc01422c4584c64e707866e2eb430cd390,302,77,78,78,True
BigCodeBench,BigCodeBench/400,kern_compact,83aeebbc75b7e7d9058f0c398a46fa4398b67ed98f6482afac2b8fbb657307da,239,72,73,73,True
BigCodeBench,BigCodeBench/400,python_minifier,e1d05a255c8a6d45f8c3b5363214cdd39f420f0c2b100e9ad2a2c00b37d90d32,278,76,77,77,True
BigCodeBench,BigCodeBench/401,python,ee8bcf9752184b665ae5b65073afbaaa82fe0aea913393b8376d0a9b9833b98c,766,188,188,188,True
BigCodeBench,BigCodeBench/401,kern,ebd90bf4f028334e3e78b2de9f58bf71825e56872686e3d6dd3e373aeb82a3bd,626,157,157,157,True
BigCodeBench,BigCodeBench/401,kern_compact,2341d4cfd931dd214323fa289665730159da658c5a2d7c7a6be98e9c6f7372ef,596,156,156,156,True
BigCodeBench,BigCodeBench/401,python_minifier,db4e5c136000d0cf554fd2e77bd06a9a699a958738336269414fb8897da557aa,446,136,137,137,True
BigCodeBench,BigCodeBench/402,python,3d84d518362d6d6e215923c9c2dd41ac446fb28cafe1b0a5585268cafc5ad328,451,108,108,108,True
BigCodeBench,BigCodeBench/402,kern,026d218edff80a3466d6a3a0e7a4cb5d58c00042ac3c5e547064a9559ff9fd58,361,92,92,92,True
BigCodeBench,BigCodeBench/402,kern_compact,11c168d44c6dbd1b4cc0c9977b5d23aac7315c89d336610a799be674206496ae,287,84,84,84,True
BigCodeBench,BigCodeBench/402,python_minifier,96dd59c6d8952594e719f0d586b0c8fdb0639534f35b4f0c8e277b72e95814ac,289,84,84,84,True
BigCodeBench,BigCodeBench/403,python,5d536c8ed0b412e8357753371ee0f37486bcb8fa74583b9c27bea25770f0214a,462,115,121,121,True
BigCodeBench,BigCodeBench/403,kern,35a3b688da1dc7d16a9562c233d12a3a4e6d8db12bd467c7b90cdd8c598c5211,391,106,114,114,True
BigCodeBench,BigCodeBench/403,kern_compact,fcbb97539b00e4cf5906feeda5672f0442f6f39b3e5a7a63610d163273a577d9,339,97,102,102,True
BigCodeBench,BigCodeBench/403,python_minifier,dcd07f5a757af815a1c3db4032c83d3e04d98b68578fa4b598f30fcf58d72e50,349,98,104,104,True
BigCodeBench,BigCodeBench/404,python,e6a9e1b1910bebc70c7650bc64a1ba5a80ed690f68fe10fb428f7646b80b842a,400,104,108,108,True
BigCodeBench,BigCodeBench/404,kern,ca9a34a524e38f4032f3cfc89084cc86ad89cc428d481d647ac08c2841839a38,309,87,94,94,True
BigCodeBench,BigCodeBench/404,kern_compact,60b56870db6133909ebdd8a522420b0718efee5e440e8e46d45c7230d893ee10,267,81,88,88,True
BigCodeBench,BigCodeBench/404,python_minifier,750218bee7a4b36d7986c2501d3a29d8c80f46f29b9ac39849c459c209960b2b,274,81,89,89,True
BigCodeBench,BigCodeBench/405,python,ad4b38376273107b5b91eac23b9457f623ffef3cf145cd0b75440c3c1586ce83,214,55,55,55,True
BigCodeBench,BigCodeBench/405,kern,e28079e8200eb0bb939154bf71cadbee9428217f7eb7c9fc4285ddc57b929e79,165,44,46,46,True
BigCodeBench,BigCodeBench/405,kern_compact,f61bfcba240a8c924db2cdc4dfba035526b3127ce4de99597ce11eb3ce3cd347,146,42,44,44,True
BigCodeBench,BigCodeBench/405,python_minifier,ab7a445a1c16e5d679f3faeaa96d54fa18b7b2cc6f080b489dd43c26e0098c64,165,46,49,49,True
BigCodeBench,BigCodeBench/406,python,ccf2dd23948bb33b939e0b8e417cf21cac51d7dfe6dbc790391bb98617a3b168,725,178,181,181,True
BigCodeBench,BigCodeBench/406,kern,617da103aab4afd3d579f3c0d63af4d635f99027627df942b9d4d5657db9af47,522,138,142,142,True
BigCodeBench,BigCodeBench/406,kern_compact,033d979653209a124ae0392b6df0aa40c944eb0371aca1ad4d41ada93e174707,410,119,122,122,True
BigCodeBench,BigCodeBench/406,python_minifier,a6f31c6a510de0c07f5f4f80bfff15b1fc4f786fade9c6b6105c685d0f7f48a0,420,120,124,124,True
BigCodeBench,BigCodeBench/407,python,06967e95bbcbfa28cefc8b71697aab89811e5a6e2e8fa9e79dfa3b2ecb22005e,789,196,200,200,True
BigCodeBench,BigCodeBench/407,kern,180a5e97736ed4449c1c829017c7929e41197df9f8cfea87ee96f0af5f6b09ef,638,168,171,171,True
BigCodeBench,BigCodeBench/407,kern_compact,dc3288d3589a1bb4f9023577d48aea18e4cf49faededa5025c0c7bdc0307dd08,494,147,151,151,True
BigCodeBench,BigCodeBench/407,python_minifier,ac1dab8a589bdf15aebffe97a7a7ac563783318cd84a6b30a772095932ee5003,505,150,153,153,True
BigCodeBench,BigCodeBench/408,python,e412d681edc74283df4570907cb82c00ebea2d7e8c9a40f984e9cfd43ce8e05f,180,46,47,47,True
BigCodeBench,BigCodeBench/408,kern,dc4cf93a19d7c30cd6f88cb7256b0447e7a6267f47c6b13ce7d7c78d285b7332,144,39,41,41,True
BigCodeBench,BigCodeBench/408,kern_compact,efaf6c9a793ca7ffe8aae8c694b95dd1e9486627b0266e137e211ea751733f0a,134,37,38,38,True
BigCodeBench,BigCodeBench/408,python_minifier,e9124b693368182b497a2ad1690e2c2b8ce44d8618c85fc2e81ed0d9c0b5729f,126,33,33,33,True
BigCodeBench,BigCodeBench/409,python,cb8917d83815c8af1ec84f374bf0fa15dd74d62697738d055e6f81b38ffdd2e3,602,147,152,152,True
BigCodeBench,BigCodeBench/409,kern,72b8b0ca00c128f05c7e4c042718dc2cd31ccfa0b443e7aebd33f6bb28fca79b,511,127,132,132,True
BigCodeBench,BigCodeBench/409,kern_compact,0041fe6a5d7d47459b16b8b3138250dce9473f77f2124096cf44724c53cac47c,434,116,121,121,True
BigCodeBench,BigCodeBench/409,python_minifier,1aee4f87e3908bc3a073ae801139f178c48f210b99f839b60df2c4c499b55bc5,416,117,122,122,True
BigCodeBench,BigCodeBench/410,python,2e6ee201440fa8d4199ca9920c8c44b89ab3094f6668659b706820ea310bd4e7,948,229,237,237,True
BigCodeBench,BigCodeBench/410,kern,400268d8c2de593925e3462f292baa3e319c40afddbe17a6abc6be413cd42e60,791,190,198,198,True
BigCodeBench,BigCodeBench/410,kern_compact,0a12804d5f77a0ceb31915a3795de6d30c58823dd101a8609777a540eb7a542d,732,178,186,186,True
BigCodeBench,BigCodeBench/410,python_minifier,c751e140666cdff6eea88d1aeee053615a7b7d9723d0080aa9673e5cb60c9ff0,653,174,182,182,True
BigCodeBench,BigCodeBench/411,python,936508bbaeab0ae110e700356dda1b7ef374c9f18d532eecbbab59ec3ae0acb4,455,115,117,117,True
BigCodeBench,BigCodeBench/411,kern,554b34bd8b337abbbdf8eb8a9f80e64a4c619a5b3e24149cc7654bb5bc2eecdf,268,69,71,71,True
BigCodeBench,BigCodeBench/411,kern_compact,2bff7d35d512e47a98cbb37787ba97ad65eacc84cf7040c9e843c1f5e3136cfa,238,64,66,66,True
BigCodeBench,BigCodeBench/411,python_minifier,e03b7188859ae4c45f29cd0bcfcc15e003d91da1eec0196693edc0fd31821fbe,234,63,66,66,True
BigCodeBench,BigCodeBench/412,python,512e8282bdb165e22f31be103d854f4cfc6696d4ce0c96ce35412891a56804d2,317,94,94,94,True
BigCodeBench,BigCodeBench/412,kern,9ff1262771ae9918426af0c1f4b2fe771281d001fe87c3699ff0a32ca78459af,239,76,76,76,True
BigCodeBench,BigCodeBench/412,kern_compact,101a7e7657c28d1bfd5f8add5b3ee69c6057c5590b25f3010720a212540f67c0,212,71,71,71,True
BigCodeBench,BigCodeBench/412,python_minifier,a8f8b03cff809cc0b87de1d20309aa718c6a50a9c17aec21bed2920a187b7812,207,69,69,69,True
BigCodeBench,BigCodeBench/413,python,a768fd2dbbc039e900f50076ad93650de8f6ee589a87f39c300d51d92b8a7153,711,175,175,175,True
BigCodeBench,BigCodeBench/413,kern,0708bddf704b60d2bd8d913086ee5c62b3504b190c4234a6646888a6f05630d3,580,144,144,144,True
BigCodeBench,BigCodeBench/413,kern_compact,1ad15bec56bd5a447347f9f99d6bb82ced395be41ef1dddfe4ffa3f508d096a1,574,142,142,142,True
BigCodeBench,BigCodeBench/413,python_minifier,a8c8732b30ff1491c4c9dfc7dce242d55b1b08eb9dda250ed0259322c32b4cc3,405,127,128,128,True
BigCodeBench,BigCodeBench/414,python,f389375598859ec297d03dfcf845095a20d504d662040a0daf34980cc97e3fa4,367,93,93,93,True
BigCodeBench,BigCodeBench/414,kern,2309c3aff2beb13e50d1bc02ae5a8b2a83e93e4556a1eabcb8db1427ea27e089,233,65,66,66,True
BigCodeBench,BigCodeBench/414,kern_compact,80c067ce750f6e6b9090e5f1f30b0fbdd95d714847333edb0a342f893fc213ed,218,63,64,64,True
BigCodeBench,BigCodeBench/414,python_minifier,9be0dff7ca927dfa8769ecb83f816e1dba7631d9c9da5e99c1cc1f82681512e1,243,66,67,67,True
BigCodeBench,BigCodeBench/415,python,ff0e230281e885007c398cfcd9515a2b67f2d45290db2f5267baecd59fbcbed1,464,95,102,102,True
BigCodeBench,BigCodeBench/415,kern,fb33322bca9e16a99025632c5f6c932d2d0aaa93de377ea5c7a57d618ddf57a9,398,91,99,99,True
BigCodeBench,BigCodeBench/415,kern_compact,cf80825e85dbac2bf8cb19d44f9ebe566971861e32b9ed4eb7a63a6c0028e722,394,91,99,99,True
BigCodeBench,BigCodeBench/415,python_minifier,2f319d703147beff7a6e8d986fef80315fdb91c315ce8e1b6aa1490912f3ea35,337,82,87,87,True
BigCodeBench,BigCodeBench/416,python,788943cded5bca0d673c316cc2ebf6d49e510e3b0db0734e19965844e6b7becc,288,71,74,74,True
BigCodeBench,BigCodeBench/416,kern,b7809f39ddd93e4aecdfa072ce1e9aaae555f54f91c08bdb129126e18c346d4d,217,58,62,62,True
BigCodeBench,BigCodeBench/416,kern_compact,c7355abab357266cf12b1d8e892b3fcd6117a5e6b2f19015a9627d2d67e32361,201,57,58,58,True
BigCodeBench,BigCodeBench/416,python_minifier,fede24ded66ef7d68e074d6c0ce01726eb5c7050b30bf61c9f4c0d26fcc4f517,224,61,62,62,True
BigCodeBench,BigCodeBench/417,python,9e332f50a03de83de35468a2f0f8c93a4a120ff3a0d5aeeaebd8df967c5076a2,864,217,219,219,True
BigCodeBench,BigCodeBench/417,kern,65dc35d0d2bad838c3d5ec67d8ec829a0ead4e193b6f35352436ab45c51083cd,755,189,191,191,True
BigCodeBench,BigCodeBench/417,kern_compact,b098058fb9241ce2e3a96aa6806ef62ab27bd0f1cad8c2c2d4b6093105d2090f,669,179,181,181,True
BigCodeBench,BigCodeBench/417,python_minifier,a05da5fd59a1db422675e57241af494270a30d569c484d7dfd7ebfb88f67ca9e,692,180,182,182,True
BigCodeBench,BigCodeBench/418,python,7379aa15f7e50b7d4fe6ee21c8e9a121cb4be476e899bbcdf988105644a565bc,1024,284,285,285,True
BigCodeBench,BigCodeBench/418,kern,656512a90f46c04e6f641f207f2e3912e57419dc28da4b41116f342000cc3460,812,228,228,228,True
BigCodeBench,BigCodeBench/418,kern_compact,36e851b93e833d2ee5519e362fbaf14f0599d0582c1e0e3e226a3b53456db2d3,698,203,203,203,True
BigCodeBench,BigCodeBench/418,python_minifier,d383c0866ef6c7ba725fb1a90a56b67e4071525936ad46177476736e60778ec5,713,206,206,206,True
BigCodeBench,BigCodeBench/419,python,20b77dea8e17c9c9d9f2cf62c0c1a880d01fc6c9ec05c2712b6bfae6820f7cd5,1057,262,264,264,True
BigCodeBench,BigCodeBench/419,kern,f1c8e6916919ad56017e4dd72cbcad97f01cab41828c91505e027f9c27307418,812,204,205,205,True
BigCodeBench,BigCodeBench/419,kern_compact,2430bc92c089853ea5aa0fcbba52f6e3d14c65c56f61d6115174c872210f033c,698,188,188,188,True
BigCodeBench,BigCodeBench/419,python_minifier,a3564fa8ec83b58dc89ee191cf36a8a08344f726fbeaff4e090ab5c60f39d2cf,709,187,188,188,True
BigCodeBench,BigCodeBench/420,python,70dc3dcfabfd3cec72c2e41662eee14314616fd0930df5a084ff392ec66949e1,917,176,177,177,True
BigCodeBench,BigCodeBench/420,kern,f3472f3fec89b63bca4744b650fe2e3ed2aecf8f7ccdb0f3fc2931734e849ec6,496,114,115,115,True
BigCodeBench,BigCodeBench/420,kern_compact,76cd9a084091fca4f5d20186f82bf7390b1a6b4803649102459120876aeeea2c,342,103,104,104,True
BigCodeBench,BigCodeBench/420,python_minifier,f90822d14f6168876f9eecd8b77c39a68d4047b20891139b0b66d71a148c9154,372,106,107,107,True
BigCodeBench,BigCodeBench/421,python,e47b16c2422075e4e1a48887bd6b59634d721688a43c17f728e3457d18f6879c,675,147,147,147,True
BigCodeBench,BigCodeBench/421,kern,b60a12af9bbdb4ea5c9f7b0dfa80022da2b19d0e48d0f45c925a941afa569a74,462,109,109,109,True
BigCodeBench,BigCodeBench/421,kern_compact,fd03ba9b1c59951a828797fa6cc0b00994776b0195dcc4934a9548677fe30335,383,101,101,101,True
BigCodeBench,BigCodeBench/421,python_minifier,01e6c4bd2c449e80f101806a137fce7a057167ae7122319f6e38fb94519a875f,392,107,107,107,True
BigCodeBench,BigCodeBench/422,python,b6d7b55e7cff656df1eff666567794bfca8ba3dff94e6b1047bf15cceb62e200,563,134,136,136,True
BigCodeBench,BigCodeBench/422,kern,3b9f1cdf02c7c22719a7d53bf81be61ac09f569e04ddc567957ffdd1d67c0d85,358,86,88,88,True
BigCodeBench,BigCodeBench/422,kern_compact,db58418d8b2e89a59e83a05ba99ee39838168c51b9f4759540e718708b0f1ead,314,80,82,82,True
BigCodeBench,BigCodeBench/422,python_minifier,20f3075c3646ba50ca3a2f06debd578d4e095cbfe7d1de2c29285b87a637382c,322,85,87,87,True
BigCodeBench,BigCodeBench/423,python,240482315508771b794ad4dfd711b0b975ca928944745fa86563a5620eadff70,508,126,131,131,True
BigCodeBench,BigCodeBench/423,kern,e96dedc5c646ab81bff452e8267f4dfafad5f904052876938e4a598416f6f7e7,428,111,118,118,True
BigCodeBench,BigCodeBench/423,kern_compact,d37250341cfed825805b926fcfc1ae2bf4b9dead2061613249ade5343e3da9a7,396,106,114,114,True
BigCodeBench,BigCodeBench/423,python_minifier,0559156477aed586f643509c9afafe7e95949daab15ac7cdd04e1ce7ffef763c,387,110,117,117,True
BigCodeBench,BigCodeBench/424,python,32be147f64e0a4334156df0f2373b7b051b3dc2aea5e76b614c1f4a6a7eae88e,1336,325,331,331,True
BigCodeBench,BigCodeBench/424,kern,d80a65576e33e38ec15471c3ad5ec4f689df3a9ddd7d40b3e08368137b43b31d,944,251,263,263,True
BigCodeBench,BigCodeBench/424,kern_compact,6308f60d45d53b0c0f8bea7e91e8279ac993028717a21383b72973719626a5e1,785,228,239,239,True
BigCodeBench,BigCodeBench/424,python_minifier,d68470e92a6ca22ae7bd1f5b657f5c0f50f7f495618f012596aeba43c1b0e978,786,234,242,242,True
BigCodeBench,BigCodeBench/425,python,8329351831f7dab10d8565941a20c7dee47ea549e55a628452485ed8aa0b1d44,540,138,142,142,True
BigCodeBench,BigCodeBench/425,kern,22073159c46011303f7caa95417b793ca5e398eb2fab3847635b2dae8b64fd0f,455,119,125,125,True
BigCodeBench,BigCodeBench/425,kern_compact,f43051a3b7092b74c7568b4a6590131fbf68ac4a797c701b9c115b4cbbc5e3ef,435,118,124,124,True
BigCodeBench,BigCodeBench/425,python_minifier,c3d4829d19c4faaaf1f029d2f85fddb23fca7f14c8be69171ef75f0a302e22f3,441,119,125,125,True
BigCodeBench,BigCodeBench/426,python,0ea1c03ffe2819d9f76ac59ac595bc041864e00e488a7072f8ad1c90459f6b8d,590,146,151,151,True
BigCodeBench,BigCodeBench/426,kern,76e11b91b953973f70db29af613ffb5fd94cf342ca017aec0db621f771039c6f,482,125,132,132,True
BigCodeBench,BigCodeBench/426,kern_compact,d502966553af2530c898437617a434cd4749156b3db9dcc7e1e9440609818e48,441,118,126,126,True
BigCodeBench,BigCodeBench/426,python_minifier,3b1963a30097f72e4a7606ca4a56c2eff4580f9ea48c0e611503678197ffeed6,432,124,131,131,True
BigCodeBench,BigCodeBench/427,python,e08dfaf79a2729132e4c140431c5d958af37ca43cfa012858f3c315c2c9474e4,774,212,213,213,True
BigCodeBench,BigCodeBench/427,kern,294733da643eb216c5b3c36981094a0952aa37ce91343dd744f6aecd1d0df708,579,166,166,166,True
BigCodeBench,BigCodeBench/427,kern_compact,5221f9e1fcb86c5d0774bf42707917f2af239c96c316b49deed0f0bddd697f1c,518,157,157,157,True
BigCodeBench,BigCodeBench/427,python_minifier,b6ba33290cfb6f3f7fcad79f05e49ffed43afe98b2599210eb36804cfb52776f,534,159,160,160,True
BigCodeBench,BigCodeBench/428,python,06ae9597339bb9decc757b3103e38918dae7019fe4b1b9fc38acb7c6ea0638bc,872,210,212,212,True
BigCodeBench,BigCodeBench/428,kern,3860b700beb89359ba1d608340899c5755839517d97d6cbeb17dab74cb1dccb9,570,149,151,151,True
BigCodeBench,BigCodeBench/428,kern_compact,afb13b845e93dd6adcd2a6b9d102cb4ea06ed105bf1f0c460e309d65f773eb67,332,106,106,106,True
BigCodeBench,BigCodeBench/428,python_minifier,b71cc4b59e8e8fcef4e99f7de08940be5f099bf1576914a6f1817224eea0bbad,356,107,107,107,True
BigCodeBench,BigCodeBench/429,python,0ab14d9e2d7120c886bc9296ec148fe8d68bd8279fdd4bdf4f653cdc0c123382,680,178,184,184,True
BigCodeBench,BigCodeBench/429,kern,653684a5d1ddf9ced5883266f739c6c1499dbdeed099a606ee5029599a090619,459,124,129,129,True
BigCodeBench,BigCodeBench/429,kern_compact,d95eaf193f65cab5b3270a5579eeb2cc64224b4c01a881775da2b149429605e9,346,114,117,117,True
BigCodeBench,BigCodeBench/429,python_minifier,a115b5a688bffe6a835a934fd80aa117fee8ebf6677e72fbaf8edc510b95fbc4,364,116,119,119,True
BigCodeBench,BigCodeBench/430,python,aa4945ddea3cb1ac75704689dabfdb057c2d6e14d4b78fc13d24ef2ec3cb58c2,453,131,131,131,True
BigCodeBench,BigCodeBench/430,kern,709f3b7efc234824f80838a9d19bbead8bf28a5a50740a6f5e086f05bcede5e6,372,113,115,115,True
BigCodeBench,BigCodeBench/430,kern_compact,731318eb1b5545b442ca3087291b6b1b7424dbba52226344658ee28abeca1e3d,335,108,110,110,True
BigCodeBench,BigCodeBench/430,python_minifier,ca7858425e88cbfe88fa7a3069ff3fe46d69ca4ee58beaf12917f2434597957f,335,113,118,118,True
BigCodeBench,BigCodeBench/431,python,0969083186b5c423ae133908c03c209a710613d8081ed1ab9cface508dfa04e4,419,101,108,108,True
BigCodeBench,BigCodeBench/431,kern,b0dbe3bbd5e283be23c03221dbd01d85e27bb58c5f23d6f1245c1e4272ead960,336,87,96,96,True
BigCodeBench,BigCodeBench/431,kern_compact,8ee86a0024e5157857a5eef8847ba35725ab0fecd451564f385148a273f3b14f,306,83,92,92,True
BigCodeBench,BigCodeBench/431,python_minifier,82443d150c7e899303602806f129fef1fe42923a4007bb3c3cffc53454b971f6,302,82,90,90,True
BigCodeBench,BigCodeBench/432,python,2ddd0cb4cf322e9220590a338167753b641bc5d53007bd0e3b1acbae2f093969,358,103,108,108,True
BigCodeBench,BigCodeBench/432,kern,d3e529cd8e236460847f5bf22f40ef7f0987afa9bee944ff997f69e574d41c32,303,94,98,98,True
BigCodeBench,BigCodeBench/432,kern_compact,0da0d380a5d6628878effb656c94265ff3f8d62ae4dfec279be6b364edc5d377,240,84,86,86,True
BigCodeBench,BigCodeBench/432,python_minifier,62ed55c239a0eab30ab5570b1ff6c7ef5d0f02d74bb0a1c1bf0149fc5f6b4fde,244,82,84,84,True
BigCodeBench,BigCodeBench/433,python,47ba3fa1a2c68939b90a2f9911f9cb6768aedb928c24d8d2cd442cff70ec2e1c,314,70,72,72,True
BigCodeBench,BigCodeBench/433,kern,1ddd3f91636546dd356a9987fa40915a39f2f741b78ac7ae011ec9d1ecf7cae7,269,66,68,68,True
BigCodeBench,BigCodeBench/433,kern_compact,0f5be55575b48701b59f885fad3c1136a1f4ccc7a6f556dad483260f2ec32910,203,59,60,60,True
BigCodeBench,BigCodeBench/433,python_minifier,08416eeaad4ec60f884a5708403df9505ca805e093531d685041a9669c90c767,216,60,60,60,True
BigCodeBench,BigCodeBench/434,python,f01c94ed2bfb60a5820976504b7b0fa5e4c7a41521b8ec2c08539e619b3f6907,1005,239,243,243,True
BigCodeBench,BigCodeBench/434,kern,6f316b70b584e7c9e61f9f719beabff4b09a658fd1dfc34346e54c673c112490,777,193,199,199,True
BigCodeBench,BigCodeBench/434,kern_compact,7942190371056a9fbeefefd6018f42dcc84e263c90f4ee88a7e6ce1da6c7f817,567,171,177,177,True
BigCodeBench,BigCodeBench/434,python_minifier,ae4def58fd7c2b2c2f1c1e6daee30b22403f6ed6649f144ae4b355f4ebaa3ea1,533,176,180,180,True
BigCodeBench,BigCodeBench/435,python,0863950d861d09837f77e28e639522578fbdb0e64e4630b68d6f4386a4fda6af,588,175,176,176,True
BigCodeBench,BigCodeBench/435,kern,14327f431c08c7ea97c521a32fea2c9d15324f6b950c6e32afa7ab2ebe54c5c4,464,137,139,139,True
BigCodeBench,BigCodeBench/435,kern_compact,1e4ba4c74b738246bf158fe5e93280b48c87e8561cac3e630bc78ea0afcf1cec,419,117,121,121,True
BigCodeBench,BigCodeBench/435,python_minifier,e8ac315bfbc424673bf47c820588ef0ef75ea60ffc94539c08391830239af8df,407,113,115,115,True
BigCodeBench,BigCodeBench/436,python,af3ea1e11e6a3e5ff24b58064f24f858efd177225fc2d9cb1ff64cfaa7c507e7,486,109,112,112,True
BigCodeBench,BigCodeBench/436,kern,09d379181b0c87c3cc17fba4dd111f08a0d81b9edcacd845210f3b6245057997,401,91,95,95,True
BigCodeBench,BigCodeBench/436,kern_compact,6616d02221387589ad4945a3f1c83b1c62a8bbe28e481d5633ac49f219a0197c,309,81,86,86,True
BigCodeBench,BigCodeBench/436,python_minifier,f6c073e7c2d9489bf55d50703b8ae597f252e96dcf175fc5e30f45adfa121211,329,83,88,88,True
BigCodeBench,BigCodeBench/437,python,ba77509aeb402a0dc153084d035ee98f7e8a8ca989fc05a9331c761a5d48ad49,261,66,66,66,True
BigCodeBench,BigCodeBench/437,kern,4f7e7a035165b1b136b61511e5e7d1354178f47e451a86b45a6e8626856ae5f3,201,55,55,55,True
BigCodeBench,BigCodeBench/437,kern_compact,8b8fde0d19487469d3596174d53cab793a9ad45761befc40cdf36e307b219288,169,50,51,51,True
BigCodeBench,BigCodeBench/437,python_minifier,fcc9dfa6c4f5f8a3c700b22a81b09a89c7602b09bad485c53ac8ec8ed80ab001,173,53,53,53,True
BigCodeBench,BigCodeBench/438,python,95ce1701a60dca1ea084f3d3b6f5a80461d554e0cee6ef5a5838584c07375690,515,121,122,122,True
BigCodeBench,BigCodeBench/438,kern,cbb325028f1af83b1546d4cab5771ab6bd4d3fa95c37f6d947f7ae42788d4693,407,96,100,100,True
BigCodeBench,BigCodeBench/438,kern_compact,115783e14400e71b972cdf13e786bbbc19a17ec94997a4a2c5d2e939b006460e,359,91,96,96,True
BigCodeBench,BigCodeBench/438,python_minifier,a51586e513aeef9e3234ac4114ab11f877a3e155468ff84d138c44614d2c1b95,357,98,102,102,True
BigCodeBench,BigCodeBench/439,python,6ff3cf699fc1bbfa0ccd916ef4bc6f9929ea006914f5fc73b426d3e3753f62ff,397,110,115,115,True
BigCodeBench,BigCodeBench/439,kern,a34ff0cd08879b9c525d13e54723fcbcded818f9fe3a2aa75b6682c20abd01e0,279,80,86,86,True
BigCodeBench,BigCodeBench/439,kern_compact,ca7405e8a040b78864fe7dc5e8e53692cd8780ca75d5073c45e61e59d6af0e0f,230,72,74,74,True
BigCodeBench,BigCodeBench/439,python_minifier,19deaacccce3fc4d331ab4961091fe00ea298a41aa249ec20f60c8ae62f6ad10,249,73,76,76,True
BigCodeBench,BigCodeBench/440,python,3d750c2617568e28b72d3c225f921b769445880d521a60f2adf2420edcff4178,730,185,189,189,True
BigCodeBench,BigCodeBench/440,kern,4c23ab12a8614680d6e4f63a7b57d186d1fc447011f545e2f659a2dcc76958ca,596,159,165,165,True
BigCodeBench,BigCodeBench/440,kern_compact,0141ba6035cb08fa901c81f442abba18011153ffea6fd813b746729afcb07ff1,493,148,152,152,True
BigCodeBench,BigCodeBench/440,python_minifier,b6cd19cd30bffe32b4c3de8a57a80c8272c98849e2335323804b9209d88d6eef,518,153,156,156,True
BigCodeBench,BigCodeBench/441,python,281b569962f2e00e070594d108da4d7b9258fcf6134a29a55c05c4333e453299,563,148,149,149,True
BigCodeBench,BigCodeBench/441,kern,542c7c6d2430cf66d28f25e84dbc38e1b4f4ce966916e2c2cd685b6fe949df97,324,91,93,93,True
BigCodeBench,BigCodeBench/441,kern_compact,2fd88745362fac1ab7b0931bcaf0a45a6abc6352483a39c7c204aa4be8a9a7e0,288,88,91,91,True
BigCodeBench,BigCodeBench/441,python_minifier,3c844c5972acc2de6ac0919bd852038f8d39c07a820079bb977f14ccc1895e70,305,87,91,91,True
BigCodeBench,BigCodeBench/442,python,575e30cd3e40d42f494d18a428af6df001c94435391a23df01cf70708326f86b,845,215,222,222,True
BigCodeBench,BigCodeBench/442,kern,767164b5fdf80dc9917e1d8210a5a65b64be397766000673671b6675d39414bc,692,183,187,187,True
BigCodeBench,BigCodeBench/442,kern_compact,383a98b5cab9fb29b68ce176e92f58c2683c150a9275c1a035f634bf85a08c53,619,169,173,173,True
BigCodeBench,BigCodeBench/442,python_minifier,f3f7d37340cb4309cdc033481537ff3f58c23921a470843cb32f9ee4bfe2095d,641,169,173,173,True
BigCodeBench,BigCodeBench/443,python,ebed6183fe0b2ba022802f740b00897c11d721f4d65b0a43e429dcd55df36eb3,903,245,244,244,True
BigCodeBench,BigCodeBench/443,kern,e160e87bf065be4b6aea045c04b19ec3dc249cc609bb0755dad4820e4b2d0cfe,672,187,187,187,True
BigCodeBench,BigCodeBench/443,kern_compact,830e99431fffcad42e7c3292382330735c71b0437b098e4516c5d0c51737563b,514,161,163,163,True
BigCodeBench,BigCodeBench/443,python_minifier,d0f25cecc8550b76e5be9ab07c45b434b033f63505820f8f7d39efbbb9fce3e8,506,151,154,154,True
BigCodeBench,BigCodeBench/444,python,c65b65dbf7900314432eaf94ca6ce2f571e6aa795a2ae5e72de586e3e45bd4c0,325,86,86,86,True
BigCodeBench,BigCodeBench/444,kern,f3806a04d98f36ee76473209a32170f4b8155822b274e040378ce038be180bc9,267,73,74,74,True
BigCodeBench,BigCodeBench/444,kern_compact,bf939877c764fde03a377b23dad3ce18d8a93e74962f97cd1e25755a85fe9b28,231,70,72,72,True
BigCodeBench,BigCodeBench/444,python_minifier,6aad6d40113e0cbcd0000bb1f4ec35ff5b7dc024b6514f15ac2adde68b9a995e,244,71,73,73,True
BigCodeBench,BigCodeBench/445,python,d2cf60973ef86267793f43dc9242d846aee0342343d43bbf4565c3cc1ab01bfa,664,178,182,182,True
BigCodeBench,BigCodeBench/445,kern,4cb8bcea244af0b7703b102d79f9a9be0c052ef90c10e99b7e98e2a5c9da6283,508,146,152,152,True
BigCodeBench,BigCodeBench/445,kern_compact,6b35718c1465911644d8ebc36462bf0c31c34ab9b3e6649bf45fd09b8451f814,473,137,143,143,True
BigCodeBench,BigCodeBench/445,python_minifier,0bfa7b2b5bcf9abda84a81fb2bf2d752102e2220a3a282da069d23cd39ca2f25,480,142,148,148,True
BigCodeBench,BigCodeBench/446,python,a98f217b3717b9bb268721cb2a68d4ea0fc06a6456918ffd3f208248a054c93a,379,101,102,102,True
BigCodeBench,BigCodeBench/446,kern,de90f7efd1a85336f9fac892d47677eaba3765db890056ab6507175ea6b18111,261,78,81,81,True
BigCodeBench,BigCodeBench/446,kern_compact,83c2fdf06092a44286d82c0fac94255e3f7543356e171acda91e495b96550bd4,258,77,79,79,True
BigCodeBench,BigCodeBench/446,python_minifier,0a2057a0f6966ac1e9a6d4acc07a273da7cc58d870a4514822f6d993402ab78e,298,81,85,85,True
BigCodeBench,BigCodeBench/447,python,3b07d54be5e03fd7b90600bb38a448cd301335f7c0a5dfd2e8f0a56541c48afa,548,129,131,131,True
BigCodeBench,BigCodeBench/447,kern,689d7578d63258a6eba32604b0206d74794608e73d34f2c3aa61a03fb7b7d251,439,112,114,114,True
BigCodeBench,BigCodeBench/447,kern_compact,55c4a1a5b52a347800cc6d4df79ab6083cb22eebc3ed78d10f1e347a4d6149bc,326,94,96,96,True
BigCodeBench,BigCodeBench/447,python_minifier,10b0660bca8f18817ceae1d27051dfba1d9a6efa7e46be7cc2a817b32f64ddbb,371,98,99,99,True
BigCodeBench,BigCodeBench/448,python,b316d763d7084e6e5041794b6d07a488f4d54bb628b4c966789994d1c198b525,259,79,79,79,True
BigCodeBench,BigCodeBench/448,kern,78d0419d40ca490a5a1f40d28b83e17306a014da5523b051a2ccd9f451a111f1,197,67,68,68,True
BigCodeBench,BigCodeBench/448,kern_compact,99773403401feb2dab432ee035376ccabdec0d6c3f1643d688abd21de15aa835,190,65,67,67,True
BigCodeBench,BigCodeBench/448,python_minifier,f861541722e5aef4a327bf4a25a0f79e7f3c86cfddc6a2f5860420568f2f0fe1,200,67,69,69,True
BigCodeBench,BigCodeBench/449,python,d13b69bd4e48b67c81dda0d8af4a655165c69d9c21f3c3a3f913d99bf839d5a2,645,149,152,152,True
BigCodeBench,BigCodeBench/449,kern,cb287a2e9e4ae6973217ba21ff80e353c3c4489546c7027debcd65977191f740,527,124,129,129,True
BigCodeBench,BigCodeBench/449,kern_compact,daa6aa44f7f35faa95a8d9f851ca7e38180a9feba7c68d1ad14098bef67f0b27,391,105,111,111,True
BigCodeBench,BigCodeBench/449,python_minifier,f455405963fa9570f86240e493fb4fb7425d8b5ed5cad253504cf4442d01bc21,375,97,100,100,True
BigCodeBench,BigCodeBench/450,python,3a5a7a6f9281c187b5623278f7aa89f559c268f69679702e5650e5c2532f5409,529,135,137,137,True
BigCodeBench,BigCodeBench/450,kern,161a74daa4ce50e094e023513051e674ca82609b2fd4ad2b528cecb46d6eea6a,379,108,112,112,True
BigCodeBench,BigCodeBench/450,kern_compact,1667535cb070baf6280fc0d36813d7362126009e646f51d7c82224d68b60056a,372,107,111,111,True
BigCodeBench,BigCodeBench/450,python_minifier,d90708ed8ba2f32c0fc41276c2680de5db5a40a3b6ee4d7b5157fee25a9868cd,413,115,120,120,True
BigCodeBench,BigCodeBench/451,python,524cff4a4ba5db30bb6c370b90bbf4b87684b68573012edfe893f4ed463a94c8,612,158,163,163,True
BigCodeBench,BigCodeBench/451,kern,7e8c345df9886c2e95438f7928068d49e550312d98d877aa86810ad7d95810dd,474,131,137,137,True
BigCodeBench,BigCodeBench/451,kern_compact,081d9450f18e5308846125b41678a819fb4fc7d969c45e8cf5222a9ee1ec0e75,417,120,124,124,True
BigCodeBench,BigCodeBench/451,python_minifier,e0e5d3bad7e70487d9208da6ffea66ef54bc1cfc20d0f3208e8843820aa28912,443,126,130,130,True
BigCodeBench,BigCodeBench/452,python,16fc03d64e6119cd56751ef0d5fcfa9c5ee751e538d6cf75e7f72119e191362d,836,197,199,199,True
BigCodeBench,BigCodeBench/452,kern,0eb73cca9b3328064592c777c591db284af7897f4c771d8e10b3c77d696e6fc8,586,137,142,142,True
BigCodeBench,BigCodeBench/452,kern_compact,9780144a8a7d67b1c1eb3dad1004d11ddecfe3eaf5bd771251e84ed7b82dff19,450,122,123,123,True
BigCodeBench,BigCodeBench/452,python_minifier,aa6c4af3390d97d36e11f2c3172a327e10caa4f045c132fd0a6d1b9ab66b0fa4,485,127,128,128,True
BigCodeBench,BigCodeBench/453,python,fa4070c1130fcaf074299f1e5727696b66d891c400ba5b9eccda873f9dc5cda4,214,49,50,50,True
BigCodeBench,BigCodeBench/453,kern,1b69a346a0df3292290f7364df9fef34cb3e7a45e9ea16f505dc68b44052369c,156,42,43,43,True
BigCodeBench,BigCodeBench/453,kern_compact,e735f5b25dc38b0c3b07c7faf2b51bd0ea4cb2592ea0d5fdc8e59cc2c154f175,146,40,41,41,True
BigCodeBench,BigCodeBench/453,python_minifier,94c0c2123a1a865b34cccbbd0c2f8693bfd23f29d99a0cbf2270d7734a55cbcd,174,44,45,45,True
BigCodeBench,BigCodeBench/454,python,78868c0d393b7f000e6fcc75c07278d3bc429e7ea626806d281b58501190bba6,674,149,155,155,True
BigCodeBench,BigCodeBench/454,kern,d176af29acd6e4b955dffe6d1636a82761fb8c72e3d94579e8b6f44a866cde66,547,133,140,140,True
BigCodeBench,BigCodeBench/454,kern_compact,31bebdd22436f8c08e31d65f43c80de86efd63dea43b8cd0f29549593a777d12,439,118,124,124,True
BigCodeBench,BigCodeBench/454,python_minifier,f08d7081746826115398bd76ec0bab7361876c3dcee579e2b9035aa4bd1338c7,438,125,131,131,True
BigCodeBench,BigCodeBench/455,python,fd0f40d010f71360a58eff91d80f0ec04c63f5c95ba095c8f2abbe76fab7dde6,578,163,164,164,True
BigCodeBench,BigCodeBench/455,kern,52552a71c0b930e83cf9030232b3148d5b29a17543e2ec92cb227a3dfb5deb41,474,133,136,136,True
BigCodeBench,BigCodeBench/455,kern_compact,bdf2367827c12762ba7980e9f3973e486d052dc4a4bfde1a257153166b5a757c,436,128,132,132,True
BigCodeBench,BigCodeBench/455,python_minifier,b5a8a1d81cba7fc458bae17c9fc6d586f220c000af4913a01426f8dfc0ecec11,445,136,139,139,True
BigCodeBench,BigCodeBench/456,python,6253a998d9dc04d372320e3ebdd3a96b6e9b658bc790ff7554598a9cc4ec82f7,518,125,130,130,True
BigCodeBench,BigCodeBench/456,kern,c4fa75b1f372a92de1d7fff5673db9574b7dbd087855bcda69f70d1ffc24f4b3,393,100,105,105,True
BigCodeBench,BigCodeBench/456,kern_compact,a9b631e8ac9778ca723d40561e4ec668dd8f46878174d4d4efc505925fb6c0fe,331,93,97,97,True
BigCodeBench,BigCodeBench/456,python_minifier,121c4f2ebd55d59d3198667116aec8cc90d12eb87e69ddba6798912e0ca6b174,309,83,85,85,True
BigCodeBench,BigCodeBench/457,python,a537d08d7f6f157baa18547ab408d5fa0288bd997d76e83dd1b7c07aea17a025,342,94,95,95,True
BigCodeBench,BigCodeBench/457,kern,d38f1cb3211db3b20e5ab21ab647e44dfb0e31670a5603c6d4b2f963e5acfa3d,278,80,80,80,True
BigCodeBench,BigCodeBench/457,kern_compact,1fc3700846052ec65e88d6ebd8588080f60b41021df89416933a46325c843c3d,237,71,72,72,True
BigCodeBench,BigCodeBench/457,python_minifier,ac6b776249a87787333fc8c337b6e832e2a1d43ef2652673e8757bf1397617b3,258,74,75,75,True
BigCodeBench,BigCodeBench/458,python,a0a6575f4885bdd7fc11c3e498390ab358951386fa6c4117c0724822e2e7dce0,985,246,251,251,True
BigCodeBench,BigCodeBench/458,kern,6807ee4c5172bf87cb1b8ff12faeea63530c8879171caf9461f31b87f97cc2c9,714,194,202,202,True
BigCodeBench,BigCodeBench/458,kern_compact,faa0e2a3708af4ddd1b9c441fcfa8061350d23bc020d727ff60c31e77394a181,540,174,181,181,True
BigCodeBench,BigCodeBench/458,python_minifier,cac74a067259b180b8c0e9cb58f9cc71dd59593c76805f70fd976d782b6410ab,588,184,191,191,True
BigCodeBench,BigCodeBench/459,python,cdd6d2f19b0cfa1d85e1ac36b5bc6d0f4265d7726b888cda291becc8d13cb959,666,144,149,149,True
BigCodeBench,BigCodeBench/459,kern,76e71b712c5764c95e46d62b562cd5b0e403c8b712c7011617a094d1c3c6e79c,525,124,131,131,True
BigCodeBench,BigCodeBench/459,kern_compact,7442823012e3f4bc53039c8729dc62049b7739f359f38fc98acd4b1f47cdf58d,419,111,118,118,True
BigCodeBench,BigCodeBench/459,python_minifier,eb4716df18536602685f9103f5b0ddc516fe7e98db91cb936813e9e3b7502c0d,447,123,128,128,True
BigCodeBench,BigCodeBench/460,python,16ce94e42f8b313eea25b9289b7ea11bda8e3b584aa09cd254cc0b352357c4a6,568,127,132,132,True
BigCodeBench,BigCodeBench/460,kern,4d02afa80e7a066897186ff2efd41475577dcea9f3f2c9c30aca188ca9326fc2,454,108,113,113,True
BigCodeBench,BigCodeBench/460,kern_compact,b4b898adb17737531e8a9fa54c6132ebb49ce8f13d3b002d397d692a405ca051,441,108,113,113,True
BigCodeBench,BigCodeBench/460,python_minifier,803c008ebdf43525f7254e83788cb8d25f21eed14c7bc961dec621b814f54413,463,107,112,112,True
BigCodeBench,BigCodeBench/461,python,e9399bb75b7078eb435d15b3a945c53871cbba338d6d4ca96d1970d1a8b77682,1148,257,262,262,True
BigCodeBench,BigCodeBench/461,kern,395a24f04368b7a9af62f204a33ecd0159731c0790e3820a89fb90c5d0830795,653,170,175,175,True
BigCodeBench,BigCodeBench/461,kern_compact,bce21b389534cbd39db2b33b841020c0a15047ecfaba0957839b9c7576586318,518,151,157,157,True
BigCodeBench,BigCodeBench/461,python_minifier,be8d52bb5ddb5095d9bc97b58a5dff88f6e98427681b6a731061e1410a5d7943,538,160,165,165,True
BigCodeBench,BigCodeBench/462,python,eb03afe9d2e545cfb05242f16e18ed60ca25d696198d18c5d1b86c22980553c8,649,163,165,165,True
BigCodeBench,BigCodeBench/462,kern,f3fd312711f3c8ec265bd3823fa091450913a1806ab92c453847012feab3fd60,447,123,125,125,True
BigCodeBench,BigCodeBench/462,kern_compact,416f20953ff3e71545776dad35863ac477401cb2089a10f3cacd8b04f80770d8,426,120,122,122,True
BigCodeBench,BigCodeBench/462,python_minifier,088b99e6d1ad9755412f9a957d621e91730367fdf05e5ef46f3de16e20acf724,433,130,132,132,True
BigCodeBench,BigCodeBench/463,python,ddbf381443441c35d96c72f6e2a1299a43cc521fc8a1869df945086b812bdf13,353,98,99,99,True
BigCodeBench,BigCodeBench/463,kern,04f0848643d3aa5695ca7104c56205adcbec5742e4e4b354d01c6cb67e4cd5db,284,81,82,82,True
BigCodeBench,BigCodeBench/463,kern_compact,99f8976eeb51bd4c6fd2913cb9988ac2f33e4b8d2b66e1b30476beef16ff7788,260,79,80,80,True
BigCodeBench,BigCodeBench/463,python_minifier,6b801addb0f021ef209d52a03b4a602ab86417102455e8c6fab876b669241a9f,281,82,83,83,True
BigCodeBench,BigCodeBench/464,python,467e56cf4ec241ea7db5b000d4fa2892b1e8bb8eeb2f853ff2f5272f0fd7213f,429,81,83,83,True
BigCodeBench,BigCodeBench/464,kern,4eea6757d0f13921acbe027469188f4899341949ff77cc169ab5f6fbc6b4e1fb,286,70,72,72,True
BigCodeBench,BigCodeBench/464,kern_compact,4a62c54ba6567316c08bd224df97eb4cd64e94cc6e505d1ddbe5bcb5a345509d,258,67,67,67,True
BigCodeBench,BigCodeBench/464,python_minifier,cd2ce6fc9954fea5b08f2f491315a17d4db3f737153546ff026ac27204b3534e,316,76,76,76,True
BigCodeBench,BigCodeBench/465,python,3e21f7d6b6120c87b20213a3ee9e20280e434ef892ea559695aae2fc98b1879e,535,100,100,100,True
BigCodeBench,BigCodeBench/465,kern,f6f4b845c16ae1d4bfbd6a66694d7b0827e60fa403d10349ceaeb52e84d3b040,348,85,85,85,True
BigCodeBench,BigCodeBench/465,kern_compact,d68a08119e676d725a3b0c6fe9017e0fb56690c8d40693d5877a137c456c964a,318,82,82,82,True
BigCodeBench,BigCodeBench/465,python_minifier,f204437e85380c0b8dffe947d2394166102a45f71389ac8f243136f131de0302,388,92,92,92,True
BigCodeBench,BigCodeBench/466,python,9a8afc21bdff02f30f93b6a39bad8a272142ab467dd6fc074be7721147be2184,405,95,95,95,True
BigCodeBench,BigCodeBench/466,kern,5378745f8e04185a6d23968445978f3cf539674866538a5ba282c9dd1340b9fc,235,70,70,70,True
BigCodeBench,BigCodeBench/466,kern_compact,d80413341f8b20f639044e59ac0456b3ab9cbae1f6c8a786e021488530b1b288,215,67,67,67,True
BigCodeBench,BigCodeBench/466,python_minifier,9678606af1e28a60e134e7c95774aad222d158a8f7d3ada7082d4655f94c2c2e,266,75,75,75,True
BigCodeBench,BigCodeBench/467,python,893047efd11a148d047893ccaca911e69ca2ac2d915b8571d136c0432987472e,430,115,114,114,True
BigCodeBench,BigCodeBench/467,kern,74649f8b8ef5e5a37ae0a7e21afb8492b29df875d765d8643a1542b621798415,267,77,77,77,True
BigCodeBench,BigCodeBench/467,kern_compact,c2f932f29171c72cc3de1c96914630b81197a56401f0784385f3301893a8114d,254,76,75,75,True
BigCodeBench,BigCodeBench/467,python_minifier,393a9bf9eb954054c5426bb5132501eb707484227309aa067d4dc72e9b517b7e,267,76,76,76,True
BigCodeBench,BigCodeBench/468,python,4bd7525daa7dcaf0ca5629f8dd5d3298e584c373c269c2245140c97e6613d765,231,71,71,71,True
BigCodeBench,BigCodeBench/468,kern,d34cc3e2173a1f9363632d7d6a13395bed08549134ef2ed19be5dca1a4f35819,186,60,60,60,True
BigCodeBench,BigCodeBench/468,kern_compact,1588bed3593b18bc5b734626f879d230aa1fb18a695828ddeb25f0ed729daab0,168,56,56,56,True
BigCodeBench,BigCodeBench/468,python_minifier,eb672e999b03be82ca59e6bd08bc6f722fe80bc9c6d3f4e9d53617037ffb662f,179,58,59,59,True
BigCodeBench,BigCodeBench/469,python,fa12521a51c0ecce36bc10c661e7e96ac8add437d0dcc5150b1ccdf9271f2d4f,791,194,197,197,True
BigCodeBench,BigCodeBench/469,kern,79a021cd038f629be65ebf730d77fc6426b8139f00613becee1945e03835c17e,691,172,175,175,True
BigCodeBench,BigCodeBench/469,kern_compact,f04f13d73cfea3da54423804715ee3a6d1a7f67eea870450f1602a33ea083372,619,160,164,164,True
BigCodeBench,BigCodeBench/469,python_minifier,4da4cf608657b55ad04952a97274af610e1ecc625c26dd75a2653f1a29f54e22,579,163,168,168,True
BigCodeBench,BigCodeBench/470,python,b895a1e513b34157f5031bc82206fceb2d653acb517266bfcb7d5640ed80e2e3,317,85,86,86,True
BigCodeBench,BigCodeBench/470,kern,d2c72201bd6c48fdce0141a2d407911daf92f354427fd1458a783f2b066c09d5,251,69,70,70,True
BigCodeBench,BigCodeBench/470,kern_compact,15ac2a699cc91c03b9a0aea7c9a91c875481e074ac932db096074e474ea706cc,241,68,69,69,True
BigCodeBench,BigCodeBench/470,python_minifier,66cbd5c1d3acc247be17767d061971e8acd66b147cc030ac9440a752f33c2740,248,70,71,71,True
BigCodeBench,BigCodeBench/471,python,9442378e343b7cfeb6fb59e8990599451e006c21cbd51082cc1d86b6f0000c5c,270,62,64,64,True
BigCodeBench,BigCodeBench/471,kern,25ab850de1abe6db7763b882a2042d41bce899e2002ca327df9ac853cd61d9e0,218,52,54,54,True
BigCodeBench,BigCodeBench/471,kern_compact,854ba71c294bef78e9d4b2522782c9692dc6fa8d9b58f04fb7a7647233630684,180,47,49,49,True
BigCodeBench,BigCodeBench/471,python_minifier,ca057a0c23f6906165d276ea5fd146c0eaf4324cc8bb482a3468f16d0841cff2,199,51,53,53,True
BigCodeBench,BigCodeBench/472,python,b872cb14f3c6247b25e6cd098aa7d59940dfd51ea5040a2cb2bd38f31b878e45,441,112,115,115,True
BigCodeBench,BigCodeBench/472,kern,05c342dd37650cb63d5f40d9ece70a818411f967f49ab8fead944376e30ce5ab,360,99,103,103,True
BigCodeBench,BigCodeBench/472,kern_compact,a0557e5f48461c66bc2a83f634a6efcfbb8f9e49ef2669bb2d9bbaf48bf4ce82,336,94,98,98,True
BigCodeBench,BigCodeBench/472,python_minifier,5d7d4a19202cf2097999eb6f89b9e49c6ce90449f902d3bf1b6575060674c571,355,100,103,103,True
BigCodeBench,BigCodeBench/473,python,1b1f5cefad4f9a6bae89779453f4887ce2e1d15c1eb40a57a5a7a17f6156bf82,525,148,151,151,True
BigCodeBench,BigCodeBench/473,kern,4e069de87db694558236dbffdb19f774df035b65fd0a3c4ce74d36d6433cb023,415,123,128,128,True
BigCodeBench,BigCodeBench/473,kern_compact,762111c2fc17e2b09a811e3eeee76f4a3afdb44199f37493beaa90a2a1512227,358,114,119,119,True
BigCodeBench,BigCodeBench/473,python_minifier,92aa3b0fbd253a2f57a43734437b8f7a8380daf97005db3b98e41f3c0c22ed12,377,119,123,123,True
BigCodeBench,BigCodeBench/474,python,a694558c4d7617b27757a73ac74880bfb1775769028c8cc2fe63debe889e4dd6,624,176,178,178,True
BigCodeBench,BigCodeBench/474,kern,7592731a43f7003668cdde9f5295d52278936df41e6014006bdda029999338c5,477,145,148,148,True
BigCodeBench,BigCodeBench/474,kern_compact,e7a76196ac6f641f8f0497ba6c9b39d935af1559b140587377fdff3583d654eb,452,143,147,147,True
BigCodeBench,BigCodeBench/474,python_minifier,99a4c800da9aac1c68aefe804aa4f4c43fec1b01678c453ec2996df4946b5f45,449,147,152,152,True
BigCodeBench,BigCodeBench/475,python,c1c1848601ae3d265c1cb53948ce0822ad7f521b6b3775827b43ebdbcbf6c13d,936,208,213,213,True
BigCodeBench,BigCodeBench/475,kern,f9f83666e38b28aa1015b60e07f2a1a13d31ba2c579c812bbd6fb845b0a52a2d,744,165,173,173,True
BigCodeBench,BigCodeBench/475,kern_compact,8be2159e31ec05a1c2a8a81405c7afb4d63f45da073495e730edb8fa8667dace,701,162,169,169,True
BigCodeBench,BigCodeBench/475,python_minifier,751810a84de72af0e6ca5394e10845af885e2369a3ff59c20504cb6673b1ec5b,687,175,181,181,True
BigCodeBench,BigCodeBench/476,python,09b20c02636706397c257f2f82f3843856fb0db7cde5866459a952ba9d3f1e85,309,99,99,99,True
BigCodeBench,BigCodeBench/476,kern,63da78766e6cc394c02b71ccc5c9f1ac5cc0b6cfbe6b7a40f130dc8559b7551a,217,73,74,74,True
BigCodeBench,BigCodeBench/476,kern_compact,f3a1017695c5f00c7222b38f78d2b3fe2f278f9bf7c91c2bc814a554e3012bcb,195,68,69,69,True
BigCodeBench,BigCodeBench/476,python_minifier,e4cdc5f6724da2561463f23632f08625ae283fbbe169f3e48f7041211cab01d9,220,70,71,71,True
BigCodeBench,BigCodeBench/477,python,5c09ad591fc9c0f63968a0ecfb7fa946d5f6ee318e61eccd6899e11f4eb03523,890,207,208,208,True
BigCodeBench,BigCodeBench/477,kern,2bbad441348f7b85f48ae0bd9e3ddfe0ec33cb3a54d481408d01c7ed92909add,687,166,169,169,True
BigCodeBench,BigCodeBench/477,kern_compact,9d8c97a90185134b84fd4da90859decf6bf49cd21f101c4cf7762084d088a1cc,512,146,150,150,True
BigCodeBench,BigCodeBench/477,python_minifier,f6a31d51899e71235697253cb354c11797030d540baebd764da45cfc85520524,475,147,150,150,True
BigCodeBench,BigCodeBench/478,python,31d6937ad01a81625996ee1d44c94d2695cf2ca8c9fe7dc11f89b0a4de780075,647,145,146,146,True
BigCodeBench,BigCodeBench/478,kern,0c1b92bc2b30a0c90059a1b91f6493dc291acf26af0d34ac96837a42ae23dd4b,475,115,115,115,True
BigCodeBench,BigCodeBench/478,kern_compact,369028b983137ccdb6b0fec9eeba2517e2be5de7d99d6b9a3c6fc9ea4bd4f67f,323,95,96,96,True
BigCodeBench,BigCodeBench/478,python_minifier,c048c18948f864b20245a390dd584399f17e02dfa4fb585cc878bee57c0346ed,342,101,101,101,True
BigCodeBench,BigCodeBench/479,python,eb2b5fed2e87ef4c3d59250b1cecbdd981cc8bd14aa2530a579338980acc5fa7,767,169,173,173,True
BigCodeBench,BigCodeBench/479,kern,cfd6dcd7211f191eb1d821692ba28429fc2313ee5a21636e92f0106799af4787,583,137,142,142,True
BigCodeBench,BigCodeBench/479,kern_compact,7bf1029a20e7faa0ff5a5cda4a3ab8ef7689670dba1dc448b0a3524a0f725361,383,113,119,119,True
BigCodeBench,BigCodeBench/479,python_minifier,53d30de8b988a0eade5a54e53f5a2f7daca00924c2b971b73da19b53ffa55a4f,402,120,125,125,True
BigCodeBench,BigCodeBench/480,python,bfb4ed6d5f9026d1e844dd82f2f34e3f5fb1e1e22d3090fba9e3b45616b208fd,472,109,110,110,True
BigCodeBench,BigCodeBench/480,kern,f39322f2a15adfd227a0207c7efa71289b4e86981fd078f2ee626b73ee92b87d,360,94,95,95,True
BigCodeBench,BigCodeBench/480,kern_compact,fc6cec20dc59f82975a45f43478643e17867b33ef55c7e104dd3e556087705a7,259,77,79,79,True
BigCodeBench,BigCodeBench/480,python_minifier,2b7a96c843d20dd3a01c39a229613670fb171630c81d61bdc7ef8253e9d5e884,285,83,85,85,True
BigCodeBench,BigCodeBench/481,python,531ad62012203dde68bfb26440d52f7b01532552bfc0e704f4bb01dd7eb20f01,531,120,121,121,True
BigCodeBench,BigCodeBench/481,kern,9697e8b24335c2b2ff5139ed0b315399c3255bd81f0e26cb4dc983905328257b,436,108,109,109,True
BigCodeBench,BigCodeBench/481,kern_compact,0b9780eae68c24a594d37c978d17a56f335a6ade18e304d0ca52e69c6807df85,286,87,89,89,True
BigCodeBench,BigCodeBench/481,python_minifier,63266838675e587bbfd1e1ec577a2187c33572d02e6d27607e16ff1610aeaf45,298,90,92,92,True
BigCodeBench,BigCodeBench/482,python,8414decca3f94ee37069e8866683fc0a99866f0479a00a96eed1b23727d768dd,1274,260,261,261,True
BigCodeBench,BigCodeBench/482,kern,ab507b2a521924dda6b9ad04101b803b4ded81450b763fbdf1119444e0eaba7a,946,211,211,211,True
BigCodeBench,BigCodeBench/482,kern_compact,32735dc22320249e47414992d7a92b48c666dbe381193d56f54e14372b4fc59a,577,171,173,173,True
BigCodeBench,BigCodeBench/482,python_minifier,5aa323ed658e055113965957864044a92bc0eb4628904d0884c8642275a3f2e1,584,190,191,191,True
BigCodeBench,BigCodeBench/483,python,37e34d0320dde5b38e4ccd5fa44d66ff70e76c05279b6917641901450d03ff5d,575,136,140,140,True
BigCodeBench,BigCodeBench/483,kern,5d24a0c2b9f746e8841d3be80895a38b171f43659d5a9ebe170b0ff5f27fdbd4,437,110,115,115,True
BigCodeBench,BigCodeBench/483,kern_compact,b30b173d11aec540ada8ddde8151ed62f80c842e764630ac3a7cc93e5ee6ca25,317,94,98,98,True
BigCodeBench,BigCodeBench/483,python_minifier,ac296ceed4bc557ed82462e41168614b681fb39ab8c998b5ee31abe0344ca56b,281,96,96,96,True
BigCodeBench,BigCodeBench/484,python,d1bd0fb866b4e12674e33a582381c97141e686f161f77ebaa30109bc3bf158c7,1044,286,291,291,True
BigCodeBench,BigCodeBench/484,kern,d7af43e989fc3f0a37e38f67e594c69c4dfebfa773542c56e0f3e44838fa1a9f,822,228,232,232,True
BigCodeBench,BigCodeBench/484,kern_compact,31452d7ec4789b4534aa0397b7ed2394281fc636f7afa85e19bdf408956c5d54,728,218,222,222,True
BigCodeBench,BigCodeBench/484,python_minifier,7e6f22818c4f10d7ad2efe241ddbda43eb0f5d41e48359e8aab3a8328f4132ea,759,223,228,228,True
BigCodeBench,BigCodeBench/485,python,26b0d1e58f566060ee3d3e8d6a80d3c86039e8e7c661d5495152cca8178845de,1117,294,297,297,True
BigCodeBench,BigCodeBench/485,kern,1658e4b40ac6e39875fbb433be48baa1020c9478ca170fbbb72ea607c751d6a5,857,238,240,240,True
BigCodeBench,BigCodeBench/485,kern_compact,9d2aa9e1b37099b96822a8d7fefe38dd4e651a49041be0f6f2d279e441d25cda,689,212,213,213,True
BigCodeBench,BigCodeBench/485,python_minifier,3fa512f7daec2384c25805b8f8d1f93b5582cc0dfa0821ba2adfd8cb9ce8c62e,674,206,207,207,True
BigCodeBench,BigCodeBench/486,python,b12d9f22fd30f4b584761167bea0eb8c86316e1723311352ba6b7f77a5819b66,745,197,200,200,True
BigCodeBench,BigCodeBench/486,kern,7bce8ad3147355430090b97c5059c0325440e6e771b37a2b91ffda35111a1cca,601,163,167,167,True
BigCodeBench,BigCodeBench/486,kern_compact,4e5a5b395a9d6f8587a8efc270f5a9cb17038b855b9ee84112c690e3415d620f,542,157,161,161,True
BigCodeBench,BigCodeBench/486,python_minifier,fa9c4ca29ac4cd04060149e142d3f00abe9f2e8b75fefacbe53090a55b90e78f,548,170,174,174,True
BigCodeBench,BigCodeBench/487,python,59029ea044bf3ef062955f430b8560d87e316580e9d63bc7636c581743ba90f3,710,193,199,199,True
BigCodeBench,BigCodeBench/487,kern,5dd02c8f9127bd937d772b1ddb5b05353f050b42f42f6e3e9ade6af06d6f18e9,556,167,174,174,True
BigCodeBench,BigCodeBench/487,kern_compact,4b23638f84bd6cb299f9fadb0a6938e21e7b90b7b931d1acbd7e44f07139a0ac,465,156,163,163,True
BigCodeBench,BigCodeBench/487,python_minifier,28f2618b1a1db16dbdda1825e834db0059fe1d47096cc9b27d7ddb0da2dbaf15,451,164,169,169,True
BigCodeBench,BigCodeBench/488,python,c83c22ab56951f8f0c8795851896f42cda4a0babde4bbe01ca134c14d20dc0b9,919,238,241,241,True
BigCodeBench,BigCodeBench/488,kern,27af39cb8a2e2dc9e93d5b065abc5efe6bf9a962af27d7efb696a6d6651714bd,733,201,204,204,True
BigCodeBench,BigCodeBench/488,kern_compact,bb5b0a0c305c970cbdeba0bc3872170b7290c3d845d0ecbc6fade93f59094726,632,189,192,192,True
BigCodeBench,BigCodeBench/488,python_minifier,ee051b202e88fb02551bde43ec1eac040d068e21b8bcd068caebd63be080e979,640,201,207,207,True
BigCodeBench,BigCodeBench/489,python,51e59cdd73587343152c7895d633d337473ec37ce2070e11d2284342384d71d6,839,205,206,206,True
BigCodeBench,BigCodeBench/489,kern,efa01ed82e54efb462cb6a8f9dfb49df0d8ce2ce8aed6e5a605a271ee05d2269,681,168,170,170,True
BigCodeBench,BigCodeBench/489,kern_compact,4aecd0fdbb5fd8339dbb2efdaa58310bad65445d9838332736be15bd66f4324f,527,146,148,148,True
BigCodeBench,BigCodeBench/489,python_minifier,a34f434a6afeadaa512c2f0858c175d600f08919c58c5a4002459f0e6c40e07e,553,148,149,149,True
BigCodeBench,BigCodeBench/490,python,bcda45724b44acc190ab607e6aed967719c28f326608fb31793071749988a47c,243,66,66,66,True
BigCodeBench,BigCodeBench/490,kern,6ff9baa6545d20f6083de4adc6dfa7dab4476f789374e650b0ba5ff7e12f0d0c,157,48,48,48,True
BigCodeBench,BigCodeBench/490,kern_compact,1ce19b3315a47289eccd484dfdadeb3bcbd1673ef4e71e0d39663584b6b91db6,119,39,40,40,True
BigCodeBench,BigCodeBench/490,python_minifier,97414fce81f5a4de5e18183a50f65e06cd9ac21bd080768c4228e5ddb961117b,135,42,42,42,True
BigCodeBench,BigCodeBench/491,python,7cf9b31c2ae4c9dc22baf6f588a15c23a4b661310892475a59cd14b40720b5b5,1096,263,265,265,True
BigCodeBench,BigCodeBench/491,kern,d14da40668ec3ab5136bd9935ee4286fee9b9b5d5e9ec7fd229c966b030626fd,886,213,218,218,True
BigCodeBench,BigCodeBench/491,kern_compact,60da48fdc5eecadcfb18c789fd6ac2d8b8344ac730ff0c2ec1eda95ff6d03d9b,660,190,195,195,True
BigCodeBench,BigCodeBench/491,python_minifier,5982d19c947cac078ab64bfaa67e185079b32a0989639fdf7863bb5a735322c1,697,200,203,203,True
BigCodeBench,BigCodeBench/492,python,dc8f5271cddeed80b46e442a1d23e44e602c26a9b841115d55bf33eb6da150ed,890,209,212,212,True
BigCodeBench,BigCodeBench/492,kern,ba0e86508bee690e5cde8c7455a499caa6b3106bf23f09600608548cb83b4eed,719,169,172,172,True
BigCodeBench,BigCodeBench/492,kern_compact,8433b5dde8f68f6f25f7c8de147feaf08e18ebf5b5e586a5d616eabaef02c3e4,597,154,157,157,True
BigCodeBench,BigCodeBench/492,python_minifier,140d05326150241d6df806121e357ca236b53008522ed52f216b1f68e43e24a6,610,159,162,162,True
BigCodeBench,BigCodeBench/493,python,4276209d983660f83ca35025ec4efc040a28a16430febc8cafa0e3351faae1ad,1145,280,283,283,True
BigCodeBench,BigCodeBench/493,kern,a4f3f41c7f2726714e4a0fa4df5fd82b9345060b8486eb23aeccda9d4871856d,937,226,230,230,True
BigCodeBench,BigCodeBench/493,kern_compact,f3b236873191b9096ed439bca0e457274cc9bfc7143fcb307df219e6329ba7d3,707,204,209,209,True
BigCodeBench,BigCodeBench/493,python_minifier,2d1c426a64cf8262365df00abac7aeac1d816fca5156f87760bc40fe25ed560c,736,213,219,219,True
BigCodeBench,BigCodeBench/494,python,7a027c951f2cbac4aa09290acb482634142b076a09728c4893682d7b1caed04a,1016,234,235,235,True
BigCodeBench,BigCodeBench/494,kern,9807d8369a4d3f4e7b26b71a36a079ade75abf9c9198d32755204e2382b6d1ef,707,186,187,187,True
BigCodeBench,BigCodeBench/494,kern_compact,ee978f37dd1bbf5dcdb28cfb1c69e847b8d06f4e532aa43a3f087e210e03f645,453,152,153,153,True
BigCodeBench,BigCodeBench/494,python_minifier,7ead070dc98bbf09692a47609b533d54ccc6f79c74ed32ecfee6d3a199d5cc0e,484,162,163,163,True
BigCodeBench,BigCodeBench/495,python,98fdafcf146ad32d6ea9fd702b7399086248f48a641e81069bf63c96cd2d8698,463,122,122,122,True
BigCodeBench,BigCodeBench/495,kern,daee171358c92892d8b2955272ac5baac143497cac899e6f07506e18490b8468,387,105,105,105,True
BigCodeBench,BigCodeBench/495,kern_compact,f49787ecf14645aec642d3784b722344b80239543335fa7949f9cf20d2a8b494,333,100,100,100,True
BigCodeBench,BigCodeBench/495,python_minifier,53ad93569aad548921dbb24e45dfa4f462bbcba542b0ac15ec0069a8fac97440,349,103,103,103,True
BigCodeBench,BigCodeBench/496,python,7d0065256ea3008c4a4ee087f25a423abc52eabab67e354776b5cabbb9259409,595,147,153,153,True
BigCodeBench,BigCodeBench/496,kern,b0c81dd848d796ee88854c4ec7c83c4fb051950ae444d5f9c983c66f828e4b70,507,136,142,142,True
BigCodeBench,BigCodeBench/496,kern_compact,b8eb8e4226009f1c78afb7004982bbf87ffcc1ff6fb3d51b7382dfcfc31ca3df,461,128,136,136,True
BigCodeBench,BigCodeBench/496,python_minifier,324d932e30939d6d36373a28821e93dbf013510b4ada75c44537292f27604f31,466,128,135,135,True
BigCodeBench,BigCodeBench/497,python,d790d8a454ae006d0c88d5655cc82466fa18b358b125c7e49ea514f0ec9c8f9f,322,75,81,81,True
BigCodeBench,BigCodeBench/497,kern,391afa4118f6ae578bfb845cbd6ea3ff1dbebafd90d2e55e84ae3776b20bbde2,258,67,72,72,True
BigCodeBench,BigCodeBench/497,kern_compact,af638ca173f2a35484098d70fd4a681ca9fb2a75a84eb57ae1d1f256abc34c3b,240,64,68,68,True
BigCodeBench,BigCodeBench/497,python_minifier,45720352d1c20ebd487fe777759f097a4907d87fc1f32b6b668a96388286f3db,257,70,73,73,True
BigCodeBench,BigCodeBench/498,python,7a4858a4af655f93720f6e3dd9059433c842432c272f9fdc98e6a2c34f8ff6f8,428,102,103,103,True
BigCodeBench,BigCodeBench/498,kern,f825d495297c80b913440bb1fd17b1fba51401bb95207be31041774e3f7f1fd5,302,79,81,81,True
BigCodeBench,BigCodeBench/498,kern_compact,5a1478f91ec1ce5aa7d11fec9edc8d308acea3be69df1e0f8f30024508d6deab,264,71,73,73,True
BigCodeBench,BigCodeBench/498,python_minifier,88e76d088c3334777a49161ff5191be04df023f87074265e02775906f27ee94d,279,76,77,77,True
BigCodeBench,BigCodeBench/499,python,06b9aa83b2496d509ecc27f23b7bde2a560987ffc5157d175470094dd6a188a0,402,95,95,95,True
BigCodeBench,BigCodeBench/499,kern,1b19d6b7d08cb2e0edd35124576ab0e24ea23ae732e919bce855020219c5f6b0,319,81,82,82,True
BigCodeBench,BigCodeBench/499,kern_compact,ecf2164d1b019f58ae854b75f2f533966b6a35ce4967088f3ce490b32d76e66f,238,71,72,72,True
BigCodeBench,BigCodeBench/499,python_minifier,7d8a15143801cccbc88a38c4498c5914b7ead27bb67a3951bd573cbc2630ff53,255,79,80,80,True
BigCodeBench,BigCodeBench/500,python,9a99a98db842c06285aaa7ca1184bf54507a2602de2b4c3ab8ae4c2cec44dd14,556,138,138,138,True
BigCodeBench,BigCodeBench/500,kern,a1c059a12be02034f797101be143732c86c43f96b66fe2496dd806f50ff2c999,396,100,101,101,True
BigCodeBench,BigCodeBench/500,kern_compact,99e2cd690110523425251bda46b318fedcd1ec6c85787f5f59e4518bd662e414,286,89,90,90,True
BigCodeBench,BigCodeBench/500,python_minifier,8e45f5aabd4c4aec82d6b09a065475557431eec28c7268d740f0a5bc4463d815,303,96,98,98,True
BigCodeBench,BigCodeBench/501,python,ccec21b274dabb7243b1c351fcd615f7e4e6a27a1f809e6b93854cdd2bedcb7b,1034,222,228,228,True
BigCodeBench,BigCodeBench/501,kern,c269fdb00657246647f82bd558e25304a855ad2b50f99f26d686d546a3445456,681,172,177,177,True
BigCodeBench,BigCodeBench/501,kern_compact,4f5d0d7dd89af74ef919111ff947f144e26ac59cac9322e450cd3a1d86fc913b,577,164,169,169,True
BigCodeBench,BigCodeBench/501,python_minifier,1b0a20fea3ec0e7195f6e9390f7fc68febb0be94faf61bfeeb55c87aae51d65e,614,177,183,183,True
BigCodeBench,BigCodeBench/502,python,0d42a03eab3fbb6336b8d8f5cbc334fb97a2f16298355aba9e9e776c23101d3c,739,184,187,187,True
BigCodeBench,BigCodeBench/502,kern,b6acc1e7ad6406506241de24a751aee435b381d2b5f6b026be7f534e53d41be1,597,159,164,164,True
BigCodeBench,BigCodeBench/502,kern_compact,110a626764f49f1688fed7523a07e366c5f7521abc2d974636aafd492085e3bf,519,152,156,156,True
BigCodeBench,BigCodeBench/502,python_minifier,dc33326551b9c8686079a185f8e77928fd9be8067f0df5978fb6412058a3fcfe,531,162,166,166,True
BigCodeBench,BigCodeBench/503,python,521de4dba2272e110842311d89ade3c50a754f86ba174a68678d3aea060f9746,728,184,194,194,True
BigCodeBench,BigCodeBench/503,kern,ed8a3391aa74f2bdf0f36499576fffc2dca4fb397791f064079576e60b7b6f33,624,156,168,168,True
BigCodeBench,BigCodeBench/503,kern_compact,db6df315aff6ea4c4d4c5e13d33b648b45b275e0b2b4fd83c548d6d6996bb22d,593,152,164,164,True
BigCodeBench,BigCodeBench/503,python_minifier,1abddf9718516f5b09ed67f34ef994c400c0745b7efdd097eefa0cc7138a9c20,565,153,160,160,True
BigCodeBench,BigCodeBench/504,python,a64f27b5702e3fd65c6ba6de7a5ece89dd8aa825686788697c33d10096fed0a9,413,105,105,105,True
BigCodeBench,BigCodeBench/504,kern,6d9fe3b9c1e63ac9fa43a027c57cd9c6e9b1ebe57240ae43f3542beb3ef3026b,340,93,94,94,True
BigCodeBench,BigCodeBench/504,kern_compact,04f73bb80e4e484e8834240d6da23fe347d1d25ad4e8e1af7d6c29514493b564,250,84,83,83,True
BigCodeBench,BigCodeBench/504,python_minifier,8c218f7b66d92ad48c5356fa5883c088a3a7e147b076492832d1961231605251,266,84,84,84,True
BigCodeBench,BigCodeBench/505,python,5ca8149cce81749210264dd851c8a5e4fe76e97c95bb29247100fc7108cd9d9f,141,29,32,32,True
BigCodeBench,BigCodeBench/505,kern,2fb106b05137e8bb4b8b900f079ca38f4766d65cc77977d68fd99f13b430f260,116,27,29,29,True
BigCodeBench,BigCodeBench/505,kern_compact,9d3df60a1a3e722f4b3fce5c8217e76649878c703ea2a6ae8e410d02eef43675,112,26,27,27,True
BigCodeBench,BigCodeBench/505,python_minifier,9c784a565577dc21e17727a411e51d7f1a779b26897978e3962da0a3715a9c8d,126,27,29,29,True
BigCodeBench,BigCodeBench/506,python,2c9991b7743200f03b33ace59660ffed229434c7b7297380523871e68e68ea1b,617,156,156,156,True
BigCodeBench,BigCodeBench/506,kern,bc977acd4339b768cc3c4af143288a1f26fbc1bdb9e35c9a4425597b4374799b,495,128,129,129,True
BigCodeBench,BigCodeBench/506,kern_compact,5aa83960b4f1e0ae1723e1c2ecc6c502cada39d3731cf82fc8010bac9d05ff1a,393,118,120,120,True
BigCodeBench,BigCodeBench/506,python_minifier,16941a8b7ed677452d5dde55db364d8d702dae4496d31b635725e6d7cf1e3517,405,123,126,126,True
BigCodeBench,BigCodeBench/507,python,71b05d21dccf4acf08bef3f010c1ad61493a21e29e0da8f5fd95e6a4e76004e1,979,234,237,237,True
BigCodeBench,BigCodeBench/507,kern,9a78531823c5345befddb6a76e58582c2d4cdc071976728f64a50b30764d2186,765,182,187,187,True
BigCodeBench,BigCodeBench/507,kern_compact,9f301c7eb490fc970c6159ed8dca4b8271844def29716d235c518d12c0538502,608,166,171,171,True
BigCodeBench,BigCodeBench/507,python_minifier,2ba928051ed2312fd562789e6218d6321f9bc2abd3af73d102480b0816f85b9a,619,180,185,185,True
BigCodeBench,BigCodeBench/508,python,e7b47af21aefc3b6d97b6a5579ae97207d51e79afebc092b2b44adb265136b5a,466,118,123,123,True
BigCodeBench,BigCodeBench/508,kern,777c0bba954ce2d0d132837eac9eb9f8dd0fdac44e3219ca9858341fcb5275b8,394,109,114,114,True
BigCodeBench,BigCodeBench/508,kern_compact,ae4b7a44be027612aa68e0f0e3155636e8bd20b09a0472c9ec11578bb2b1886e,334,93,98,98,True
BigCodeBench,BigCodeBench/508,python_minifier,0473a3c6dda8241b6db2e38f33f8ae35fe8ae08a820e5d1a5b490e7412d83ddd,341,98,103,103,True
BigCodeBench,BigCodeBench/509,python,f33a7492b15ff8d748d1b71b93cd08c9671f4508b19e11908a648b12f3832d23,1378,315,329,329,True
BigCodeBench,BigCodeBench/509,kern,49ce374ceecccd572642f34ab936a78a397b7e8cedbeb08dc32df41ded7242cd,928,242,255,255,True
BigCodeBench,BigCodeBench/509,kern_compact,22dd7a9bb990d105b0dfec79cd419a258a30e31b352c99e3e84c37eeeda7e9ec,753,222,233,233,True
BigCodeBench,BigCodeBench/509,python_minifier,0be7d0a65493e99b7d2b6a1308722bbc2cf9d902546e674471af872364d985e5,822,245,257,257,True
BigCodeBench,BigCodeBench/510,python,064dc1f73878f63244f1f48303bc0c0b27259d41007b61054ca409d6c99a4ad2,408,107,107,107,True
BigCodeBench,BigCodeBench/510,kern,61f26791cae9d8305096b9435d9b5bf7c56a4e5dd8dc703f9f51632435080914,334,94,93,93,True
BigCodeBench,BigCodeBench/510,kern_compact,5e92d7cfcb3c7ba04d21e4888e8c818636cc5f3f71c4107ca1c9095809c1f8a3,242,80,79,79,True
BigCodeBench,BigCodeBench/510,python_minifier,ea5ca2832b9d2b8742aa25619fa642e1a301877e46a45413f87aef0a92cc50e5,256,80,80,80,True
BigCodeBench,BigCodeBench/511,python,c7e15457e1fe434df83dae69e5d75d028d8ce5c61cdc66fda6c95ad0def08c88,743,192,193,193,True
BigCodeBench,BigCodeBench/511,kern,4cd4a0f3973a59b515cc6562ce4bda69e80d9d1a668cecab7647c6c66493747d,499,142,147,147,True
BigCodeBench,BigCodeBench/511,kern_compact,4275498d2441b6e61551a637d8f5f813a8c60ce63e91f0ddc6aeb08f3ac208c4,396,129,133,133,True
BigCodeBench,BigCodeBench/511,python_minifier,f4b88b5a5c10ec61f632ff036c820017489863b537715a465d8dc18a531504ee,410,151,155,155,True
BigCodeBench,BigCodeBench/512,python,b016a67fa0ad2ec555292bd2802c9847bd89d946ee2d879e42a0878043b22613,595,157,159,159,True
BigCodeBench,BigCodeBench/512,kern,04da59da727a54cdc3c972360d59010e0493db8fabb577741442b91e8bab1a9a,465,125,127,127,True
BigCodeBench,BigCodeBench/512,kern_compact,d845b717e10057f770d6ebaa3b94dfdcd70d1f593273346e5cb392f7d611ccd1,382,116,118,118,True
BigCodeBench,BigCodeBench/512,python_minifier,63111aea2b1661c95494f2dc1ab4801bcb41e4c48317922b46709540407720eb,374,124,127,127,True
BigCodeBench,BigCodeBench/513,python,80ce12782aa6eb4f27f42a681d4368804954d0c01bbe452cfdfefd5a40db87fb,932,233,235,235,True
BigCodeBench,BigCodeBench/513,kern,21490b785477ca78cc4d331effbf63c902d04907f6da50e01f98b14bcce7cfe0,750,193,198,198,True
BigCodeBench,BigCodeBench/513,kern_compact,ad3bda72c0c3c9f2f4498ab5482a0ecf12017ff67bf7cda70bad6229c7310870,651,181,187,187,True
BigCodeBench,BigCodeBench/513,python_minifier,5cfaf607932a4570474a72cfb3d67071e1df01a713be88e48e34905fff6b4f7c,623,189,194,194,True
BigCodeBench,BigCodeBench/514,python,b0a4ff73f76205cf71cb166fa85f5dd9a251d6074ad6937303d40e5066eb9bff,287,80,81,81,True
BigCodeBench,BigCodeBench/514,kern,47ac03f8d3af15af7490c94b1f59619b9ad5875bb29f94f977ccd421bb934d07,200,62,64,64,True
BigCodeBench,BigCodeBench/514,kern_compact,c18fe78a29afa6d4e56fcda1b4bca58934fa76e8d757f32dbabcdaf200f6076c,174,55,58,58,True
BigCodeBench,BigCodeBench/514,python_minifier,6f4868bc8cdf18789aba66dcd0612e0e37d7237a0676df3f5ee443ba55f2c784,185,56,59,59,True
BigCodeBench,BigCodeBench/515,python,34bbbb3638c21b50834a4bbc746dea884aed36280e4cad9a3787ba76f9459e58,382,102,109,109,True
BigCodeBench,BigCodeBench/515,kern,c92edfb479894b746b3da1609337a04d54db611d4887886921c71e7de85e87d1,317,87,95,95,True
BigCodeBench,BigCodeBench/515,kern_compact,75a5dd699130cab783959e969f2e3ae5a4d1aca9a89dda266f9c0610737967c8,274,84,87,87,True
BigCodeBench,BigCodeBench/515,python_minifier,8e4edfffa6497dad1915e1bb7727d5efc97d931686612303ec74b576ae9feedb,289,88,90,90,True
BigCodeBench,BigCodeBench/516,python,3c3ee64c2220f4a7c6bbeccdab9f74d88f2d55157fb6dbf2740df9578bb1bc33,647,174,177,177,True
BigCodeBench,BigCodeBench/516,kern,dc98a1e5d87f402225d2654426745fa805508cd831850d3335fbc2f2f3911d26,514,140,145,145,True
BigCodeBench,BigCodeBench/516,kern_compact,63d7686da6cf66d763c90b88ea501183c47baaafd28bf1b2cabbf60e144dfa76,454,133,138,138,True
BigCodeBench,BigCodeBench/516,python_minifier,d62aa45c8b089941a814f8ca306bfd3c1e43b1c77c5a78c1ac1276d4d39d65c1,388,124,128,128,True
BigCodeBench,BigCodeBench/517,python,b1e7df28c5b9d1ffb01530d399fa7c3a23c30e7b42430de0d7dc8d186e0ce67b,321,76,80,80,True
BigCodeBench,BigCodeBench/517,kern,0476e7715bf196043edfc44b5a976f4c27b79dec058d996cf3179caf884783ae,267,68,70,70,True
BigCodeBench,BigCodeBench/517,kern_compact,c96a7662b4cd781d2bbc8b5a7ece8fe5658e3ae8623ea9a7bc80d4b81cfaa6c5,226,60,62,62,True
BigCodeBench,BigCodeBench/517,python_minifier,69e2c0c20adc26bca37f0718cb2336f9618f4e8b06e26d29f62c00cb4db73a62,206,53,54,54,True
BigCodeBench,BigCodeBench/518,python,86a9600de6cd6e30290b9ba44f835dd6a91811a8091bca05a4a9e50422a9dc81,780,178,189,189,True
BigCodeBench,BigCodeBench/518,kern,0d54ffb63d7375b5901e1311c2077c3de562edb7aff543593400ffd3b1a68538,645,152,165,165,True
BigCodeBench,BigCodeBench/518,kern_compact,a6c717035ab416a9ba40fadf11a59bbdcfd84fd4cd3a1acc6646bc5af9245870,561,147,157,157,True
BigCodeBench,BigCodeBench/518,python_minifier,15300c90eb8236863c9a9d2456c0757528ef212a51108f1b4eb21dcb46efd508,571,151,159,159,True
BigCodeBench,BigCodeBench/519,python,611d9e880819fb341bf5fcae15c37a591c6fd3baa0950e308f8649c2a2854b5c,334,83,84,84,True
BigCodeBench,BigCodeBench/519,kern,08aa83e71746a3ee1785a2cc160b578583be5ff8030d7e43c3a73a31c79e2144,272,72,73,73,True
BigCodeBench,BigCodeBench/519,kern_compact,308c5489213599562a39b404e4b5ae778359a6c99e77fdb991674da16277cf2b,252,69,71,71,True
BigCodeBench,BigCodeBench/519,python_minifier,fe3af9c1d0b4ac47c55f59536866465cedb14f0e5f70ac6d32ad0c4892900e3d,269,70,72,72,True
BigCodeBench,BigCodeBench/520,python,4c69472734c54e69a2dc680b144f91b434de6e6dfb83ae6d53127cd50a424d5d,901,227,227,227,True
BigCodeBench,BigCodeBench/520,kern,fe4cf57bf1e9ac6019f9beb0dbf344bdb8628a6b49d55528ed3c581d907cfd33,662,179,181,181,True
BigCodeBench,BigCodeBench/520,kern_compact,59795f93a65c5f060c39dd60550078b1f7ab5a30686a73a784ec87f0356dd707,525,163,167,167,True
BigCodeBench,BigCodeBench/520,python_minifier,d93c2550f9c5ceabb37d2a1af3b5d8f0e0a53ac13977a9b3c1fb5e87c3b28e4c,551,173,175,175,True
BigCodeBench,BigCodeBench/521,python,b012259e0a00e68f33c40b58a37cce668f00272d35a8a89c9fd7c79f67a389fc,324,77,78,78,True
BigCodeBench,BigCodeBench/521,kern,a61eb8cfb4404b54fb2bddfc715782a08a73cf5f2988e4fc73a918d024d10f96,263,66,68,68,True
BigCodeBench,BigCodeBench/521,kern_compact,c528275920f95eb8759ba3b82a28ae9134db727033173634b599a59e0a7faa44,235,62,65,65,True
BigCodeBench,BigCodeBench/521,python_minifier,f10ff743b53fea91e91b9e09e0561fa9dd28246d407d9fc3bb45569c1f01d31f,250,63,66,66,True
BigCodeBench,BigCodeBench/522,python,fd5b603622ee3ce442c0412f0b3b611fb9cb42f78a030e1a7242974feaff1319,876,201,202,202,True
BigCodeBench,BigCodeBench/522,kern,f361a6f203d112e5927d728caddc587d95213defb0a78994c8490e1ace0f4e19,633,164,169,169,True
BigCodeBench,BigCodeBench/522,kern_compact,97bec257025a6339a73922c8fa431df047a56a2445e3d4ff9febd463c4284c0a,500,149,154,154,True
BigCodeBench,BigCodeBench/522,python_minifier,0032fda2547b3a71b3849dccc248f0b1994eb3213c29fe875e3a7e166d4f6d48,545,156,160,160,True
BigCodeBench,BigCodeBench/523,python,6f876b2eab0e649501901f4aa6ae9281b55a0bca4861f94fb91343f1d56e2088,330,78,81,81,True
BigCodeBench,BigCodeBench/523,kern,768d37d2d20de9fc12ef382b05ea46c8d9268cd0c0e355c63f898cc2e571ff88,249,65,68,68,True
BigCodeBench,BigCodeBench/523,kern_compact,f251c418d0a92aaca03de238f6d4fa249b31cedddb69b431ebd8a721387fa575,231,63,66,66,True
BigCodeBench,BigCodeBench/523,python_minifier,ddf8d94d18b269b8ef062c316e5b248cdf43464c1e53a04baa71664492dce324,254,64,67,67,True
BigCodeBench,BigCodeBench/524,python,343af9ab0c201c62bbba6007df7926a4253eaabb045df6a228dee53a94a69b7f,981,228,233,233,True
BigCodeBench,BigCodeBench/524,kern,ee725825fd3e8ca2d9e8dfff99bf72205f9655c996d36f80c13df6ce5fa521ba,774,194,204,204,True
BigCodeBench,BigCodeBench/524,kern_compact,8ae12527fcfcecb3ce1e6b2892cf1dc309ce56d6dd90fe272cacf313cf34003a,698,191,202,202,True
BigCodeBench,BigCodeBench/524,python_minifier,4bcd9f058ee848e355f9b229ce72a8e489bf769f3e1dbb00a76beb2505366733,717,205,215,215,True
BigCodeBench,BigCodeBench/525,python,aa74d1dd46b95039eb32bc15b3ee144b168a98508f9b78e842e66e49e7c95bae,656,161,162,162,True
BigCodeBench,BigCodeBench/525,kern,0fd80ceeb1602c8dda9a7dbce09895e188ca5814ff97328f53caa5287f294a1a,515,137,140,140,True
BigCodeBench,BigCodeBench/525,kern_compact,3e40251a20940eace69ca8d17d76fb147996a9acfc16b04db41ab18ca04ce779,431,134,137,137,True
BigCodeBench,BigCodeBench/525,python_minifier,56fcc2ddd7d003deaa19c408bd117bbc89ebb4ddcabcb38098dfb2f341f0917b,443,143,145,145,True
BigCodeBench,BigCodeBench/526,python,7b8780c6d9292040c1b17fcdda447cf1c513cdc5fed6a519191851ed50a17099,691,167,168,168,True
BigCodeBench,BigCodeBench/526,kern,9fd4488cf40798d593160e297681b75caaa65011ce7baeb2e3e9a746a2520ac4,511,137,139,139,True
BigCodeBench,BigCodeBench/526,kern_compact,d0faa0ba5db4051e39b6e322e39264f6ce750b855ce49a352a439582fe13ee2a,431,132,133,133,True
BigCodeBench,BigCodeBench/526,python_minifier,72e877db62a3aa14793f606fa859a79ce082064152bcf774d48c9e0b93249d22,465,139,142,142,True
BigCodeBench,BigCodeBench/527,python,782618e7f698746d4bc3c340182327724d4b7a1a7366289f3464bcc384d295ea,664,174,177,177,True
BigCodeBench,BigCodeBench/527,kern,c2cbeea499a362521a71f3d4a1a2b4ba395b030465675d914149916cc9550d43,527,149,153,153,True
BigCodeBench,BigCodeBench/527,kern_compact,f2a0904b9a06241648907d5aa7d66586657247d83232c886bbcf14ff754d02bd,461,148,151,151,True
BigCodeBench,BigCodeBench/527,python_minifier,e01f087241562549ad8ec6726ae1b7cca2539a6302d89d98f692f716724440e3,469,145,148,148,True
BigCodeBench,BigCodeBench/528,python,e7857e9a7ba25d2cacb5ec13b87348931b1c7c1c034f5f012abfb7b9b95d825c,870,195,197,197,True
BigCodeBench,BigCodeBench/528,kern,2deea2d1be3ed81141552d2ee0dbfde5c458124877b4ed99676e3c626da8035f,577,138,138,138,True
BigCodeBench,BigCodeBench/528,kern_compact,85cc2e65b99107aed86fd53b5c92df3621bd9c04ad88c6d6a1fc0ae013e9b23c,490,128,133,133,True
BigCodeBench,BigCodeBench/528,python_minifier,752800ef5a0fb38d6908d0cfb90830a5724c81ec2d2c06b794b9285bec3e2a4c,501,133,136,136,True
BigCodeBench,BigCodeBench/529,python,764454aad6df65c435b60ab3d5a20afe41b225da8085ec3be90fe75252b49798,680,167,169,169,True
BigCodeBench,BigCodeBench/529,kern,daf392c9e331e23b6133c9264de2ef09a52381613f92d682dc047fceb2bf4a68,557,151,155,155,True
BigCodeBench,BigCodeBench/529,kern_compact,40f1cfa57dd6f97f86c8adc17d91fe1570d3f202d29a30c7a832927dbe449e02,464,136,140,140,True
BigCodeBench,BigCodeBench/529,python_minifier,fbda093e43a82e58db48769ac359350df1ab1e15823915d23553c158f95b6eaf,472,132,138,138,True
BigCodeBench,BigCodeBench/530,python,3b58774ef0a4e442f30ac357ef25793086cf035f17a82f6a29f255a166aa4b22,1041,260,264,264,True
BigCodeBench,BigCodeBench/530,kern,9b3b8a5a310b30f1b64dcfe0fd3d9e5382330930841476b827acba5448b6dff9,834,221,225,225,True
BigCodeBench,BigCodeBench/530,kern_compact,e0ec372ba4f8200bf12c43717260e56da4396cb18528a44dd0f6196200647dd4,658,193,202,202,True
BigCodeBench,BigCodeBench/530,python_minifier,a626e96c71535f779e82565db123fbdbb2304195687f2f6e39aa905e22d70132,623,186,191,191,True
BigCodeBench,BigCodeBench/531,python,5f4e86b25d30c19c345248b5cd4e876e344c6e1da49fa52abdedfa2eb8150271,1010,247,248,248,True
BigCodeBench,BigCodeBench/531,kern,819603c858e98b46c168bd02dea58ecaff3dc7abdb52f4156c7aa6c788114a34,675,177,178,178,True
BigCodeBench,BigCodeBench/531,kern_compact,a1d806e94d8fec22af12191bd78fcf9a7f6200cd959ba09744ac8b982cf6ca0a,543,158,162,162,True
BigCodeBench,BigCodeBench/531,python_minifier,61ac139bf77e733ae824da4ee48ab8d534773120ca0a64b8fc15d1744db466c5,552,165,169,169,True
BigCodeBench,BigCodeBench/532,python,1a6fea3a930d95aa3f0da84da0a73a1d4af1f3aaed9a2959ab86c7d54e495673,868,228,229,229,True
BigCodeBench,BigCodeBench/532,kern,61bb8aa750bd14c857c44acdd00f024381798d53c55d949e98fd2e33f9209767,603,173,175,175,True
BigCodeBench,BigCodeBench/532,kern_compact,f05b138fcef53f2b5c7d5fed27952ecce646f8a378c086f7ea07f4b6995ae0c2,520,158,163,163,True
BigCodeBench,BigCodeBench/532,python_minifier,9efd0aba88d25ec8621a17ca5e961968ebb40463d36c81c4d40f24c2f9b563b3,552,170,174,174,True
BigCodeBench,BigCodeBench/533,python,8664ed3977074ac6eea0ae8fee485a283afca426cfda393046d4d180b3a3b202,607,176,177,177,True
BigCodeBench,BigCodeBench/533,kern,8d35b5caa5ea01207fb366added1fea24e521e5683e7e9c68b0f65d6f7a371a3,480,152,155,155,True
BigCodeBench,BigCodeBench/533,kern_compact,8c5335fc399a40359f5667273c7f09789bd0cd4598aa32d618a1cf3276f641dd,370,134,136,136,True
BigCodeBench,BigCodeBench/533,python_minifier,0700d9c7bb3e54759471b77342251ecdda5da9c4254accc0bc4920f8ceb2949e,389,142,143,143,True
BigCodeBench,BigCodeBench/534,python,488848425197b255131f9e911b9448763880691700d309290eee97f7f366876b,734,191,193,193,True
BigCodeBench,BigCodeBench/534,kern,4b303c2fee7f6a5255e76af7b2f91b69cccc2f149888d3a48fec36db5a983c64,556,158,162,162,True
BigCodeBench,BigCodeBench/534,kern_compact,6ae0c70029bf1c14c3513c8cac7d20e8ff0b09a9c95f201f8d827e44605ff22d,457,141,145,145,True
BigCodeBench,BigCodeBench/534,python_minifier,936df4b454b3bf5d7fb56195d767aa63831348d3f4688040839b0cc2033e8e71,485,146,149,149,True
BigCodeBench,BigCodeBench/535,python,d1d0e3443f119adc6383d058cc44c3344a25fe2e989dc4133b4f94595b755901,1099,266,269,269,True
BigCodeBench,BigCodeBench/535,kern,e4365d9a1a8e055ba0bf8ce34698ae061c06623e2db719ef4465b2cd235ba14b,814,213,214,214,True
BigCodeBench,BigCodeBench/535,kern_compact,f1311c2d719dd7af1da630c5c5b5833f4130345647c60face384e8a5dc808761,637,188,189,189,True
BigCodeBench,BigCodeBench/535,python_minifier,fc81acab164d11fc2aaa31cbc43d1f1cd829639adcd2420c1cd7472ded453ed1,660,199,200,200,True
BigCodeBench,BigCodeBench/536,python,c800f8ce78514f49772017a8af8209280522e20def800e26c3fe86b64e1f12c6,334,82,82,82,True
BigCodeBench,BigCodeBench/536,kern,d91a49e09ea29381d7cba7cecbfa1ec7eb09b3cce85c1d7da90841e2ad4ce0a6,252,72,72,72,True
BigCodeBench,BigCodeBench/536,kern_compact,5db99d0db80a06138b0def11e1c33945e68f04a44983e572d374db84ada9ade9,233,69,69,69,True
BigCodeBench,BigCodeBench/536,python_minifier,bc23718dc3c3645f45dce6b4495193724e8c5538479f885c93ce668bf2186833,251,72,72,72,True
BigCodeBench,BigCodeBench/537,python,f98b74eefcc49e89fbab14035d6595ffcc03a56b47894704bd7376102ba41f84,406,109,110,110,True
BigCodeBench,BigCodeBench/537,kern,884386dd6333f69b05f9dfa2e82072bfb99c2b22e8837e16620b5002fab2cb48,336,95,98,98,True
BigCodeBench,BigCodeBench/537,kern_compact,1fddfadd77c64e15363ddeceb5d2b38a9f0574dba3980a7309d4ddab318b8329,316,94,95,95,True
BigCodeBench,BigCodeBench/537,python_minifier,26d1872ec4f7c73cba631bf94ddf96c0bcb2c7489063e7fbeccf2c72fdc81ccd,330,97,97,97,True
BigCodeBench,BigCodeBench/538,python,2caea249615c14962b3e7bb6a3b0cad3038228b87249d504da800c8129b89687,718,170,171,171,True
BigCodeBench,BigCodeBench/538,kern,9af5dcba286e5fb3d8492bc450e9e5b3da21ee51da3dbf3267627c964e591cdf,461,119,121,121,True
BigCodeBench,BigCodeBench/538,kern_compact,8fbcfb3672e7c1f1560ed43cb465de5619c63581a352a0bc51f572ca67ac5653,349,102,104,104,True
BigCodeBench,BigCodeBench/538,python_minifier,cefb12a785f35db5ea13ce3da49fb628469c30d65403decbabc21f90111c090b,369,103,104,104,True
BigCodeBench,BigCodeBench/539,python,21e4ebafeaa64130f231c96b77befdd11c2c503a7e8457f1a652aa90bfff5acf,788,205,208,208,True
BigCodeBench,BigCodeBench/539,kern,27a1330e0940b9993634acd750b8b0de439a3d6aa9b0f105c726d68f1bd29965,636,178,179,179,True
BigCodeBench,BigCodeBench/539,kern_compact,9195805b145caf185d94f39f8ca983a98db4dc419a5c9a7df39d9c56faa8a838,559,164,165,165,True
BigCodeBench,BigCodeBench/539,python_minifier,cb9803f3bb22ce4387bf5e0d886c90fd7342a90f3f296690f2bbfd6954f709b2,582,178,180,180,True
BigCodeBench,BigCodeBench/540,python,b1d56eb5f2049809d5a464e4e392ff1ca191d005c0da274a5057a40db192d668,690,166,164,164,True
BigCodeBench,BigCodeBench/540,kern,df5148a01562b43808e7c1c5bdefc18da510ce871a1186afcae6986ebeba6bfa,497,127,126,126,True
BigCodeBench,BigCodeBench/540,kern_compact,06b4877aa4c4aae8e76b71af2d3e4364d386afa89899506cf07a6b158dbd5944,417,118,119,119,True
BigCodeBench,BigCodeBench/540,python_minifier,7a69321407bfb88ddadafaa3eeec80de3b32efaa64fa1cbc3cc29e0c7f58b67b,439,116,117,117,True
BigCodeBench,BigCodeBench/541,python,6251b2053901c6632fe0520b8e3da7e6cb8a19afb745666d098a6b09b214230a,640,131,133,133,True
BigCodeBench,BigCodeBench/541,kern,41c519848d34d0bf53d9b6bc58f5ef1616e60a1dc6c15fb0552553f05b724dfd,524,117,119,119,True
BigCodeBench,BigCodeBench/541,kern_compact,cdbffb1968742e368b618bffeb79eab1d6340e4c6ab3c64efc17f03a827d2717,402,106,107,107,True
BigCodeBench,BigCodeBench/541,python_minifier,7e3b61a2c8ae9da96625603ee53e597bfea3069621aeb001a189c4dcd2429574,413,110,112,112,True
BigCodeBench,BigCodeBench/542,python,93c5466f15a826d0ca5036894a0a0c7cdb91edd9e55a8855142f83d2e29c1096,483,132,135,135,True
BigCodeBench,BigCodeBench/542,kern,88319d5e2aca388de7bfc6d4e5731b9af72442716720996947bd2011472fea7c,388,116,119,119,True
BigCodeBench,BigCodeBench/542,kern_compact,e717307669ac92e42b3b3647812f045b1f9ae34b03e1447406dae50230fc8c06,339,106,109,109,True
BigCodeBench,BigCodeBench/542,python_minifier,b9d9672bb5adfa539a528bf2dac5f64a351bd8ff12d33af641910b64d3513c70,363,110,113,113,True
BigCodeBench,BigCodeBench/543,python,ed4e2e211d01206ca68f46e1aaa92f1d29c2d1a6729f78a434c6ff07614b7f98,153,39,40,40,True
BigCodeBench,BigCodeBench/543,kern,2b5c5eb99ee405f0bc889c86a1a2df9d56813d66eb7670f47b1c77cd43025b0a,119,34,35,35,True
BigCodeBench,BigCodeBench/543,kern_compact,09064339e1ea759ee8ca08c686e4bac4d1a0a0ee2494f8d3c33256af3ed35a59,75,29,30,30,True
BigCodeBench,BigCodeBench/543,python_minifier,7b8adfa796a28bded0b2d97742860da226c8629edc3c107b64a31d4f94ea5035,88,30,31,31,True
BigCodeBench,BigCodeBench/544,python,3e6ad9dcbb556b590e6b0703c298555aa3bbc2b307f433cfa3c5d691b97431ad,220,54,56,56,True
BigCodeBench,BigCodeBench/544,kern,589fc525bee369745ec81f0445a7cc9129a27e342494375ea62e17f7251c39d1,155,43,44,44,True
BigCodeBench,BigCodeBench/544,kern_compact,8fee2b4e120c5667f0c2bd4dc172ca92f853b7c0a610711e016539be746098df,113,38,38,38,True
BigCodeBench,BigCodeBench/544,python_minifier,7a9615782ed56854753d5056e0ac8afda1f8568178cbca4549d6de2fd454ad65,130,41,41,41,True
BigCodeBench,BigCodeBench/545,python,3bbaa11f094c714ae0125975d68b274c15a893ddfe81be8393eaae2b6bddd13e,325,100,100,100,True
BigCodeBench,BigCodeBench/545,kern,4cde2740263a9313002f8a364785ff28a470c89d56ce8fb9931a607f228ea8c4,260,87,87,87,True
BigCodeBench,BigCodeBench/545,kern_compact,9ea80bf5c412778695c02ccaf3e5c91937b7ceb71e500bf7f1841a995f848ec1,210,78,78,78,True
BigCodeBench,BigCodeBench/545,python_minifier,f5561aedd65d27de7a1b69252d5fa9fd0bd83606edf0d8fab7da2d91e56dda8e,227,82,82,82,True
BigCodeBench,BigCodeBench/546,python,1f92b62fca2d31ce1a900451a84f9b61d63d3a4a19689da1c185db147f0975d2,312,69,71,71,True
BigCodeBench,BigCodeBench/546,kern,9bc1f747c222208da2dbb35c1fcf3bc01e6f29b596553b130cdfd320bb45cf45,255,62,63,63,True
BigCodeBench,BigCodeBench/546,kern_compact,78e3a46e213bc7788dc32dc72a961c71919c0dd26c6f169c15d669767a0de6aa,209,59,60,60,True
BigCodeBench,BigCodeBench/546,python_minifier,536dd7bd43def9fb8fcfb8d1ab271a9bb4dbc2225abb13b3fff57d93c144599a,233,60,62,62,True
BigCodeBench,BigCodeBench/547,python,7fd46bee69a32c479523fb279a8800001a91e7c63d462483768968f10a30517c,510,140,139,139,True
BigCodeBench,BigCodeBench/547,kern,0d0f3c141bbf02345cafafd7d4d55f54980cd6b1780f4b81cbbe7c554b4e4e5c,284,86,87,87,True
BigCodeBench,BigCodeBench/547,kern_compact,0757dccef5d192b4f4f8f64ee2924587b9d3b4219beb4e886b5346c5e358d897,207,74,75,75,True
BigCodeBench,BigCodeBench/547,python_minifier,c58ed23eb80892d09116ae404a3b9096cad79c6ad1edf8015fc6763622aa6716,211,74,75,75,True
BigCodeBench,BigCodeBench/548,python,e1515c225e4980d0164e135a596b293b1fff9206624abc6d9435b7346290dc02,491,110,113,113,True
BigCodeBench,BigCodeBench/548,kern,cdb2a200f98b8752682346a3fd5c8877508664c1c5b8e939a796357f4669f529,330,78,81,81,True
BigCodeBench,BigCodeBench/548,kern_compact,d1b8e614c7e05bbc6f5b02a866996be0891659e1d6439a1c67c0f84873b37844,214,62,64,64,True
BigCodeBench,BigCodeBench/548,python_minifier,87afa5b77f7245008323d8fed96f43e7a1d7fe2a0e40b6b3140a337fb22fb85a,225,64,66,66,True
BigCodeBench,BigCodeBench/549,python,0b50923dafc5be33fc33f445e7daf2971a96e1a2956891fdc659ebbd5b2bd3ce,269,73,74,74,True
BigCodeBench,BigCodeBench/549,kern,5e956156b7a9995d7c6a0446cc9273d1a378ec5e81e101965fcec8885ab9c1e6,203,61,62,62,True
BigCodeBench,BigCodeBench/549,kern_compact,e7f06145ab20c60acb5ee8edd762bbd12a7febb3b9ad7634fc1546fbfda825be,143,49,50,50,True
BigCodeBench,BigCodeBench/549,python_minifier,4532a4c05cd6ee12f903d5c782558ae2ee1fcc49a673b363f7e6643c17c30eb4,158,52,53,53,True
BigCodeBench,BigCodeBench/550,python,2daf7b4d4d3d00b69866a426ff25e0ce004170ba30270f3b8a5324dcaaaa11c7,397,89,92,92,True
BigCodeBench,BigCodeBench/550,kern,841afadfe4c0797bdcfca1457ddece5b366ec81ddf77b19d47f1a48b54493fab,268,63,66,66,True
BigCodeBench,BigCodeBench/550,kern_compact,d71a3ce3913ab19e874f002fc6124924ff53567aab9656837d11a141f25d6844,219,60,62,62,True
BigCodeBench,BigCodeBench/550,python_minifier,f372cb31e0d20d0609f33b1f319e7d10d76fed3648746a1acf794838c2e886a3,235,61,63,63,True
BigCodeBench,BigCodeBench/551,python,b872fe5ee02be779da75804cddb13daabe0fb6045c99427ebac4d6b13419b7e6,981,231,236,236,True
BigCodeBench,BigCodeBench/551,kern,a42ed8128f609e82679de1a099694e66ed5345e7997a56da9fba9693ea639ee9,569,150,156,156,True
BigCodeBench,BigCodeBench/551,kern_compact,4a96629a717771ff009bf3e272a0d18545e28226ace12e75742affe5b066b548,475,143,143,143,True
BigCodeBench,BigCodeBench/551,python_minifier,653abbf7a97aa34892cebcec55539e993dc212b183617f001c28bf3fa78f633f,468,141,143,143,True
BigCodeBench,BigCodeBench/552,python,95e7f881b62887e7be04ec06dbe78371f95964fc19e68be877bc78fbbe412541,706,172,173,173,True
BigCodeBench,BigCodeBench/552,kern,48af6752f0783ee8a5a6ad8f843c348598a3718f76c8e2b5513bfc20d2a780b5,445,108,110,110,True
BigCodeBench,BigCodeBench/552,kern_compact,4db37225ab76b9d32afa5aa700ca37dd3d56f991a3af055ef9887b893745b6af,391,101,104,104,True
BigCodeBench,BigCodeBench/552,python_minifier,a7a097d3091b5c94a2e4afebded4d1de46bec3fc35783fb77002d7e7decdd414,389,107,110,110,True
BigCodeBench,BigCodeBench/553,python,3a6af0dace02130d47f293e70306b59aa71adfdc45aa2ba1eeb4a32ce0488e14,692,184,184,184,True
BigCodeBench,BigCodeBench/553,kern,d4a111067269948456520eb2020ec5ba4c056cea2ad0e39d951b9a87b5e2eda8,334,100,103,103,True
BigCodeBench,BigCodeBench/553,kern_compact,17d37995ae20000729ecc60b3c8cf954eb6b564bf588185dbdc13fec82cb15b0,286,93,97,97,True
BigCodeBench,BigCodeBench/553,python_minifier,b2e2fc4d0fee5f66aabdf974e99aaf1874a4c65d253a312cd2bc366bea8c755e,310,95,99,99,True
BigCodeBench,BigCodeBench/554,python,16298cc6af75c086b0243dd6bfb8ccd257def941ce8290441f40cdfac64d479c,584,143,147,147,True
BigCodeBench,BigCodeBench/554,kern,a34ab90302db5eae8970a556a1f6fa1e9ce8eb2c5889b4600df9d96fe06b431e,422,110,116,116,True
BigCodeBench,BigCodeBench/554,kern_compact,1bf01ef749fb7f2c4a1cdf4dd985ba9cdf3c6e3f4cd2ccd695da65db37600d16,240,87,93,93,True
BigCodeBench,BigCodeBench/554,python_minifier,0ec3d370377922342c87f9de756054c6496c49f006c7b7603c076f7b39a8e02b,261,90,96,96,True
BigCodeBench,BigCodeBench/555,python,0e77a341d1d1af302efc4e71a8c96f84ed827ada15b12786bfd71c13426177e2,391,117,119,119,True
BigCodeBench,BigCodeBench/555,kern,16711259aad743527f3cc543ce11b8bd625d195be131f560c1ad429af9523d7e,327,106,108,108,True
BigCodeBench,BigCodeBench/555,kern_compact,da020820434f402d3ee3827f75b3d7f7d14859083f323443579b601f5d8ca953,292,102,104,104,True
BigCodeBench,BigCodeBench/555,python_minifier,7f539fa74212d8f00859d0450221ac344c9f9767f83dfa4e890ed83139779141,304,101,103,103,True
BigCodeBench,BigCodeBench/556,python,68b9b80dc761758844587b3824bdea0c61d456d13f7fd95994888184326bd219,421,101,101,101,True
BigCodeBench,BigCodeBench/556,kern,1adbaa556965521860505937b862abdd634ca5967279b7a37056c818c3347962,338,84,84,84,True
BigCodeBench,BigCodeBench/556,kern_compact,7a1dc2f4edb2bd8ccbd758a9fa0bc8f243b5df116e7dc97b42be6c778f2d0e04,238,69,70,70,True
BigCodeBench,BigCodeBench/556,python_minifier,952513d1546f15e0a8cf0c2dc1186a653352075ace2e2d8d22ebb1537042ede0,259,71,71,71,True
BigCodeBench,BigCodeBench/557,python,792ce7ca921d01e575985d0b5be2092b1bfc521a451dc262c1818794a26d92ae,575,136,138,138,True
BigCodeBench,BigCodeBench/557,kern,4f0d34d55eabfe457167c3192e4ecc7aa4de6272776c8793944161c63a1dd6e6,464,118,121,121,True
BigCodeBench,BigCodeBench/557,kern_compact,7cc9d5c2e1b0613f878ab86a4fbc67a5747f44259143e844cc0eeaf5ce92e7b5,378,107,110,110,True
BigCodeBench,BigCodeBench/557,python_minifier,53aa9fb09466e973bffdafc730a8f9ada6abe7006f9d90c3778c52b6ae9b45d4,387,110,112,112,True
BigCodeBench,BigCodeBench/558,python,5671532a95737dfbb4faa02037bff84cab56717ca1b13f23c0e2fcfcb4239aec,623,150,154,154,True
BigCodeBench,BigCodeBench/558,kern,0f19e02b5ac2ec0a8852e5ec481d0a0ba37a3533d152a2526e424ef3c0de8ff7,391,107,110,110,True
BigCodeBench,BigCodeBench/558,kern_compact,a07af9f78f4ea50b711e3551070a398dfc3bc4493b7e19c0315de50e78e7420c,326,95,98,98,True
BigCodeBench,BigCodeBench/558,python_minifier,196da710253cb678fd1b9653f702ec216a6ffd28fa54623c67a7581093751ab7,360,97,100,100,True
BigCodeBench,BigCodeBench/559,python,c76d0e1b96adc7e65000fd3bba670df663a14c04e8b9d1063a308f3e743a5658,480,141,144,144,True
BigCodeBench,BigCodeBench/559,kern,9b4ff6d05cef85e56ff389e03ff04783ee2bf24cb815341fe9a06cace9caf932,324,108,111,111,True
BigCodeBench,BigCodeBench/559,kern_compact,ef7bbcf8ff8b0532c473f7be173d8e524fb8524dc1cc0edf2c8d22753f7e9a0b,278,100,103,103,True
BigCodeBench,BigCodeBench/559,python_minifier,e566b049efa9715c5caf7b2e63165d865af24e0584d7fcfe3154cc74ee16828b,291,101,104,104,True
BigCodeBench,BigCodeBench/560,python,493d8abaf563ed7dd92e9955f7f860c704d72babe8579f51e865ac57886e8bff,1130,281,289,289,True
BigCodeBench,BigCodeBench/560,kern,9dbc14ec38fee6348ffa351b0e2ed7bbb600274d99551145b9873e04c56fc933,815,210,220,220,True
BigCodeBench,BigCodeBench/560,kern_compact,fb30a93fe3290c5a724abe942d72aeddf8887127ddf966e556193f33a8a75570,719,200,207,207,True
BigCodeBench,BigCodeBench/560,python_minifier,f06b54f93eda4bedba64740da15e79373713fb94b0f6cb38af9d76f134b0cc6a,700,210,216,216,True
BigCodeBench,BigCodeBench/561,python,e5dfd37c4bd167c3d6681e3c4cb25f32143881478f49e3f41e9b5fe2c784683a,289,93,95,95,True
BigCodeBench,BigCodeBench/561,kern,edb93b9c9ada5149820e5d7cbc9a34a16c9236404de31e12118e7c1654cd97cf,241,85,87,87,True
BigCodeBench,BigCodeBench/561,kern_compact,734bcf84f861e8347ba55a5fb3505c9b8ee3261eb60d0b4201162c2adea6810e,229,84,86,86,True
BigCodeBench,BigCodeBench/561,python_minifier,e533e526710f995a327c2d8b7642d4d5b202c2053ac0e92a49052876d6737d90,233,85,87,87,True
BigCodeBench,BigCodeBench/562,python,75fcb4d5c3038adbf1f8f001fc2aafa97a17378d5eecd5ee70c215a5abc6d398,754,179,182,182,True
BigCodeBench,BigCodeBench/562,kern,ce6703b801b46e492fcbe3bcb050cacc831ab38a1e481c828cc3f2ec2735851b,631,162,164,164,True
BigCodeBench,BigCodeBench/562,kern_compact,a56e4ffd43ec7e5f8b9bf72d6afa305f9d02ff25ddf0bc64aa8b518bbd9de61e,503,154,156,156,True
BigCodeBench,BigCodeBench/562,python_minifier,d8c5894b21dee8f4135bfb8aac9a4ffeb049a3725ce9523207ebb87b15dfd6f8,548,161,163,163,True
BigCodeBench,BigCodeBench/563,python,760e9c9e49c97a4600d429ff7b3902097acc100f2678e42c5d2cc658b268433a,323,76,76,76,True
BigCodeBench,BigCodeBench/563,kern,37708686dd6b61177091256c9777f23829c989270fd92c0f30b069d3655c1011,259,70,70,70,True
BigCodeBench,BigCodeBench/563,kern_compact,cfa2773d8f69689661db39157511e0c18d1374c595b1df4d5505bbe79b9e2027,201,58,58,58,True
BigCodeBench,BigCodeBench/563,python_minifier,c23a1daec8c038b39e800139d3fc27c123a2102da2f00f1c6bd0a13dbb4842b6,215,65,65,65,True
BigCodeBench,BigCodeBench/564,python,074725b9d8f94cea86b774d2fe67e2fefbf9b93aeb0d1a562a243571ca00da19,539,120,121,121,True
BigCodeBench,BigCodeBench/564,kern,20634a7d011fca2e750cd45b379d5109992c2905caecf806fa2eca16e31cb3ae,442,101,104,104,True
BigCodeBench,BigCodeBench/564,kern_compact,5c0f2bad0467a024707849c5651797cf358c1b43045c25841b73624186d10394,295,90,91,91,True
BigCodeBench,BigCodeBench/564,python_minifier,706ee060e1918b935f9211bbab9a069d5bb09bbd47aa664302cc91d6f5583b0a,311,95,96,96,True
BigCodeBench,BigCodeBench/565,python,3eb98d4dbbea81feb0276b2b9146166a32fab2a0be5197f3f1648214c320832d,406,110,112,112,True
BigCodeBench,BigCodeBench/565,kern,9dd52baa764210ecbe3f49d49ead649b87898b5c869c27b27bce3d7c35a2bfdc,336,101,103,103,True
BigCodeBench,BigCodeBench/565,kern_compact,4c7b4f164480d18c6ad201b611c2ff741aaca89be1b15abe7759dc9c7ef8f4e1,271,90,92,92,True
BigCodeBench,BigCodeBench/565,python_minifier,2bad28ba975959733a42c7c3236baa498087e32f5e33ec9672fac11edba45e00,294,96,98,98,True
BigCodeBench,BigCodeBench/566,python,1c8078e78482907e8b5f5d3a24e0009b472cda15864a52ed19b639d12d2ffa0d,295,69,69,69,True
BigCodeBench,BigCodeBench/566,kern,10c4e024d54028c2ed3f9759e23d3944a192817df090f7f1e2d390c1127de411,211,56,56,56,True
BigCodeBench,BigCodeBench/566,kern_compact,116ad52f624e85c40bf516c95720383178d3f10e62f178ed20b4e37d6b52fbde,195,54,54,54,True
BigCodeBench,BigCodeBench/566,python_minifier,1d8f4a0a09f7aff1ef51ca63526594d3ca13b338892036015c9c82686a2443b9,207,56,56,56,True
BigCodeBench,BigCodeBench/567,python,eb1917981a6a114cc99f9eb74a28a05187f8d59e6b5f88735e3985034de644fa,603,162,165,165,True
BigCodeBench,BigCodeBench/567,kern,becb455d943e42b721bebe4f14ead97957e2e128a3320add775694f5dfa59627,446,122,125,125,True
BigCodeBench,BigCodeBench/567,kern_compact,383259e9b43c80629696973eda7bc45b17377c84a4a208bb4bac7fe933ef6217,427,119,123,123,True
BigCodeBench,BigCodeBench/567,python_minifier,0f8aeff63f2d3b60bdcc50f71ab71bf7ae5e707b0d43d707d630fb65af31ecd7,411,125,129,129,True
BigCodeBench,BigCodeBench/568,python,d98fcadd721ecec4a4c98e8609107a75dc5758af3b3f3e8dd437f276d7ce6759,598,139,141,141,True
BigCodeBench,BigCodeBench/568,kern,34931c7ccf5d0cadbd8c943e55107ead01a37309180c752b82f0aa7bb3e16883,426,110,113,113,True
BigCodeBench,BigCodeBench/568,kern_compact,98189497ed530dc15788dc5ffee6d31c63c4ef78e82732ba7d3f7ab412e1d411,384,104,108,108,True
BigCodeBench,BigCodeBench/568,python_minifier,a519c69be7f1606603e2361d1bc9861f738e86302e42ed2b693ade6a10e05ace,396,107,110,110,True
BigCodeBench,BigCodeBench/569,python,c793143d49c5720135599aab3b5fd000b897419d05d73e6cf3b7b708c983b415,390,97,97,97,True
BigCodeBench,BigCodeBench/569,kern,8f659b664f77b890d8704287e5f724e39702b33fe221245074752e41aa4a0e1e,294,81,81,81,True
BigCodeBench,BigCodeBench/569,kern_compact,506dbc00c052ec160bdea62586b94f5c33985af95f7dc03fd86806e56e6fcb91,262,76,76,76,True
BigCodeBench,BigCodeBench/569,python_minifier,34129afdcea3dfc793b6727a81a41d6b45dd7ec51130de2c46727ecc73c6ab82,265,77,77,77,True
BigCodeBench,BigCodeBench/570,python,8364b72b163fe3581170ab44d2a87f1101ac2b541b0e0a8e0349d1ff203743cb,437,108,108,108,True
BigCodeBench,BigCodeBench/570,kern,edf6e09d9990b053f0cad9d4ecf92f088d213c40669ccc887db669b7fe3fe0ad,334,89,89,89,True
BigCodeBench,BigCodeBench/570,kern_compact,128cad55944c6bf01fc8a3aaa9965a1f9bad9ea75ba74252e0d51680f3339a0d,288,86,86,86,True
BigCodeBench,BigCodeBench/570,python_minifier,88f52a753dc0a86ce566216ac85a2c824daaf8ba10c092a844d141fac978b1af,299,88,88,88,True
BigCodeBench,BigCodeBench/571,python,750d7a518956832139d467c3d818ff2eb4a37698d41050ffb663ff52186e43f0,947,219,223,223,True
BigCodeBench,BigCodeBench/571,kern,0f4178fe2675f73702888ca77332e5968af2a976e2f2cc4c20c03f25c9456de1,712,177,184,184,True
BigCodeBench,BigCodeBench/571,kern_compact,a1b196b00cdacbb1b7100bfc8ee9c925f3c6321fca5a222c803cb62c1a6e5f48,654,169,175,175,True
BigCodeBench,BigCodeBench/571,python_minifier,5c71411483f97a49c3f4a23785327d73faf27323c284aca9b6e82ac7c9afa89a,676,172,175,175,True
BigCodeBench,BigCodeBench/572,python,8f859df33dca4a33663eec71bfc23589d1632eae50fe0860c5386f60a9e6d817,404,106,106,106,True
BigCodeBench,BigCodeBench/572,kern,3bb21328d67000cb483527f4e3f0e2922599bbb0ffc15f1f335468309b69cd13,337,92,93,93,True
BigCodeBench,BigCodeBench/572,kern_compact,105222e04fa26f02ba01a917d27ffd0c6fe8e517b657c417900caaa8e6dbf734,279,82,83,83,True
BigCodeBench,BigCodeBench/572,python_minifier,25bf7f8f351364450af29aaf26a8810740a0921aa0c6bd97ab657e4c1f001661,296,87,88,88,True
BigCodeBench,BigCodeBench/573,python,b705b373df996f3b817567756045da0eaafa2a2b6bde736da43d7638b7b655ab,455,120,123,123,True
BigCodeBench,BigCodeBench/573,kern,77ce759aa3a258c95ffeb99c2689b362cce4f5974e93dcfc59de5b9a69a814a5,368,99,102,102,True
BigCodeBench,BigCodeBench/573,kern_compact,d3cd3e707c6446837c2d79fe2927d9e9d724b6b7fc13591877e03f192708aae2,301,88,91,91,True
BigCodeBench,BigCodeBench/573,python_minifier,652fcf1d99ff844e0acb73939ee9934c4c63703d8fa8691c802bb5c001edcdb6,307,91,94,94,True
BigCodeBench,BigCodeBench/574,python,d43bd96d9b26d724ccf4c14dfd68c88e5c2bb54f0349f4c6b90379cd723a95fb,585,190,190,190,True
BigCodeBench,BigCodeBench/574,kern,81c3840f42c4f96f3d97daf5c6fcedf8a01bd254dfb71adb8db8471c211458e2,456,152,153,153,True
BigCodeBench,BigCodeBench/574,kern_compact,c0a0a172745472821d32dec0a6521d84d669bc5661b9da2c3df5afb86208dcdd,425,143,144,144,True
BigCodeBench,BigCodeBench/574,python_minifier,cc5ae79a17218de04460254a9f3ef387040d3928945ea7669828bdc7092659c0,446,149,150,150,True
BigCodeBench,BigCodeBench/575,python,0968ea87034324b97bb32086ddf4a9b43d092d13310e1b62619e5fb1beebd1a7,377,96,98,98,True
BigCodeBench,BigCodeBench/575,kern,fc74148101d5c41849e7b207b9381cdd219ac1254e6d0afe74a5d98fa3963b9c,234,69,72,72,True
BigCodeBench,BigCodeBench/575,kern_compact,059dd4fa4ed976b8ee2a81098c70ca2804a51551dbc03d2883b3556dce566af5,221,67,70,70,True
BigCodeBench,BigCodeBench/575,python_minifier,d91b070d17c8b8f8dbf54f36aa344b2772fd556fdabb9c84798a78da9951712e,256,72,74,74,True
BigCodeBench,BigCodeBench/576,python,eb4bf5655b6b5894eab2c450d82adc640bbc523aec32da428adca61e7b511c31,749,189,189,189,True
BigCodeBench,BigCodeBench/576,kern,0d2b99141270ca17b30a65589795f5c94cb89789dbac8e00cf59d257a29220b5,424,122,123,123,True
BigCodeBench,BigCodeBench/576,kern_compact,89464fbb67274920f5a04f276da9728b151b3cd43b0f03e248d8fd9fec7f5bea,286,109,110,110,True
BigCodeBench,BigCodeBench/576,python_minifier,99cc9340e3068ed464100ec6e5850c016ea1123a3f9df7ad4584a119ad52d419,317,112,112,112,True
BigCodeBench,BigCodeBench/577,python,e702b7d7d153cd70fb750228f089de131097a8c637647ac4de6605beb34a48f9,599,135,135,135,True
BigCodeBench,BigCodeBench/577,kern,b07aa798293d8d2c68d5d791023d9688cd1bef06320cf85743cc8ade49ff82e0,466,120,120,120,True
BigCodeBench,BigCodeBench/577,kern_compact,c6892ecf965c618a50cde7e272bc7425d558f83c440c0ce48d750dc347f7bf47,313,101,102,102,True
BigCodeBench,BigCodeBench/577,python_minifier,4449ca8a13b574aafbc76b2bec0231b3d2079640addf678ffd51e9155b0b57ea,347,104,105,105,True
BigCodeBench,BigCodeBench/578,python,919dd92efb4be3fbb3825dd783d8766244297ebc45926ef18d179fa01ec60079,933,201,202,202,True
BigCodeBench,BigCodeBench/578,kern,36d418bdc22d4d87012ba34b684478983ef41db0b61ad31b9761f4cc3fa35414,642,145,145,145,True
BigCodeBench,BigCodeBench/578,kern_compact,97c4fe64a3cea5f6e43bf28ad5a64f0c62ee3e7977fce27c6d8ed232de5b5355,457,128,128,128,True
BigCodeBench,BigCodeBench/578,python_minifier,c4a2f2fd6396c2920e627d33130897ae49edd6e788e582fd6f162b76f43c76c0,481,135,135,135,True
BigCodeBench,BigCodeBench/579,python,ccaa0a0c9cf402aad9668d4e05a13facaae8099c56d0392fda4eaa51c496d04e,891,186,192,192,True
BigCodeBench,BigCodeBench/579,kern,cae7fb9ec15b1f837de3289a6ec5f90ba37575b9d167a264519f2acc1ce63898,663,165,172,172,True
BigCodeBench,BigCodeBench/579,kern_compact,b8fbbaf268d066ebc03d7a50b168113de56c6c6c50c5519cb56547e139d4d2b5,500,146,153,153,True
BigCodeBench,BigCodeBench/579,python_minifier,957d9dcec4568f9b7a573739967cbdee2fea0b83bd1590c0e7e29ea6772c130f,534,155,162,162,True
BigCodeBench,BigCodeBench/580,python,42248d44a40e85601edb34ff891b03efbeca11606608a32639d0bcebd11ad4fd,841,206,207,207,True
BigCodeBench,BigCodeBench/580,kern,6338a626ae320069802ed205f209ae57ac2470ee1fa9c8768493f2353f59c0b7,565,149,152,152,True
BigCodeBench,BigCodeBench/580,kern_compact,bced56e9952d4f847c1678bafd0c75ba9da934c63d3590868f8aeae9f6235e00,496,141,143,143,True
BigCodeBench,BigCodeBench/580,python_minifier,6c2602f07d6cd5e8dfd242dc780c7be9756afa1d2cf0ea24c174c3d486fee6c3,463,138,142,142,True
BigCodeBench,BigCodeBench/581,python,e735ae734a2d799e213b4f1e508d2418a96630aff1e9ca0bdc3c120475499ff4,397,116,116,116,True
BigCodeBench,BigCodeBench/581,kern,96a7b1e8207830799f851fe28931e2cb18e8a41ea8d71c0f5a073001d76fb2c4,302,95,97,97,True
BigCodeBench,BigCodeBench/581,kern_compact,6f2ba0b65803d3ff1c15c2f22d18bc68018be16f842d546130b4eaca7ae80c36,253,87,89,89,True
BigCodeBench,BigCodeBench/581,python_minifier,0651da32ad910eb277d2fe2f477e13a0fe59928fd5bf3e3c11aeb87244ad2ae4,269,88,91,91,True
BigCodeBench,BigCodeBench/582,python,a46d4634d5b164b5e56b9086444cfaec12aaec14fc64f7d8fe4ea452de88130e,541,153,154,154,True
BigCodeBench,BigCodeBench/582,kern,398da8957242551a375acfba2e55f73c7a3df3539c91a6a314b9527d53e365ee,427,122,125,125,True
BigCodeBench,BigCodeBench/582,kern_compact,6240ef0f8d78c163ec4e9b9ba8829eb21a0784af1521f0e63442e2fcc1aa2199,347,109,112,112,True
BigCodeBench,BigCodeBench/582,python_minifier,15694bd02caa492878a49429c68c65489c50271ef73382251baae0d778b80b9d,366,111,115,115,True
BigCodeBench,BigCodeBench/583,python,7629c047c2e1b666ecf255df1b95da190afcec4fe8a0613c122db2846a4df2fd,626,167,168,168,True
BigCodeBench,BigCodeBench/583,kern,5d88332018982780e768395d7e79170701161d1534890c64e7ccb7b6b43adc76,527,146,148,148,True
BigCodeBench,BigCodeBench/583,kern_compact,adafdb870c305cd114aea1ebd54f4d6fd02de6145355ba9c42f8d79711176ddf,364,124,125,125,True
BigCodeBench,BigCodeBench/583,python_minifier,31e5ed9b8caff93302795b8de16b1e0519fdfa44ae6e576411825d36590c1e3b,387,125,126,126,True
BigCodeBench,BigCodeBench/584,python,b2140ad1435c7a13c5859e5db5319c887f8db93d12f7030e5b6827217b93d041,789,191,192,192,True
BigCodeBench,BigCodeBench/584,kern,8185de59425e903082f7f5ec697f73308c7601c90016a5ca946477ed7a70f9b1,636,172,172,172,True
BigCodeBench,BigCodeBench/584,kern_compact,1a9559fc3e82d92cc3c709e6a57c8846a33da4b03922947d2853f467c1892e69,533,158,157,157,True
BigCodeBench,BigCodeBench/584,python_minifier,ff96481bc93ee92a3a4469ba109c75c75a1a1779c62f478c169676908b8b6264,560,159,159,159,True
BigCodeBench,BigCodeBench/585,python,653139726426e55927bbc1f1896ea15ca0079c6674eeea1c66938ede8cb256f2,642,142,147,147,True
BigCodeBench,BigCodeBench/585,kern,d038c9e14076b1064de7f5f2f5e68e75efcd920bc53121282e7c97edec447945,473,124,128,128,True
BigCodeBench,BigCodeBench/585,kern_compact,7e91a43f7f2a34b7ebdcb238c0a8aeaf02e19fded48d26b60d84be2f6205fe83,334,105,109,109,True
BigCodeBench,BigCodeBench/585,python_minifier,0fa55000448a20c3c2d5d85130a57177f0268dcb4ef608709f71f6e42a7c1e88,353,112,115,115,True
BigCodeBench,BigCodeBench/586,python,a9afd484ece5e0561944fb84665612514d6f7fedcf8b60dcace989a4ef24a411,707,184,187,187,True
BigCodeBench,BigCodeBench/586,kern,1b23471b34545ff22dd8184c474933cc98681127e354a8e855cdd02691b32240,581,156,161,161,True
BigCodeBench,BigCodeBench/586,kern_compact,617edcb1edab1bfe04ef0377f2835c31f2248c223d8e4f187a48f0230874bb6c,366,117,121,121,True
BigCodeBench,BigCodeBench/586,python_minifier,5f23a875db2e720c94162dca441baf0cd428228cc672b42fd6eed907b9b96704,379,118,122,122,True
BigCodeBench,BigCodeBench/587,python,f20ab37d516517c8af8ecfdd69f9d51f564cd2b9175c3a2705fb39b906fb5625,1098,275,284,284,True
BigCodeBench,BigCodeBench/587,kern,2bb90550e80f0d09f1717b23461b9401d29e2b3d653fe253856d5ce6ce7ecc7e,919,242,253,253,True
BigCodeBench,BigCodeBench/587,kern_compact,41c3a2fd7d9150a88d5e424a7fb48d3795a0119e629f87162548bc1829b1d59c,654,198,207,207,True
BigCodeBench,BigCodeBench/587,python_minifier,4395021b02952a5eaee02ef38c7decd914c5b67ff540bae88b6f6483d105789a,673,201,211,211,True
BigCodeBench,BigCodeBench/588,python,ce87c13928d528794a92f81bb07397cb3ac17ba3c9acd90d3b0cdbcf4d7273dc,574,144,148,148,True
BigCodeBench,BigCodeBench/588,kern,ed12b84797184db20711d9686d94cb73481c7be9a20ef5c90dd5491b40dd9af1,255,81,83,83,True
BigCodeBench,BigCodeBench/588,kern_compact,bab874f2b158984e47e75fbeee9a2bd83e1145ef82066e87ddeef4403a06746a,240,80,82,82,True
BigCodeBench,BigCodeBench/588,python_minifier,afc1d134fddd27c420dba24fa05c0e2182abffbe5d4394ca948c6550a2ec07f3,253,81,82,82,True
BigCodeBench,BigCodeBench/589,python,046490c66d1d431296d587a221c2534e457fd95d989d9d08bceac07bb34a6098,795,221,224,224,True
BigCodeBench,BigCodeBench/589,kern,1fc8a9086b8404bad9debb972bd9bf0efda2f11b1200d8d4cfaf6c3f686ecb1d,544,166,168,168,True
BigCodeBench,BigCodeBench/589,kern_compact,1421881da3c48c7f606df295be66130ae715e81a17fdc0c566cbc24e9d15f99d,489,157,159,159,True
BigCodeBench,BigCodeBench/589,python_minifier,1f55c0176576b50c72ee0c6fd088d5e0e7edd1af3ec5d02c712b2f5761dce74e,510,160,162,162,True
BigCodeBench,BigCodeBench/590,python,bc5e10f7aa64f8af96477b0f0d55ed8e091d81214effa6d430295f72e2fadee9,641,164,166,166,True
BigCodeBench,BigCodeBench/590,kern,4b17d8b453f4c97bb7fc44c9b9730a8a5111d6ba09edebff7c0065f26cbea0be,521,146,149,149,True
BigCodeBench,BigCodeBench/590,kern_compact,20dc98d1c12a89efe991024820cadc6e113d7c39a5e63596866e0f80ac1504a0,478,141,144,144,True
BigCodeBench,BigCodeBench/590,python_minifier,db09b17b3f4b23ddc7e4067c63c199883a548e7ecdb3596b3ca898e0e51d85fe,509,149,151,151,True
BigCodeBench,BigCodeBench/591,python,d55aa930bd6230974b2af2cdb39cc12a09e84a98aef75deeb2cb6ad392c25736,933,235,236,236,True
BigCodeBench,BigCodeBench/591,kern,bcf26f30ea1697b56365b248247716876e87dce9403e8b2b043330285a165fd6,709,189,191,191,True
BigCodeBench,BigCodeBench/591,kern_compact,760ccf464525614b84d50d4838ea39653e64650e402111ea4a4d410a6fd8878f,663,187,189,189,True
BigCodeBench,BigCodeBench/591,python_minifier,d7a22c6541d474a51764da3f08ce10625b3f1f9ae0141b6bc317bd67f5352bd7,646,195,199,199,True
BigCodeBench,BigCodeBench/592,python,88c7fbd583ace09c94a999b4ea6d8408aee73a84b7cc4f0df2eb835c63b36b86,658,173,174,174,True
BigCodeBench,BigCodeBench/592,kern,732282a901dbd86994cf68de3b85b6926024a0e043c65552ef42dd3070f91778,530,145,149,149,True
BigCodeBench,BigCodeBench/592,kern_compact,f54029a665ead86b883c817607191b853f2445cedffdfcee5a7b81e8d6a3b22e,475,140,144,144,True
BigCodeBench,BigCodeBench/592,python_minifier,894120086eb241a7047929c46279baed48d7d5fd368b46bb64f562f6ca210feb,489,143,148,148,True
BigCodeBench,BigCodeBench/593,python,ca8f08153a9c451842ae867d9f89f1ecfe88a7f641f35cc5d3181e71acd8fb08,990,262,261,261,True
BigCodeBench,BigCodeBench/593,kern,47bfbfa26b63987d9349edf600444878dcd31b8628b1ed8af3d16146fee65441,800,224,226,226,True
BigCodeBench,BigCodeBench/593,kern_compact,438e73ddc73219c6ae928b190a32cc1c237d7d3338619a1f5414bc0cd904af5b,720,214,216,216,True
BigCodeBench,BigCodeBench/593,python_minifier,92e222f66d8a311add8cfb2e50fb89d481df7966e47edf96a9f1797857b24b73,739,217,219,219,True
BigCodeBench,BigCodeBench/594,python,e6c6933116a85b712dd568798b26339cb08eb45306ed317e0e771c987f2dc93b,808,211,213,213,True
BigCodeBench,BigCodeBench/594,kern,1a8cd29e4fa9048551818bd49699e248f37556e674a6d591e7d96f93dccc321e,661,181,186,186,True
BigCodeBench,BigCodeBench/594,kern_compact,187e449bf470197595c74fa0b9963655cdaeeceb59d5e824cef144c6cc107a6d,554,164,169,169,True
BigCodeBench,BigCodeBench/594,python_minifier,040ad5a3d35a387550b32e4bdb06aa4850fe205c0cb73abb4a9e04cf8b4b3cc4,577,167,172,172,True
BigCodeBench,BigCodeBench/595,python,ee812669586082721499b393368567a8cbd751708b729d5b5e60aa695c5a4b03,335,96,96,96,True
BigCodeBench,BigCodeBench/595,kern,eb765916b2710ca1ba241e4506f22362d92a56bc907cff979e297fe583c0017e,255,76,77,77,True
BigCodeBench,BigCodeBench/595,kern_compact,7cfbc7defee53925ebc5fdee9179387cd058f00c60af03cfdb0a76f709d3e563,202,72,72,72,True
BigCodeBench,BigCodeBench/595,python_minifier,d2fe9637bce9b91d0e44a7372662f2c677544499c35416cbd6c617b9d52d7517,226,76,76,76,True
BigCodeBench,BigCodeBench/596,python,9ec73897c85a004a7267ddf0c71e02c609a586d81ab46524800210780f5b2c61,583,149,150,150,True
BigCodeBench,BigCodeBench/596,kern,f9d7948727c12f1c4629784cf212f9d1e88cb4fda51781e3b3f9336deefc7634,430,117,118,118,True
BigCodeBench,BigCodeBench/596,kern_compact,986eb14da8e638a75e81d55525e6062842437364834740fa04c642dc6744c8cf,330,102,103,103,True
BigCodeBench,BigCodeBench/596,python_minifier,3bfe232e23fa5e4f2229604a7a84adfd12651d4bc68af0dcbb38c30fd6e603ae,356,102,103,103,True
BigCodeBench,BigCodeBench/597,python,65b714af41d451af6e9d3e90594d0bba4f8689b4c676c7dba4d87763d4b7ad5d,433,105,106,106,True
BigCodeBench,BigCodeBench/597,kern,2f73375cd85d3788a9a5a8fca59db22bf803227cc087b57b17b62ddb08470dfa,343,82,84,84,True
BigCodeBench,BigCodeBench/597,kern_compact,0223f46a0272b2c9f5897f66c58abd6d84b7ef01010628d90b863ba95a740764,276,73,76,76,True
BigCodeBench,BigCodeBench/597,python_minifier,e3d9c24e564d61c90f29fef811da50d91c43bd40cadd409b961796ecd3fa8963,285,77,79,79,True
BigCodeBench,BigCodeBench/598,python,5ff2fe3a19cc8da906cfe6235ef910143d5e515bae854bccfe879589424e7cc2,441,110,111,111,True
BigCodeBench,BigCodeBench/598,kern,8e8ed5ed537a75b95576c3d7daedf03d58e16c2876f7234384a775dfeccd0a76,351,88,90,90,True
BigCodeBench,BigCodeBench/598,kern_compact,07e1ee926720df4a08c75ae2e41534a9a2a088fb2355fcff372b5651e26b19cc,247,74,76,76,True
BigCodeBench,BigCodeBench/598,python_minifier,6a7ade35d1e258be72ae4cde5a0c8414205156ba036144ec1506207c1e4b4a30,256,77,80,80,True
BigCodeBench,BigCodeBench/599,python,55f183e4acf2fd98e48c58f433f0da432fa3cde912b04a5f1f2b965f440351f0,911,222,223,223,True
BigCodeBench,BigCodeBench/599,kern,b80b84562a0c15742372ad6be87d668a48f99a8871ff6c92bc86684d52e3b5e5,575,151,153,153,True
BigCodeBench,BigCodeBench/599,kern_compact,57e2611ecbcc1598882546adcfdfab23c8e6ec5eddb35dc532ef0c26a95dd100,454,136,138,138,True
BigCodeBench,BigCodeBench/599,python_minifier,80e7a022eda65bd5764ebbdb6560c31c2ebc738baa8def92119f9f975707c0de,471,143,145,145,True
BigCodeBench,BigCodeBench/600,python,a79851b3f56d8e2450ccd9bc607930fdafa50985aacd9d56ec1bc53e02b9843f,376,94,96,96,True
BigCodeBench,BigCodeBench/600,kern,0134e24aa6679a0f614ce802e59bff219f9d14576bee196e1e4879d18372e368,304,79,82,82,True
BigCodeBench,BigCodeBench/600,kern_compact,1b5097aa569e5f733b56603a1a49d1622e42fc9ee5c465fa53e17932d7c4749b,217,69,72,72,True
BigCodeBench,BigCodeBench/600,python_minifier,0b1412ba0bd3769db592372ad9c4ebb3512b214d72aae59e3956eaaa1c007417,233,76,79,79,True
BigCodeBench,BigCodeBench/601,python,a6ae341bd01dbb008042527aa5515f68c7273bf51db7fc3be82af9f26d21cdb0,826,198,203,203,True
BigCodeBench,BigCodeBench/601,kern,59a6f3874a26b12c908d7315b8cfe3adca3f6611360b1baf2c87575533442013,598,152,158,158,True
BigCodeBench,BigCodeBench/601,kern_compact,f9664ad9a82c3149f25601111bf8620cdb974d4b9fff13f80e33b9a65bdf7a59,481,136,141,141,True
BigCodeBench,BigCodeBench/601,python_minifier,30c5e79931a0882835154bab07b98bfd9c7356800e052385fc6e877a48314fa9,506,142,148,148,True
BigCodeBench,BigCodeBench/602,python,0e957510d18843daf576de4f979364d95dc747269f91bd2dac81b45eb93f02ad,382,91,92,92,True
BigCodeBench,BigCodeBench/602,kern,17c3581046025e92c35ccb1cb7cc174d1a0dcd136c5c406cb6263cfd0e87b118,315,75,77,77,True
BigCodeBench,BigCodeBench/602,kern_compact,67b8229dad22ae178ed676caf463caa622efb2d4adc94a621c9e84ebaab8997e,297,73,75,75,True
BigCodeBench,BigCodeBench/602,python_minifier,bca674144b7d517358badf1d2773dfbf2b2da31a0a77a273be09f75d545c23d0,301,78,81,81,True
BigCodeBench,BigCodeBench/603,python,7029a993493183606758769b3141cab48f536446e480529fa0a9f2768d3c4078,226,56,57,57,True
BigCodeBench,BigCodeBench/603,kern,e83514ce35873dc69d9d6207b4888655f9167762fd362b49b4688280ab840a43,189,50,51,51,True
BigCodeBench,BigCodeBench/603,kern_compact,462bafeb52ffa052052339cdb0cb9ffced5c98fa5c8bcc4f3008e713ee763dcb,155,46,47,47,True
BigCodeBench,BigCodeBench/603,python_minifier,f181700c8df692d41d677a7c94b805b107f2d69abcd12d1c30a7c415a51a40de,168,50,51,51,True
BigCodeBench,BigCodeBench/604,python,cc2a28559c3ec7156e6216f1adcd22557383f3c7bd71175e4aa52688c17d3917,527,116,120,120,True
BigCodeBench,BigCodeBench/604,kern,f89fde0ca56e08d86fc99da7dfe4f3d81bc0d300e133d6c9e9590f92e8d1b74b,392,93,96,96,True
BigCodeBench,BigCodeBench/604,kern_compact,5a0b19b8625fcaadaafbfdb5adce9e66cbe31442c326b64bcb067e26a7d07d5f,388,92,95,95,True
BigCodeBench,BigCodeBench/604,python_minifier,1226157ad072dab58e560cf4b4b6dd81859883afc486d3b204dbe6e2c06a09d8,389,97,101,101,True
BigCodeBench,BigCodeBench/605,python,2d3967a4f32575d93970d60d2a4761bbd7eadb152d6c6d78c0b9c7703384e8c6,204,47,48,48,True
BigCodeBench,BigCodeBench/605,kern,7e246668ffe4b9b6868e995acf918804684ad30730fe66cdf980f6961e1a12f0,162,41,43,43,True
BigCodeBench,BigCodeBench/605,kern_compact,27f9a5b51556ae6362eca0066ff3157884d49bb4fec5ec6d2647a287f3f25f71,153,39,42,42,True
BigCodeBench,BigCodeBench/605,python_minifier,a9fbd29e6bf992f957e88e641d4ef131c2b8a16cfcf5509e53ba18eae437682d,164,40,43,43,True
BigCodeBench,BigCodeBench/606,python,703b5664cec8382470f42ac5f1e359216e1e05d5be5d6b70f9d59cae16f9884b,261,63,65,65,True
BigCodeBench,BigCodeBench/606,kern,cc69d50221c9f3a026c568452db2637e9b00481b7e57c063a38e79e94aab81c9,156,38,39,39,True
BigCodeBench,BigCodeBench/606,kern_compact,b2cb4db82e70f486d731a678af88ab83831cad26ebd350be42f9b0f035f40f91,118,33,35,35,True
BigCodeBench,BigCodeBench/606,python_minifier,c2144cb91b18f573e3ca94516ff46fb4821a2221232aed2ebfc4d8040d53fed4,136,36,37,37,True
BigCodeBench,BigCodeBench/607,python,7221fbf361d0a1d487260d5c258ac9b88dbdb9cf1f6f766f49ccf06a54436077,624,163,168,168,True
BigCodeBench,BigCodeBench/607,kern,7b4a03890eaf2f66ad14a3d9f7f5781ac1f91248167fd1cc3da7cbc72db3bd6c,391,113,120,120,True
BigCodeBench,BigCodeBench/607,kern_compact,632ea4aa480c456968d4681bbad4e15a44be3b474839c1409611dc209d80b532,324,106,114,114,True
BigCodeBench,BigCodeBench/607,python_minifier,8acbbd0efdec8f3249b1ea8cc313b992805bbeb8d3d1f5664133623fcdb92f61,305,99,105,105,True
BigCodeBench,BigCodeBench/608,python,586f6fcec699eaace87a34bd2d6e348cd3f14eebeaaf5f1609f8b31db1e01926,635,161,166,166,True
BigCodeBench,BigCodeBench/608,kern,b48bbdd1967ce4059d974e28b2e61372bf0cb814b0ffeb2359e843b7efe03e7c,408,114,122,122,True
BigCodeBench,BigCodeBench/608,kern_compact,39035b95c982f3e0215bd33177d9e11c861a2f0f2fe90012971c151463bdb056,312,104,112,112,True
BigCodeBench,BigCodeBench/608,python_minifier,563fe49381b92a08975843007e7ff81d0e39385716b3859012dc8b21f82283e6,336,111,118,118,True
BigCodeBench,BigCodeBench/609,python,3db7a872c9d72a037419217f7642b8e9a0b817853bf258cc9bba4b6eee020ed2,612,150,153,153,True
BigCodeBench,BigCodeBench/609,kern,17813b1b67e59daee3000029f36c5628d255152891fe7580d358fb7474438973,513,128,131,131,True
BigCodeBench,BigCodeBench/609,kern_compact,1eb87b4db9d9a0a5d38d82619a4b552a146976eaeb6af6fb8be5ba1ec421cb06,332,107,110,110,True
BigCodeBench,BigCodeBench/609,python_minifier,2a69ab2b21fba9f9dc6a91a5bf6642e240eebd505fa07ccb17faa3946235a15c,352,108,111,111,True
BigCodeBench,BigCodeBench/610,python,c278bba8f6ddf4c0e311cc43dcfa576f46419960514369a4d37b7af7b9f4c0b2,639,166,172,172,True
BigCodeBench,BigCodeBench/610,kern,fe7294e844c0d36513de275bd5a8c0b6c154f779b143a5d0fa7129f3c685507a,420,119,125,125,True
BigCodeBench,BigCodeBench/610,kern_compact,9240bd8841ca429803e5e6c8fa080c2654055225963afc34b3139be4edc939e9,349,112,118,118,True
BigCodeBench,BigCodeBench/610,python_minifier,c6cdeef81f301b601045e7da4660b69d15d3de51fde8ee24692a21cb601c2710,332,106,110,110,True
BigCodeBench,BigCodeBench/611,python,f687e1753c92df69518b79caa2c37d24e1bdb35c8a7d8095e4595a71d9376727,512,139,142,142,True
BigCodeBench,BigCodeBench/611,kern,2e971cf5aed96ff55232cf54e94095c3cc98abce40e6e765f1ac030710f87706,408,117,121,121,True
BigCodeBench,BigCodeBench/611,kern_compact,ff0c287a22d07c08b558ab1188ef3803cbb08898a2b535aa2498eb01043bcf6a,294,106,110,110,True
BigCodeBench,BigCodeBench/611,python_minifier,82909c323c46b42a0fc283036dcb8a0acbbc41419d5c0c09ff4eccc874e36313,313,108,112,112,True
BigCodeBench,BigCodeBench/612,python,f32bff8fe8a8d7572be614f3c233a7c59c2d7b3b043eec10f7f47074947e4eb2,826,208,214,214,True
BigCodeBench,BigCodeBench/612,kern,8c13b6144b7a5c8f3326d14497d1d5835bcbc0093795437259c79b54be14e308,613,171,178,178,True
BigCodeBench,BigCodeBench/612,kern_compact,fdcf429bee07956c37f88f98e3ff89869a5cf818b8e9b607a85e2a4c6519613d,420,145,149,149,True
BigCodeBench,BigCodeBench/612,python_minifier,b2142c599939165bc43d321f025a87a4913fcb19b387dd060f1bf083fad51ab9,444,147,151,151,True
BigCodeBench,BigCodeBench/613,python,4c30fc877ccf136686836aacbc8b830a78e183756ee08f722a83b6ca2cea6df9,898,246,250,250,True
BigCodeBench,BigCodeBench/613,kern,9ddfd3818bc9158d8f07822e56d6af6e81b8e15624970857351d066e69701545,697,200,205,205,True
BigCodeBench,BigCodeBench/613,kern_compact,e3acacb22f70fe427de6473c68e9b58e5b7c1d4652ebd1b3a37929b345dd7773,555,181,185,185,True
BigCodeBench,BigCodeBench/613,python_minifier,7ec29b109d903a8a4385db3ffa98285e4da3b0950671356d3f90da587bc12945,549,182,186,186,True
BigCodeBench,BigCodeBench/614,python,7b7fdc40e8d196390f86d643f85be68cdbec1d8757cc6f6b904da61e2c1f1822,466,128,133,133,True
BigCodeBench,BigCodeBench/614,kern,9eaafa8e412b0ceebf7a830d621d4e5b46ff6b8e5d47f6f4c87bd02334323897,354,107,113,113,True
BigCodeBench,BigCodeBench/614,kern_compact,caceffeb077aa15bc596327fb4ba92e15e603a5e47e3882cf862e3134bbaf976,268,95,97,97,True
BigCodeBench,BigCodeBench/614,python_minifier,4762204de173d401cced0d54f242caf20c9bd3a59f5fff0068772351ea7c6dbb,284,98,100,100,True
BigCodeBench,BigCodeBench/615,python,6ded673c11a859885a0bb2f2f1828e1a307a95bbbbd01af93488de45a6e61ebe,727,190,194,194,True
BigCodeBench,BigCodeBench/615,kern,a22211d4a2eae91b1da0d9fadfc9cb9274b3d999efa9bd808d9c4ff8bd4dd2fb,505,144,150,150,True
BigCodeBench,BigCodeBench/615,kern_compact,910604d8d40eddc6f965a3da78b2f6e136a3f84fc7116d28d2cc65ea553aa1ad,332,113,117,117,True
BigCodeBench,BigCodeBench/615,python_minifier,0ce5fff3809ed9ac11f844268720f8538c06eb5be1f9966d315542459044dc39,366,125,128,128,True
BigCodeBench,BigCodeBench/616,python,738bdbdbaa39f1f04eb374efea97759779bf85e7eb362f17804fdd6dce415d47,981,247,251,251,True
BigCodeBench,BigCodeBench/616,kern,1a878b77124fcc9618ff0ca4ad289f365e3acc113d800751dcbbdae95457a21d,693,200,208,208,True
BigCodeBench,BigCodeBench/616,kern_compact,b81c1bd9d764eac5a26d80dcc3b562c3c762a45767f720298e869cddd0ad5179,542,177,181,181,True
BigCodeBench,BigCodeBench/616,python_minifier,85d6b407f64526af863d159d43679b3f38d1e8464e698f14552b505bbb35f8e4,544,190,194,194,True
BigCodeBench,BigCodeBench/617,python,13785747bff8ca3657f79e981228a55572644a8c1c8dab1a6fa718ba7ae6823d,1355,337,341,341,True
BigCodeBench,BigCodeBench/617,kern,ad44874039f64876511c7528ef229df0ce944950d8eb4c4465fb864b29b791dd,971,273,279,279,True
BigCodeBench,BigCodeBench/617,kern_compact,7d79ac008ba10c8532f5be50f9f5bea1a7bd104f5a591cea80593f3bc3e4853a,759,243,250,250,True
BigCodeBench,BigCodeBench/617,python_minifier,6167c7ebc33a2ff798baea54f0480a52e1e30bbf6c6d5a2397c41607f53aeb79,764,250,253,253,True
BigCodeBench,BigCodeBench/618,python,26ec4e0ff4e76e9b68520c74dc1a20c1a92570871b9a1e5fe9f14a0c7488fd4d,923,245,247,247,True
BigCodeBench,BigCodeBench/618,kern,4f13d3a2b81221878a1940dc6c56ef69c310060568512b5b54547564b6452638,659,196,201,201,True
BigCodeBench,BigCodeBench/618,kern_compact,6ab823ee4c15692ba1144d897fde2deccad15538b4ae92172a72b85b45830db7,491,168,169,169,True
BigCodeBench,BigCodeBench/618,python_minifier,7e5ddbf0672408ab76c07c62684bc4a79cbaabb43a517fc4425ac90e73c18514,490,168,174,174,True
BigCodeBench,BigCodeBench/619,python,0a7c8ca4d69e80883b90bf6f18e9c742f5e21f64bc3df1e72b821687b38e877c,870,218,221,221,True
BigCodeBench,BigCodeBench/619,kern,f20d53be98bdcfda08245e1a5e38854adcd24ca62fd6fb5c0a53fbca3afe707f,609,171,177,177,True
BigCodeBench,BigCodeBench/619,kern_compact,b2e6cfea9db3b8b7e0a6033835a9fa91aea3dbe152c28b6e2bee5a41c7c69ed0,457,147,150,150,True
BigCodeBench,BigCodeBench/619,python_minifier,cc17925fcbd65f2b4525b87951791a939499f45748a55960c795ee3fe5713d01,479,158,161,161,True
BigCodeBench,BigCodeBench/620,python,a55339573862935272f99f6867dc824b373eeb747049d7afe7831efb39f0128c,276,92,93,93,True
BigCodeBench,BigCodeBench/620,kern,31012b37178c8e27f510c235565227c30cc812aa314e5d43d3c9e80ded7eaa30,203,76,77,77,True
BigCodeBench,BigCodeBench/620,kern_compact,89a8e4da4aeed4f71c9d804e83a204a41175242837586f741ca5488b1ff9fe4f,156,69,70,70,True
BigCodeBench,BigCodeBench/620,python_minifier,3102dafdba0b61d1703d3114b678bc636a93c5235bcb4436f28473b863f5c1db,173,73,74,74,True
BigCodeBench,BigCodeBench/621,python,035c89c858142011d37444c9b23f9baf824b0d7f43ee37cd770d2162324e4e7d,389,89,89,89,True
BigCodeBench,BigCodeBench/621,kern,168e2815662876c6b001f473eb9a80508b10acc3b539901c54600d3b1fe2203e,320,78,79,79,True
BigCodeBench,BigCodeBench/621,kern_compact,8debb0318852c7ec8e360e4ebd2f22353c2d5714959f672c0b055646a67cda6a,259,70,71,71,True
BigCodeBench,BigCodeBench/621,python_minifier,7db23e55e0ce4fa46482f2b395ba280843e6fad2ed16fa4e39965ccfcfe14149,281,71,72,72,True
BigCodeBench,BigCodeBench/622,python,44e6e42a7b7d9600a01d525d4d5d38c84535fa4a604a9e14cacb9e36b37acb50,506,155,156,156,True
BigCodeBench,BigCodeBench/622,kern,fcec8f234e497a68b2759871d3d030f3e2029d65a87421905b2ddd622832859a,404,126,130,130,True
BigCodeBench,BigCodeBench/622,kern_compact,1d8aa74587b228bb4ce4f243c07d83f295eedaf16440a1a192fbd5855bc0d970,357,119,123,123,True
BigCodeBench,BigCodeBench/622,python_minifier,891f63e3a3b6144bc8d7e60740437cc4228cf8cfa5df1e6fac7f811c24864a26,374,121,125,125,True
BigCodeBench,BigCodeBench/623,python,4062751fc50392413b4bf1d51217867ee5f47e1587654a475bcb84891921e142,374,104,104,104,True
BigCodeBench,BigCodeBench/623,kern,15153a4207562fa167265319f102e146f01ca6a99b35e2e1d35ef03ed73264fb,288,85,86,86,True
BigCodeBench,BigCodeBench/623,kern_compact,55bc6853a3412083e326ef1f71dbfe91ff5bb239f4713070ee39ffeb6dbbf188,239,74,75,75,True
BigCodeBench,BigCodeBench/623,python_minifier,9425b70ebea67e936f81f86562ee543c7fc0f2fb1bc67fab3c8ec6dff1221c99,256,77,78,78,True
BigCodeBench,BigCodeBench/624,python,61b6d05acb845a6fb92ccf37e3fe94d2a0350752b8ee436a6e6443f8451d9349,347,87,92,92,True
BigCodeBench,BigCodeBench/624,kern,7cbca748e9478ac1546e2f916a079b76d3941c9a3ff994481124b0dccdfb7827,275,78,79,79,True
BigCodeBench,BigCodeBench/624,kern_compact,b5d0fc7f8ff21dc0c410253402320e2e5172fc8fe417b881de6163dec7056790,222,65,67,67,True
BigCodeBench,BigCodeBench/624,python_minifier,1f6f0fda059d3a5fd42f9e9cfedcadab0e5a57eeaab508cb6d157a1996fbcf14,236,66,68,68,True
BigCodeBench,BigCodeBench/625,python,3d698622c70d4848e897f3051054bb259693cb55d4a5387a028fa2014675ee98,376,91,92,92,True
BigCodeBench,BigCodeBench/625,kern,e145b45a5538ef89f09fb3b0aa5976800b56b1b0d1f37c96c872bd5404a448b2,292,76,77,77,True
BigCodeBench,BigCodeBench/625,kern_compact,fbb29ceb07d75b417b57569a12eddba01b173808d71e0cab9956d7a8642d89a4,212,66,67,67,True
BigCodeBench,BigCodeBench/625,python_minifier,2cbbf4ed25fb2f94a9915e8b8deb4bd58011bb75002b93e7321dfbd0d8dde059,236,68,69,69,True
BigCodeBench,BigCodeBench/626,python,5f7f1cd2d6ce26a4fab4c48b86adc52e03e79fba89a4fa7865331671629fb09a,476,139,140,140,True
BigCodeBench,BigCodeBench/626,kern,5f83384e5f8a050a5330333f3778097a38b919229ef2ce80bfe5e3ac11e31f74,407,125,125,125,True
BigCodeBench,BigCodeBench/626,kern_compact,a4fccc108eceef72e85e5ffad364dda2b10fedcaa462e0aa1489a7c8b1649287,351,114,114,114,True
BigCodeBench,BigCodeBench/626,python_minifier,18c50b169d99616229015a54e60aee1bcafbda325edf8e6073b45921cb72b0a9,362,114,114,114,True
BigCodeBench,BigCodeBench/627,python,c0e7fdaebb4e7164e8a1eedc6ac31a78776d7009de8e25a63c5a138f4d516959,464,116,117,117,True
BigCodeBench,BigCodeBench/627,kern,98a62394dc716755b41c50641d34f8a6eb0249170aa83561c2f9dbeea2bbac61,367,99,101,101,True
BigCodeBench,BigCodeBench/627,kern_compact,cd28fc06f89ad779b3b2503599df787c386f9e23d7caa0ed5fe34aa2f4ca0568,275,85,86,86,True
BigCodeBench,BigCodeBench/627,python_minifier,fbc034e11fdd26643698011ce130babdff36f2cf501667bc84e345486ee60e38,312,92,94,94,True
BigCodeBench,BigCodeBench/628,python,12c9b2ee869fcc29324f2241c80b287bc3777f68abbd53941ea5126d1cd795e1,525,149,148,148,True
BigCodeBench,BigCodeBench/628,kern,245ebaa31ee1560b68e5fbe2ec913e68c8795e0aee784ff9be3ebf01214bb1a2,385,118,124,124,True
BigCodeBench,BigCodeBench/628,kern_compact,ef3e7f4fc43ac5423d353541f7768f27478645511d87ffef7b09f0bf576aabd8,370,116,121,121,True
BigCodeBench,BigCodeBench/628,python_minifier,89267e7789ed75912926b3448478739c03e2ec4c917322587ad46ad1d6fa05b7,340,112,119,119,True
BigCodeBench,BigCodeBench/629,python,b72a5d1b1b8f49fb8ebdae3a330882c209af4cd54733bb106b09374e83714106,904,206,210,210,True
BigCodeBench,BigCodeBench/629,kern,8f4a38fde923362a3f2216e9c154c9549938998a87908fa69c54d37a53f4f6fa,473,121,125,125,True
BigCodeBench,BigCodeBench/629,kern_compact,3cded44f950585345b2c2aa3258bbd0f30f18bdc310f2c7f1a4e59f5a37cb59e,421,114,118,118,True
BigCodeBench,BigCodeBench/629,python_minifier,40146df6994ff33b36c041a75c0ee9d5842ad39cddd25755e6ce7c35c18edab9,426,125,130,130,True
BigCodeBench,BigCodeBench/630,python,510eaaa9de2362ccc9664490117fb173d6a19e3544689472f697aaea482bab10,376,94,94,94,True
BigCodeBench,BigCodeBench/630,kern,c8d53878fe0f50bf69450494628dd6d19db27c2484bd1fa91051c0b9e655b590,309,79,82,82,True
BigCodeBench,BigCodeBench/630,kern_compact,a7145e33773fcebaa033a7c87341e3667a3cbf78df79053941c9adf227d97717,267,71,75,75,True
BigCodeBench,BigCodeBench/630,python_minifier,b579c4250042298d129009990c95b3c0f59fe8259318930d0d690ddbe6d85aea,271,74,78,78,True
BigCodeBench,BigCodeBench/631,python,9c5d9ec0883a0f353b5448a001a6c30901b21f88e74114d53fa1faae83125b07,364,87,87,87,True
BigCodeBench,BigCodeBench/631,kern,ce7bdf7050774863e20b091ced30c1c6aedc0e46d1b0b0680386d87515d1bd86,273,68,71,71,True
BigCodeBench,BigCodeBench/631,kern_compact,1104d1259c7afae7a7e2799c8790e0d777612fdc02f20dba73b523b345ba742a,245,63,66,66,True
BigCodeBench,BigCodeBench/631,python_minifier,39601468128a88de3607d1e1d7557ee8bc875f85e45bf22a067ad1b74186eba2,248,66,70,70,True
BigCodeBench,BigCodeBench/632,python,2a443a764846a2443c8d104913735f2aaba3fdf58eb119fdf049d6d5874f10e2,642,156,158,158,True
BigCodeBench,BigCodeBench/632,kern,3434869da971631881ae638eae27188b987e20fcd38ebd78fc50181012702d8b,445,111,114,114,True
BigCodeBench,BigCodeBench/632,kern_compact,cfe90abd6a0f90632bc51fe91c4911ece4952548450f8d962c85fd14fb02a49e,366,100,103,103,True
BigCodeBench,BigCodeBench/632,python_minifier,dae4bcd4b0ab7bd9d4254d03a3f6a901250b0a5c5bf6567b5ceaee8c73b46aac,361,98,100,100,True
BigCodeBench,BigCodeBench/633,python,103fb0ef8f4bb2d646433a2b2da5478192d64a34312cb7bd11be7207fff62380,510,128,130,130,True
BigCodeBench,BigCodeBench/633,kern,e4c01b820f753cce3f2d28d8b9ec701640e933e4ead8e934d260e0059a718dc0,333,90,91,91,True
BigCodeBench,BigCodeBench/633,kern_compact,37668c39018fed4b444cc45067eea25a4dc188d24353fa4d6075f6b03e4bd863,275,85,86,86,True
BigCodeBench,BigCodeBench/633,python_minifier,c9c03849cd96188c9ce6d5901a1bc35afc0995a0b6774c63e093aedd6582d621,261,83,84,84,True
BigCodeBench,BigCodeBench/634,python,5cb1250f8868654d3ac44a7684b02c008d466093a62a6db0411d4029dfa1cf23,360,84,83,83,True
BigCodeBench,BigCodeBench/634,kern,5c40c0aa85b30f62c878939f54696f80eedc9d56a97b5058a9dd37b2b3e31a55,225,58,57,57,True
BigCodeBench,BigCodeBench/634,kern_compact,49821694cd0b9b0a510c75ce86f411d4ca64cfff908679d94cf10ecba4beb45c,188,49,49,49,True
BigCodeBench,BigCodeBench/634,python_minifier,d455319c6e8d18fafbdaf742c3c7e1fc73ea4816765ccc68d50f7464dd66ccc6,203,50,50,50,True
BigCodeBench,BigCodeBench/635,python,2a0706788b877a01a76b47fff8c765cc38e21c1152d32145d66dfeb28d2d2b8b,1628,374,385,385,True
BigCodeBench,BigCodeBench/635,kern,d73d264388107abe36bab58b3a25e557d42bd1e15a6af57de560e0f8ff87e83f,1064,269,280,280,True
BigCodeBench,BigCodeBench/635,kern_compact,8d347d5cda4ab3d0ea813ae62b66b06c334217ac04b4a8b750fda484c8f7204e,819,236,248,248,True
BigCodeBench,BigCodeBench/635,python_minifier,e76cd85f302b938062fdd8fc10dfd0f9180511f44605971201433209c94d1881,827,242,253,253,True
BigCodeBench,BigCodeBench/636,python,e77dd346b101cd269f7f5af93ff67b3af198197573fd73b24a223cc08d5aabb8,839,208,214,214,True
BigCodeBench,BigCodeBench/636,kern,b3c41bb279a7f2cc51d871a708ee60f67c99d2521b53e3df9c2143390ad71115,465,128,132,132,True
BigCodeBench,BigCodeBench/636,kern_compact,d30abbe2d6fca6126a4c4a1ad3c77bf82398dc7cdb79fd2e88905b396b711d73,414,121,124,124,True
BigCodeBench,BigCodeBench/636,python_minifier,04969ae09f3a1848314feb052da2a4cc1519b369cc051c8088c332582f3f31ef,419,119,124,124,True
BigCodeBench,BigCodeBench/637,python,83c44cc4d5acc2fec2b320792b497874ad895860b6be3a376998578615527b85,902,247,248,248,True
BigCodeBench,BigCodeBench/637,kern,19589a90e9527290b40358dea46f5a0f54495d31970041b3c65173075c269de6,684,192,194,194,True
BigCodeBench,BigCodeBench/637,kern_compact,6a76ac0abf6c0bc4e0a01bf98f597d011af13182a88511efe573cbd6212cae25,587,171,172,172,True
BigCodeBench,BigCodeBench/637,python_minifier,aabcc7c7158cc5d47647a279c56413640a3052adb2a89eab7ed7fdb196301d27,607,179,185,185,True
BigCodeBench,BigCodeBench/638,python,006f1f60a6be78e718a4e52488b628d54ed6ac83d49f5f4cafdf0915abfa826b,347,107,111,111,True
BigCodeBench,BigCodeBench/638,kern,33644c91a0a2e8dfba4ba0090280dda5e8c65849b72f7625c6ced19dcaf3bc45,283,85,91,91,True
BigCodeBench,BigCodeBench/638,kern_compact,e9730d12cdf68ebff37814920e668bd2f39901ce78505fbc6c0511df987f059f,250,81,87,87,True
BigCodeBench,BigCodeBench/638,python_minifier,726c39fadfacfb2d6d7c319b59fd0c063b4b271b4b0e53baa71cd6cc2f5958ad,257,88,94,94,True
BigCodeBench,BigCodeBench/639,python,ee9fe5674746e2cb88d140507d297484c4c9e689be39109690a700f37c55e27b,472,137,139,139,True
BigCodeBench,BigCodeBench/639,kern,b5c2828b0092e59fde8d0938cc71a906de63ca4e06eb1bda23d99915ecf35854,381,114,118,118,True
BigCodeBench,BigCodeBench/639,kern_compact,243411b5ae05e77c463c2d7793c2beab4cd2011bbdba4ed48e96302dd656593d,303,100,103,103,True
BigCodeBench,BigCodeBench/639,python_minifier,eb866e296d00e6022519e272e6ce480e38f6b41663436963c714e01f2bfa1c3f,314,101,104,104,True
BigCodeBench,BigCodeBench/640,python,d61451efe811df7a1cc194cd5f6bb90d159e8243763f6b6f9b5ae1959fe4d0dd,705,201,204,204,True
BigCodeBench,BigCodeBench/640,kern,9e9c7490a2c6053c7bde9c4c1b64350c9b776a017706af5fdc506d94161c57ec,583,170,173,173,True
BigCodeBench,BigCodeBench/640,kern_compact,21a66e2a6cb76a9e07371a8ba8a6188e6bc185f13ffafcb16191eb38d635805f,527,164,165,165,True
BigCodeBench,BigCodeBench/640,python_minifier,84a07c6aec1a1824d6288d98b32e393340a453397eed1ca62e21df2fd7659314,550,167,168,168,True
BigCodeBench,BigCodeBench/641,python,a7a5ec217b1028bd851928c23a7efa7afa11c57fc4d7941a9a541ec0d898134f,431,99,101,101,True
BigCodeBench,BigCodeBench/641,kern,405f2ca0a6bd5303f062dd620a7322bbee82984e5aa8ad7cd410444dfe2323e6,334,82,85,85,True
BigCodeBench,BigCodeBench/641,kern_compact,a9d2f52834c3e3aeec1fce3054a621198a478a43b5ec82ca5965eff58837e668,264,74,77,77,True
BigCodeBench,BigCodeBench/641,python_minifier,43854f530af2a67292db744608332e198d3627960bbff724c78236a4357a24e9,261,70,72,72,True
BigCodeBench,BigCodeBench/642,python,db84a5840ca5a6de0f44e3d90f9f1a03ea908c0148703a9d64632715a12c51fe,565,130,129,129,True
BigCodeBench,BigCodeBench/642,kern,61171600062a82d67a42ed5faa247b8747af4c2a46cad267758d286f15a6f74b,398,112,112,112,True
BigCodeBench,BigCodeBench/642,kern_compact,5fd82be0b2102d1181332e06559bdc394bff69dc563b05d5b2809e56b401b7bd,317,104,104,104,True
BigCodeBench,BigCodeBench/642,python_minifier,9bfb41fffe523cf359923ca023b2776e19b8a639d72294cd22e3f933440693ce,332,104,104,104,True
BigCodeBench,BigCodeBench/643,python,836c063cdd45d972d7410ac1ee05e01fb22e7c6b81c0a6937f32696c39236a31,409,98,98,98,True
BigCodeBench,BigCodeBench/643,kern,d62d16fc09269202b9a850329e22834695854f656fd67c288a136df409550267,301,88,88,88,True
BigCodeBench,BigCodeBench/643,kern_compact,f243046ff78c1e9ea0208cac204c9e9584826f4a4f5f0f3063231b951292d2ba,287,86,86,86,True
BigCodeBench,BigCodeBench/643,python_minifier,296d32565dd5882fba529fcbbf5353fe34856d6fa73d478a0393b1cdbe6bea87,281,90,90,90,True
BigCodeBench,BigCodeBench/644,python,99921c6cfae4145c513ba873fac58bbec1f085816b13e3eaa4608a201e7c7bc2,649,148,148,148,True
BigCodeBench,BigCodeBench/644,kern,7af35d77eba1c60d17ac24f53015b9c2d04fcf58740e43402b6548f79acfb771,432,102,102,102,True
BigCodeBench,BigCodeBench/644,kern_compact,5f8ca965ece7aeca7f2e215b9840a3d3bbfdeae421c5fd78215392e002563088,354,95,95,95,True
BigCodeBench,BigCodeBench/644,python_minifier,7a69c3cfa886620bb8770cf5f2596307d3d3885ac772a74897ff8e56113cba9c,348,102,102,102,True
BigCodeBench,BigCodeBench/645,python,c3df3c1167249c160352544f9c5ea20dab2fddd4b157269a2ed7e92d0b9b85de,515,116,122,122,True
BigCodeBench,BigCodeBench/645,kern,8dc0152d01199f4039d64d3c88fa561ff48d5d47a46a72cb9fcb4128948f76ab,273,68,73,73,True
BigCodeBench,BigCodeBench/645,kern_compact,f5da4b84bec766ac81c4c2b74cdc112eafe92b2998fbfed6857f8ce75a71913f,261,65,71,71,True
BigCodeBench,BigCodeBench/645,python_minifier,546a2cd621b52acc0d1d435ad814c3877a73a15d5d8c7cda359635eb1fa702fc,244,67,71,71,True
BigCodeBench,BigCodeBench/646,python,e97fc87918430887ab3b057c2b924338f112468cbb35b7616b9f133ea0b0c562,408,100,106,106,True
BigCodeBench,BigCodeBench/646,kern,5a4c48dbdd69eacb1e86706116ede5377feccf9358c2715acf8edffb7b265479,347,90,96,96,True
BigCodeBench,BigCodeBench/646,kern_compact,2657d8d51e9a871a9a541babfdb3dafce674436a5677ff7ee06974e688c2909b,339,89,92,92,True
BigCodeBench,BigCodeBench/646,python_minifier,27e9cf0f1454f0b4fa098dc24e573efab877c1275b8576cc72a52c745e54756b,337,92,95,95,True
BigCodeBench,BigCodeBench/647,python,ba6d2010ebaf97a1c444311613038aca643246df460b19f52eed48d70c4d50a2,810,203,206,206,True
BigCodeBench,BigCodeBench/647,kern,aced4844ad44687fb050a7acde080f5afb97e2c7e865e7e88abe93ecb4b16867,438,132,133,133,True
BigCodeBench,BigCodeBench/647,kern_compact,9af58d69e5350812363a238e2696ebb6ed80ea2d01c74fc8a8f5bf44e071f369,242,84,85,85,True
BigCodeBench,BigCodeBench/647,python_minifier,8c4a4ac52ff448310b1ff53b8dbb2e4a12435a0dbb4c17219d049313d9b2075b,258,84,86,86,True
BigCodeBench,BigCodeBench/648,python,f384c574724ab480eb122c3c3de6c4ec06f4f79ec16bbe0f39d966667cd89f9e,338,79,79,79,True
BigCodeBench,BigCodeBench/648,kern,6a28530ea83debc84c9d1025e6f4534b41400e5bf16c5aa1ccafffa4e03211c5,215,60,60,60,True
BigCodeBench,BigCodeBench/648,kern_compact,a1ee2b043bff45dd7f9e1198c8c0798916325bd3cf436b6cbdacf7841eb21c27,162,49,50,50,True
BigCodeBench,BigCodeBench/648,python_minifier,e773d1453c791e4ad04b0033c07f6964480abc8fdad6e473ca1e9a589e8dc313,187,55,55,55,True
BigCodeBench,BigCodeBench/649,python,2b8e747bbd5f8450038f51b8a39589b68501d821dac442110cc1a027ed1dbf5f,426,103,104,104,True
BigCodeBench,BigCodeBench/649,kern,df7fc4f834e66b267cde4ef1410e56a2e2a72b55d2b7038274b91c94d67bade8,351,86,87,87,True
BigCodeBench,BigCodeBench/649,kern_compact,17f82f06ab88bdf2f2197cf36f892a50c4e0c66231a53a4d469e10854ccbea91,258,70,71,71,True
BigCodeBench,BigCodeBench/649,python_minifier,0b346f8096b71220f1377466e5bad1f4ff8612adad7378766b32bd9bfaa30e5e,277,73,74,74,True
BigCodeBench,BigCodeBench/650,python,86e2e91849bf748f0e88d865f75d781fd7be126283e4ceb90228b7ca7cac8fb5,495,130,131,131,True
BigCodeBench,BigCodeBench/650,kern,2c8794ad68b5ff5ebb61e4733d6933466f14e132de8164cacffe38e59f4a8d79,322,94,94,94,True
BigCodeBench,BigCodeBench/650,kern_compact,b73942c5cd30e45613125a560fd49c3c65568035cb047ab989dcc6d279071aa5,226,76,76,76,True
BigCodeBench,BigCodeBench/650,python_minifier,a54459b07ee152a51429b7914dd4691edec8c8211c0c7141c39afe60a5dd8e76,245,78,78,78,True
BigCodeBench,BigCodeBench/651,python,2ef9e48c073e2dc4277654884de2a96de5d60c601702c613ae26e58e24b17278,558,130,132,132,True
BigCodeBench,BigCodeBench/651,kern,eda35a469fd1eb3469bc02c826be8b8197be7b51ddef5e281c83df8c8e63b012,342,86,87,87,True
BigCodeBench,BigCodeBench/651,kern_compact,2ed767c4ff0bb436bb4d7588f37ba37e6f246f487365114f2ca7c5d9abbf9329,248,72,74,74,True
BigCodeBench,BigCodeBench/651,python_minifier,8d790e442379ac8934e0b2c5e8d4cea2286c419afcf554713fc2d5f00d91b177,269,74,75,75,True
BigCodeBench,BigCodeBench/652,python,381bf49560f0f184c244fea4f55384ba729f5e12edacd0abc9470eeb346954e3,1035,275,275,275,True
BigCodeBench,BigCodeBench/652,kern,852f0010ffb6368768fe027b515c64d1bcbc86762deeb710e66e1247d3e8f995,677,191,195,195,True
BigCodeBench,BigCodeBench/652,kern_compact,25bd5e9af71943872984aea4acc3cb1ab892fcb709a4e0bb4be6725158750764,561,177,182,182,True
BigCodeBench,BigCodeBench/652,python_minifier,4257c5a22c2f40fd538d6d25d50e1dbca0939d7d827e42e65c037dfb0161223e,560,180,183,183,True
BigCodeBench,BigCodeBench/653,python,384e1f01c880bcd6f918021a1ee83a95f09011f15e00e06c991619113e846984,376,93,96,96,True
BigCodeBench,BigCodeBench/653,kern,1b0db8ec949c2db626544db111cb545047db27fa0cbc2e3c7b566f19ae0cb18f,224,64,66,66,True
BigCodeBench,BigCodeBench/653,kern_compact,9d6e2c85f144a1a53510898c48cf0edb20731540d60cd872e6077435385baead,209,64,64,64,True
BigCodeBench,BigCodeBench/653,python_minifier,f227010fa51d34c74d7ba4ee55cedf9f5ac7ba73c1b2def674041b8c78e0f8b0,226,64,64,64,True
BigCodeBench,BigCodeBench/654,python,149cde41f036a6060f2fb71acba49da08c3265ee46594656072d27f3636c7e81,896,250,253,253,True
BigCodeBench,BigCodeBench/654,kern,efcc3264c697b125b133c5b027005799f81de3eb7d1438f62218783031dd3ae6,610,174,180,180,True
BigCodeBench,BigCodeBench/654,kern_compact,edd68168942ea82233c04b6efe51d832637f62a354b983658e6c18facfd55e63,479,151,158,158,True
BigCodeBench,BigCodeBench/654,python_minifier,39d5dcf1483d0ad2e7758da6c9fb41cf7657bd0cbaca53da163ae216a6a74a67,508,156,162,162,True
BigCodeBench,BigCodeBench/655,python,8dba7e6acd4b9818ea5b9a792c6dc92d159ce5cf661e67fdff5ae00db19af8a2,1649,368,382,382,True
BigCodeBench,BigCodeBench/655,kern,a527305da40800df01907401aea6868f507441a1ae660603934c85473109c9aa,967,247,260,260,True
BigCodeBench,BigCodeBench/655,kern_compact,b93056be56376a3e1ed117757ed7ecfa7ba79d5c579cddea3372b44da060a823,770,221,229,229,True
BigCodeBench,BigCodeBench/655,python_minifier,2ef3dec125d8bf76643551ae8aa1add98fa2eb35ecd472c437eca9de959c4be8,762,231,238,238,True
BigCodeBench,BigCodeBench/656,python,6cd4b5baabe48d09f6d0466c589a80efc083e9ca21d77e26fc8313724a03470b,462,119,123,123,True
BigCodeBench,BigCodeBench/656,kern,97d7dfad87aae73862beb63bab5d842f66603e3393ef1b5417760284b4b9246a,377,105,110,110,True
BigCodeBench,BigCodeBench/656,kern_compact,1b668b94d8b3c2d444245a0873263fd77de144116616c231d08a5aab8666e6a2,352,99,103,103,True
BigCodeBench,BigCodeBench/656,python_minifier,329d2a2008c8a92a01d0962e1b4304034c2e1aec4680e4d2dc8120fee2b4fa37,327,98,103,103,True
BigCodeBench,BigCodeBench/657,python,ae75a8cf5e608f315be20aaa77ebe8b4b105f79f63ac70f68089d8597e96a483,683,175,184,184,True
BigCodeBench,BigCodeBench/657,kern,3022c6e643047ac76eba4162e0362643a06cb1b1c61d98045d70eee08d77051f,487,139,148,148,True
BigCodeBench,BigCodeBench/657,kern_compact,98ca4db4a533288c256bd5437e8da2f9e0ef4d624bcc3a0761681288719dd95a,390,126,130,130,True
BigCodeBench,BigCodeBench/657,python_minifier,3ae809effe8b70a8a7b2144da35fff0b96e48287ddbcee44d8f603bffda3a8e2,414,135,136,136,True
BigCodeBench,BigCodeBench/658,python,93994bc56be5184a9858d5fe550939832ebe7b468e24626ee3931ec245fd5f4e,921,206,217,217,True
BigCodeBench,BigCodeBench/658,kern,d4ce2213d42fe3983721d4fb6bd42216733383a54436083ef12bcc04f165ff89,632,158,166,166,True
BigCodeBench,BigCodeBench/658,kern_compact,0368de51df0cc6348f027778086a2dd7c6a87ad6ff600cba06cc2fb1b93b35b3,495,137,141,141,True
BigCodeBench,BigCodeBench/658,python_minifier,9de99ce0f32b0a5c91214eb5983516d11569770dbe78177649dadafd88980277,510,140,144,144,True
BigCodeBench,BigCodeBench/659,python,42b86e9361da7fa0d3c1d29e587773b7ded9c5531c11efba4037e254d462edfc,352,93,93,93,True
BigCodeBench,BigCodeBench/659,kern,919c16a8de4be6c1febc8ac6930c981cd3659c8ca498c477ecd52e2d7f723f32,257,78,79,79,True
BigCodeBench,BigCodeBench/659,kern_compact,2036ee4f3ddcb0287b4f3f1394db17444d0414f6f58972de83506fd15131af74,228,75,76,76,True
BigCodeBench,BigCodeBench/659,python_minifier,683d73c932d9a49685b4ac216a8878cec63f57308b381fd1f402f96168525db9,245,75,76,76,True
BigCodeBench,BigCodeBench/660,python,b9a72be95cb74b51cb98ff8a17fb7485844089277bcee2d214389d1fc2770a4a,667,162,164,164,True
BigCodeBench,BigCodeBench/660,kern,703c605608105600b9a8b03f945bfcd74d422b7cd6f0538bc8233433ab474a44,316,87,90,90,True
BigCodeBench,BigCodeBench/660,kern_compact,c375555a6b80f0f99383389b3f48cc55ef477a95c8a5fbac1b5ae920cce1ae3f,269,80,81,81,True
BigCodeBench,BigCodeBench/660,python_minifier,ea130b442a50a5458a2a580907e0a5e1286a59d633eba59af13ca49f4ed27fe9,289,80,81,81,True
BigCodeBench,BigCodeBench/661,python,e2182eb095f1f20d8de0d77c46445b4fc4384116a146179d3ab4a3bff049029b,364,113,116,116,True
BigCodeBench,BigCodeBench/661,kern,4e4dbb823dfcdfcc1bfceaed921b901551e196976a4a0b99df883c7e24f3f58d,266,86,89,89,True
BigCodeBench,BigCodeBench/661,kern_compact,8a4d769c1c4477eac449b396d393ee0a709f20d4eb5ddac6ee7731b7996ba31a,244,85,86,86,True
BigCodeBench,BigCodeBench/661,python_minifier,17e2275c03effa9ec67953c5fd555b88c965ecb25c558884141319995a5f7bfa,261,84,85,85,True
BigCodeBench,BigCodeBench/662,python,22bc330efcad3676af70cf8890439c30e5a56fff5aed19295d5074374a7d6350,410,107,111,111,True
BigCodeBench,BigCodeBench/662,kern,ac46c880f4685c7b79d9da79dc171c68fe93ea02d9d8ffd0b32991415a1992ad,317,93,96,96,True
BigCodeBench,BigCodeBench/662,kern_compact,981050642048e9c5616735d4002a38953e1bb70e551b9674e9f5c57d2e6c2fd6,261,83,85,85,True
BigCodeBench,BigCodeBench/662,python_minifier,8b329ddba27c22c5b0c2efa8134b2c80a2c6c440d540d10fd9c65f9bdc063216,281,83,85,85,True
BigCodeBench,BigCodeBench/663,python,0320f4a3e4ac00e074a1d32337b392c4b46b9577afb3097edd0df9808a825e9c,555,145,146,146,True
BigCodeBench,BigCodeBench/663,kern,b80ac322527a9d3dfd5d39f3390928c76ba4e831aaee525a0f46203e003c721c,355,108,111,111,True
BigCodeBench,BigCodeBench/663,kern_compact,b4a96af60d74b71ad12e1e9067e2c29396ceb07fd31c52ae1409ca12c838493a,297,98,101,101,True
BigCodeBench,BigCodeBench/663,python_minifier,2f292fae718cbbcff5303ef11845451057dd9ae7bc85d8ee5e66c7a5038bf069,334,104,106,106,True
BigCodeBench,BigCodeBench/664,python,6fdd93f0ba28a1b00c1ec49fb4f31db026fd84a4e5171ad8cd6fbcf5174cd702,759,167,170,170,True
BigCodeBench,BigCodeBench/664,kern,4c1890db9e031c0c958d77909b26e87a449be36a8edca9581b4f6ebbb9f4d277,493,124,126,126,True
BigCodeBench,BigCodeBench/664,kern_compact,10c7cda31dfbc548a212186b4d8a3eb52a9ea327a2563a1ab8c295088a274c45,395,110,113,113,True
BigCodeBench,BigCodeBench/664,python_minifier,93b6e1464b7557db02b326f3c5260f41871b83ae32511ffa69e0876ab362d3b8,364,107,112,112,True
BigCodeBench,BigCodeBench/665,python,2d3dac883728ab6272ea3680e213eafd81e0da9b83db41c589690c6f509db8d0,419,100,100,100,True
BigCodeBench,BigCodeBench/665,kern,e72b9751f8fd2d2294392f0a1c9c2295860518b99d9cb34ad210444f2f857966,321,83,84,84,True
BigCodeBench,BigCodeBench/665,kern_compact,051ea93859d3b57d59fc510182a14924e46287d49b7851ca92b5a870e07b2c01,233,71,71,71,True
BigCodeBench,BigCodeBench/665,python_minifier,e78a0797af850578d01da5f1d64827919a351c7d355bc24b93869d04fb737c90,245,79,79,79,True
BigCodeBench,BigCodeBench/666,python,3154e505e8cdeb582125b00e1d9ce4b8c7c48250b058b9b0b5d9b0815cc33346,419,99,99,99,True
BigCodeBench,BigCodeBench/666,kern,023de2eaca5085fd93062907ac1038963d75f1ebfbcc73ab2304c486aa791efd,302,83,83,83,True
BigCodeBench,BigCodeBench/666,kern_compact,b77ae73f23dfa5aecf8278e2cb94a3856f5ac118ec06b54506de8ed249c8cd7f,218,67,67,67,True
BigCodeBench,BigCodeBench/666,python_minifier,ae15b1dfdd8238469c574d8de50a2fc98a2b7a2823b9484312fec7cbe43fb32c,245,71,71,71,True
BigCodeBench,BigCodeBench/667,python,86260c90305b1979fe81b1fa259d899b56ef12adb13107578e2b0c69c0915286,186,44,45,45,True
BigCodeBench,BigCodeBench/667,kern,2ee99c8733f96badf4d234548674b42236a78f939ff623b2b8621dcfaf11f988,135,37,37,37,True
BigCodeBench,BigCodeBench/667,kern_compact,56804db6c0fc13799f8a98ae64bc37c3fa7fd091b99ff4783ab3b3d0c7621106,99,30,30,30,True
BigCodeBench,BigCodeBench/667,python_minifier,794a8389842a4ce523f311d7d4e3b54839bf94cee6bfbf6214e669515b4b779c,116,34,34,34,True
BigCodeBench,BigCodeBench/668,python,40a906e33d1a82bd5190e30f6afa71ebb11a5176b650d5b2856f3b99c87c20ea,412,98,98,98,True
BigCodeBench,BigCodeBench/668,kern,2132d1bc9d286973bb8a1cb248658e24edc9951425f0abd30b51280d19e5a4a0,294,81,82,82,True
BigCodeBench,BigCodeBench/668,kern_compact,406d2068ebaaf1dbfa8a7b5e50737264e45560bc39bfd50222bf58f5f7544da2,186,65,66,66,True
BigCodeBench,BigCodeBench/668,python_minifier,3fccbd7f3215d6b75445bc6196203bd9195ea6133ef506893e0b05f07994a4f5,201,70,70,70,True
BigCodeBench,BigCodeBench/669,python,4375fcba3542541861b56d9d7a721a118dbdbf66d7c0f7186ec44479cdbf9fb4,229,64,64,64,True
BigCodeBench,BigCodeBench/669,kern,6f518c89a0d0a433a4fb48f2ed55cc220d3e4b2886b071cefa3cd3d71df54aaa,182,56,56,56,True
BigCodeBench,BigCodeBench/669,kern_compact,694f59ff1a5c5234905db5899dca4a8604f5d9a31bbe6fcf657e55f4bd8fe112,144,49,50,50,True
BigCodeBench,BigCodeBench/669,python_minifier,a974d42f682e66bd2786b748d93ec969fd0a3c74fb3fdee8f287ba7f6a57b11f,166,51,51,51,True
BigCodeBench,BigCodeBench/670,python,ad1527becf27d5b82f19d17be61fdaa71324e1e066a9974c1174273c9b63401a,372,92,95,95,True
BigCodeBench,BigCodeBench/670,kern,1d1f1b5383388d81b0d965e2a7bb8a189fbae1d2c753dde8d8d67a7f5f80ed52,268,72,75,75,True
BigCodeBench,BigCodeBench/670,kern_compact,a60652a3678048bee99bf61df62240f1a9e0cfd55f3fbdf6f09d4b7fbebc4779,172,61,61,61,True
BigCodeBench,BigCodeBench/670,python_minifier,faedc137ec44ce972ab85453696a43123979cd4502319bb20c3880c87fafb367,195,66,66,66,True
BigCodeBench,BigCodeBench/671,python,5e15077d441ce9eb7c13e2f07dc08988fd5b1450975f8ef081da0ae1a9b25d27,400,92,92,92,True
BigCodeBench,BigCodeBench/671,kern,19c9e24082f422dbf5c35b3029c9bcb1f5790aedb0716f3916151e9abff6d564,295,75,76,76,True
BigCodeBench,BigCodeBench/671,kern_compact,2e27074254145ff59ef3a504e05b70577589ce76d2e9eb8ec9a94a9b5e68077f,246,72,72,72,True
BigCodeBench,BigCodeBench/671,python_minifier,4e3beb63ffa864b6110a20893002628217537f5a6dde7e984a466280df737aa7,251,79,79,79,True
BigCodeBench,BigCodeBench/672,python,762b65df5222469cf3ddceb820915c0a14e5a73f76bdad319aea5874bb4bc5e4,437,94,94,94,True
BigCodeBench,BigCodeBench/672,kern,7068d007285399b4891ce311c4b4ebe2ed32c2d3b12bdafd5950458474eef522,292,79,79,79,True
BigCodeBench,BigCodeBench/672,kern_compact,52d0f42f8171df5d889695d0eff202861f1c9fcc0c5f0d5bf79ee5e74179322a,244,77,77,77,True
BigCodeBench,BigCodeBench/672,python_minifier,44a4ba0ebeee1b17a12b20a3008185c8fdc036fb287ab568df30905e921fcb65,263,83,83,83,True
BigCodeBench,BigCodeBench/673,python,06babde210de68fdd6659f50d4328f785853f693b238d685b707253b70927f73,357,86,86,86,True
BigCodeBench,BigCodeBench/673,kern,f67e85d0c10d5afacf2ae29c8daeed172cdea78ff96d6a8d700078acbd48bbe7,269,72,72,72,True
BigCodeBench,BigCodeBench/673,kern_compact,e180403ba134c4dcdd199233811ad1107e73fe4152b9a5cf62331fb82a43d12a,238,70,70,70,True
BigCodeBench,BigCodeBench/673,python_minifier,db0318bdcf6964f07666c903b1a117397487ed2162095aefbb114d6fc29f9fb2,249,79,79,79,True
BigCodeBench,BigCodeBench/674,python,b5e7a578ce815e211f3726f8e4e70d9c1251219605c6acccc29cea38793b2c8c,406,99,99,99,True
BigCodeBench,BigCodeBench/674,kern,f7e8c485d1dba9bd5aeef10af649f7e1888acd50153648fe800a080d79098ddc,277,76,75,75,True
BigCodeBench,BigCodeBench/674,kern_compact,fa6d9258bd6b931e4099315dcca1fe362b88f643152e6c73065c44822fd8a633,252,73,73,73,True
BigCodeBench,BigCodeBench/674,python_minifier,b0c67f7f4edde9f2a7cb1e133f070e8ce8bcde51bcd6bde11b9a46ba0aa39fb2,245,80,80,80,True
BigCodeBench,BigCodeBench/675,python,ef818907e0b4c65ceac8383402e28f08de4032541f2ec9d9056e0ec0a587490c,361,85,85,85,True
BigCodeBench,BigCodeBench/675,kern,8f93e2cb39fa2615fa749b99484543f250bb82fa52a458c67b8dc88f555efe4f,273,71,71,71,True
BigCodeBench,BigCodeBench/675,kern_compact,f434449668b28493ba9c08ef68ec840111eaa37f5e59e19ef41517810da4d131,242,69,69,69,True
BigCodeBench,BigCodeBench/675,python_minifier,b0df3e3f579498c78366e98410cbd67ff0eb848c4cbbda44b9b585483f0e9780,247,76,76,76,True
BigCodeBench,BigCodeBench/676,python,1cbbf7fd80e3a80dbb65521aec501d1e9514676013a1416fa74eabca6a079b5c,546,133,136,136,True
BigCodeBench,BigCodeBench/676,kern,64b14cf174a5bf265f69504cd60c7f0f66991309070a1819e8fb488e2b2b18a4,330,100,104,104,True
BigCodeBench,BigCodeBench/676,kern_compact,3d7e39fa4fc9021531f93a3060a25f2ef9e408804c4f007ceaa3e39d53fb976e,291,95,98,98,True
BigCodeBench,BigCodeBench/676,python_minifier,d6cd72edca8efa459c58cb2004571c7402bf9019ad965d2c33bf62f9a1efa014,290,104,104,104,True
BigCodeBench,BigCodeBench/677,python,3330855f49dd5753854f3f6f8bcd646deebf6eccccbc87b13a7b88fb4890f60a,491,118,119,119,True
BigCodeBench,BigCodeBench/677,kern,3ac4c64024eb5c4d469854cf5eb4db515b31ed577249bc9648c0a387c57f6e99,272,74,77,77,True
BigCodeBench,BigCodeBench/677,kern_compact,6a206b429f68346385e1137dec9592b281fee8988aa2ab518df364e27a99126f,221,68,70,70,True
BigCodeBench,BigCodeBench/677,python_minifier,cac1165383e6c323e6a4632381f90b8a92feeb836ddcce067c66a2c7684fb2c7,235,74,75,75,True
BigCodeBench,BigCodeBench/678,python,4062955c0016720b21eaba6ab873733f1b6308b8457bc8c6a4d3f4f34965fc5c,763,161,163,163,True
BigCodeBench,BigCodeBench/678,kern,d237ab8cc927ecf96e3af2039690e41196e86af61ab3ac1a8fa66da96ceff05f,505,125,128,128,True
BigCodeBench,BigCodeBench/678,kern_compact,02cb6711bdd3a7bc95b2339b6e7f15eb74c880f11976506f4784df41458c3200,346,108,110,110,True
BigCodeBench,BigCodeBench/678,python_minifier,4d2c2b91e9a1aa7929ca27832d1f5690b978329edbad6f79d3957ec2b80640eb,386,119,122,122,True
BigCodeBench,BigCodeBench/679,python,ff7df95c0a9810bdfd5b1ed18337012ae206a485a150ca733d86df522bfe3e62,332,68,70,70,True
BigCodeBench,BigCodeBench/679,kern,1c47157efd1acbe909891eaead2443fda3b35af5487ec32e55f788afdb868851,199,48,51,51,True
BigCodeBench,BigCodeBench/679,kern_compact,8ddd22ff400b387a66af9f671fb34998f734cfda26b7f7663e3d320b7d98198c,162,43,45,45,True
BigCodeBench,BigCodeBench/679,python_minifier,d769a2490afcb82f896cb1fd07cb42baca1f397a617cc216dac9c8e55e933d3f,181,47,48,48,True
BigCodeBench,BigCodeBench/680,python,2e2151dbc0df6ca37be46cdcad0ffe4a13fcc49c25556484b1c0f9e84b33432d,683,146,149,149,True
BigCodeBench,BigCodeBench/680,kern,aad20a7fce638f5d3ea82611c4b645367dc3f35f0f4b91e2b2b55b6d78a93fb1,306,77,79,79,True
BigCodeBench,BigCodeBench/680,kern_compact,f4cd22287135d9b382db067d3866ff7f2e4b1c68c71952ea77bfb087a19e658a,292,73,75,75,True
BigCodeBench,BigCodeBench/680,python_minifier,bed150d37903c79d58ccf0aa096aefb9823fe698947f05aa0daa4bcd87101e8c,297,82,84,84,True
BigCodeBench,BigCodeBench/681,python,15b9c17d8bd4dfc16ad6dad16c950f410e5774fdc21327a612128d1e04e4bb3a,304,80,81,81,True
BigCodeBench,BigCodeBench/681,kern,afc4c4bc0828936133db3f58d17f1793cae7a1da4a4fd59efd8927cfb70efbd0,237,65,66,66,True
BigCodeBench,BigCodeBench/681,kern_compact,c1c4e5874e319832b2448472c569c2f757d19143f646e9e06cc70d9d5df2f929,211,62,64,64,True
BigCodeBench,BigCodeBench/681,python_minifier,2defccf5d2d0bbd2bb23a181952c567c06b487c154117807f145d26d9c1922f1,224,65,67,67,True
BigCodeBench,BigCodeBench/682,python,8bceabe231d7966113c931d528b2b65f28e24d98eee0430abd00f01b10cd40ed,256,59,59,59,True
BigCodeBench,BigCodeBench/682,kern,c8db05e2d00e5e1f33fa7e46b15d6cb05ac3d49dd9e2942586353216d4462c3d,208,52,52,52,True
BigCodeBench,BigCodeBench/682,kern_compact,ce9aed4794f08d9cf5ed2482f2de7af92ab021a972672f57e4f271b670ab1924,170,49,49,49,True
BigCodeBench,BigCodeBench/682,python_minifier,93c71f7ac83444c64efe42d8356d910e4cd5c3f407157a891e49890f43c59abf,188,53,53,53,True
BigCodeBench,BigCodeBench/683,python,7f5ebbe429de657bcdb4ae440737619529cb557dbc56217b2af5139ec11f38ff,282,76,76,76,True
BigCodeBench,BigCodeBench/683,kern,5f5160b4651240bea8e7ebb1f5f1ee42f6c98612ae049428faa6ee9a8cc49004,211,61,61,61,True
BigCodeBench,BigCodeBench/683,kern_compact,2d6b3c5d4d94ad7856ac719846388dc154a50133e02882cce25e0f8343bec51d,177,60,61,61,True
BigCodeBench,BigCodeBench/683,python_minifier,4ece29efb1196ab2c489ef9af65f2d25e5b80a5739a41b59fdc71b656652c90f,190,65,66,66,True
BigCodeBench,BigCodeBench/684,python,7213ae49cd285864d9cb069442790fd13498acf9ef287c9001e9a09b1bd5b874,435,114,115,115,True
BigCodeBench,BigCodeBench/684,kern,37e36ff621081ec040ccaa1bef44a1ef9472a5e807059dae137d9dabbf80a926,165,48,50,50,True
BigCodeBench,BigCodeBench/684,kern_compact,3c5b185197a27e4c9747fb3f875074d895d6dfa9765610bfc189665c662212ac,125,42,45,45,True
BigCodeBench,BigCodeBench/684,python_minifier,f07805500f0365e81d33a4f234a28436c8c2ddd478153efbb568d2170f5386f7,138,44,46,46,True
BigCodeBench,BigCodeBench/685,python,768d5820410825c456a8801eded8f10cffb907f4489a6180f7b7b36e17d4feaf,180,37,37,37,True
BigCodeBench,BigCodeBench/685,kern,4fa20560391c54b268cbaddd2ea46b0ba65e7562961ef683abeecbf083a7bf7a,153,33,33,33,True
BigCodeBench,BigCodeBench/685,kern_compact,77ae4a5a6253cf4ce9573850d12a2d8a0d0d3855a09314f79d05cc5560618d4b,133,29,29,29,True
BigCodeBench,BigCodeBench/685,python_minifier,546420faf3792bbf1eb2a493aa88c5210c788c77836dec22814a7f8a1891dbc7,149,31,31,31,True
BigCodeBench,BigCodeBench/686,python,6f948bd78418c5fd5a166ab15e7f53b4137bd033a67a76667889ca8ffbc4635c,305,71,73,73,True
BigCodeBench,BigCodeBench/686,kern,f35cba366f24697aebac25a738df5d677de9abb94571da19b5ae7bc2f4b0f6f9,257,62,64,64,True
BigCodeBench,BigCodeBench/686,kern_compact,e3a3dd83e84bfd29c58f085efe0961ba76d37bd24252de09e657ee52784f38f2,199,56,56,56,True
BigCodeBench,BigCodeBench/686,python_minifier,e054720ab50b38dd25ca25c33ae350a20312eb7ace700a09ae7d1d4b83f47bfd,219,59,59,59,True
BigCodeBench,BigCodeBench/687,python,8044469e7e714071d659831393b42b4b3df519bd6d044d0e5056d3af7cdf81cc,242,56,58,58,True
BigCodeBench,BigCodeBench/687,kern,6d01b48d281f35bbc63d3e122bb23b475dc8c06ef664c8fde0bd54d03927310a,207,51,53,53,True
BigCodeBench,BigCodeBench/687,kern_compact,94c15a1a9580c389b34c50a5ce3227df953f5f11dd923d9f1e8e7b47b12cc834,133,42,42,42,True
BigCodeBench,BigCodeBench/687,python_minifier,358d29b6db3f486c1f90328f74c7a73d8f24615659caab720c5ae8fa2b15af68,149,43,43,43,True
BigCodeBench,BigCodeBench/688,python,5a7bb81e544a78eb357054aa8259f1a693fc9a5c34f87af958709d968ea4aae9,248,51,52,52,True
BigCodeBench,BigCodeBench/688,kern,6dc113a060e2ce5cb99bd42cb5915a6107b4a7ddea4f8245d55e379b50a83a38,175,38,39,39,True
BigCodeBench,BigCodeBench/688,kern_compact,cfbdebcb0527f51cf5de8082ef2f6467e387fc44021f82da3c5902abc3ccb91e,149,33,34,34,True
BigCodeBench,BigCodeBench/688,python_minifier,866f25a5d98007063f1883550ca3608bf6c60b41c73e382e3b4c01494f82240c,169,36,37,37,True
BigCodeBench,BigCodeBench/689,python,bdd92ecc749d36497bbb94cfe1549c362180e361407fc197c28b471599c1a1f2,275,64,64,64,True
BigCodeBench,BigCodeBench/689,kern,cede0748a5f0753c2d8da7c18a14176544d8038d22835fd9ae2d0ccdf33ee004,191,51,51,51,True
BigCodeBench,BigCodeBench/689,kern_compact,977b29f3f6716d79ca15e2c4d8354d3e5d2e3ce7e6dd4b58656923b361f2cca5,132,43,43,43,True
BigCodeBench,BigCodeBench/689,python_minifier,da627571cb023d0493634fb28d3faf1b092729b4b81791e784f9a7610bf308f7,144,43,43,43,True
BigCodeBench,BigCodeBench/690,python,a41c5415856c8b9e81736f7807b68e9fa7d7dbc3d9b64e98a754e8e813beb0d0,371,99,101,101,True
BigCodeBench,BigCodeBench/690,kern,a3236620de39addd50ba9535728d1e3c54473307dcb372847849523541eb6209,186,53,54,54,True
BigCodeBench,BigCodeBench/690,kern_compact,2712baa29953bcc9c1babae1f1c17e692778f7b855541585ac42424e943ff201,180,51,52,52,True
BigCodeBench,BigCodeBench/690,python_minifier,1bbccf3b22c5e5e38fbd1c9ab080959a0e756aec87e28f09da93c8c5b1f49b1e,200,55,56,56,True
BigCodeBench,BigCodeBench/691,python,c194e4ac67c79ef246c908c70fb46351319f5e40689e5c8a66cee0115d21feb9,550,122,124,124,True
BigCodeBench,BigCodeBench/691,kern,291092d5782eab35aae1347a380796822fe61d57f8a074baa9780fe046b40d5f,296,74,75,75,True
BigCodeBench,BigCodeBench/691,kern_compact,3e755cb085a010025f339172799ba3496be30861e87a99ef77b6909a6b57264e,249,64,65,65,True
BigCodeBench,BigCodeBench/691,python_minifier,6bd8b4bd7d1c84a2a2956f8b78ce102cb2f062e6d3d5edc8d56763218cb8bb35,272,68,69,69,True
BigCodeBench,BigCodeBench/692,python,db7b0043b93d4736d356bf428df0ccd5fa6130cb339422b0f6b467f842601f59,144,39,40,40,True
BigCodeBench,BigCodeBench/692,kern,5d70d6807143f2710e5d145edb8eab700ad972a72dcee97bd9d4352b878f876f,114,34,35,35,True
BigCodeBench,BigCodeBench/692,kern_compact,5ddb5c5fb348fa8e9309001a39bffea49bbd5cf049a439c4ea3104c7cff0948d,106,31,32,32,True
BigCodeBench,BigCodeBench/692,python_minifier,bcbf0522bbf746f6fe291a4b11f1f8f4c18cd089f4c8d1a5872dfe45abd9fd7d,122,35,36,36,True
BigCodeBench,BigCodeBench/693,python,a5f67030946759b458ad0cd42b014aa36fa4834f8f3191f4e506ff5fa5c47f89,284,60,62,62,True
BigCodeBench,BigCodeBench/693,kern,061a4cf17a2850f255d6eb07a57799b5abf4cab86a019b9a601b481be5990409,224,50,52,52,True
BigCodeBench,BigCodeBench/693,kern_compact,cd2c56e4528a2c2d616989ef1204cfb4975630e22a2579c419fa77199487f8ce,201,46,48,48,True
BigCodeBench,BigCodeBench/693,python_minifier,75973ccfe445502887baa3bf07a0812ef3c288c1d7ecf7afa3eb73b78ea319be,228,51,53,53,True
BigCodeBench,BigCodeBench/694,python,def985ff34eaf2c489617e540a74922a72522420ddb0996b0987fb3964cbd7a8,193,40,40,40,True
BigCodeBench,BigCodeBench/694,kern,3cd620f94c5f70c525269e68ff7db4a5cda79bd3cc986acbb1644ea4680a818d,136,30,30,30,True
BigCodeBench,BigCodeBench/694,kern_compact,b27b223eba889d83576cf3d01b0232dea5dbf53324d4c9c4a37c7db96f14a4e9,89,24,24,24,True
BigCodeBench,BigCodeBench/694,python_minifier,236319eb777ef77fee89c13b774de05261963fff0bc8e6e6b5ba1188147fa2ec,106,27,27,27,True
BigCodeBench,BigCodeBench/695,python,bf8d88960b139ae44f16c13bb146c1c2aba022577dbe9e2d5a55a4becec276d2,248,53,55,55,True
BigCodeBench,BigCodeBench/695,kern,a8e45a6c003fff0793a3eb15ae6ca582010d4535509f7f743395f2ffeb492ac3,178,45,45,45,True
BigCodeBench,BigCodeBench/695,kern_compact,d9c24b05c2fb39f83f3ae2c0f27975caf49ba4adf78fff7cef80d419d9ab9cc9,151,40,40,40,True
BigCodeBench,BigCodeBench/695,python_minifier,2a0fd8df50944ef1d6eb8d42758d5f7c33f87c77b66eca9356137b50d2be16a7,183,44,44,44,True
BigCodeBench,BigCodeBench/696,python,bcb63c8244b5423ff9951ded5491f2e7b998887e0d9f8435428392a9b10c38d9,353,94,94,94,True
BigCodeBench,BigCodeBench/696,kern,f3776b377397ccc205276aca6563c0fb4fe5afcf28bae9c0147e1432d795f3fe,243,74,77,77,True
BigCodeBench,BigCodeBench/696,kern_compact,3ca91931644fbd7e00f7a8b7f69c582cf81a0ba8db7ef90ae35b80c2a39748dd,213,72,75,75,True
BigCodeBench,BigCodeBench/696,python_minifier,18441adbf20893e916b9635c030246e3ccc86fd5d73ed42e2e0dcc996ad5b4a3,237,72,75,75,True
BigCodeBench,BigCodeBench/697,python,c5359684dc6aa3500b1c0e964ba428345ccfbf81c26dd55aecd751bcdf6cc093,420,105,105,105,True
BigCodeBench,BigCodeBench/697,kern,7b3c72c1ef6450214d01e900dc0b6b1a25a9b9b7f2e95205a29d9df150b0e7f1,265,72,72,72,True
BigCodeBench,BigCodeBench/697,kern_compact,7838fc96ac9c4cb47c5258a0eeec92bdf4e7c9c8ecc108041b0f3779beea52ba,253,70,70,70,True
BigCodeBench,BigCodeBench/697,python_minifier,014f605f60d586edb887aa846d4917213d744dcf916a410a002049725f574efd,268,73,73,73,True
BigCodeBench,BigCodeBench/698,python,15f7422d2d5f3403d37c8fdb512ae61a1e4424c540a0d69e1eb833445db39d4c,314,88,90,90,True
BigCodeBench,BigCodeBench/698,kern,e0a4142192aca0e32d1f352c92b0ec09db28ae087477e96b1b0d04b1c17c3e30,261,69,71,71,True
BigCodeBench,BigCodeBench/698,kern_compact,6bf5b6b40ad7080567e1d2834846877abcb5d33ff6519f1d756933f2509b7741,217,63,65,65,True
BigCodeBench,BigCodeBench/698,python_minifier,799e9a77200b3d2220e7967cac9ac69d73801f42cae73eba09dfd8141753b91b,230,63,66,66,True
BigCodeBench,BigCodeBench/699,python,0237ff3ff2f02659e2353ee8e80f86b0ac88efa31042f88355f583ea881fe8a2,294,78,80,80,True
BigCodeBench,BigCodeBench/699,kern,c5e4733ed805dd6bc35e934f67e50caa22a26ff06c22453b50eee5ecc3289e92,231,67,69,69,True
BigCodeBench,BigCodeBench/699,kern_compact,8ad89849f40ca213b63f37882d19c193aa5b76377e21a10b4eecaca6921902fa,214,63,65,65,True
BigCodeBench,BigCodeBench/699,python_minifier,b7b76356aa821ebe1d2b34e59034640311986592ca22e8db765cbf41e1cb34a2,252,68,70,70,True
BigCodeBench,BigCodeBench/700,python,409dbefc2c67e0ccefdf12b060675a7413c8a0b1fc9e6f7725c1a5f629ce7692,250,62,64,64,True
BigCodeBench,BigCodeBench/700,kern,2a52af63a69c20e375c77b23e3bdc5e76e98c24e9c6491ac58a53f5de8048cef,173,49,51,51,True
BigCodeBench,BigCodeBench/700,kern_compact,5c23a5caddfc0422032cb72d4e92b545432233850cb6e714e2e3aa4b58e8892f,138,43,45,45,True
BigCodeBench,BigCodeBench/700,python_minifier,9d5dcfd5148e61eb8b60fab9eb526074536a9f0dd6e5a5e96c03bc2c2265fb92,155,46,48,48,True
BigCodeBench,BigCodeBench/701,python,2490348093017704a2bd0c97c90a976af46a21e888b7cda12c79745356de9793,262,65,66,66,True
BigCodeBench,BigCodeBench/701,kern,17c3f65c664aab578b355220fb79b219cbc7005b6549c0c13bd2f03ff16d9cc0,204,50,52,52,True
BigCodeBench,BigCodeBench/701,kern_compact,05569a76e974cf9d9317191f77f7b7b9ece48aec2b4f1fc3034c88e57eda6372,192,49,51,51,True
BigCodeBench,BigCodeBench/701,python_minifier,a5f19b61c275313df6f61c4df973c9a54663501bba196176f0d7bf5e00d44c3f,207,54,57,57,True
BigCodeBench,BigCodeBench/702,python,d162a312c6973d7a10824f597b9cc1ed933b8a665335642ecf2dee82491bb023,227,63,66,66,True
BigCodeBench,BigCodeBench/702,kern,8a2ebc3e3c3dabc1604025118e529a885b0b79e59b0f2d4d75de81dd8159335b,169,52,53,53,True
BigCodeBench,BigCodeBench/702,kern_compact,e8515c5cf0902db3b04a4109b71f1183d9d7d64ddd8f4cf61f999f7e93be43ed,150,43,44,44,True
BigCodeBench,BigCodeBench/702,python_minifier,8bb2d9db3ac2c0632ea19b9bc25a59c4f23a7b4dcd1282a6789870feac97c540,168,46,47,47,True
BigCodeBench,BigCodeBench/703,python,3e667790e1a6e768237bbf3b3fe0a2c729ff79bcda66538e26225867372524f9,222,61,62,62,True
BigCodeBench,BigCodeBench/703,kern,994d02a75a1b39cfcff5605055911b025db17c0c794bb51a12e1e730435b9bd6,180,54,54,54,True
BigCodeBench,BigCodeBench/703,kern_compact,b9f669b156d8d95e3040650e9bac3021c237ac4cf404082deef116bb57ddc894,166,50,51,51,True
BigCodeBench,BigCodeBench/703,python_minifier,32b56f75749ee96132404e7fdbc8f9f1164d1d8ecfddc4afcc882de6c4758a7e,182,51,53,53,True
BigCodeBench,BigCodeBench/704,python,40ab9837c0e0785f41c211e296f50bc96cec3e9977cb055f33090823868efa7f,543,135,137,137,True
BigCodeBench,BigCodeBench/704,kern,cec35f4293b5f19cbe3d6bdf79dfa389fb0922b46ca33e537a79cf519277b8a5,431,110,112,112,True
BigCodeBench,BigCodeBench/704,kern_compact,a37acdde43131c5039efff4ba28d5225a6d8f0a66ff5b1dde6223826999662a0,321,94,96,96,True
BigCodeBench,BigCodeBench/704,python_minifier,28d89b0a19324b58189951768ee41078743fdb24d20276918b25ef80e7db14d6,339,99,102,102,True
BigCodeBench,BigCodeBench/705,python,1fc46750ba48c8c779883c5f30238da2e11038064b8818206d654e9d3197d0a7,435,98,101,101,True
BigCodeBench,BigCodeBench/705,kern,6e7e0ec3fe294a88d673ed5ac2b7ce858e2dbd17b073bf1819410f845d145112,249,61,64,64,True
BigCodeBench,BigCodeBench/705,kern_compact,b0753bdfbab978a2b3d9edb57e9a6ee188080f0b86d8c483dc24431bdf7854de,231,59,62,62,True
BigCodeBench,BigCodeBench/705,python_minifier,aebc7c4ffc38fb0ad9965f95e2fc3e608e348a88cf3d1553a44cdd2ea527d4a6,235,68,71,71,True
BigCodeBench,BigCodeBench/706,python,cf9297a262f7ecb9de28b701282a72bd988ff49d4a2ba0bca8ec70527588c229,746,170,175,175,True
BigCodeBench,BigCodeBench/706,kern,624695a6de9b9d6b85cf721200003e221470b4a42f4df8046499965b53ff4596,590,132,136,136,True
BigCodeBench,BigCodeBench/706,kern_compact,ed95bc6f9bc75ce7ca8e7cd3b4482efc396d556951bcf6bb542eb0354cd89b7a,511,120,124,124,True
BigCodeBench,BigCodeBench/706,python_minifier,598bda23023af63fbe56fb9c1cbafc4b13bb9e11ea860901699f60cf4bd0f18d,528,127,131,131,True
BigCodeBench,BigCodeBench/707,python,fb8d03e1304d0c2529f0ed6628ae48dbdff426ff4accf3c4bf5b265b4a1e1932,307,87,87,87,True
BigCodeBench,BigCodeBench/707,kern,577378119737b85fcef432a8ec6e05d6e29faca5f9568b771902393e24013a5b,189,58,58,58,True
BigCodeBench,BigCodeBench/707,kern_compact,0b5472ce94a428b2391dea47a34f5b7e8498b851076116601073cdf209b5d7a6,147,51,51,51,True
BigCodeBench,BigCodeBench/707,python_minifier,03e2d68286cee1a93be6f4b73c6bbd6dccbac6c5ecda648713ea80fe8bb2a38e,153,51,51,51,True
BigCodeBench,BigCodeBench/708,python,fc4be69a6db23a1afdb61b7d274964fba72978fdfa7c873446f0dc2f22114e7e,625,151,152,152,True
BigCodeBench,BigCodeBench/708,kern,913b5de7a35778bf021a7ab751c946363ad9429c792d5a3e4589b3a00bb35166,391,100,103,103,True
BigCodeBench,BigCodeBench/708,kern_compact,aef74c752ffa12099fb15a08aee33ab370f968d57aca4684b5b26fe4c686cad6,301,90,93,93,True
BigCodeBench,BigCodeBench/708,python_minifier,97229ea1c869b7760bf0999b2d710353cf55c2b9623a71662fe1c20363ecb01f,317,98,102,102,True
BigCodeBench,BigCodeBench/709,python,607d223d7789541f898ddad80bfe1b02b820f9984db01a9ead9bad3fe9be0cc6,548,127,127,127,True
BigCodeBench,BigCodeBench/709,kern,30f4d6965fae93d6cc62f3c36f5990c80639d8cb3ddd119200b06db741172297,302,77,77,77,True
BigCodeBench,BigCodeBench/709,kern_compact,01a8832ff3b9249cfc43aa850b3e36dcfa16059fdbab434f1f9dcb4e2daf259a,203,62,62,62,True
BigCodeBench,BigCodeBench/709,python_minifier,e496bc7f944317bfd22a730968b5201173962215dd01434c165c7d67ca9cbade,226,66,66,66,True
BigCodeBench,BigCodeBench/710,python,a4be8bfc2c56106f3bbc1050e91761d07e3f9a751e65ca204874b29adaa87047,284,65,66,66,True
BigCodeBench,BigCodeBench/710,kern,996b2ac4f598cba3389170b734261e76d9f5066c2326a197a918c7b9da255cf6,222,53,55,55,True
BigCodeBench,BigCodeBench/710,kern_compact,c745a48fee1187a44139f42043d5d7a5a8fedd2b5fffc0e860ea7d69b3a95681,196,50,52,52,True
BigCodeBench,BigCodeBench/710,python_minifier,dac06b1fd71a1ae45cdd19c31037375e90d54f9de2df413804afd00eba3437a9,214,53,55,55,True
BigCodeBench,BigCodeBench/711,python,8867243381304693e3ac6e027d3fa0b3a9912c26daf244357bb528426680c262,290,70,70,70,True
BigCodeBench,BigCodeBench/711,kern,73c3e80bfd4aa70cc1842d5904f26851a763ff84de344180f2c12435abde8d98,214,57,57,57,True
BigCodeBench,BigCodeBench/711,kern_compact,0364fcc595c23f229d1e9e3c6d5d26f71fe330b7c371a7345d8611fcaf20970a,186,57,57,57,True
BigCodeBench,BigCodeBench/711,python_minifier,d8191e73b2aa246bdef6d621b9dedd33e82423bb762e89e3739812d67cc38a23,199,59,59,59,True
BigCodeBench,BigCodeBench/712,python,5c5dbac20963ef3c59aa9ff33a19d39dc8a377abe07460d2e90525dd19e1fcdc,265,62,63,63,True
BigCodeBench,BigCodeBench/712,kern,841648d367e4dfb49b8b39055cdea6aee33b1707b9312ba8e31eabd38de97128,190,52,53,53,True
BigCodeBench,BigCodeBench/712,kern_compact,351db92b28b140e6a53f7c8418ad526cbcbcf59c5a3d5b1653d31ef4fa281c43,157,47,48,48,True
BigCodeBench,BigCodeBench/712,python_minifier,29d1d6ac1d1c8aa6a0acfb77bea18601ead8d6cc5bd21deeffa559d4d0165488,178,53,54,54,True
BigCodeBench,BigCodeBench/713,python,e1b56d42e1452ceb7b9a4af06afa8759d23f7b770e9f1220bdb505d4fce86610,855,179,183,183,True
BigCodeBench,BigCodeBench/713,kern,4b78537d034cd40d55cc56baff972db3cba7a88dace876a90d19f56f29b4851d,578,148,151,151,True
BigCodeBench,BigCodeBench/713,kern_compact,78961c6acdd313dc7be63d26fb84fe3482ede0a9560ad6037950f9637216fed4,442,138,141,141,True
BigCodeBench,BigCodeBench/713,python_minifier,71004c2b3b1bfd6aef1f486735e5a733ed30dda9e4ee99d439633d72c71189ab,420,137,140,140,True
BigCodeBench,BigCodeBench/714,python,bf37a0297c0cf56499752b1bb6b2bc3b1ef7e541bac03594f6f806948bf5c199,351,82,82,82,True
BigCodeBench,BigCodeBench/714,kern,4dfb11a35de05e7dc216af0850866de5081f7ae33ab3aed87a6e7bcd9460fd45,208,52,52,52,True
BigCodeBench,BigCodeBench/714,kern_compact,4dfb11a35de05e7dc216af0850866de5081f7ae33ab3aed87a6e7bcd9460fd45,208,52,52,52,True
BigCodeBench,BigCodeBench/714,python_minifier,6145f77b67fd3b64e740482935193a0ac1377fe53bf286e845c9105afe0f16ae,202,52,53,53,True
BigCodeBench,BigCodeBench/715,python,cf4ee79e73fbb208b4eee79527dbb9e5a807c9be48cbba2f0953b92e7b00f499,308,73,75,75,True
BigCodeBench,BigCodeBench/715,kern,59c4804792448a454b8fd1a54fc3edc87f4800b7e73b5c936851be94697c9d1b,258,63,65,65,True
BigCodeBench,BigCodeBench/715,kern_compact,50819333547f28c2f50e4635a03b07cc5f88be8c34de2e3092136caa74cccdd1,254,63,65,65,True
BigCodeBench,BigCodeBench/715,python_minifier,416f3dbe39f4d828581ad8fa441ca5ca7454082ef2aa5a45a182db5816917b2b,258,67,69,69,True
BigCodeBench,BigCodeBench/716,python,bae8dc5dd3e98d51d56560bec2c44fa868249fe7dcf98fe41c2e1aa15a7fdefe,487,118,118,118,True
BigCodeBench,BigCodeBench/716,kern,9ef093148b460ce98d697a2b27796e1c1ba6e585b149c6c058d37d6c9f4dfef5,388,99,99,99,True
BigCodeBench,BigCodeBench/716,kern_compact,737c6feef6df79f2a155127d9782989c2fa13f654b2cc986efcf079e78a25b2a,337,93,93,93,True
BigCodeBench,BigCodeBench/716,python_minifier,8327b05da7cb17cd646ec6f243c135aae03bf7e5b038c0b4acdbc9e7ffdefff8,356,93,93,93,True
BigCodeBench,BigCodeBench/717,python,1dbe95b4b3c3bcbc6858946ed8a2a08da3f4dbd8f46d7e95eba1e10f58ca92e5,797,184,185,185,True
BigCodeBench,BigCodeBench/717,kern,d7abf3a6964e7bbb57f5ff6f1fe32e63e3104441d662e121b3873b8461a8be6b,620,148,149,149,True
BigCodeBench,BigCodeBench/717,kern_compact,745a6f970b011d8d07ac54b90f6c675dd1635d13441a331b19dbb8f4d6edf0c5,569,144,145,145,True
BigCodeBench,BigCodeBench/717,python_minifier,a45ad4197e52c0dd802d7786b2b9409dfda5df579687dfb040649c0a8ae97898,497,138,140,140,True
BigCodeBench,BigCodeBench/718,python,769a642919f75b50bf51b7428247b2793163607cde0fc5d7685e2ef324ce9bdf,439,126,126,126,True
BigCodeBench,BigCodeBench/718,kern,8e016969cbc8e09e9fc1ae8d31e7e166940082b277d1d75bcd1175b48d694abe,365,107,108,108,True
BigCodeBench,BigCodeBench/718,kern_compact,5370f0d42feba2ebedc67c5286e74c7e395b7aa7da815a3de047b2c0686e2b53,245,85,86,86,True
BigCodeBench,BigCodeBench/718,python_minifier,bec4937da5073edcfce7c53dda71cb8863812d9c5af69f8baa28608cad3626ce,266,91,92,92,True
BigCodeBench,BigCodeBench/719,python,2098906e48781e21c4e5d5c8ac3fcdcc34194e3073f5b2679c3453f4e649534e,456,111,112,112,True
BigCodeBench,BigCodeBench/719,kern,818143a00fd400d840da8f9680a12fd2d2e789f92fd4afb860845cd1b590759e,276,78,79,79,True
BigCodeBench,BigCodeBench/719,kern_compact,1ca5c41e24fde5e3e4f06e4cdebc979e77fc73eb982db7cc2e9842b1003c1992,224,76,77,77,True
BigCodeBench,BigCodeBench/719,python_minifier,374a403bd53497351a7dc92b3b5095031c4fff61f04e048f4f5a1498428b0c6d,249,83,85,85,True
BigCodeBench,BigCodeBench/720,python,90dd416463b3288f7fffabd9427881e7ecc51222e57d832516a9f2d8df88686a,857,205,206,206,True
BigCodeBench,BigCodeBench/720,kern,cf134a41d8467e94ad1780e9bf2525e9786638bdf927370acb4261dfe9b4a7eb,551,133,134,134,True
BigCodeBench,BigCodeBench/720,kern_compact,d8bbbc123ff2d7ebd379977dc7b74db84af35515420600ea70bc892f0a6e6f23,399,115,117,117,True
BigCodeBench,BigCodeBench/720,python_minifier,2da68f9ffbf1059f2f3ac78f964186eceff019f379a95b0c3a354b3b27cb5b9b,420,118,119,119,True
BigCodeBench,BigCodeBench/721,python,3e404ffc6cded57c5c5823186a268c11609a9b1cbe4f8c6ed6b692700dafaeaf,535,121,121,121,True
BigCodeBench,BigCodeBench/721,kern,6d4b41dd32589c57df6e8ca4ed9175362fa2557f20e1cb2e07ba79d810225a68,398,105,106,106,True
BigCodeBench,BigCodeBench/721,kern_compact,6b888b90bc30c003d08c83e0a112a11388cd5a3c55e0eb66e61390fe5cf3d305,268,85,85,85,True
BigCodeBench,BigCodeBench/721,python_minifier,d5c1fd46aab7d50aa846daf15cf0ca9cec71286b37d28c71db7fa87071b0b716,304,94,94,94,True
BigCodeBench,BigCodeBench/722,python,127f4dacae3c2f02eb0089d5b636f5c8a9332041aa40d57582ea0588489597d3,434,107,107,107,True
BigCodeBench,BigCodeBench/722,kern,e355a5fdbeeae44cf114b8ebe718ad423b63d434026349c8dc2fabcc55a5821c,348,91,90,90,True
BigCodeBench,BigCodeBench/722,kern_compact,96b6aac7b3f613beabadd3cc5522d21991d38322b2283a6d6c416e46c7274092,248,75,75,75,True
BigCodeBench,BigCodeBench/722,python_minifier,4c524f8807d8df2482d71658c857c4978948808bfd660c3dfec5e1aae96e98f0,246,78,77,77,True
BigCodeBench,BigCodeBench/723,python,6e0c3a793676f067b9147a054bafbbac1872bde09838ce8f9f94745f97c65edb,674,168,169,169,True
BigCodeBench,BigCodeBench/723,kern,4e9bf0d8af023b0bc9f9620a4b8c32c2f2fc669a4f8bbd57dd2bd2bfbc5f48af,518,145,145,145,True
BigCodeBench,BigCodeBench/723,kern_compact,dd6b28cde21aae82bf8e6565adbe8240157cb8afb1ac6a0e8bde7e04653c20ee,447,138,137,137,True
BigCodeBench,BigCodeBench/723,python_minifier,e282798c6c520fd88ede924c26330991f2e98773380751f3727ac6a4d34d8be9,471,141,139,139,True
BigCodeBench,BigCodeBench/724,python,18622cece0a88253c41b41b2ca271d0a165987440679352f583974fa2210b1df,282,62,65,65,True
BigCodeBench,BigCodeBench/724,kern,771b0fa8ef99957bb12b523f5dad801123e5805337ff986f947f3bddc10d33a6,220,51,54,54,True
BigCodeBench,BigCodeBench/724,kern_compact,17b78b3a7055c4a2e5c2222e3a833322433e8411961610d7da40080afb18938b,206,48,52,52,True
BigCodeBench,BigCodeBench/724,python_minifier,90e51e6bcdacc9a33f55a69535672c518de80e60cc23a030d35cb8c004138c97,197,47,50,50,True
BigCodeBench,BigCodeBench/725,python,364e8812f7b8e832b4b2af8be64a0dbf075f5fd6b32933f487fad14f1f82db5e,418,95,96,96,True
BigCodeBench,BigCodeBench/725,kern,c5c787a5f38d052290ebc8c917805d0d21a15850f32c6238823b798135f06bfd,333,83,83,83,True
BigCodeBench,BigCodeBench/725,kern_compact,6f1fff09d0ecce82418ac0e295cae54843acafbef23904dc489c84972bf10aca,280,79,80,80,True
BigCodeBench,BigCodeBench/725,python_minifier,71ec8f884888c262de059111f07f9d2601fa293fe2c2007d9a1129ae498f12fe,292,81,82,82,True
BigCodeBench,BigCodeBench/726,python,6154b0ab431d843b3aaef1e3c787535c9656a4fd546b255a4279a752d78526cd,536,130,133,133,True
BigCodeBench,BigCodeBench/726,kern,1070231010b9b7e0389635f23ac0cbaab136df0a7a47a8b76a310e71a81a3dd8,343,91,96,96,True
BigCodeBench,BigCodeBench/726,kern_compact,5a8f117653835df213797c576e0ef82646d36192a6177d6eeb11bf332ffa5487,261,81,85,85,True
BigCodeBench,BigCodeBench/726,python_minifier,e826a260779e1facc13493ee8db737d621a47ec5db7a39e74a70f8f3a21aec59,298,83,86,86,True
BigCodeBench,BigCodeBench/727,python,b122fb4ef92242735a6be994144672545befa8c398e8ad34064028552ebfe2d3,357,91,95,95,True
BigCodeBench,BigCodeBench/727,kern,fd07b64197dd39615ac2d7dc7a5a00627e6e926a21f8dfbae55f6beca116f69e,292,74,79,79,True
BigCodeBench,BigCodeBench/727,kern_compact,e58e577b6046bf472f189c5defde70156793cd5f1d241ce3a5d87fb60ba39fa6,274,71,76,76,True
BigCodeBench,BigCodeBench/727,python_minifier,cd8160f089dd35555f12d49e37f677186688859381253d7ff5bb854a70aeda10,277,69,74,74,True
BigCodeBench,BigCodeBench/728,python,2cfd5d73abeaa8c74da757b7adc98977b0459a1307c666f53e100aa1876ba5dd,790,182,183,183,True
BigCodeBench,BigCodeBench/728,kern,f76cfb9e3b40b1df2982767c8b4a01ea95f37543d6bcc55e4bdc5b91ff2a6c6d,576,137,139,139,True
BigCodeBench,BigCodeBench/728,kern_compact,635775799c96c650d24203cca51b02d52b03e3120f554c18067c74a59f27555e,435,128,129,129,True
BigCodeBench,BigCodeBench/728,python_minifier,b4c21793baa7d4d7c694640150244363c8357422706d6c9c05064c20c620dfdb,456,139,141,141,True
BigCodeBench,BigCodeBench/729,python,0a7f648220d563fbe21cbdd4bfeb512ab6a9c1feddf8a1a93518907cccddeabc,499,112,113,113,True
BigCodeBench,BigCodeBench/729,kern,9b2db7897bf32c96b0b8565b19aa889e07fc2c0b34c0f80ce7aa8320225e0461,342,84,86,86,True
BigCodeBench,BigCodeBench/729,kern_compact,1f23c82e002fcfb3c2e6db0defdedbf4adedf53a260badc4713937509df7749d,286,75,78,78,True
BigCodeBench,BigCodeBench/729,python_minifier,0608f46220a998379a295d18fb06fb47a7ffaae70e2e3fc8a8f4fc569ead108b,291,83,85,85,True
BigCodeBench,BigCodeBench/730,python,9bd1b6a64e4fbca8efc2d3b3f38332201a11d927bfccf3c42aee922bd85c4ba5,278,71,71,71,True
BigCodeBench,BigCodeBench/730,kern,41170861a13706305b7980c795da1cf17264242680e1521f5b6d33ebb70e51ea,201,56,56,56,True
BigCodeBench,BigCodeBench/730,kern_compact,f5301c4562488396ad5e4a31bb18eeed49cb2aae5d0c5f086ccbcbd004a7141b,169,51,52,52,True
BigCodeBench,BigCodeBench/730,python_minifier,bbc11910080ee471187aaf3af2f21e766fedfba9737e02dfb141e6e7aa1a01b4,184,53,53,53,True
BigCodeBench,BigCodeBench/731,python,978a5256a3ca6982d30c7748ee8f1317bd78347a21bc1cd6bc5aab4cf030de4c,510,130,132,132,True
BigCodeBench,BigCodeBench/731,kern,03daeeeb382c11f83996b6bb4669246f75b276f32033856bcf275d37e9a14849,418,110,112,112,True
BigCodeBench,BigCodeBench/731,kern_compact,737310b1a2ae963f1eafd1ab67822939577e93311fb22d04c64b3151c3036c18,358,102,104,104,True
BigCodeBench,BigCodeBench/731,python_minifier,983668cbd65aafad3203dc2673c22eb1e631a324a45c09cb406d906d643a4b0a,376,103,105,105,True
BigCodeBench,BigCodeBench/732,python,79dab106c8479e66ac5f43bd6e20591f6f88274e7d169c836f6b40fc0d7aa677,409,99,102,102,True
BigCodeBench,BigCodeBench/732,kern,52a2aa49ebc204be6a9ec5e8183f7fc0f914a47800af572dc19964e7b7512832,355,94,96,96,True
BigCodeBench,BigCodeBench/732,kern_compact,7d8cadbd62850c3c8a316610ecd29c103b8bb8e49a656bc9596080df38ac04f6,287,84,86,86,True
BigCodeBench,BigCodeBench/732,python_minifier,fbd78802ed160805d3f5374e4f03bf5d580356318cfe2ac20b32cc76350b1050,296,89,91,91,True
BigCodeBench,BigCodeBench/733,python,2c2a7708fa3df27eee61e4d5e7308290f00b76307910c787a69744ea84a99524,1250,415,413,413,True
BigCodeBench,BigCodeBench/733,kern,d00c8beac48944146382f3e3c379c3b157693c920c581c2a2468c90f303d273b,973,284,283,283,True
BigCodeBench,BigCodeBench/733,kern_compact,dde478cbee099dae3e6a500010fa8b6309d31a183b83ebec2ca188a171ce8f4d,913,277,276,276,True
BigCodeBench,BigCodeBench/733,python_minifier,53f36d32cddc2cafb9b34e6014eb6e12f13a918d03a4323b8a8f68d3b5f4a72c,885,277,275,275,True
BigCodeBench,BigCodeBench/734,python,3038669eeaa74c373d78e7ee041fcfcc665f280e661775a363f7613679ad6f44,446,104,106,106,True
BigCodeBench,BigCodeBench/734,kern,6e0c5d9a28bb3610aaa8d1cf385f2cbb8255c8903c5c302b2285077061c766fa,243,63,64,64,True
BigCodeBench,BigCodeBench/734,kern_compact,97257f841e0c79b7a9312bcb78bcc35293b231c736290f8737f5de87cb817ba5,199,57,58,58,True
BigCodeBench,BigCodeBench/734,python_minifier,6092e7345e0dab9f04abb81df2b188dc7b287b0ea2e946832edca1cdd2e7f221,215,61,62,62,True
BigCodeBench,BigCodeBench/735,python,7b457f131916fc1987ac812b24e1c0651f02d4bf98d70e92b39c6714f4f816a5,225,57,56,56,True
BigCodeBench,BigCodeBench/735,kern,9d59641e805ecd17e0816e20456d18e320e903726657de15fd390ba5cf9d5cf9,178,51,47,47,True
BigCodeBench,BigCodeBench/735,kern_compact,e744d2c39ba1768811db6531a13c65e07e1c770bdf5371e4eec750dd7ebd0213,134,43,42,42,True
BigCodeBench,BigCodeBench/735,python_minifier,98e6c7a126259db3fb67bda4adb9c810b01037d98a3ca65b89b1ced35d75d049,149,44,43,43,True
BigCodeBench,BigCodeBench/736,python,bc8036072baa529d97c11782c4e996dbb11568c0c41e973e2140be994ee43b6d,146,39,40,40,True
BigCodeBench,BigCodeBench/736,kern,24a46f5ed9ceccf2bf5a74cf11ed52966a7968d129216d3321e51d67d81758af,106,34,34,34,True
BigCodeBench,BigCodeBench/736,kern_compact,2cb434256b77a3305e3e7609cc3f2ae81b7bc9c47e97d628712999cf6c25bcc8,85,28,29,29,True
BigCodeBench,BigCodeBench/736,python_minifier,650c78f91fa70041b38ddc1ce4fce3aaa4b65eb090e7162ccb5f7d2d3a59ab35,105,32,33,33,True
BigCodeBench,BigCodeBench/737,python,a648781dd1c49a9e49cbf8a15962122aed949ea9abab9bd5de332e7c644b9772,923,230,231,231,True
BigCodeBench,BigCodeBench/737,kern,5f98d2535c6cd3cd39b89ad94aa9c28d25a63a69e0cb8da50959ace811050d53,536,158,158,158,True
BigCodeBench,BigCodeBench/737,kern_compact,aec4246477362f83f27e7865a1a9b20ef28a4466b6f819031ed68871fce8c2c6,274,111,114,114,True
BigCodeBench,BigCodeBench/737,python_minifier,3b0aad81292c96148a99d5ecd61a466dc1c28f240f4e6580921425dca12a9284,318,118,121,121,True
BigCodeBench,BigCodeBench/738,python,e07d107d8677b722445adea7d6e3c64b4761823dd6df6398d64c529f8a5e2295,159,43,43,43,True
BigCodeBench,BigCodeBench/738,kern,24c079613f2943f6d474e286b84c34f6b0c2af2feff1abeb55ec6559da645e31,111,35,35,35,True
BigCodeBench,BigCodeBench/738,kern_compact,88df15bef7df75e5f796e6aef5c6302a9b3bfb71383d88583587d5be9dea32a4,85,28,28,28,True
BigCodeBench,BigCodeBench/738,python_minifier,641ca1b2fa1d655705e602d91ffdb7bfc31e3c98a97b16aff155c0ffb763c8f8,105,31,32,32,True
BigCodeBench,BigCodeBench/739,python,ed0ecaeefaabc1d0e764680aec25ae1efda2e26f983f3deb36990be817e22c70,326,101,101,101,True
BigCodeBench,BigCodeBench/739,kern,cec6dbade4411ba554a0aa464ef3e23e0ee76eeb848d8ce82aebdab8de24bc3f,237,81,81,81,True
BigCodeBench,BigCodeBench/739,kern_compact,6ce77cf78fbdc6d3223b1f97edddc78d075ac25c27d6adf3b9308946c8fe5c50,203,75,75,75,True
BigCodeBench,BigCodeBench/739,python_minifier,bed6b2084e82d7fab0b5cdaea8d0239288347b5dca2209f3079ac53d6dfe6856,223,82,82,82,True
BigCodeBench,BigCodeBench/740,python,af39cb954a1b6b92de161482e8ff145df4927d712cc7a42d88419781e15be6f0,279,58,59,59,True
BigCodeBench,BigCodeBench/740,kern,63f7b7f5920b27575243db84e3e76aee73aa87d8bacce0714a1fc4acf108eb47,209,47,47,47,True
BigCodeBench,BigCodeBench/740,kern_compact,88fadf5ea78275a72d30d1d8810f6f88fb9db31e60b5e1577475294fa348e98d,150,39,39,39,True
BigCodeBench,BigCodeBench/740,python_minifier,5ebe35fbce555052c55b4517bd6b06cd730587d58fc2d18404da46627110d8af,170,42,42,42,True
BigCodeBench,BigCodeBench/741,python,c23ee71dcc8955e448dacde3d60be07a80ca11500aacc7fd40129342950f282d,412,106,106,106,True
BigCodeBench,BigCodeBench/741,kern,84394d9abf9201bc5837f3d9d9b0513f80d68457c10a9edc0a5077054952e1f3,261,78,79,79,True
BigCodeBench,BigCodeBench/741,kern_compact,05d304ef894586613b9aeb7fd9ed1223da1e4a022d448a2d43caeadfd56451fc,217,72,73,73,True
BigCodeBench,BigCodeBench/741,python_minifier,e1589c16c3c74f81a9ef3ecebb82298b616ad63d811c5c12d1c73b8e87ed2443,243,75,75,75,True
BigCodeBench,BigCodeBench/742,python,2aeff861de82fd1fbea96be57d9ad512384a469c2a576fc717d01e825e68efd3,480,109,111,111,True
BigCodeBench,BigCodeBench/742,kern,9f816f32eaabcade69ee4e1799132d863165e3b67c6f94a0e8256d69f8094b9a,406,96,101,101,True
BigCodeBench,BigCodeBench/742,kern_compact,deaa53a043f1c716d874d434df667208491699b62236538fe321f37dbfdf0021,391,93,98,98,True
BigCodeBench,BigCodeBench/742,python_minifier,8fe1f67eb0f1e61dbcbd4c88074effc64d01a960654e789978df7fcbfc729831,396,99,101,101,True
BigCodeBench,BigCodeBench/743,python,f7eef776c98266609023d473d91e881932634d35a0a68be901614d59b0ef85a3,516,113,113,113,True
BigCodeBench,BigCodeBench/743,kern,1b0f3f48033a30f4baa4f2fa26ca112f29e593de74872260f78e8c31efaa93d1,348,92,92,92,True
BigCodeBench,BigCodeBench/743,kern_compact,ea9806b909507f9525046afedd73d2ca0c1b8fe291703097c18422e1493276ef,276,90,89,89,True
BigCodeBench,BigCodeBench/743,python_minifier,1b39303c392ac00c74e558148e73098810e3a495a633486ac380430e75f02e99,306,100,100,100,True
BigCodeBench,BigCodeBench/744,python,5db1abd326980bd8db87a929b41a16fe8babfb5fc45f068c512aacf15cfca7e6,489,112,115,115,True
BigCodeBench,BigCodeBench/744,kern,baa3c543344edc2bab0d9abb06f0de44459b014226d61bd9ab377a4f2d392b98,408,97,102,102,True
BigCodeBench,BigCodeBench/744,kern_compact,be01e15f42ef0a9e123627013aa01f22c53da93d4183a4a12d28b7b4e570b214,355,92,96,96,True
BigCodeBench,BigCodeBench/744,python_minifier,40a5e3b8292c1c1128e9a7efbc8e4d0afa310258ae42255a38a3637916e4d4ce,382,95,99,99,True
BigCodeBench,BigCodeBench/745,python,8588c31cb8bcb6780077128e8d73c4073064db3a9708a48de86fae8730eb627b,365,92,94,94,True
BigCodeBench,BigCodeBench/745,kern,9335b33950141d1ea87743ef237aee88c71d38ec8c4a809f950faff0b2075d75,255,65,67,67,True
BigCodeBench,BigCodeBench/745,kern_compact,f675d0c917f4fccd2ed653ba51c5ce84b167707cbe66470a1f80412505b2736b,201,56,59,59,True
BigCodeBench,BigCodeBench/745,python_minifier,35af53414d1c7e7b00753f61c887f9324396c0bd99987e8ee891173ea5e6a999,214,59,61,61,True
BigCodeBench,BigCodeBench/746,python,de9ac5158ee71b05b93ad3e6bd4b2ab82dd87687cf983a96642d71fe45b8bd78,795,180,187,187,True
BigCodeBench,BigCodeBench/746,kern,d8389d06cf1c0094ea3de5abb0cebd076ca6400c5005e0d1c601fec8ee2ae8e2,647,153,162,162,True
BigCodeBench,BigCodeBench/746,kern_compact,04c6bed3e6749092aca1c03cb926e2f3b00fab2966f767ade023fe31c7d6742f,629,150,159,159,True
BigCodeBench,BigCodeBench/746,python_minifier,f5c67c967bbb42bfeccd92b439641e860ec599bdd56e2bac3926bd4875c1be9d,629,158,168,168,True
BigCodeBench,BigCodeBench/747,python,5d745a847631eb6e32704f4970ca527267b2a56b83d6635b56fb7eaf74f9af73,279,79,79,79,True
BigCodeBench,BigCodeBench/747,kern,74a654fc4d6210e2ec047631d0026f5bf8a2f5c9c327d252dfcc2978c7cf37d9,172,53,53,53,True
BigCodeBench,BigCodeBench/747,kern_compact,1d456b39709a7f92853a5bb4d585e4322223c1d072859ff1af679b4daf8e7fae,122,49,49,49,True
BigCodeBench,BigCodeBench/747,python_minifier,32d8d99a18ac25b68b0bfb4bb58f62a672f938c44f7aff1a790ed2c13d20253e,134,50,50,50,True
BigCodeBench,BigCodeBench/748,python,96fc96194c9913074a7dafa91a617f99ab98070fb53369c6396a63a86f81b957,459,102,104,104,True
BigCodeBench,BigCodeBench/748,kern,3602d3288f0ea324bf85d9578ae29b8d87b85b1cd56dfdd7d7eb56bc47cf206d,288,70,74,74,True
BigCodeBench,BigCodeBench/748,kern_compact,876e492ef7b3bd56c86e72dd77efd8a0dc47d6327001f2b1fe3eebe5ee373c6e,218,61,65,65,True
BigCodeBench,BigCodeBench/748,python_minifier,1dd8a814aa113a0c1ed5ee7ee70cb51f594c522713bac80fae4979cb8d2ea0bf,246,63,65,65,True
BigCodeBench,BigCodeBench/749,python,4c6924c869190f615a681d52ae73a549143b31323ad2ebd3ffad991196fa8246,250,57,58,58,True
BigCodeBench,BigCodeBench/749,kern,a319432867f30d661aa611214f0c33ff18de03f20239335ebd27e3101d110648,209,51,52,52,True
BigCodeBench,BigCodeBench/749,kern_compact,026b0c091c4fbfb9c52b36032cf8f54f9305b521c14cf8f7f194eec31bc3a844,171,47,48,48,True
BigCodeBench,BigCodeBench/749,python_minifier,fd78396dd8bcac7b191716028dac966d26148f884c6d26076644ceb9e5e07273,181,49,50,50,True
BigCodeBench,BigCodeBench/750,python,0df912c11ba71a740ee382b98fee5e70566c42ea4b085835fddf51f8f889a925,649,167,170,170,True
BigCodeBench,BigCodeBench/750,kern,893b0e818c4443606b098db3462d487f5729a8525c3b5fe60dad5e3f1aebb67d,379,112,118,118,True
BigCodeBench,BigCodeBench/750,kern_compact,3230eda62a37f375df02d2b1b427569809cc40dbba59bd95d1b9589e9fa4942c,311,102,106,106,True
BigCodeBench,BigCodeBench/750,python_minifier,bbefff300b1bae52203a64585d36683adf26a2449a1d634854d45db4df34acc5,251,89,92,92,True
BigCodeBench,BigCodeBench/751,python,56576a6d98c3dca2a65e7e10e3700c5caca89813b2a2d4872172e4a17887861d,234,48,49,49,True
BigCodeBench,BigCodeBench/751,kern,a7dfc4aaa0d5bfd634457f7183a442d6bf43c86de2e3cb5a40b0c6f0d5fdfffe,172,37,38,38,True
BigCodeBench,BigCodeBench/751,kern_compact,b1526f2e3112ce136af9e90106fbd14b5ca60fefd03582a9510a9805cb1a0158,150,36,37,37,True
BigCodeBench,BigCodeBench/751,python_minifier,47eb73ba5cfc298db16ebf4d47f480e186c7c65d29139300f59a799cc40396ce,180,42,43,43,True
BigCodeBench,BigCodeBench/752,python,d696270c77176b623f8049991a8c0f69796a9c2b16f7e44ecfed85c0ffaf34fd,1211,279,288,288,True
BigCodeBench,BigCodeBench/752,kern,ab6f26125b2826d14a05b51993aa5a924892599903a85659285bd91e852f129f,997,231,245,245,True
BigCodeBench,BigCodeBench/752,kern_compact,77e0eabcf48e8410f9a5392e9ae193364291fcece0c378d02349d6b8b9b9bb35,937,223,237,237,True
BigCodeBench,BigCodeBench/752,python_minifier,63969b18fde7dfcaf28ea8f16534400d174b448b0033f6cbe37844a59579be50,932,232,241,241,True
BigCodeBench,BigCodeBench/753,python,28e444015a1b948c6d9e4736aa104eb2ba1f292159c6ee84482b04b85366396f,411,105,105,105,True
BigCodeBench,BigCodeBench/753,kern,1f8253310af5a9f9cf39315c8336bf141f067d99c161e488075cbf66d07a0f64,289,82,87,87,True
BigCodeBench,BigCodeBench/753,kern_compact,4ea99dcd418dc162d5b3910218bbed16a6ce13caaf59ffdf98dfbd29ed0d60ab,227,77,82,82,True
BigCodeBench,BigCodeBench/753,python_minifier,b34cb40b9e1a319ed7ca9b05f209734a7d7b527711c4840cfa26bab8557efebe,248,78,84,84,True
BigCodeBench,BigCodeBench/754,python,8351712d726484ad29bab1725b12f7b8eabcbad647a801c6aff66b9fbfa7de28,1075,252,254,254,True
BigCodeBench,BigCodeBench/754,kern,7575cae9aac0de43b38a9b5dcac0289090ed9e3d59a939e783e4d6aaaf43aa94,731,192,195,195,True
BigCodeBench,BigCodeBench/754,kern_compact,4f0fb56e23180b3106cb3726558747e1d017f6ce49b5e998ba1aa83589130491,572,171,174,174,True
BigCodeBench,BigCodeBench/754,python_minifier,a2b7e1403517722c1c3ec3ebaeae3809d6f5bc93ed48a2c236f7ed3f4f67608e,580,190,192,192,True
BigCodeBench,BigCodeBench/755,python,2003ef0b516d0cb8d0ca66dcba2841908a3759184693f35365027cac6d49afd5,391,82,85,85,True
BigCodeBench,BigCodeBench/755,kern,694044a969c63e149966b4eed158fe010b09412a956ad4be0f80057a860b30e4,320,71,74,74,True
BigCodeBench,BigCodeBench/755,kern_compact,4dbbaffd32c3c3747edee005423093336090d09711e7bdb597a9bbf0f6e9ddc7,202,58,58,58,True
BigCodeBench,BigCodeBench/755,python_minifier,7f6e9b40492cd9096f72882192988ae6677359d8ea382c533f6b54785d609d2f,215,63,63,63,True
BigCodeBench,BigCodeBench/756,python,c2e9b566c5b299223cb51cea74b7c4f287c6d79a7f939635fa516f21dbf10e63,546,125,127,127,True
BigCodeBench,BigCodeBench/756,kern,9acc938d09e22682121abba9d5fdffb11908042cca77dbfc18e4bc7efa72ff78,434,106,110,110,True
BigCodeBench,BigCodeBench/756,kern_compact,20ef031f83581d846958f04d9a8f4054d710e6dbd8dd7e5cba2d526fcae9009c,390,104,108,108,True
BigCodeBench,BigCodeBench/756,python_minifier,1ad018af7cf3e0e0349a104f163cb6b1c5a61ac52ced7319b42e68eb376acb75,385,108,111,111,True
BigCodeBench,BigCodeBench/757,python,91e4001e191c72c609810f7556ff4824004a275c03e6d0c98d0450a7f25f2024,211,49,49,49,True
BigCodeBench,BigCodeBench/757,kern,8ec7702789cb79061a77720154bd780b95495744e70fc7c9f41c2abad10d5619,163,42,43,43,True
BigCodeBench,BigCodeBench/757,kern_compact,064460376e5c8a6e9d6f17d27ec0d7902ad6767b11c17440c23693231da71915,120,35,36,36,True
BigCodeBench,BigCodeBench/757,python_minifier,98171897b94d1814f189a34d0763979806eb80f87ffd927495b86ba8a1630063,140,36,38,38,True
BigCodeBench,BigCodeBench/758,python,0cab4c6ad54340bb4a89665e8e0994c9ce9b8f62309b1ff460710c33fe3e2607,765,174,176,176,True
BigCodeBench,BigCodeBench/758,kern,ee8aeb0f3177697e4dea819a9cfb06f77e61a9dd36dfa957ba9ca66bbf9f0d9e,607,143,146,146,True
BigCodeBench,BigCodeBench/758,kern_compact,d131f6966d2ddc8c86bc15da25c50e3a23fb48e898ae3c194f3ecd2bbcb8bf0a,552,132,135,135,True
BigCodeBench,BigCodeBench/758,python_minifier,f5559a592df592b127628b808f240bec562b810efb3df828b6721a3c63c78e7c,528,142,148,148,True
BigCodeBench,BigCodeBench/759,python,b6dfb8653e998ffb4baf6d664d61f7d1a7ed651f446e5203b92de5f9f0b13c99,411,80,80,80,True
BigCodeBench,BigCodeBench/759,kern,8088933110c369592d0cf0c89376aa8aae7284a2e6a3d9f6e1b67652e3a7d12d,336,70,75,75,True
BigCodeBench,BigCodeBench/759,kern_compact,f13c22589a3e006ea8d4df9eaf1bd9cb4f78fa838a22d84a02e1d22516bd29b7,256,64,65,65,True
BigCodeBench,BigCodeBench/759,python_minifier,8cb4154985af682e27c3a55d90799aa289820f384473aaf37b9b2f9fc22312e2,272,66,66,66,True
BigCodeBench,BigCodeBench/760,python,aa52a8ebf5a8f5299c4d08a60b9d7bd0ecb0dacaeee671969ce212d2e2b7f22c,1218,322,323,323,True
BigCodeBench,BigCodeBench/760,kern,fbcb9fbdc041b683fc9df6054e1d085e5b49c9ce36be06bf3c248b2b5c78b158,844,237,238,238,True
BigCodeBench,BigCodeBench/760,kern_compact,92f915dfb1180a47cb8eae41a96d5ed91d09b863eb1c05b769144fab7ae5fd12,744,220,222,222,True
BigCodeBench,BigCodeBench/760,python_minifier,d9d8f77947859d01b607b52182f793f4c797ab7e06d75561de04cd64563c8cd8,759,231,231,231,True
BigCodeBench,BigCodeBench/761,python,affaf9c39b97941447755b4e42287dcc5dc6a65e5734414c38a5b91790a57b9a,610,142,143,143,True
BigCodeBench,BigCodeBench/761,kern,acdc79c26af0275f7f5a553761b50564b121b6370bada48b315ab4b54ce29dd8,385,100,100,100,True
BigCodeBench,BigCodeBench/761,kern_compact,6047bc1680d0efae4c2b4a8524a349876d1e15a1e2d9ab2e845f3115fa113b0b,273,91,91,91,True
BigCodeBench,BigCodeBench/761,python_minifier,f3fea71a73fa75b970687fcfd5cc2006e274dae9512471ba26ab5041bd2b1117,308,99,99,99,True
BigCodeBench,BigCodeBench/762,python,265a4b21c96c4b25685c587da4cb6ab2495715308fbbf328a0130ec36a767077,696,168,169,169,True
BigCodeBench,BigCodeBench/762,kern,a21f597d928b2fbfd74a776b86ca7c1b7a709e71d3a7accae67a194603feeb04,543,146,148,148,True
BigCodeBench,BigCodeBench/762,kern_compact,b77ccbbea22fd1f680268fb5e9014a806b9c5e1f418b2dbfd2472b5db20ca92f,463,132,133,133,True
BigCodeBench,BigCodeBench/762,python_minifier,79321f65278aca7b126089e03bc5c33f5af6ede685f22fa3fddc01a959c35680,451,136,137,137,True
BigCodeBench,BigCodeBench/763,python,4258073ee934879734c8e83fd78573657dab1b1bbe4a8076b25ccf9ae6dff846,729,180,182,182,True
BigCodeBench,BigCodeBench/763,kern,77bc0aaef90ab8d2c367a2b9f71f35c4b2f02800e8cbdf3c439bd5cee154c98a,558,147,151,151,True
BigCodeBench,BigCodeBench/763,kern_compact,54b1d753bd9821c125c0d20fd4bee77e00887ad4aaf8dc9b12a7a0604c13cea6,475,145,149,149,True
BigCodeBench,BigCodeBench/763,python_minifier,3a6320795aa1c6ae8e2df016907d317a23bdd6980e5542fe8fd749ce0f0efd97,479,154,158,158,True
BigCodeBench,BigCodeBench/764,python,92aa30ff9d3bbbcc0a094f39c17f688da533ddce7a79c1991de27c6c48023d19,1102,263,266,266,True
BigCodeBench,BigCodeBench/764,kern,bc469371cbe376a100547a0d83f845e11e5ff9a72ef5b3fa5790b2110355a30e,827,213,220,220,True
BigCodeBench,BigCodeBench/764,kern_compact,b102567dd10eddeceaf97843047e764288f8faef33edbc0bccc44c553ce30290,779,207,213,213,True
BigCodeBench,BigCodeBench/764,python_minifier,14f84ae062523e5e74edc6975ec638959c6b862a89df349f7e97eafe271a03a3,790,234,235,235,True
BigCodeBench,BigCodeBench/765,python,1719b281f171699a138a89ba1c822d78e3db34d32ae890f066c51c67aba999b3,537,113,113,113,True
BigCodeBench,BigCodeBench/765,kern,56f93d4d5eedf9da58a4482d09854062801d01f0578f0bfc55721b32b6074b75,360,87,88,88,True
BigCodeBench,BigCodeBench/765,kern_compact,fea4ba5396acc7335c1a31dd41abaaaacab640bcde1ea6f82ee43d0111e879e5,273,78,78,78,True
BigCodeBench,BigCodeBench/765,python_minifier,20f5b818a88ab6b49f7db36b1b262948796314001aeb3f5589f7da5b3f92502d,300,83,84,84,True
BigCodeBench,BigCodeBench/766,python,50ec02dd530598e8dedf4182078754bed2144a14b2789b14e10719f8e13bba88,616,133,137,137,True
BigCodeBench,BigCodeBench/766,kern,4b4a6142c5f2fd2968b338ae8ce3bae2db77250d76164a1b9b871a7fe9766cea,510,112,118,118,True
BigCodeBench,BigCodeBench/766,kern_compact,86f0e70c72d5bab8b37950a73fd1ec63d59aa723357d8ea3e16e206314b2584e,449,105,111,111,True
BigCodeBench,BigCodeBench/766,python_minifier,90eb69e9ca2eb175430f432551edba67fd5690eb05191e178f6bf108574ba57a,424,110,113,113,True
BigCodeBench,BigCodeBench/767,python,729b8282398222fadb7b0fdda745077121e36930e585acf589ab65b21c88cf67,233,55,55,55,True
BigCodeBench,BigCodeBench/767,kern,7361783187dc2ebaa2af3bcf9b76ac21cdc822f8fef6a9814dfdc8f3b2f338ba,188,48,48,48,True
BigCodeBench,BigCodeBench/767,kern_compact,c7f46a4d3b69ef11f8bf7fe2ff810a6eec1604fad21632d9f41af02aa3210fb2,168,43,44,44,True
BigCodeBench,BigCodeBench/767,python_minifier,0644ab9cf7dc98123585afb9671875cbcc4d60ab75f125c1e1fd1dc21d7d1ba0,183,44,45,45,True
BigCodeBench,BigCodeBench/768,python,99522f5569e7df3e136b1cd0055d25bf4a01b785b24c319633f45915ea07e6c0,584,139,140,140,True
BigCodeBench,BigCodeBench/768,kern,b0a3de29ee75558e3c7539f88ed65a57b9fce56457855ce5d8ad5ae32e244e00,401,103,106,106,True
BigCodeBench,BigCodeBench/768,kern_compact,43a375ee443d1473aff42f5ee26431984c31441f5a3cf2fb73a630513d48cd09,306,95,97,97,True
BigCodeBench,BigCodeBench/768,python_minifier,845d56362d87ffcc28916bcd05a8248a41a77bda4d7a1cfbdebf6ed2cf1ba5d9,319,100,103,103,True
BigCodeBench,BigCodeBench/769,python,e2717186f713356e77faec0f1944c1fa33ae81fac88c5dc441ad40c7f989c040,254,57,56,56,True
BigCodeBench,BigCodeBench/769,kern,0252840b636073989f4ffab0d8039208a1cdefbb96e561feda66e5c8739ff711,215,52,51,51,True
BigCodeBench,BigCodeBench/769,kern_compact,6584027681b517c06046045cf62fdb9c8c97ee597f9a87b46682433687c7d083,183,48,48,48,True
BigCodeBench,BigCodeBench/769,python_minifier,2b9bdcd5fd9a2c67cc2f5d94c63543b80317138f2c6e341fa45d76040ed2081b,199,49,49,49,True
BigCodeBench,BigCodeBench/770,python,a7c3b5d81fe92e8fbfa27ffa54f74cbd326568052a770cf7ca4e935de5e3c462,949,197,199,199,True
BigCodeBench,BigCodeBench/770,kern,dfa493b670b8f0b8f3cb90c5ebbe9363bb4844ab797e1a7f7d88b24fedb61b59,636,155,158,158,True
BigCodeBench,BigCodeBench/770,kern_compact,836ca1652415267cf038c59206f9a48fb77cb800184d7aa238a0fdf59a9ea553,560,144,147,147,True
BigCodeBench,BigCodeBench/770,python_minifier,7b985e0fd82b3dc2855f3acc7c88c91a5f01a29b903ae274545e0952aacd377b,568,154,156,156,True
BigCodeBench,BigCodeBench/771,python,7e7ee6cba9ce073cda0a4b55adeade729d24413f6c9779fa5abce01eaba56574,726,163,164,164,True
BigCodeBench,BigCodeBench/771,kern,2cc92454675c2dab2bdb21de6bc804d96fc51724569b69527744e3b5d386eadf,518,133,134,134,True
BigCodeBench,BigCodeBench/771,kern_compact,cf32674b95b0128aa9d1780da9219d656046522a3ab933cb7843f0219ab50998,322,116,116,116,True
BigCodeBench,BigCodeBench/771,python_minifier,75f2f4aa82985be09e2ae33f7682a8f71554d830cad93545912a124c5e4e1ead,354,121,121,121,True
BigCodeBench,BigCodeBench/772,python,1be616fc66f01a9ba0dc99a7d88b935f0f5fa664fc7f106d77cd5d80a270dd12,434,102,102,102,True
BigCodeBench,BigCodeBench/772,kern,0f87cad5bbd0fdc0316cc5c893a4c5f930a33bd32f3252491bf722b17042227e,347,85,86,86,True
BigCodeBench,BigCodeBench/772,kern_compact,5ccb8697587b1302977ebeac92be8e8d4dd5692dcb4b91903339f566f329a397,304,77,77,77,True
BigCodeBench,BigCodeBench/772,python_minifier,91917978daa576b2add4e9c6aec10abae11db71a2cefa3b0ac4e718c05838eb1,336,87,87,87,True
BigCodeBench,BigCodeBench/773,python,70bb0a44430a723c2db5bd73f9f4aa1304946f4c3027021a71cb76eebd20eaa6,577,148,152,152,True
BigCodeBench,BigCodeBench/773,kern,5809291831e38266d396fa8136aac98fa5098bf6c95c0c77449326c3f915e085,451,123,128,128,True
BigCodeBench,BigCodeBench/773,kern_compact,d0964369d6ba82d123707572696481097a1cf1aee0b36f86cb9277784998783b,311,107,111,111,True
BigCodeBench,BigCodeBench/773,python_minifier,db5a9f76066a2c94f267df9e544b286bd353660601f69475a91eefc14aba0122,314,112,115,115,True
BigCodeBench,BigCodeBench/774,python,1458b79cf53f32ad652d1713d71f10599deb857b0b9f40f4e5c35b9046e0bafe,702,154,162,162,True
BigCodeBench,BigCodeBench/774,kern,35fa83351a09e29cd11a3d9f4fcc4382d0dcc72237b3ac6fc0bb7d3b51fd0016,517,127,136,136,True
BigCodeBench,BigCodeBench/774,kern_compact,175b6400572b52f4cc7fe5ea6426efca45acb6723ccbd00a6def6adb8a02217d,489,124,133,133,True
BigCodeBench,BigCodeBench/774,python_minifier,11d77d54a6ed0389987ac0b19e2a69300141db66e4630d55be37cf6bfe1b25b7,504,131,141,141,True
BigCodeBench,BigCodeBench/775,python,1655c22eba6c096ab1b6e29e845d84c9060d1a486cff96a9e64e9db3fc5fbcd8,865,199,203,203,True
BigCodeBench,BigCodeBench/775,kern,14b4f57f10ce3ed5259d27bd657247e7382f8a7b2bf30a5184a76083974403bd,450,111,116,116,True
BigCodeBench,BigCodeBench/775,kern_compact,5bb6f71beae51bd93d9615e8efe923f2eedd84b1dfa5acf49c957aa5c2c90b24,337,102,107,107,True
BigCodeBench,BigCodeBench/775,python_minifier,d1dceb3ae1edd853e175e71a3f9efae382e1bb3fa788eaad48c6268ca0871dcf,352,108,113,113,True
BigCodeBench,BigCodeBench/776,python,bed0b232cb19d86b1778269a4e737e1310f8c2977b64c4458c2120f6998d9894,865,181,183,183,True
BigCodeBench,BigCodeBench/776,kern,16735e4fb1ac87227ab176616c2b90415741055a4eca658b94a93fa683e80066,632,152,157,157,True
BigCodeBench,BigCodeBench/776,kern_compact,46421a5cbca2e3c1b00fd52bbdcdcbd4819c05e3d03839a7f8f145c17d21bc1b,615,148,152,152,True
BigCodeBench,BigCodeBench/776,python_minifier,f41ffdb8a73dbf71be4786f4b2933f2cb2afb90de9fb44d40a1d65c41e00b32b,653,166,171,171,True
BigCodeBench,BigCodeBench/777,python,0150c0c38753d2b8a787b706aace7a8ff19e5106338ae3ea8d9903e1588b023b,779,164,166,166,True
BigCodeBench,BigCodeBench/777,kern,9037bcf3d21e71d21db78feab126ffe26e2e58d7e705d0e994fdde1f05953a3e,500,124,128,128,True
BigCodeBench,BigCodeBench/777,kern_compact,9c19d5ca61f85c20216adcbfd275894e3af57f421d38e21a14086f4fd128a7ac,308,97,98,98,True
BigCodeBench,BigCodeBench/777,python_minifier,70267c9538b9533ef0ab9776b7e5a8303aba1c867704ae4c656594b8868eda04,325,107,109,109,True
BigCodeBench,BigCodeBench/778,python,5f9f03a02b928843d973aa3e529cca82182e28049442852e600add81ecdcd833,612,129,130,130,True
BigCodeBench,BigCodeBench/778,kern,8be9e5acf69ee6351a6768b9d87a99c0cce54b51824355bac599559cb3159ca2,540,119,121,121,True
BigCodeBench,BigCodeBench/778,kern_compact,98d5b5ef918c2c4c3d1e9b5acd701bf5081251c08e9a987854ebc5f5adad22f6,469,111,113,113,True
BigCodeBench,BigCodeBench/778,python_minifier,16120f28e0788a8265b8c4a54baba6350a787558c8a339e3097f9a9fc9e74012,455,117,119,119,True
BigCodeBench,BigCodeBench/779,python,449d20b147033db9ad9d6af312bdda074c6ddcd2b468960bfccca80b882c1b12,1494,313,317,317,True
BigCodeBench,BigCodeBench/779,kern,3fe9a80c461008a4ffeb1c1ae752d0277b2f88660d9858ef1ac54b21a63b6cc4,995,245,247,247,True
BigCodeBench,BigCodeBench/779,kern_compact,44efa3a98063454f7a6e7324511748a2a74c386b25183d839ed50ba60104e389,887,226,228,228,True
BigCodeBench,BigCodeBench/779,python_minifier,3e9e74b7c1b4a27e6853dc28bac38102f66819965cc642911a6b02c6e34f0c2c,848,240,242,242,True
BigCodeBench,BigCodeBench/780,python,dc5dab32180f87974925cd9a4643b0af587f7823edf93d0a62a42b7729a4c81b,1056,239,246,246,True
BigCodeBench,BigCodeBench/780,kern,4d7a8106ad86d0912ba5a69ea5138805af1815783fd3569c1e9c177932f12c17,899,206,216,216,True
BigCodeBench,BigCodeBench/780,kern_compact,6fea9a548645ea6a1e0a9827a2219580a23bf53bb40a9993eb1aa7e9e4500e43,849,200,210,210,True
BigCodeBench,BigCodeBench/780,python_minifier,3deff79a4ac3a30471c7058af1a5049142381db668dce172d4f3dda4f7827026,725,198,205,205,True
BigCodeBench,BigCodeBench/781,python,087115ad31d82cc4f33ebce274973f0076c462dc07081f3c2a333ae084bd3346,372,98,99,99,True
BigCodeBench,BigCodeBench/781,kern,467cb00b9fada3850c25b9365d58c79f5f7b5035f5efe5ec3c6cded9ae2a3e61,293,82,83,83,True
BigCodeBench,BigCodeBench/781,kern_compact,47e6f82ca3c001e3f85c14a63cbb2dc59ad89701b7a827984c535fe71b671cbd,271,80,81,81,True
BigCodeBench,BigCodeBench/781,python_minifier,a8931848bf4b851db44abc2114600a2897bae7b85380d31b375e1c63576b7ae0,281,81,82,82,True
BigCodeBench,BigCodeBench/782,python,de26a9c85c8a229905cc632914de4ec4705a126d3c6602cd99c9ff8fd131fac7,643,154,154,154,True
BigCodeBench,BigCodeBench/782,kern,bbaf8c44040d80bb71ae9d342ad3fd8deb433b0da806c80edcd8934155aa199f,485,126,126,126,True
BigCodeBench,BigCodeBench/782,kern_compact,2d71366689fc49638fa56befb6a71169100611a83ba108ad27011f84e7264ba8,413,121,121,121,True
BigCodeBench,BigCodeBench/782,python_minifier,a6af6b460e2157fdf3972bc91488bbc3f61d8f2f6a8d9e3256bff4d5056fb581,434,126,126,126,True
BigCodeBench,BigCodeBench/783,python,2a2082f35596dc847fd178e8195f77ee6b44bec2de5c18ef1477bee1bf53155e,319,76,76,76,True
BigCodeBench,BigCodeBench/783,kern,a2a3bf6285ac82d71f8b94e52d9d6bedce8c92984ff1d2cc32200db2281ad65a,246,65,65,65,True
BigCodeBench,BigCodeBench/783,kern_compact,c30ca474922f643ee6a30e7db9703fc40ac772589ae15e1e576be083df4b6a1e,180,56,56,56,True
BigCodeBench,BigCodeBench/783,python_minifier,3bd65f74006770e55ceb5622e3c4a66a11fb8ee007774144c4bfb89009eb9db6,197,61,61,61,True
BigCodeBench,BigCodeBench/784,python,ad48ad8f1d6c0d7957a4bb02362c3dc462ebe5afbed92a7154c0f88a8b6a634a,1146,264,265,265,True
BigCodeBench,BigCodeBench/784,kern,e2e46d44e0e4d6e042f7032412d6db4da91f4d965e457b56d7657688bec82153,842,199,200,200,True
BigCodeBench,BigCodeBench/784,kern_compact,a37875ac0b703903dc73b9f9a2ff95cd7c69c2291398c5d5a101467e165056bd,713,190,190,190,True
BigCodeBench,BigCodeBench/784,python_minifier,2bdfd3ba5a61073669bcf43533811aad177c7f74db626f4f048e1a52832e5689,714,203,202,202,True
BigCodeBench,BigCodeBench/785,python,a7dc10c5af221377cd1de06cb531e197517605c65d867a46c586ebe0e89f33c5,900,214,214,214,True
BigCodeBench,BigCodeBench/785,kern,ccd93d4c2b6cc1ee44014eae2c59cf12e65194db71962189a8780cd19c55d646,531,139,141,141,True
BigCodeBench,BigCodeBench/785,kern_compact,916fea1cb713afa98eb72fba1f330fbf92d3f75ff04898b2d82a42bfc7d29331,364,118,121,121,True
BigCodeBench,BigCodeBench/785,python_minifier,1188a430905c1eb8b64f0ac297a78b419a3ec58b93deff41d4699aedbf651115,391,119,121,121,True
BigCodeBench,BigCodeBench/786,python,5fc1ca7e1c640baa7bb4538cd3a53cc5dde32a9f7554a50d205b7d0b2d01c1ab,937,222,225,225,True
BigCodeBench,BigCodeBench/786,kern,617fdaf71fd3b2ad99376d62a3eacd40547143f46b0409f91291ee6125680ddd,648,157,160,160,True
BigCodeBench,BigCodeBench/786,kern_compact,be2622d06dab018efef48eab2d554f435b376daf6b09470e9b4a43f28ae71076,533,147,149,149,True
BigCodeBench,BigCodeBench/786,python_minifier,c614b42f6c3c80f68efa09f44457a5c30ccbe4a6d51a87afc3ba860e1f0eb25d,540,157,159,159,True
BigCodeBench,BigCodeBench/787,python,29e9bf2ec425b35b2d8f1095c14fc41f7b42baa760f10234d13397c60072182f,488,117,120,120,True
BigCodeBench,BigCodeBench/787,kern,8409a6c2b55fd1a331ac421a414f11d06de18c6f5993876d92a2ee89788595ad,369,92,98,98,True
BigCodeBench,BigCodeBench/787,kern_compact,01d1797d0aeea16cca02c22777e185af5253a2ddbe354a2c1645492837e7fcca,295,86,90,90,True
BigCodeBench,BigCodeBench/787,python_minifier,d9f52f0e591aa99929d14b03e8358cf30926cd18218b1f00d6d6b19f36a7ecba,322,94,96,96,True
BigCodeBench,BigCodeBench/788,python,b69832770aeb6bd596d45548b2b79add0502cdf8eaaef64a97cd8ef5c7b1f3a7,766,207,210,210,True
BigCodeBench,BigCodeBench/788,kern,04c54ee903844ad808a9ce6f74911ee3af35ac0fc2b2fd672aa386a732fe0610,460,148,150,150,True
BigCodeBench,BigCodeBench/788,kern_compact,74038f8c21005fba51a2ad9ccd98abf2a778d6ba6a2a46cbbfcb2870edeaa622,384,129,133,133,True
BigCodeBench,BigCodeBench/788,python_minifier,f887a32121fdabca4132c398c35ef04ff90eb5e0c7cf030c3ffb708e8b9ff56a,407,134,138,138,True
BigCodeBench,BigCodeBench/789,python,b4c6e3eaf8fd31c0fe9b6d7f290dc135f6bca08256562c190d7116bfee4e4ea0,349,88,87,87,True
BigCodeBench,BigCodeBench/789,kern,049a9eaede199214a53eda6c4770990bdeb37ab24b57171177dcbb2236b9ecb4,227,60,61,61,True
BigCodeBench,BigCodeBench/789,kern_compact,6e50c74f6b00a02fc97dad5cdd15ae1a7091a13ba3b61d1a293644d24239ab3e,196,56,57,57,True
BigCodeBench,BigCodeBench/789,python_minifier,1b8d0b6f344b8655ed2a74d9775d01aed13712c2a16bae16b92b196ba3b2abd0,216,59,60,60,True
BigCodeBench,BigCodeBench/790,python,b0838f662dbba1a05fa0cf9096e19c49be23bf42acebf571dc94f8a56cbd5451,564,155,158,158,True
BigCodeBench,BigCodeBench/790,kern,fca0887dfec4d210fe577064931ec9bded0a193176065ee0b551ed7952a35a42,405,128,129,129,True
BigCodeBench,BigCodeBench/790,kern_compact,5c18582b9fa9d45bec7bb3c25769885d1a3c7a9b0ea0460540532cc631b5bdbd,371,118,120,120,True
BigCodeBench,BigCodeBench/790,python_minifier,cce8726c077fff15786c1f3ba72b7fe1dd53f905eacc1ae7e4bdf72209a09f39,382,123,126,126,True
BigCodeBench,BigCodeBench/791,python,24bab04b803dc925830f96c356dad284beb9b294ecb88eff8055740f4a6e0ade,510,146,147,147,True
BigCodeBench,BigCodeBench/791,kern,f8965e83ae107478ca12177da2193ac6c611e7434418039a5b72e26fe9cc8bd9,321,100,101,101,True
BigCodeBench,BigCodeBench/791,kern_compact,979e6141bd1e057c842084f75e176e35d6db1963b5e77098e0ff1d30115e2a06,276,91,92,92,True
BigCodeBench,BigCodeBench/791,python_minifier,237ca4bbba7b6f871fc26cbd76a1932b66a271be7bb0cc216f7d827782b1d4d9,302,97,97,97,True
BigCodeBench,BigCodeBench/792,python,b8da191eedb999929ef26489e154cc84aacc4041731224a5349f723bd3a33270,612,147,153,153,True
BigCodeBench,BigCodeBench/792,kern,bc4554117b469c7533b40f257d40faba2ba31642c80b3064f61ef10ab9c46c86,472,124,127,127,True
BigCodeBench,BigCodeBench/792,kern_compact,d017dacd01693d1c45c3e646ef1fc46c7ec84ee05b1c7321cb4a22d29f9d6009,386,110,112,112,True
BigCodeBench,BigCodeBench/792,python_minifier,a911c3f6937ddbd35a938a0c0a01436d943c681da21e081b9197a99839596721,398,117,122,122,True
BigCodeBench,BigCodeBench/793,python,dbf10c985a1e169d16f93732ce2ee39806b5ababd2a499a34100605a7cd2550f,330,104,104,104,True
BigCodeBench,BigCodeBench/793,kern,91030b76ed3960e8d0323c7ca910f5e0d20f4eb3d0962e9cadc323397707581d,192,67,67,67,True
BigCodeBench,BigCodeBench/793,kern_compact,f708b44edf5ec5b58167e96d7f2e11f51fc5e42a9dcf480ce7ea15ca2b7f080a,180,65,65,65,True
BigCodeBench,BigCodeBench/793,python_minifier,696b4e6bcba49b2d819fad700bfe95b08fe83d94a6de852fbaa78af005d5c975,205,69,70,70,True
BigCodeBench,BigCodeBench/794,python,c2ec61b6d35cb154517c4712c80dffa0567a590700e50233a665c78be6bb2ff4,229,54,56,56,True
BigCodeBench,BigCodeBench/794,kern,57c3d3e2ec8f8a17944c7dbbba476fc717cc14925db61f7cd4414d0051d606f3,179,46,48,48,True
BigCodeBench,BigCodeBench/794,kern_compact,5b7c00ee898b49b8d39954cacd2401146ef99f2bcd2b32a52b58b688eaea6a3f,169,45,47,47,True
BigCodeBench,BigCodeBench/794,python_minifier,abf3ec0cde44dc8e34ce29f2d0aa841469aed7e8869586c5199ed5e2faac1b24,172,41,43,43,True
BigCodeBench,BigCodeBench/795,python,b1ddc4c8909a7a616f100d8af8d0767fce642c2e57b7b0ed5e77e768d5a40f45,459,110,110,110,True
BigCodeBench,BigCodeBench/795,kern,5ce3273226e1f5fd9dd97e91c841abfaabd675bfe7b42c083a1ccdfed2be292e,264,71,72,72,True
BigCodeBench,BigCodeBench/795,kern_compact,a87fdc982468b91b0188814339356cdedfca370c476d2a8d0b3b874f1df342ac,216,67,67,67,True
BigCodeBench,BigCodeBench/795,python_minifier,3cf87e0e9c51f4971a7eff9b41c68d8cde3cb99059790717b0a35cc2ca53d7f9,248,68,68,68,True
BigCodeBench,BigCodeBench/796,python,e1e6d5ef4ffa66b3e4cdc64226700463455a3c16ec02bcdb4bf3b406253616c4,361,85,85,85,True
BigCodeBench,BigCodeBench/796,kern,4f9209d4c7df8f0659172618a65cdf77390b7ba28104a3383c873d36c82d21e1,227,63,63,63,True
BigCodeBench,BigCodeBench/796,kern_compact,fcc4c4855ae21e9921b15d74ee0dc053d6072b541942f5f452e801bc97d1298c,148,51,52,52,True
BigCodeBench,BigCodeBench/796,python_minifier,814ae92041e4166451213a4406e933221b678d87aeb694632b7494af2ecd29f0,168,54,54,54,True
BigCodeBench,BigCodeBench/797,python,b25c12bf71c3403c70df037bdae4e5a6daf45f5451958475505427bc81b14ac6,323,82,86,86,True
BigCodeBench,BigCodeBench/797,kern,2c487c8e1b06da7c12dda12211554bf1b6b0c0ebccbe8e5a300f1c79cacb7c81,237,69,75,75,True
BigCodeBench,BigCodeBench/797,kern_compact,48d16b16080031324d7a7620a9e7d840a6628fbcdc612ebc9e33bdf5b12e0293,233,68,74,74,True
BigCodeBench,BigCodeBench/797,python_minifier,0556efc2e59e3ad10f06f07f4869d6b688f536be4d0808636194fc38c458c840,205,56,60,60,True
BigCodeBench,BigCodeBench/798,python,6647f05f46181be72f41323b1c9f15a397028f734d255bddd276a0b21c1399b5,622,141,142,142,True
BigCodeBench,BigCodeBench/798,kern,6153b61b0af618bcc4e334ba9ac493dea5932244a50f3236d7637960a5bed91f,471,117,120,120,True
BigCodeBench,BigCodeBench/798,kern_compact,04458207418ab130a9da3af00dd3bcc41873b75f759dca4de1ccaeebeaf73f5b,413,111,112,112,True
BigCodeBench,BigCodeBench/798,python_minifier,8a5a694d2809f673aa997d023c1fadca9b043d6164270931221c6dcfa2132683,424,117,118,118,True
BigCodeBench,BigCodeBench/799,python,bc6a9469ab3b4e24bba9036067d2cf6e6180449a82470fc89ec09611cc63c248,896,208,212,212,True
BigCodeBench,BigCodeBench/799,kern,279527ff9af258370b8162628a89561593e5eebcd46890585eeee63c2f1de50f,587,148,154,154,True
BigCodeBench,BigCodeBench/799,kern_compact,bfa1462f61c3eebe9c1d0ed49f5fb54bf61d502c5996d932e78af9cfe5e2d1a2,411,121,127,127,True
BigCodeBench,BigCodeBench/799,python_minifier,8f38eb44a46766bcab81f87b9d9378bffd13d39a4f7c5505afb35c7bb7cdd62c,449,125,132,132,True
BigCodeBench,BigCodeBench/800,python,681a40b284b64b5f2e94b1f692d2d4f6338b9492b2e2f74a13f8f1f2db689915,1113,279,287,287,True
BigCodeBench,BigCodeBench/800,kern,8c18f501e2f02c21ab22c5cb78db113e6aa9e7346dc0318a86a1c443bd91d549,824,225,238,238,True
BigCodeBench,BigCodeBench/800,kern_compact,81c8eca1220d51b4a8321177ef77b9a43b7e83eb5de0bbae062b0dd3ea285a92,690,212,225,225,True
BigCodeBench,BigCodeBench/800,python_minifier,ca8a63b17397648682248f1de73042d944ab9be4e016554f9d27a9cc152f5777,673,224,229,229,True
BigCodeBench,BigCodeBench/801,python,77b9104b1e629307d2c060db4c0aece3871c0a1cfe839ba165c413cab7dace97,739,176,176,176,True
BigCodeBench,BigCodeBench/801,kern,37cf1b5300b6d477f4e5550fb729acaa4df17f062eda88101a232bbeb7927e96,531,150,152,152,True
BigCodeBench,BigCodeBench/801,kern_compact,4995981071dbc7df97e25f0d0ae504d906f1a16650234a83f05443d3d2717fe4,402,143,145,145,True
BigCodeBench,BigCodeBench/801,python_minifier,e0edfbf9f539d4b80a72499255e65fda54919fff5ed4d239b5b182346758dae2,441,146,148,148,True
BigCodeBench,BigCodeBench/802,python,605c538485615baf65fb289abbce9e3133660e5de64852db22bb4261b081ef5c,439,101,101,101,True
BigCodeBench,BigCodeBench/802,kern,abb19ba1692fa9e2e6b27689a89710961acf8174464edf828d51a2a1aa1aca12,324,78,78,78,True
BigCodeBench,BigCodeBench/802,kern_compact,48cedd4b8bf5bd0f481d55df40c01ab3f1578f2274b865a56cf53820522ed191,281,70,71,71,True
BigCodeBench,BigCodeBench/802,python_minifier,1e2db85921a6a44752e01549ca8ae5b9c9e36133403ff5f9a849390b447283b3,275,74,75,75,True
BigCodeBench,BigCodeBench/803,python,49a5e09475c0f5d55221c8f445cf31cf794181a70c5c77d400599a59c6bdbef0,444,98,100,100,True
BigCodeBench,BigCodeBench/803,kern,4ec292a3d23d8044aa66e9e520c5cf6a46ef7a3d4fe50c2b69b4ea025292efe0,381,86,90,90,True
BigCodeBench,BigCodeBench/803,kern_compact,297a1be0ce36d738fc9364711dd3a17a3704a1e40bf3f54bef64c4bc1be8bc81,323,77,81,81,True
BigCodeBench,BigCodeBench/803,python_minifier,90ed86e04f7ae12e10cadec2fa92c34f35959dcedcea7223be940def4a1dcfa7,322,78,80,80,True
BigCodeBench,BigCodeBench/804,python,9234150ecd13fcf98a9dd366f2585b1b49db5ca7df8bcd6e57ee2bb0f3fd32b3,655,149,151,151,True
BigCodeBench,BigCodeBench/804,kern,751b4a753bf4c65b14df5360b7709ac714c6a7a5550b17cb44bf5af0d5e89470,478,122,126,126,True
BigCodeBench,BigCodeBench/804,kern_compact,6b6f26929962d98f2b2ede4114e75b5a40a665484affb1f9b24d3b5bc42749b3,461,121,125,125,True
BigCodeBench,BigCodeBench/804,python_minifier,5ad9fb2a69da83c840e96ef6a41c62dc5912ef73ff9580457e2b7ad1c557ea5c,508,140,143,143,True
BigCodeBench,BigCodeBench/805,python,edcf1af9d79d5527723a726a623db17e434c0ac9ea2d1738144dbb4dda5273a9,318,80,81,81,True
BigCodeBench,BigCodeBench/805,kern,ead1f7c9328c72ae2fd1c213f6598becfcda2e256ffb89f7b718dde0eab9fbc1,263,66,67,67,True
BigCodeBench,BigCodeBench/805,kern_compact,3e32d66c58b5bf5637cb98432c26dd4c29b5c6da025a72088d85436316e6a6a0,195,60,61,61,True
BigCodeBench,BigCodeBench/805,python_minifier,98fe9bd17d6d3481dfc6531bcf107e26b8b8ae946717d35981447be3a1722d98,206,63,64,64,True
BigCodeBench,BigCodeBench/806,python,79c37f6f6818882fdc1079c9e2e757db81bdf41aa91f590287b89a36e49d263c,604,154,157,157,True
BigCodeBench,BigCodeBench/806,kern,05d5f707faa2089bafefc60a813d8590845701e40e9d640eb38ebd9f7d713fdb,365,105,108,108,True
BigCodeBench,BigCodeBench/806,kern_compact,e18714342a85d0053794e578e410ef3f34d6eec252c415af7dba8e26adce90e6,336,101,103,103,True
BigCodeBench,BigCodeBench/806,python_minifier,eaf939750739dd038ad5421c8241dbc76a914d2d2eabafe7ff214fedd2fc7ce6,341,106,108,108,True
BigCodeBench,BigCodeBench/807,python,9aee5f56e81d50ccb5d6738e5095f5ca85e1c1441f817f1fa28d83edc3be5858,374,107,108,108,True
BigCodeBench,BigCodeBench/807,kern,7dad913d1dab2ecc4b140e4c2877af31a418eec5b33b374442c3b038b3734ff3,266,80,83,83,True
BigCodeBench,BigCodeBench/807,kern_compact,c29b7b4e481bf6946ab7958dc05235b9c8e16a9b36b5bcd11032b5961e303b90,196,70,71,71,True
BigCodeBench,BigCodeBench/807,python_minifier,97d96a89392e182889c18da77af2282923ed06dc805b978ea8dff8ef14b0e8e5,197,65,65,65,True
BigCodeBench,BigCodeBench/808,python,69eaf42e714723d93e56c4a276543562ee4aedf02e2d561e70c752442a2cc3c5,417,117,118,118,True
BigCodeBench,BigCodeBench/808,kern,1eb7f392cf0bac3de32702bc78182794c8ffaa367676b834d703a0f93a1e90e4,349,103,104,104,True
BigCodeBench,BigCodeBench/808,kern_compact,edb5a4347cf2a4c7ee3821efa5d745ca61bd5a8b7b14166eac8364197c9bd255,322,102,103,103,True
BigCodeBench,BigCodeBench/808,python_minifier,50381fd9631555eb88ebf61d0c11b671fd195962641d10497bd07ad011141064,332,106,107,107,True
BigCodeBench,BigCodeBench/809,python,0c3cd215f4a3f898ba48e195897a98deaf0879f5cd8540303eec85321e06699e,259,65,65,65,True
BigCodeBench,BigCodeBench/809,kern,b04b78a6e6b4e61d763d1f197e6de8de9b4dab6587ae9d2b6d6a66e19571b85a,197,55,55,55,True
BigCodeBench,BigCodeBench/809,kern_compact,78a2dfa024d8d71e5de6436e2d7ca8b14b94dce445d25fe0fdf419b34342f3fa,172,51,51,51,True
BigCodeBench,BigCodeBench/809,python_minifier,f7891f6d4ba55348f7539986a312ede1d1f38386db652464f5ccd0ee30859363,192,59,59,59,True
BigCodeBench,BigCodeBench/810,python,2930e9b7713abbf12a40e07f0f20674956bef68e24b0a4e52ac19e31685c8eeb,601,114,114,114,True
BigCodeBench,BigCodeBench/810,kern,caa46c28448f66d344cd18b44636ad5cd5900b39ece1336154f0d5237b71aac7,425,100,102,102,True
BigCodeBench,BigCodeBench/810,kern_compact,b3ce021751f37d0d6c85ca4216a9da63a869ad40e53994b64d985670db62e51a,310,90,90,90,True
BigCodeBench,BigCodeBench/810,python_minifier,5ed492a1725825e4a981fdea61413edfe0d3a37cd324cef4d00728751eb6ff3d,338,93,93,93,True
BigCodeBench,BigCodeBench/811,python,6c529ca8731f96accdb5523c1e6b32a2732a641ba6125301f32feb3a26f26616,664,141,142,142,True
BigCodeBench,BigCodeBench/811,kern,f73be44ae8ae47eec85fe11455e847060460b388ad0accaaf5c9015694a556bd,503,116,119,119,True
BigCodeBench,BigCodeBench/811,kern_compact,d0babacf55af5b0594e2a65b33b69f8744708e2f47f924c9cfdf451e02853284,344,103,105,105,True
BigCodeBench,BigCodeBench/811,python_minifier,a37370169eef0bd922d1d2638d52a110f95854da84b6024655325a75b0202894,389,124,126,126,True
BigCodeBench,BigCodeBench/812,python,227227d16855b2b152c561b7af9c58c2e823f0d92d708bf51b9b54d3fb10411d,619,149,151,151,True
BigCodeBench,BigCodeBench/812,kern,f5c008a9cf42d822aa3ae2f9405af5730a9f37dfe83a33955758b6bbbcd423fd,472,132,134,134,True
BigCodeBench,BigCodeBench/812,kern_compact,11c3c7572160536c490ae4ff4d7e9457c977be5752d6443e8d01c7a6a82a50e6,427,124,124,124,True
BigCodeBench,BigCodeBench/812,python_minifier,e39b5a2b4a662c4ac4326e984efeafee719af3e11cbebf5b11f364e609a0d218,459,134,135,135,True
BigCodeBench,BigCodeBench/813,python,84abf5cedd065205d8e5deee7ef790128c33b03088bb145c09731f1f25c42498,352,73,75,75,True
BigCodeBench,BigCodeBench/813,kern,5ac9d1a02521a0fc8871165eed197a65b47f938caa4d371b10d55b7e41c50006,271,58,60,60,True
BigCodeBench,BigCodeBench/813,kern_compact,e32b4a634cfb26cd4c69c40e9784144115529e774d96ea6d3b973ea18e3bb3f2,193,51,52,52,True
BigCodeBench,BigCodeBench/813,python_minifier,f10c6f9cfe62c0d255c6c3f263e61fb5fc4670fe7120207f1baef4daf668e41c,212,52,53,53,True
BigCodeBench,BigCodeBench/814,python,f8caf1b2e98c2bc6b21a5e6e6877a821c5be44a4c69b82f296cbc49ad52fe048,582,133,136,136,True
BigCodeBench,BigCodeBench/814,kern,98c82fce95939cb811c7bca2a3b9649cda337120ce356dd5d8ef3c1e43c53f1d,480,117,127,127,True
BigCodeBench,BigCodeBench/814,kern_compact,bcc294f967ece27cb38d16b1044eda90cae103addd9aac40fedf7e0d745eceff,396,109,113,113,True
BigCodeBench,BigCodeBench/814,python_minifier,16eaea999157ca656018b0fe70cc0e0876b0748e8ad3accee1d4dbd2905a9e62,390,116,120,120,True
BigCodeBench,BigCodeBench/815,python,44e0a5a4d5ade0b582ce6403f20e2526b994acc7d36376a93f989929f9cfb37b,486,103,106,106,True
BigCodeBench,BigCodeBench/815,kern,c94907e957cf61f694d7952f718c13e6f5b1e6431f28a7953c427cfa192a3f78,418,90,93,93,True
BigCodeBench,BigCodeBench/815,kern_compact,cbdb93ae27fafe26f4d99b7242ac81a5e421c32b10c751f11b5bb028acea8355,347,84,87,87,True
BigCodeBench,BigCodeBench/815,python_minifier,533bb5eb0a71c0435e259e0537b9ff535ffd437dbaf2986bcd346a0533722987,306,87,90,90,True
BigCodeBench,BigCodeBench/816,python,e818f94d9a145d12aaccca11c32555354541ad1a6d27bd9a568a81b111618081,442,139,142,142,True
BigCodeBench,BigCodeBench/816,kern,7ed078939ef9a686c9a3abd20fc39d9bd0c6d388f7fb1c29032df4c88225095a,331,108,112,112,True
BigCodeBench,BigCodeBench/816,kern_compact,53f2f6070c558561e5d6afd0f03413bec36ea09a7ffbbe6fc24d6925e6208a16,271,104,106,106,True
BigCodeBench,BigCodeBench/816,python_minifier,9394b06d2f0c22abb87e1259c7c3532777f76ca5d985a23d4433c11d64556e60,294,105,107,107,True
BigCodeBench,BigCodeBench/817,python,00e096bf952d4eebe1697aef224f2bdcf591d14039046596ea2a3dba398596b0,1029,208,215,215,True
BigCodeBench,BigCodeBench/817,kern,44867b1be7bd9247f21e7c3305d6aa419120abddeac78c069b89457f4d9a7fcc,881,185,193,193,True
BigCodeBench,BigCodeBench/817,kern_compact,a3023334a474de959c544bba26fd943e9a8d7975b26d106f1b89bc6e5368212a,705,179,184,184,True
BigCodeBench,BigCodeBench/817,python_minifier,4d09551091ce5047b1f28366ce7c12172ead5577c2ca3cafe7a6aa2e7fb154e8,660,178,184,184,True
BigCodeBench,BigCodeBench/818,python,601688c5d3761b16f07e9df7107f04924c8e34319acab08fcaebf483d8ae1b0b,235,64,66,66,True
BigCodeBench,BigCodeBench/818,kern,ef2a447a42e5a17aefdb4f99dab201d0bfe886ad55aa40e6423fea03be28b05c,170,53,55,55,True
BigCodeBench,BigCodeBench/818,kern_compact,1a851a2ffd18f082a302493af862a2375e93b7bfe6a0c9c855fb0a5bdf009dc5,138,47,49,49,True
BigCodeBench,BigCodeBench/818,python_minifier,c453b023dd0ce2cc3e009e4e0bcfd5dacb60c1ecc5a8ae768fdfde9f400ba7b5,154,51,53,53,True
BigCodeBench,BigCodeBench/819,python,812d5a4956c1cd0357b8278717b64fe035295ac7fce3f1c169d084e89ecaa9a3,896,205,208,208,True
BigCodeBench,BigCodeBench/819,kern,681fdf703cb349ccaaa69e3100579d8935b64d7cd2d98d567785577e5654ad67,716,166,172,172,True
BigCodeBench,BigCodeBench/819,kern_compact,5319ea988ae31c4dad103f6442f62846711a1f623fe82fec9d12d6c69fafeb84,615,158,164,164,True
BigCodeBench,BigCodeBench/819,python_minifier,c848032f68352a7b8f7e1311035ec3903d5cb88e3319dbd4f53dee68d72f869b,595,162,165,165,True
BigCodeBench,BigCodeBench/820,python,5cda07d246803901fc697195a8494122c8e3b87b9440885f6cabf12560861d53,400,95,97,97,True
BigCodeBench,BigCodeBench/820,kern,561b17085c9c26d299a3d345f0d00eec2285d70978ae1988a70eeb132c6da48c,291,75,77,77,True
BigCodeBench,BigCodeBench/820,kern_compact,e95c5db7490eda047ea93d6226a91dbe7be2dfa7f497db2b250bf87f495f4985,271,72,75,75,True
BigCodeBench,BigCodeBench/820,python_minifier,9ecbefe0c6a167bbca9cddfcebadbb3c5290a45190580412d18461f2b26ff88f,292,80,83,83,True
BigCodeBench,BigCodeBench/821,python,6872b394182b919238fac1222144dd78106285973cadba827b0b6e0fff4dcf84,451,104,104,104,True
BigCodeBench,BigCodeBench/821,kern,b5eee22dacef78506e985a2aaaee10bccd3ddc2760557eb93d9d59762bf9553b,294,76,76,76,True
BigCodeBench,BigCodeBench/821,kern_compact,5ebb0e2b66365d6d070741db89946bebe48f0323e0231b2196c312ece2416353,260,75,75,75,True
BigCodeBench,BigCodeBench/821,python_minifier,0d82e7437368f72b8d6fb9d92d7256dc3d99bc38bdd2d5177e640fa661aeef6f,275,72,72,72,True
BigCodeBench,BigCodeBench/822,python,a2a2bd4d9a406b187f3b93f1cba8a4552705937d09b0bfe901a44b0405754aca,623,137,140,140,True
BigCodeBench,BigCodeBench/822,kern,33606b32b8e76819e092fb9fd45c2b7d2bc6fc1e8b4fc62a94f28b43debb756b,507,118,123,123,True
BigCodeBench,BigCodeBench/822,kern_compact,b924ddfa8dc3ebb1c7820cf6ebf86d003a29a8111e8c1f1ba64e4792d3aef80a,464,116,121,121,True
BigCodeBench,BigCodeBench/822,python_minifier,0677f9a2a5edf62a78ae5871da5a21d4b99fbe3c0dc1e80ae0085885e4b1db86,466,120,124,124,True
BigCodeBench,BigCodeBench/823,python,5fa54b666bde7d35f19bf16c5af27f69cee7eb7cb5a177cf5d265c4b401e0485,357,92,92,92,True
BigCodeBench,BigCodeBench/823,kern,92e245058d00f8cac118e15e77b2b4c7338635ce1f36ce4e04e23e302ac05af6,262,72,72,72,True
BigCodeBench,BigCodeBench/823,kern_compact,423862a905d5b40159bf0dcf08b3b37581d1292f1cdcdfa1c25ffea3bbbdb3e7,180,61,61,61,True
BigCodeBench,BigCodeBench/823,python_minifier,0b7b9009a371ad7f4f2e1be99de756786b8f512340ae21357b8f68f33c960b2b,201,61,61,61,True
BigCodeBench,BigCodeBench/824,python,70298def675bd1358ce51d6ceea4006adaf508ae9a80f9fe8e4a889cd97ec9a7,325,80,83,83,True
BigCodeBench,BigCodeBench/824,kern,a36220bedf4fc0a7c26a8cfa5339d076cfa0365af88cfff7637305f22e848a9a,200,58,61,61,True
BigCodeBench,BigCodeBench/824,kern_compact,97e787edaea723263f504f81246ec827dfd6e892b8b122c6d9b580d8c171d5dd,147,52,54,54,True
BigCodeBench,BigCodeBench/824,python_minifier,f71bf1c880bcb6db70ed2e39ac2ffe2f84c28faa21af79fb342930fe37f5fe70,160,53,55,55,True
BigCodeBench,BigCodeBench/825,python,ad6ba65d0bd4567dc1c300f503fc34614fa0544c7f897723c824aa757b5c45c7,304,72,73,73,True
BigCodeBench,BigCodeBench/825,kern,d43da25d96c0b18583b67e22970717df08519bb65a7562f056a80e4c43040c87,266,66,68,68,True
BigCodeBench,BigCodeBench/825,kern_compact,2e60c6f117c3837b9e4df46a902c392a1374f2ddefcaf886d91fcf72642feee1,236,62,64,64,True
BigCodeBench,BigCodeBench/825,python_minifier,6f485381fff3902736189ac587af707453ca40a67073d1d0e2f3985a33cce606,254,63,65,65,True
BigCodeBench,BigCodeBench/826,python,f8caf1b2e98c2bc6b21a5e6e6877a821c5be44a4c69b82f296cbc49ad52fe048,582,133,136,136,True
BigCodeBench,BigCodeBench/826,kern,98c82fce95939cb811c7bca2a3b9649cda337120ce356dd5d8ef3c1e43c53f1d,480,117,127,127,True
BigCodeBench,BigCodeBench/826,kern_compact,bcc294f967ece27cb38d16b1044eda90cae103addd9aac40fedf7e0d745eceff,396,109,113,113,True
BigCodeBench,BigCodeBench/826,python_minifier,16eaea999157ca656018b0fe70cc0e0876b0748e8ad3accee1d4dbd2905a9e62,390,116,120,120,True
BigCodeBench,BigCodeBench/827,python,e12af2af3555cbd66536a8a63c1171f842716c351ebefa51f02d3ed3181f0230,211,57,57,57,True
BigCodeBench,BigCodeBench/827,kern,f21316227fa475b3424f837a5929a37d16aa8ad1f1033c02be4ac04a8d60b52f,157,49,50,50,True
BigCodeBench,BigCodeBench/827,kern_compact,fcb3841e95b09c763a05cd344c16dc14cec40e531835bf76429cd021a6ae3ba3,133,43,44,44,True
BigCodeBench,BigCodeBench/827,python_minifier,99c6e67ea044ea85eefd6dabd26cce3ee147a55e129a42f8fa5004b6fa344edd,157,46,47,47,True
BigCodeBench,BigCodeBench/828,python,85060db925668769fd825399772ee36edcb3ae944edf9236f11eac3a73eb57d2,615,140,141,141,True
BigCodeBench,BigCodeBench/828,kern,fdabc5d974cded4f837f73fc08747a80f245e0a1d085df72154eeaccf87d8a0d,270,76,78,78,True
BigCodeBench,BigCodeBench/828,kern_compact,37284f25cc9f9dbadbe738646242826627ada81099ec6bcd21ea4f7a6a2db13a,232,71,73,73,True
BigCodeBench,BigCodeBench/828,python_minifier,d124fd23e7b9bebdbb2ee430b08ac33dd36264d1e3384f99bfc4ccc973859cba,251,80,82,82,True
BigCodeBench,BigCodeBench/829,python,512d0baf690ede46db91c4249824266db667baefd040a6c46c05c614dfd4f32b,442,106,108,108,True
BigCodeBench,BigCodeBench/829,kern,a9d54be3d45dc202c5d9cbe5cb60daeae17b4e965c656317ccb4fa9460fa395b,361,95,97,97,True
BigCodeBench,BigCodeBench/829,kern_compact,f7abab35086419248d48dee7305a587ae2fe19a19098b13deed95106cd179bba,286,86,88,88,True
BigCodeBench,BigCodeBench/829,python_minifier,f613665dad21d768186bdb0bb6a4948f5a910cd423a76fcc611a275c69af9415,288,85,85,85,True
BigCodeBench,BigCodeBench/830,python,8d3b2378de928ce5dbcda440801adc44f5166302faf32db6d3932eb27133be74,654,141,141,141,True
BigCodeBench,BigCodeBench/830,kern,881952c96c61e5e2fdac05b57f56273547faa04fb9925a9d456b7572224f26ae,298,78,81,81,True
BigCodeBench,BigCodeBench/830,kern_compact,9c8549e6297f6a08bf8bdf826256ee449ede3bdb10e0550879838ac55857b33e,241,71,74,74,True
BigCodeBench,BigCodeBench/830,python_minifier,24f296b23f06a41f4082bca58a20b288e112c0b3760f8e59248521f4f94aadf1,279,90,90,90,True
BigCodeBench,BigCodeBench/831,python,3241dc0ed256b0afb75e363fd36aa9ea09d616a511e8d6cb5ec130bb125f7121,317,83,83,83,True
BigCodeBench,BigCodeBench/831,kern,5dda315f9ea1505c8a929d246ace15d2751db73be1cd15d21ac12071c920b46b,275,75,76,76,True
BigCodeBench,BigCodeBench/831,kern_compact,21f62730578410ba8c0f8328259b89545f4912ab226807965ffaac48150432cf,257,72,72,72,True
BigCodeBench,BigCodeBench/831,python_minifier,af4598bd173ddafd23df56db6650b70e483987bce77c729adaffaddf2189b043,263,81,82,82,True
BigCodeBench,BigCodeBench/832,python,111cd340c908e74207a510a4eb46b83132087041bceffb6c1eeafdec9efb7016,439,93,93,93,True
BigCodeBench,BigCodeBench/832,kern,26977d5d4a5c8aab3be4e576848efc162b9d78ae053663633b0466d4d3c901b5,264,67,67,67,True
BigCodeBench,BigCodeBench/832,kern_compact,44a19245871ad7a9bf23bc8d6a21746ba737174a1a53526b1c3331145c6800b7,223,66,66,66,True
BigCodeBench,BigCodeBench/832,python_minifier,7bb1fc7fe82dea9d3558c9e349e5a718810b11bb81075943bd10ebbac5677b9c,262,75,75,75,True
BigCodeBench,BigCodeBench/833,python,f3c909108e22c111759df261e0777a977c1499fd49820e10063e63d3bb6d231b,411,92,92,92,True
BigCodeBench,BigCodeBench/833,kern,6ee4b6cca62cec380554239b4f62d01336444df71a3c9e5973cec2ace8c14b38,358,82,83,83,True
BigCodeBench,BigCodeBench/833,kern_compact,f37fa3d3ec53f91576ba7c8e4a8defd4cfc75bdb01a99777b53af589292e53f0,280,79,79,79,True
BigCodeBench,BigCodeBench/833,python_minifier,259b7a6475a029a4446e3f4f38b809b9d4749260acd774567773a69b927358f8,303,81,82,82,True
BigCodeBench,BigCodeBench/834,python,ddb4af603c301982403a0e2527bbf792b32e2bd54ac0bbf870f12a5d8ce4e3f8,406,95,95,95,True
BigCodeBench,BigCodeBench/834,kern,d6769e98203ff2ad1bc114870988e8455678409c81ff48b5a289da53b708c6da,304,82,82,82,True
BigCodeBench,BigCodeBench/834,kern_compact,c17338f2aae73773ccc65b4507c6ff92ca4f056eee76888eb3353b74b68f5b52,219,70,70,70,True
BigCodeBench,BigCodeBench/834,python_minifier,2fc8147e4fb35cfe3866334c91b8bdb98eea7fad55147825e014570bc3813525,245,73,73,73,True
BigCodeBench,BigCodeBench/835,python,90ceee4574065cfab8a4280989c41f007fa95caae0c8d17404c786c981fa5cb3,319,90,91,91,True
BigCodeBench,BigCodeBench/835,kern,741de39a82cf72c9cafdb11727f410d2fdeb1f62a681c5c342e90c56f1189a1a,259,74,75,75,True
BigCodeBench,BigCodeBench/835,kern_compact,8d0a3331edd019442d64b203252c5cd7a3027570bb24db64bacc0348c4832842,251,73,74,74,True
BigCodeBench,BigCodeBench/835,python_minifier,d76599acaee878aab7af0a0ebfbb821cf5dfd42d9600a1c0c46ee189c91974f2,271,79,80,80,True
BigCodeBench,BigCodeBench/836,python,e70e450f529cd3b79398f5c9e002c689ca1bbd22bf76cc0ca04465e7d1ff524a,761,153,153,153,True
BigCodeBench,BigCodeBench/836,kern,64543df5ca4f50f816a548b2fcbebf62afd87f5974d70dd7066f2c76e81030bc,440,109,113,113,True
BigCodeBench,BigCodeBench/836,kern_compact,ea358dba299c4029d80709e51ae7152f1947f1f53b99d34f0de81531dff891b2,368,106,108,108,True
BigCodeBench,BigCodeBench/836,python_minifier,7c8486eaccb029b1170479ca0bd64f59130bcf7bf3946702338daf60c8944072,398,115,116,116,True
BigCodeBench,BigCodeBench/837,python,a2132bab4760e3631104a090bec6e2c78d6edc627f212d8481a686d158c0c6ff,449,113,114,114,True
BigCodeBench,BigCodeBench/837,kern,dbf360af8d7c864314c1498159f1dff8b522a504f8ca0fa4aa307328224e8c62,362,96,97,97,True
BigCodeBench,BigCodeBench/837,kern_compact,c7d583c8ee198c6a5095e36f277feb606f56c4cd6b25d12786434becd9e3053d,344,92,93,93,True
BigCodeBench,BigCodeBench/837,python_minifier,3811162819c8d58fb8ddfcbe68a6455f742f84312b41c97142281c81b91373d2,357,96,97,97,True
BigCodeBench,BigCodeBench/838,python,5983f35d8031d31110a2059cb9ad0851b6b970d289bf1cf1927f249317d7da8b,487,117,118,118,True
BigCodeBench,BigCodeBench/838,kern,6547944bf3da1ad8132fc3be3be70cd46a3a1c2f45f8c5fa58dd58cfbb39930d,255,75,77,77,True
BigCodeBench,BigCodeBench/838,kern_compact,7cc290f8b450b4fda6734069f11534fbac4a31e061a75d928be8f4fd98567563,227,72,74,74,True
BigCodeBench,BigCodeBench/838,python_minifier,d524203423990c5d6f6848d6df5a7931dc32a8aff5f37bfa85235c34ebbee8c3,241,78,80,80,True
BigCodeBench,BigCodeBench/839,python,2332ec73c3a782e7de51817c34534943739dbaf82eabdea2506212a9de9c4035,761,168,170,170,True
BigCodeBench,BigCodeBench/839,kern,e77ef8a2cb7ede568df6feef247986f83a15e0769a1cfd63dc4a062b4520c73c,540,132,135,135,True
BigCodeBench,BigCodeBench/839,kern_compact,e15e0474b6762421ddbe93291ebef0d9eccd3ab99a0a508ea00c8ff983700e2e,493,127,130,130,True
BigCodeBench,BigCodeBench/839,python_minifier,6a2c4f1b4a2a32376218c58e50ffc70931b83f17d5ae8c93751be148dab186e7,506,145,148,148,True
BigCodeBench,BigCodeBench/840,python,6d2397ad4549b454a332eb2125f87d0e91e667a9fc6cde245fe223c044a28d4c,353,82,83,83,True
BigCodeBench,BigCodeBench/840,kern,79390a1ac2054b075fdb5b02363748752b453836671bb986e1541837df5391c3,286,71,72,72,True
BigCodeBench,BigCodeBench/840,kern_compact,de61fe8319845ac4374ef604d813810d6a53d7ff958be934abb9e93c12fce714,274,69,70,70,True
BigCodeBench,BigCodeBench/840,python_minifier,3fd2aa03d99898e7e856769c2601f23913504c82800f31012c15b83d2e44c4dc,278,75,76,76,True
BigCodeBench,BigCodeBench/841,python,277babfa6cbab3ca113b8a3cfca087af75b71a82f7b545d31933e987d010ba57,635,146,147,147,True
BigCodeBench,BigCodeBench/841,kern,4ff3393dee4d6267837d6ae03c38c6e42395a9a2f3f836c119a8fe770c079e5d,381,100,103,103,True
BigCodeBench,BigCodeBench/841,kern_compact,11c3cb565043d555f1d63b4d8bffc47764029b5a522ccda853930e1d6398b674,317,94,96,96,True
BigCodeBench,BigCodeBench/841,python_minifier,95dffd1baa4f69fb6a39c33b9403d095917fddbdeaf4ce033c59964800456533,350,94,97,97,True
BigCodeBench,BigCodeBench/842,python,a894135059ee4bb5e731799921a63105cbbcdcaae54b68d505ac1798e119c4c4,749,179,179,179,True
BigCodeBench,BigCodeBench/842,kern,c98b88a70f69a2559736e3f7425120e581741bd055e4e4b6c401a3b0b642fc8a,595,150,151,151,True
BigCodeBench,BigCodeBench/842,kern_compact,12629f69057780c8bea4425e3784edaec40d74c634312cab3dabfa5568cb8092,553,146,147,147,True
BigCodeBench,BigCodeBench/842,python_minifier,a72ba077a8d4e75764307cffa661fe101cc54ed9da48ea91268ddaa82a0f0804,572,148,148,148,True
BigCodeBench,BigCodeBench/843,python,8ade6bc564b84c04bbc2a40408496db8a3342c04cd11ead24206f84c307088a6,783,189,191,191,True
BigCodeBench,BigCodeBench/843,kern,383582e306a076f5086437b5f10d712d9b20d3806e77369ab898514f0256d0a9,430,119,121,121,True
BigCodeBench,BigCodeBench/843,kern_compact,2a442bb0acd287ae48573394fadb4f5f02926bc3dedcb6c1ed7d3dfff544de2d,332,111,114,114,True
BigCodeBench,BigCodeBench/843,python_minifier,51dd0aa5e5a30e15e44520743ca7672bb3824383a188e85fdab1676d6006197b,358,112,114,114,True
BigCodeBench,BigCodeBench/844,python,daef5f9ac749b1b7ac3b881a44b9c91033a3bc0a45078fcee9a7f2ed83f6142e,733,167,169,169,True
BigCodeBench,BigCodeBench/844,kern,fc1e103d2a6589ab44f87cbaf80f8bb0c467cfd7bfb044e3ddb5779cedf6fedc,564,140,145,145,True
BigCodeBench,BigCodeBench/844,kern_compact,e95e10145ba54f12619282ecca6a0b7f84d374701fd7b722b57fada3e4b0ed4f,482,132,137,137,True
BigCodeBench,BigCodeBench/844,python_minifier,0683c8a2d2b6ce86b2f731f11a0cc5af2b98e8b6020fde142fa15bce9575a676,493,141,145,145,True
BigCodeBench,BigCodeBench/845,python,9924515db45046919a6882f7bb42f548fcaed72ecb9940fb37ed56206e2d62e8,963,264,264,264,True
BigCodeBench,BigCodeBench/845,kern,52d09708164bbb7c889459ab03673009a0e9dc06f7024af1d56827a06d14c741,672,208,210,210,True
BigCodeBench,BigCodeBench/845,kern_compact,962a31511e92652336c1642457ac9e3d422735781c1559fcadafa92cf6cfcbec,478,172,174,174,True
BigCodeBench,BigCodeBench/845,python_minifier,fd4ecceaf866b4b63576810f60e412996546c4f97fdacc47ff6300aeebda8df1,485,173,175,175,True
BigCodeBench,BigCodeBench/846,python,bdb589bbb9642999cb38d03edad356e650214a1d5708a5cfad108461b661254e,379,90,93,93,True
BigCodeBench,BigCodeBench/846,kern,0a3dc32acbb9a7dd56e4d2acd3686a5cdfab927d2a94d5588c3809703ed36c66,305,75,79,79,True
BigCodeBench,BigCodeBench/846,kern_compact,adabcfaff4e70bd0298c733589860037d7012df908c451947b8998e4ff9d438f,262,71,75,75,True
BigCodeBench,BigCodeBench/846,python_minifier,6531803dcd1aa72934086bbf2a15ed2483dbaac957e2edea838aa046bd828dd6,284,78,81,81,True
BigCodeBench,BigCodeBench/847,python,78dfc6030b39a86775dedde5c79b5c81f8a9441d6c70497f9ddf14d77b76bd5c,486,114,114,114,True
BigCodeBench,BigCodeBench/847,kern,0dd7b481c092482f4fcd7c68a253d1c3ff2a2eed66dc3688d69275de983f1713,375,93,94,94,True
BigCodeBench,BigCodeBench/847,kern_compact,c8db448fa9d9e3e9451c289785e4404333e9f20f7f7424e4cf334197ff0d19bf,275,85,86,86,True
BigCodeBench,BigCodeBench/847,python_minifier,af66fa36f7162ded5ccef0e36264084fc42e9bfccc71a3c23e95659a1cf7811e,296,88,89,89,True
BigCodeBench,BigCodeBench/848,python,fb90571cbfa7e9d8251d5e9a146d85a646f3a6e1d1817d807f6c3bcc1a3b0641,348,88,90,90,True
BigCodeBench,BigCodeBench/848,kern,5e722e78ecbb6003c7285ae8515bfef23a2ad1931243d6665f700b711ccf8252,275,74,78,78,True
BigCodeBench,BigCodeBench/848,kern_compact,cdf4cc8950114bdba8676d433871116abf9805c4307d960dc6137353e424f521,187,62,65,65,True
BigCodeBench,BigCodeBench/848,python_minifier,98a7bb3e7f1306cb899b443681048453ff954aa515ee743e02e5560eb8f59139,208,65,67,67,True
BigCodeBench,BigCodeBench/849,python,bb09c4bfc19a778bb8ecfac3482201997a9455f3a90ac332ea0507d3c268f83b,407,95,96,96,True
BigCodeBench,BigCodeBench/849,kern,26e3e8a630dad5395fe593f358d252e1a1101fc72f0ad61271607c006702184d,337,82,83,83,True
BigCodeBench,BigCodeBench/849,kern_compact,38ce05ebb3ea12168aea050df5aeb40998fe06913a220e22580a1c36f83fb3f6,271,78,79,79,True
BigCodeBench,BigCodeBench/849,python_minifier,521e5fc191dbf9838d02ed90249574745ff0fea0054ed431083a60138afe04bc,294,80,81,81,True
BigCodeBench,BigCodeBench/850,python,eb1a652c7ad9520a06f6daec359cf0b57b50b260518e4b48c7b170d8e45db91c,491,113,114,114,True
BigCodeBench,BigCodeBench/850,kern,814f1588584e2861889d9d1e432b0b7ef85ae6b02f13dea5318b912b5708a73a,372,92,94,94,True
BigCodeBench,BigCodeBench/850,kern_compact,b81fdd63aee7f38609bc879c6bb986103335f9c0b60de6afadcf5ee292acc98e,281,80,82,82,True
BigCodeBench,BigCodeBench/850,python_minifier,ee1836ce409edd45aa9212fbbcda61872b87b57f98b056b6ffd73c3353a7e4af,311,88,90,90,True
BigCodeBench,BigCodeBench/851,python,d1e8e1c00c8b25db43fc95531844a565fd7cddfda37da0466fcfc6eb5e394cdb,517,121,120,120,True
BigCodeBench,BigCodeBench/851,kern,ea507127f92b87ba233a0fd53b286b874837adae4948e8fccaa3907b89bf3b0e,261,65,65,65,True
BigCodeBench,BigCodeBench/851,kern_compact,29fdc984c034905647a2fdd6b10cbc3ec83b8ef29b3c2eba91993dc1097f6e25,180,57,57,57,True
BigCodeBench,BigCodeBench/851,python_minifier,a94ac87caa230daeca24605ce6f0153ecf2a8c118783e17d8f0ce14f0e516754,194,60,60,60,True
BigCodeBench,BigCodeBench/852,python,2f4dd78efcfdab62d244d3480e71a751c14a30cad64d79064d2e99941563338c,748,158,161,161,True
BigCodeBench,BigCodeBench/852,kern,9e74f18c28c979d8c8b1aab3249963858abba2474ca9c84a920311d357b5f6fa,408,94,100,100,True
BigCodeBench,BigCodeBench/852,kern_compact,4a7b2ce6526afd04be46ece8fa0118e9623c5bd3d56945c460981111a74cec3f,298,80,85,85,True
BigCodeBench,BigCodeBench/852,python_minifier,f2be9967662bbcb4a0f0ebc402dc6c29a6ce30bc12709184ef8a57246248dd77,330,87,91,91,True
BigCodeBench,BigCodeBench/853,python,e9d655c24114b78ecedcd3afc0035c4db47d98e7f53257651cf49628b28e0383,989,202,204,204,True
BigCodeBench,BigCodeBench/853,kern,c534216adeeaaebf100d778af2bd07daf3b8aa8e192e752b96c22cbdf444d87f,781,172,175,175,True
BigCodeBench,BigCodeBench/853,kern_compact,34deb9a069ccbea193d8f02209d4a78e7fe6d02e4f5e68db1bec43c34251dbae,648,165,166,166,True
BigCodeBench,BigCodeBench/853,python_minifier,4693ae2b4dbe5f292e9f819240432b8eba4792dc8f5daa693874df23d8f54db4,558,168,170,170,True
BigCodeBench,BigCodeBench/854,python,8500085a64ad0a6576dc92c23635ac81785fe24ccf2cb2973c05eec19ea533de,720,154,162,162,True
BigCodeBench,BigCodeBench/854,kern,f4bb76ca3e408499205152cb0d206ee990f8f7800b227610e5679f026fdf4ad7,596,133,145,145,True
BigCodeBench,BigCodeBench/854,kern_compact,9f651e2e580f2f68321165affb824382c97d6a0c4ea92ef41391d043c7c9e1c0,490,120,129,129,True
BigCodeBench,BigCodeBench/854,python_minifier,6e23bfede4883667ae1b981ddce5170a07fecdc73612315ce9c717fa27d56899,483,123,128,128,True
BigCodeBench,BigCodeBench/855,python,804d7d94248c5fd8312ce7b4db691ccd3092754152ae88259944439590c765ca,363,79,80,80,True
BigCodeBench,BigCodeBench/855,kern,0f41777202e8b44ee8ac48a1c3a2b6a8f51501e6d512676dc71d542b5dbe713d,310,70,72,72,True
BigCodeBench,BigCodeBench/855,kern_compact,616d6557658605d60a050336db41ae881b9a4f5388dc2ed6c3c0a560aa750f70,248,63,64,64,True
BigCodeBench,BigCodeBench/855,python_minifier,637756e2fbad608c302e0f60b425b48a4385465e11086f14bc0029b183aa6b92,271,66,68,68,True
BigCodeBench,BigCodeBench/856,python,662862b9d825b762913c63ffd0cb76fa7076dbb6ae6e134d29c051b013f6f4a7,542,135,136,136,True
BigCodeBench,BigCodeBench/856,kern,4b8234fc08c9a8cc73be437b5bf07fd750ca38131a60af84c8d8297cc7cbef96,433,116,117,117,True
BigCodeBench,BigCodeBench/856,kern_compact,c4da770adc76014c43b35a2ffcec680f27e5103ff71207f3d08acacf52da2cd8,358,107,108,108,True
BigCodeBench,BigCodeBench/856,python_minifier,f3b042e8ef573f174bc702e550ae8bacd2ea2233c1643a3bf1a20b3189ab8276,395,110,111,111,True
BigCodeBench,BigCodeBench/857,python,083784a7107b46a2464ba283378b24c4e30257b2f33096e12c435659f94945c1,669,144,144,144,True
BigCodeBench,BigCodeBench/857,kern,17fe4a7f4eb92d8a90528a1246d6862429953d6763636e09a99c39eebcf3382b,425,115,115,115,True
BigCodeBench,BigCodeBench/857,kern_compact,c8ff35b2ccf16f6a13b10c26ee543e894960d1fe0dab449377231f595e975e8b,329,100,101,101,True
BigCodeBench,BigCodeBench/857,python_minifier,5dd4b7963cc55aa8284d0f6c625f7aff3ee53d32a80584723f2aaeb99344deff,358,103,103,103,True
BigCodeBench,BigCodeBench/858,python,252a61db15c180dcdae92e7ff5f52494c6a6c5ed987dc1ef9b235ccf65559fdb,295,67,69,69,True
BigCodeBench,BigCodeBench/858,kern,975ed7dc67b9825a3b01b12b3f5ddaad6dbac7e79fddc011acb03f2337893fba,214,53,56,56,True
BigCodeBench,BigCodeBench/858,kern_compact,dc77f0c8689bf907357f607adad845db97b3d4b4a206d636729325d623d01c0a,180,49,51,51,True
BigCodeBench,BigCodeBench/858,python_minifier,31f330efedba03b0257f30fec3cbf5e42d8aad61c4325bd9f5b48172336830af,206,53,56,56,True
BigCodeBench,BigCodeBench/859,python,58657ea984bcb15a688a29c079bd13066a704007bc4bef4712adde8b346cbf34,885,200,203,203,True
BigCodeBench,BigCodeBench/859,kern,a87dacedaf486022eb0ae3f2ba1caf069bc7f1151b865afd746b23c6b56d085b,618,146,151,151,True
BigCodeBench,BigCodeBench/859,kern_compact,508fa02a9fb90dbe552b9b0422ff75676750c7eaa57ca9bb31cce8a4ff13f481,462,126,131,131,True
BigCodeBench,BigCodeBench/859,python_minifier,95750837baf54ff06a340c9e187f289a835757a4556dc70a0e63b6d9e5ffbb80,479,130,134,134,True
BigCodeBench,BigCodeBench/860,python,d69eac7da08e44bf21df51a4ce6b1511ddaf416c86dcfc7b7f4908c116e7d7e6,283,66,67,67,True
BigCodeBench,BigCodeBench/860,kern,41d6cdec5189e352fb2bf073019a462cc96e44b0f86cb0e1f829c24d38a0b558,210,55,56,56,True
BigCodeBench,BigCodeBench/860,kern_compact,0c25139a14fc062f59600804cae82a25726265733cb1048556bb7eb0e460e4e5,174,47,49,49,True
BigCodeBench,BigCodeBench/860,python_minifier,5355d38123ca5b0ca027127aa0d86483c13449027f66fb0bd5c307a3c7f93fdf,210,54,55,55,True
BigCodeBench,BigCodeBench/861,python,af6486963707f5c7b47e4b2f00a9b147899584c908a29cc88592657a260e11d6,422,107,105,105,True
BigCodeBench,BigCodeBench/861,kern,e344bea9ff4896118f215cd262783ce1181a64c9619db231b9587c8561eafaf4,289,79,78,78,True
BigCodeBench,BigCodeBench/861,kern_compact,05e6ad4537b1ab8afafab7cce7cf7f56a9bbfd3bba90718f4ece80ed30532449,248,72,71,71,True
BigCodeBench,BigCodeBench/861,python_minifier,b179b49de59ad826d9bbe7d1dab85d06fd61b9a35b32da8cc4cadb1c6a6e1e86,275,79,78,78,True
BigCodeBench,BigCodeBench/862,python,3fec9ef21011c377498a3d4c07e78bc9328bc94f1669692f694bd2c12369e68a,316,68,70,70,True
BigCodeBench,BigCodeBench/862,kern,52c187393193fbead2078f00bd0d00e79ca556721df2a88912c98f4bb43efac6,252,58,61,61,True
BigCodeBench,BigCodeBench/862,kern_compact,30ed3b27d739112ceb85ee5cd8ac10fdec760c088337d2a2b3599fad97914586,187,49,52,52,True
BigCodeBench,BigCodeBench/862,python_minifier,665cb58cf8f88d0bb7a461d11cc3565fcf46a0dd9949d5de099bd69320ef3a34,211,51,54,54,True
BigCodeBench,BigCodeBench/863,python,09529c4333966c480aef83d0336df2c220885fd6a8fc3f8744181d77b1ecb9a6,271,78,78,78,True
BigCodeBench,BigCodeBench/863,kern,9283f1ca300fd6ffe1703badb021490397021de96b6d35b258b5bb88ee9cc53c,204,68,68,68,True
BigCodeBench,BigCodeBench/863,kern_compact,3457efc3d8d2bf45de180ed0798ac3bbc07772e096c85f31257f873efa63ef60,177,60,60,60,True
BigCodeBench,BigCodeBench/863,python_minifier,0bc01c8169064fa2228ce7bd04afa409923fe94de6813a2ea07dd184ebb5d361,193,60,60,60,True
BigCodeBench,BigCodeBench/864,python,440becdaf1a1f60af61d7823e5422b9d4159cc8ac02374e937ee9c2ced8fc7d0,861,185,188,188,True
BigCodeBench,BigCodeBench/864,kern,25c9908e60656844eb1124edef615ca8b7b0bf4e1221696af6451d733e7e88e4,502,129,133,133,True
BigCodeBench,BigCodeBench/864,kern_compact,9c5198f98cf67dcddc68f4c348c9e875aa0e9748842afb0392623a7e366aad63,358,113,117,117,True
BigCodeBench,BigCodeBench/864,python_minifier,1ccb9315debb0284fe0368357d63ecb48a355f806ae3ace18af0bff70c6b2927,343,115,119,119,True
BigCodeBench,BigCodeBench/865,python,097e31fb29d4b1d26766174258de6a5c7b3b3d01269683743d3be727913098ac,675,147,153,153,True
BigCodeBench,BigCodeBench/865,kern,5b30b65838668b33f8508eca2ba5f84751f5120932acd92b403ac900a357aa77,406,92,98,98,True
BigCodeBench,BigCodeBench/865,kern_compact,5979d03d7b6c0e0403c7525dae870f70b23b8f24c1fb0e98a0c694b9d791d785,286,80,82,82,True
BigCodeBench,BigCodeBench/865,python_minifier,a9d07329a4151bcaf830059f3f9b2f9f45b0edb83a0e773134b0b5b97992f3ed,309,83,86,86,True
BigCodeBench,BigCodeBench/866,python,af73756402fe30573d8d4df74bf81d42976677e2c63f904992ccd7d16bb7bf59,340,82,83,83,True
BigCodeBench,BigCodeBench/866,kern,1052aae71a51dbf5462bd22bfba3bb0e519751f6f14dae520cabb54ebf17feaf,258,66,67,67,True
BigCodeBench,BigCodeBench/866,kern_compact,74a35ce5cb96e1b549e8f2e79fc86ce11890df48bf3b0cbb7148702b70bfdcec,193,59,59,59,True
BigCodeBench,BigCodeBench/866,python_minifier,81b4d0182acd1033d6c89068f6d71eadc9c99b7236439290dfbfda0a3569236b,231,65,65,65,True
BigCodeBench,BigCodeBench/867,python,f51e874530476586a62f7728ce3378a63a06e8ef07542ea6345a4f2137637277,357,90,95,95,True
BigCodeBench,BigCodeBench/867,kern,e661801188c673e0c52955821087f11117b59a5b7d5852ab5ceff59d87951239,231,68,74,74,True
BigCodeBench,BigCodeBench/867,kern_compact,3d6eba24b249aa8095fde175ac47905cefb4fa6f1bb259c173428d80efa03e0e,143,49,50,50,True
BigCodeBench,BigCodeBench/867,python_minifier,0c8335f60d4511d2d9dea62ff0e5ac22284de4445d5679aae338d416f2b03fa6,159,50,51,51,True
BigCodeBench,BigCodeBench/868,python,82d1c5fbf947b89d057b7cdd04630c7bf58d0869e895335ba9dda5297db3e1a6,477,111,112,112,True
BigCodeBench,BigCodeBench/868,kern,40a930305833a8999a15ca20503a4ddb1ca244f3b8226ee4679318397b0a508e,327,81,82,82,True
BigCodeBench,BigCodeBench/868,kern_compact,b4644236b0fa6e21d80805abc7c51951167450aa724008832ecaf7992b67137d,259,76,77,77,True
BigCodeBench,BigCodeBench/868,python_minifier,9dc1b952066a0e1fcfc8b40c3e4a6f0bebd9257f57e6e99a118915b9ae2cd3c0,291,87,87,87,True
BigCodeBench,BigCodeBench/869,python,e024837af575d70ef8980b4fd3dfacd7307341609a99945f9fc0375c9ed78938,671,163,166,166,True
BigCodeBench,BigCodeBench/869,kern,ff8b663c1db45ee9d6b8ac53ca4b4e59db73111e15785bff72f936b9135807f6,531,134,139,139,True
BigCodeBench,BigCodeBench/869,kern_compact,650208098f332a8002b0efe6b5cf75abfcda4d6d1ad5bd3d97e91f76b2dca076,441,123,128,128,True
BigCodeBench,BigCodeBench/869,python_minifier,f7f7026c40bddb0032fbef902476b47a8dbea4ed53c5673f5908849e12558861,471,131,135,135,True
BigCodeBench,BigCodeBench/870,python,d3eeed7414e1ad496e927cf09053d81f7a501342727a9715f551ba8964cb871b,997,257,258,258,True
BigCodeBench,BigCodeBench/870,kern,51a1333f7317cc4edcc7846f2552009ab1e2107539e7ec24dd069c6a25ece3f4,531,161,161,161,True
BigCodeBench,BigCodeBench/870,kern_compact,c8805b51b4255f6b8b07cd4ab8201f79c08b8c7a9990c6f2db30d6a840f3fcae,391,141,142,142,True
BigCodeBench,BigCodeBench/870,python_minifier,116040e3888d0e787c92aa51f88ea44e176230135ad18b91bbab155320c42bf1,418,146,147,147,True
BigCodeBench,BigCodeBench/871,python,28eb554f111b2e949797c9ec11de1ea675aaaead0d9128fafae49807ed09d849,875,201,203,203,True
BigCodeBench,BigCodeBench/871,kern,526c7bb5c5460b7d3902b06c86eb83d9a776ba3c08c8c30c94019a76313a3d3d,489,127,127,127,True
BigCodeBench,BigCodeBench/871,kern_compact,4dbb799bba056b5f329ad0846247a06cda776d6c4bdbe9d7f1777daee8482dbb,338,105,106,106,True
BigCodeBench,BigCodeBench/871,python_minifier,6f7722de06f3f29ac6e0b17dd9fa1ccee944b8a4df6af3e2bf2d3a73eda32fb5,365,108,110,110,True
BigCodeBench,BigCodeBench/872,python,08f7333dc3c5331bf03b7978ef70b71a1ad4475cd201dc6904d4d332b0ecbead,443,104,105,105,True
BigCodeBench,BigCodeBench/872,kern,6df60e33be0899c8887a9d7e4014f450b3f6297eb98a0c79ec3266e154096190,231,61,60,60,True
BigCodeBench,BigCodeBench/872,kern_compact,6b7ea8a64033923d7487f61c5aa49aa48b0f952dba8991e0aac4fec0dffdd13a,175,51,51,51,True
BigCodeBench,BigCodeBench/872,python_minifier,79aa4dbd04817dce73b7fb3711232564fa14180699f3f3e7076d69757a39b7a9,191,55,55,55,True
BigCodeBench,BigCodeBench/873,python,40d293f99b6ab4e74e96c34dc81763cfe48f9677691ad085939296a38f2fe243,461,103,106,106,True
BigCodeBench,BigCodeBench/873,kern,7842595f2689fb96e9b320500c26e76081e5a2266225fcc628e1bd1b7974f8f1,335,84,88,88,True
BigCodeBench,BigCodeBench/873,kern_compact,ba5e0badfe542719d95810b41bd1fa22a3cd984647b2caff0f1fd7c18acec53f,294,83,86,86,True
BigCodeBench,BigCodeBench/873,python_minifier,f19d08687bdac72cc21cce82d4c312e5834127dcd9e744a2519255e7e1966998,309,93,95,95,True
BigCodeBench,BigCodeBench/874,python,10ab427acc702d98658e7bb907db2818e0bf72d7cb7d0e7cc71ddd7672f3bf09,299,64,65,65,True
BigCodeBench,BigCodeBench/874,kern,7019b89251be977915c1ebd484c472a15e714b74a5354f755e7c086a8ac3e8fc,219,57,59,59,True
BigCodeBench,BigCodeBench/874,kern_compact,3ee19e2ab31b34f313f5c9033c75aa6aa16e162457f4835cc20eb32cb086baf8,170,47,49,49,True
BigCodeBench,BigCodeBench/874,python_minifier,92ff7072ae4cd9b413e93b9eb98795362ce3d028e5f371732a0782eadb0cf831,203,54,55,55,True
BigCodeBench,BigCodeBench/875,python,edf7ff2b7fa8ea30af44cf0ae1b376396d815ab3b650d58dcc4c591c120bc447,464,119,119,119,True
BigCodeBench,BigCodeBench/875,kern,f25ec8c4de899fa58057e73bda26a1bfe23e67cede4bf492bd48ac881c4385ab,345,99,99,99,True
BigCodeBench,BigCodeBench/875,kern_compact,d897d62da13d9421543ecfc042ef2ba2e1a21a22e819c82b0f4affcddd1ff35d,327,98,98,98,True
BigCodeBench,BigCodeBench/875,python_minifier,5f95a1e41748887582f3aa93dbfe2fd8ced018c4768fc0371ebe26f9d4a7ee0b,370,105,105,105,True
BigCodeBench,BigCodeBench/876,python,78ab4632927b320260b7d349d810032748c20f836970940c8172764362a94bb6,654,143,143,143,True
BigCodeBench,BigCodeBench/876,kern,f1e43e210d71953f988ef9e22b744a5acc319a8921deed8fb36e7ad4ca05c9ce,432,94,94,94,True
BigCodeBench,BigCodeBench/876,kern_compact,6fe8ad4f2e49313bcaecac9d5d6c092862696904f9c048ffc8a005195a87cf50,352,85,85,85,True
BigCodeBench,BigCodeBench/876,python_minifier,fa78094f5f4d32a17f43717a087d58b5ddff3a08ddf680c25f4b6f737586e563,344,95,95,95,True
BigCodeBench,BigCodeBench/877,python,4dbdcae00f8d02967a55134a7ab138f679b76e91543a66f33435b6e15e84d745,761,156,165,165,True
BigCodeBench,BigCodeBench/877,kern,d28751f4637b95cf7682ad26f69330fe1863c05e44bf7f311ae274b3620f648e,641,143,153,153,True
BigCodeBench,BigCodeBench/877,kern_compact,4094b6ec2fbde72772f32290e2e8705a64b62e5821808fdc03571b588bec3150,585,132,142,142,True
BigCodeBench,BigCodeBench/877,python_minifier,3624023923943a36014d5a96aec906215bfa72b268ddf5356808040d2390375d,614,139,147,147,True
BigCodeBench,BigCodeBench/878,python,4259e39bf9e24dbdcc2b6c8209d60899100a4067463ae591d36e9b638e1e8d90,910,195,203,203,True
BigCodeBench,BigCodeBench/878,kern,5edd92c36a746a9266dcc566721dfc3a57bb7b6dfb2a9797a9fb9bfaf0f3d148,645,139,150,150,True
BigCodeBench,BigCodeBench/878,kern_compact,a36665e0c554ae1da4f7e66f95d22d3b9ecbada10a93f5228af60f71b7a8843b,561,129,136,136,True
BigCodeBench,BigCodeBench/878,python_minifier,61d40235298c4f4ff71cdad3f7ff57514bf0a3e40b7b02660593ea02afedc021,595,142,149,149,True
BigCodeBench,BigCodeBench/879,python,6f8871c6e63c918dd7181a4b51b009a8053fcface664182dc28ad875d0684a5e,1358,324,334,334,True
BigCodeBench,BigCodeBench/879,kern,98795d36552e6eacb8ef3dff2201b83019c90228710408debf38dd44f2c83a23,966,241,253,253,True
BigCodeBench,BigCodeBench/879,kern_compact,4670d47f8fa516555e08674a0513bd94bb8df1564b6ba7560860c67a73792709,914,233,245,245,True
BigCodeBench,BigCodeBench/879,python_minifier,d4b972c7593c1ab82e5bf29455d8288b7150543321eaa5d1ea334cbf5efc173c,897,236,244,244,True
BigCodeBench,BigCodeBench/880,python,80b8aee6d9ab9aa2b777f770475b257b02a763dd7463bb0c40666e129b349e5b,394,96,98,98,True
BigCodeBench,BigCodeBench/880,kern,40d2931f1c369118812baff45d2391721535591ec5ae694a64bb5b3b1e6ae362,327,88,91,91,True
BigCodeBench,BigCodeBench/880,kern_compact,6bb7d5f1d701db6165a64a9ddf47dbbf7c6db8c2e1c1e44fba91de845897d58a,307,83,86,86,True
BigCodeBench,BigCodeBench/880,python_minifier,97e7320bc496aeee32a438dc5895ca7e32369a73b7a1a227db7a7cc32f5eca4c,340,85,87,87,True
BigCodeBench,BigCodeBench/881,python,e87f9570adb43434c0c7b664a9fe903c4d5ff76504c7e33cebbb8c8d29053eb3,670,152,151,151,True
BigCodeBench,BigCodeBench/881,kern,be21122c01a507d97a6aa6bebc320a5b700ffdc08d5ae141d9bb4816f7adabba,397,97,98,98,True
BigCodeBench,BigCodeBench/881,kern_compact,c0679a11bac7324ee1dee2522002cc0d732439b85826de13b43e0587bd26327e,322,90,91,91,True
BigCodeBench,BigCodeBench/881,python_minifier,d05cfeb3273d45af26c876826853e8e90a4b3792532afaf9d611b2f1870ce87c,324,94,94,94,True
BigCodeBench,BigCodeBench/882,python,8433eda0b9f4c557ec3f766113da42382fc7e4ee13e827ae2960c9280705ccf3,560,136,139,139,True
BigCodeBench,BigCodeBench/882,kern,2f33d9780cf03303b243d468caf4cf8bb2b30c44712cae991c1c92345a2266f5,398,102,106,106,True
BigCodeBench,BigCodeBench/882,kern_compact,73046dc8837a0151b0005ff2b1a82248d2407f650ab65e3da802b70272999527,361,99,104,104,True
BigCodeBench,BigCodeBench/882,python_minifier,f96452ab4e0d364ecb7a62920700ab162c46457cc32e894ef5c0dd5471ab1069,373,105,107,107,True
BigCodeBench,BigCodeBench/883,python,ea771a5e601e0c1c1f67f54f3d387f9799e8417c8f133103f70ec660e3635045,586,163,163,163,True
BigCodeBench,BigCodeBench/883,kern,004204d78dcdc1214f5836c510c045af0896aaa2ee033ca6c41bc10785748b14,336,97,103,103,True
BigCodeBench,BigCodeBench/883,kern_compact,f65af1a0dae6a456dcce1b0810ea7936fc8830d863ff36235a861ca181b7b6b0,266,89,93,93,True
BigCodeBench,BigCodeBench/883,python_minifier,a5b524063fb9a61fc341b851c44eb8b4cb9b5bff465b3db54b36c10e547fd776,265,85,85,85,True
BigCodeBench,BigCodeBench/884,python,306e96b92a4d169ab3f5d39c0a902284efc6345a2bd97ca7d290f2bf0c215658,1093,244,255,255,True
BigCodeBench,BigCodeBench/884,kern,6f69f092e05410b842acf0ff4e05cecc39709d97affa09759ec366bc7e267137,715,170,184,184,True
BigCodeBench,BigCodeBench/884,kern_compact,e380eea5137d7d2fd9ac6e7e1d153043d58e76da259b3a5ab91053640781ed2d,516,147,155,155,True
BigCodeBench,BigCodeBench/884,python_minifier,32ce91d846f10ddaf441b37ccb9ba9a173ac9e907a899f595b6550d7af3eb94d,534,152,158,158,True
BigCodeBench,BigCodeBench/885,python,e3550fc81349f505744787a5259de7fe45451101bba76dd597a415a6f4337485,1268,287,287,287,True
BigCodeBench,BigCodeBench/885,kern,204554cb2e92d511674bf7eff72ba6b49afde477a0cf9d5b3bbb161790539fde,668,186,193,193,True
BigCodeBench,BigCodeBench/885,kern_compact,b7f3bc281d8fd9735250c822a3eb7747ec49ac9de33f71ed0aa2a587bbec2239,554,176,178,178,True
BigCodeBench,BigCodeBench/885,python_minifier,7abc0d90a7aa9c80e89efc79edce593e20f5fbbe0ec60612db6579a6901dfef0,562,178,180,180,True
BigCodeBench,BigCodeBench/886,python,8765f7bd1976147510c3e15567c6bcf65f79360b9038a0ce075acd3654af8267,602,148,150,150,True
BigCodeBench,BigCodeBench/886,kern,e2df05f4f0c7fab98a1342d4a51b99b4e47308a2b4d1dba3ab397fe27fa64c5b,425,111,114,114,True
BigCodeBench,BigCodeBench/886,kern_compact,2d75858ce39edab88204716b15937e465766ab367c9b2882687785fc85f2461f,344,99,102,102,True
BigCodeBench,BigCodeBench/886,python_minifier,a036c75adfcbc50861aab3b840a32561fbc783bbceb21686f5d81089380940ae,350,105,107,107,True
BigCodeBench,BigCodeBench/887,python,023a053c40c407de772b7abf8e33276bd825ed48b5298088d7accaded119ebbc,420,119,120,120,True
BigCodeBench,BigCodeBench/887,kern,34d098670de0a6ee4a828ff08170d158eaa0a5ab3626aecfcda145179fd419a1,350,102,102,102,True
BigCodeBench,BigCodeBench/887,kern_compact,e63309bf14aba2858bddbac368e6a7659383da4467b455cf3d8755f9dcdbfb5c,257,86,88,88,True
BigCodeBench,BigCodeBench/887,python_minifier,c8a7c375028c2f19ac32651b219bbd8e48b63232e82362aec08ace2121690a18,281,92,93,93,True
BigCodeBench,BigCodeBench/888,python,30f1c5c2321b083b92769950466d84d3a6c60daa3d2699b719c31e9e28ce6b54,324,80,82,82,True
BigCodeBench,BigCodeBench/888,kern,9e78ea04f8d908c2ba5cb1b1c3b695bb7541e207e0bec0ac863a8a005bf76d9f,252,64,66,66,True
BigCodeBench,BigCodeBench/888,kern_compact,b9c1ae82c677fcfce96454b6572b9c26598e3b560760ce86cd838d2ff300dfcf,192,55,57,57,True
BigCodeBench,BigCodeBench/888,python_minifier,3f1b93de9e930d159a20d524ac91a2e1f19ef0ce78991eb6d9296afc8a4783b4,186,52,53,53,True
BigCodeBench,BigCodeBench/889,python,63b613226b18df5f905668cbf9c9a4c15d8810d51ea6c48c67e3afb370fd21ee,466,113,116,116,True
BigCodeBench,BigCodeBench/889,kern,f68fa1f284c1b342bbb40c3bd06bcf58e2f8dd6c49d729c416c6f5c46b7fd22d,331,89,93,93,True
BigCodeBench,BigCodeBench/889,kern_compact,e5211e414867d93e738c2a042659784b0f0b0bcbc2f3b6765f640cc83bb7aba6,281,83,87,87,True
BigCodeBench,BigCodeBench/889,python_minifier,fb93192285f4e2dc862d5d7098b206208a2fa7fde00ad6904c2bf770e06a3e51,290,82,84,84,True
BigCodeBench,BigCodeBench/890,python,cf7c362108d7a2774053bec98cfb9077cbb9ca590d97e41e4102d57812967103,510,127,128,128,True
BigCodeBench,BigCodeBench/890,kern,28c60382fd08ee46d1dd9f579896a9fdcb52d63e8f12b4688d8ab3be80ad9a1d,390,104,107,107,True
BigCodeBench,BigCodeBench/890,kern_compact,bb491edbb4ed8e6fd291b884f845aa67d6168cd0b28be201377fcfa7717a196a,327,96,99,99,True
BigCodeBench,BigCodeBench/890,python_minifier,74758d7dc3a937eab7e12844a4615eb6386de0948490f72006c71759465e8ca1,350,99,101,101,True
BigCodeBench,BigCodeBench/891,python,80144cb4ba1fc1076bc69ddf1a0559fc0301d351ab6fa1dc699bcbd45735cb0e,550,131,131,131,True
BigCodeBench,BigCodeBench/891,kern,39ec417b12f1c01a8050efd12d026fbc987a328286e6631f3104450e703dc188,436,102,103,103,True
BigCodeBench,BigCodeBench/891,kern_compact,db166c200631a36ca105ef5a390865491b412329e21fcdd15d01e976dccf8542,363,94,94,94,True
BigCodeBench,BigCodeBench/891,python_minifier,a5bae55cf0fc2cd94a9980b10c309c089cd8675e15e4f10e4669c5a79efad473,394,100,100,100,True
BigCodeBench,BigCodeBench/892,python,992c4358685715570054c79ed78b8d74b5f1bbd7e2daafe64a752ed45dcff956,308,64,65,65,True
BigCodeBench,BigCodeBench/892,kern,7eb5f9974ad752f0229b905c7d709b0b96b7db39c45897c155d3da8623b90820,229,50,52,52,True
BigCodeBench,BigCodeBench/892,kern_compact,2208ca418c6dc8c5401fffe6dd6e09b8490683b236015636041ce6bec907bd57,171,44,46,46,True
BigCodeBench,BigCodeBench/892,python_minifier,ca7bafe5893cbe6f6c79b71af5e936fdef1eb574f15e9c26ffb9aaf37dd20abc,182,50,51,51,True
BigCodeBench,BigCodeBench/893,python,53ef1abd3259cb90a2e08400cb6732a4921b07cdd763025c37edd6274c5a7d4f,672,174,178,178,True
BigCodeBench,BigCodeBench/893,kern,992da63c83189cdda2f62f1356d097f22a18bd21ccc17b93ed3cedaedd54d4ee,468,142,146,146,True
BigCodeBench,BigCodeBench/893,kern_compact,5a4b471f60154468d345241b0b3ee24fe0c66b646ecb472541d0655479714b06,262,111,114,114,True
BigCodeBench,BigCodeBench/893,python_minifier,129310ea189edfe60165cf45ed92e2ff3dcc8b78cb2fee4deeb6714bbaaf0710,285,115,116,116,True
BigCodeBench,BigCodeBench/894,python,9daf66816902c67a8531b3ac75f15d6300d0fa1c4a8277de0c949832e32b0577,689,187,187,187,True
BigCodeBench,BigCodeBench/894,kern,0edbae8d31b87ea4de777a8f764e795b519d9f9123f8babd4561e721cf9cfbf0,567,159,160,160,True
BigCodeBench,BigCodeBench/894,kern_compact,32e634c2ad6b7f764dddfeb7e278e52bac1553d3b25e3648b74eae9e451ee854,510,152,154,154,True
BigCodeBench,BigCodeBench/894,python_minifier,73c64ea92e6143af4629d1b11e749c9df77914468f58649606223e77e5f09390,508,156,162,162,True
BigCodeBench,BigCodeBench/895,python,ae3babe09c89d82ead8011a27e58d86af28118f6e08ea16e865f6da3b2eeb3e7,395,106,106,106,True
BigCodeBench,BigCodeBench/895,kern,5484ccea4d2d23ee0ec5325c24eed841d141faa34a1ead1bbc3730a211e73594,312,85,86,86,True
BigCodeBench,BigCodeBench/895,kern_compact,6fd35e6075085b0573de250ebe64d5a6c602a528c9c5c095974f5e9de7944fea,272,80,82,82,True
BigCodeBench,BigCodeBench/895,python_minifier,71b0d8bb304a4c6c6967ce57ee60abc769d14383afae07cf2ae840daccf6909c,283,82,84,84,True
BigCodeBench,BigCodeBench/896,python,d081258745359f679bb09229f346e755a2d5b27ff877820ec5c8ee2b05a7e7dc,312,75,77,77,True
BigCodeBench,BigCodeBench/896,kern,d2612ecb26a8232eb25ff98326a49d2819f55fcf58debd11b8e97e27190ea688,243,61,64,64,True
BigCodeBench,BigCodeBench/896,kern_compact,93c95f2e2c60e5588880f3edb43828453a801cc6a76305b0bc76fab78f45ecaa,206,58,60,60,True
BigCodeBench,BigCodeBench/896,python_minifier,9a9e8c9ec808694508a0e18454e2bba5d4b78496ee12e0f246df055553cb4cda,229,61,64,64,True
BigCodeBench,BigCodeBench/897,python,54ebf0431af4cc313fe97b5c7b825351b43dc02b8993d9b2e08d62b33e8b1755,651,178,181,181,True
BigCodeBench,BigCodeBench/897,kern,2066b4f412baa488912c1a2ce0a5cc185a548423ccf05a2f45814ad52d246ff1,436,126,133,133,True
BigCodeBench,BigCodeBench/897,kern_compact,d6895f630f49cbc86b91db22484213f82181b7cae3b567eda6342a57188efb62,369,114,119,119,True
BigCodeBench,BigCodeBench/897,python_minifier,5c7de508a8ba8563b3e58d4e6c19e0929723d1f215b459a8226adee7624c057a,403,119,125,125,True
BigCodeBench,BigCodeBench/898,python,67cc0476eb87d6243df70943b73c6ddddc283d15771b5460dbbc88b8616ec723,269,73,74,74,True
BigCodeBench,BigCodeBench/898,kern,1ce6a08181816763cf2063b432ad148511483e27b4de6e730e897327dbd7c884,207,59,61,61,True
BigCodeBench,BigCodeBench/898,kern_compact,b142f1ecd47e613c8d7f2f3a63e03a875b40bfd60a75fe93a6c8a2b03fbac7a3,180,56,57,57,True
BigCodeBench,BigCodeBench/898,python_minifier,92f7433fa5d8d0924c2845f9386f0435f2eb17f83842ac9012c636e90c3744a6,203,59,61,61,True
BigCodeBench,BigCodeBench/899,python,f8826201706406e6b2b5e4c8b36fc5c80f417477cec5ef0f83cfc6eb8e111f71,313,89,90,90,True
BigCodeBench,BigCodeBench/899,kern,1fedffa4c5a9aaa49420c0df1813afeb6aa786f037657762d33fa2ecd2813c2e,235,67,69,69,True
BigCodeBench,BigCodeBench/899,kern_compact,67334cb80ba3ea2c6ae9319478667deb9965d6e14d0754b589fe0588c1d0bfb4,212,64,65,65,True
BigCodeBench,BigCodeBench/899,python_minifier,f81c157d8b475a8dbbeae09804d16530a4f646fdde1648cdd951ae0460215051,237,71,74,74,True
BigCodeBench,BigCodeBench/900,python,8896b88e98131bfc80cacacb1ac25936f8e53be52d374dd15e98a815007c775c,790,197,200,200,True
BigCodeBench,BigCodeBench/900,kern,8639c6003d9c619f628666024a2f9390da44edb7644e73f86fa7d256346246fc,465,148,152,152,True
BigCodeBench,BigCodeBench/900,kern_compact,51377b46803241840a90c0298ea47b1007b3683ddb2f551f22395016a151c369,410,143,147,147,True
BigCodeBench,BigCodeBench/900,python_minifier,ee115f1148d9736c68c80d2d3062b7b22cbe99d9093a6f80fbb6242a739b264d,437,146,149,149,True
BigCodeBench,BigCodeBench/901,python,e20a5d590f46ea3d322dc74d7f197659665e1ec0170d7cde18603d93d5a5341f,462,115,119,119,True
BigCodeBench,BigCodeBench/901,kern,40e7ba97d8f9d85eda8e33366769c0bcf56ffbc0579d4d9a272ca8d0909fb8de,247,68,73,73,True
BigCodeBench,BigCodeBench/901,kern_compact,0eb2e983c5949dcaaee0c91322ec93ca77cc79b25bebe12c589b2dfe5e5f4f48,225,64,69,69,True
BigCodeBench,BigCodeBench/901,python_minifier,782320a591cd4d72a8156a3735c3a169171f09565abec3e91df68265f85bcb5a,255,73,77,77,True
BigCodeBench,BigCodeBench/902,python,ddacd635a45f9faea86a4f399bbc0afd6cee257e0c94414ff5cec6be6fa3fb4a,303,73,74,74,True
BigCodeBench,BigCodeBench/902,kern,dcacb0c62133d53c87d97cf51aee48de187f9988a3a0128ca3c3d9d2ab042322,215,60,61,61,True
BigCodeBench,BigCodeBench/902,kern_compact,b28143d5088d3c5734bd65e68fcc4cd6532898adcae469620ca18c41927472d5,182,60,61,61,True
BigCodeBench,BigCodeBench/902,python_minifier,17c55ae26e88ff9518477e6a4e7adadd725001e02e90d913a4cfa8841a064285,206,59,60,60,True
BigCodeBench,BigCodeBench/903,python,e1e4ce2123cdefdb2c498b93881060c99fa85586e4fe1132c466bf96c0d81a5d,283,72,73,73,True
BigCodeBench,BigCodeBench/903,kern,a88e227703dfeb37b60c1da7a60dc867115fc402cb7557b9d1e28493d2e2cabe,219,59,60,60,True
BigCodeBench,BigCodeBench/903,kern_compact,bf487a6fdc53fe09c93bd9020ba1a30cb5b6dca6a78fd5d71760aeca5196d540,191,54,55,55,True
BigCodeBench,BigCodeBench/903,python_minifier,8ccbe191d0286af1cea1855f0722d82555f3e0cc1cf71b8badb7233143be3373,210,61,63,63,True
BigCodeBench,BigCodeBench/904,python,58a333be69209cab21bc1cacb2e7da060f18105e6a5f99f575aeaa6e7b6ec760,568,135,139,139,True
BigCodeBench,BigCodeBench/904,kern,f345c5f08257b6f4be97b785e0e246da88fba2ee17249846de364baf3032e60f,256,74,77,77,True
BigCodeBench,BigCodeBench/904,kern_compact,82dec0c20c38264c4719ca6e65129293ba347f277cdd923dc5dd62c79b4096c0,202,65,68,68,True
BigCodeBench,BigCodeBench/904,python_minifier,f75895aca16c5dd7ffb4b494c8c572d1b23140f1541092f4269617c4b308f81a,220,65,68,68,True
BigCodeBench,BigCodeBench/905,python,98330894998f94197eab2043e06c8d76e05595bfce80a4c8ad16193cbcb36003,372,84,84,84,True
BigCodeBench,BigCodeBench/905,kern,b357f12a66fad5f624bf0be507df38dbc0b0cbb5b58924fda7a96477344b73a8,284,72,72,72,True
BigCodeBench,BigCodeBench/905,kern_compact,813b612789f8a742c640209c16230361b44358ed37d486950b3ac0ce4a5f1c31,234,68,68,68,True
BigCodeBench,BigCodeBench/905,python_minifier,2a8a99954281f63ec6261b6e11598ea84c32abcf8c438a518e235387ecd4aea1,254,70,70,70,True
BigCodeBench,BigCodeBench/906,python,3a187bae2603c66393d57af31c21b6c7a302600e4aef66baeb7e7c8610198fec,701,156,157,157,True
BigCodeBench,BigCodeBench/906,kern,878bae4d1d1f0ae14f1e4ff2d43fa7f6cf1551f9a385a1446e7142212e911cdc,507,122,125,125,True
BigCodeBench,BigCodeBench/906,kern_compact,4c0546f99fdc98ef9db6f11531e6a445228286b50555f8010490750b2ac6d72b,435,115,118,118,True
BigCodeBench,BigCodeBench/906,python_minifier,ac87837dad4b839da307e3e81946201b5f95e821eca17caaf058e655cbefce00,402,115,118,118,True
BigCodeBench,BigCodeBench/907,python,ab42dd636a38701777d2b0a3b9b8d9d19970c305d8ea8071b0ec17d909351e5d,413,86,86,86,True
BigCodeBench,BigCodeBench/907,kern,f29c8818fb9e413bef52824a1bb627f2807f91b30b5a4119caaf8029e176b8d0,293,67,68,68,True
BigCodeBench,BigCodeBench/907,kern_compact,01ef17be488049336a971de3d77ee32964216dae4ec09f091f3ae129524e22e1,255,63,64,64,True
BigCodeBench,BigCodeBench/907,python_minifier,2b1d5913b85a27a2c88272e3cc19731c0359dac3c6620eb31547b87c90cd4759,257,70,70,70,True
BigCodeBench,BigCodeBench/908,python,d0ba8a017004eb34da4a5a39d08c1912e3e27b6278c83b5de9eb28783447ead4,395,92,92,92,True
BigCodeBench,BigCodeBench/908,kern,f8a9a77604589d0a47815b7188c2ca12663a763fe324f41cf2ff3034334fb552,295,76,76,76,True
BigCodeBench,BigCodeBench/908,kern_compact,043dd1b5263ebc5443cf8c9b117f3789baffe2c12909450a2d3c31d11ff9622f,255,70,73,73,True
BigCodeBench,BigCodeBench/908,python_minifier,ccce1f9554de1b20755a0a401f790bfc917d34166140feac0e70efa6d7e6afda,256,73,74,74,True
BigCodeBench,BigCodeBench/909,python,70b674702985c1795e3e52d702bc506d79a6d28530d8b2c9dd0034f10ce9ef48,517,129,130,130,True
BigCodeBench,BigCodeBench/909,kern,9d7e6e5dc5eb46bed5370b318f7dbade64aa46987aaa16f1afe841a00b63493a,445,111,112,112,True
BigCodeBench,BigCodeBench/909,kern_compact,be4f93eadb04e7d524dc7b926ece0aa8f8d9777dc16274778b208f82689cbc23,344,99,102,102,True
BigCodeBench,BigCodeBench/909,python_minifier,e5de69dea94665164b70616704b60b242cd0dc829f9981ffac31236765418970,356,108,112,112,True
BigCodeBench,BigCodeBench/910,python,8ce1833f2f86f372cf33cf2f6352ca655e6ac504307b04b4a2f95f301e4fdb88,594,143,144,144,True
BigCodeBench,BigCodeBench/910,kern,416aa5975aa3ad985a79c3296e7ec2fbeaf65d30cc5f680b58297f2307a32410,409,103,106,106,True
BigCodeBench,BigCodeBench/910,kern_compact,8618ebc8ba2b28028018c60061e27788fdd09b2b8a44d114eca60cc2efe89e9c,389,101,105,105,True
BigCodeBench,BigCodeBench/910,python_minifier,5e78ac1569ac35fca2964ac8a23a020bb290357a1f99348b79f23305bad224ee,385,107,110,110,True
BigCodeBench,BigCodeBench/911,python,06cdd7abb8b288a66a633efa8ff877f56026dc4a87e9256793cdc397a885b847,494,106,107,107,True
BigCodeBench,BigCodeBench/911,kern,fe64c3f0f1bbaaa30822d112fc2f658b90e527b9e006b93eda51d5b7e390ca5e,245,60,61,61,True
BigCodeBench,BigCodeBench/911,kern_compact,2bc3e5119562b7d619377910ba04b0eaaf1f3026673730fdd12e1670be704aa5,201,53,54,54,True
BigCodeBench,BigCodeBench/911,python_minifier,69f2d8f565fdb0b0f22101888ab6d4311ff26d779d42f3eebec85dcc9fa549cf,190,54,55,55,True
BigCodeBench,BigCodeBench/912,python,90315f12813a1e062490d1f905686a15d0713cb0c8a4448732f13c0118a44fd2,384,84,84,84,True
BigCodeBench,BigCodeBench/912,kern,49b48b97eca6b5f246ada45004a3d9e6be6070a2d169e6ea03d725e70fb094a7,203,50,49,49,True
BigCodeBench,BigCodeBench/912,kern_compact,5fd0ea169e60703005c375af2846e6478d25fe10e90f61b91bfaf8f45553d1c8,164,42,43,43,True
BigCodeBench,BigCodeBench/912,python_minifier,607a9e5375c7074e99b7ba1eb2813a286fcd936ebb741d453890fc663151cd4b,175,42,42,42,True
BigCodeBench,BigCodeBench/913,python,842e0192e65251cd1e70176d1343020084a9a66ea1f50f8a2857a569604ec204,1109,265,269,269,True
BigCodeBench,BigCodeBench/913,kern,5d88ecc8ac61144c46914a3f0e1355b18b11e2ddbb5d312942b174b56c9596f1,620,174,177,177,True
BigCodeBench,BigCodeBench/913,kern_compact,51f28e3d58370ca848b00c5f61943a7aa7c2b22ad50b49790ed2b0f4c859d507,445,157,161,161,True
BigCodeBench,BigCodeBench/913,python_minifier,d4c33110e1740533683334445ee39e6e1f9a7a304c7c9ea45419e141eb5bf230,443,166,171,171,True
BigCodeBench,BigCodeBench/914,python,58de3ce90cfa5ad7fdd0632bc1c0ecc7a8162ef1c69f6e5ece72548c1a21372d,834,224,224,224,True
BigCodeBench,BigCodeBench/914,kern,cc49cfd7036756726c0d2095fa0ea7971afc78de21e1c9ece2c0718c18d0fc77,603,167,168,168,True
BigCodeBench,BigCodeBench/914,kern_compact,31b312c0059612c853f573956cd0eef778fe2e03e0cdfcc3d7d37b79e65e361c,510,152,154,154,True
BigCodeBench,BigCodeBench/914,python_minifier,031aaabd52b304717cfe96e18f5fa50bfbb3d95e4d3bc4f5665c17125ee3f943,490,157,159,159,True
BigCodeBench,BigCodeBench/915,python,82f9319cc3ab656fff2b0ad962bc9b6c40efd14963007adda3a1de49302583cf,742,190,193,193,True
BigCodeBench,BigCodeBench/915,kern,acd5e1907b706902933daea4c0088e6c4ad3c7561b5934676a7390a339f35326,519,142,143,143,True
BigCodeBench,BigCodeBench/915,kern_compact,18addfffcb80cb8852c6334221f1fab6f90ab86f9e29d9158ba6272c292493b5,486,136,138,138,True
BigCodeBench,BigCodeBench/915,python_minifier,ddf3d0dc3c218042997ce0e2e334e79997b7c2507b37534fccd3f86874205a64,472,140,142,142,True
BigCodeBench,BigCodeBench/916,python,a0fb6dcdd305cde85bf1ebcfb7d9612683faf2e9a7ab295b9f61194de07b3dc0,604,152,153,153,True
BigCodeBench,BigCodeBench/916,kern,41fb63e2f54e157dcd7ea5e8fb0fa0d412510dab80c8c12e4eb7042592c9663e,425,122,125,125,True
BigCodeBench,BigCodeBench/916,kern_compact,6ad789f54e239d1237380b481062437ce0a92f9e7fba418a58e430e66e3945e1,347,105,107,107,True
BigCodeBench,BigCodeBench/916,python_minifier,44c26b087ccbb3dd3f505bbe1eb3ef927834c67f794ae7a287711e7f46504937,330,103,104,104,True
BigCodeBench,BigCodeBench/917,python,5ad82a7a5b3bc0a621e53ef192a58d11ff5982e9b9becaf612b3d5aa8cc89f29,779,199,202,202,True
BigCodeBench,BigCodeBench/917,kern,002d1e697f1ede4abb72b3fc4166a190b2710e2b72bf43b8046c48e0a4bd7b18,587,154,157,157,True
BigCodeBench,BigCodeBench/917,kern_compact,c74836548a4879e230e3f5d603b311de5625b7e20439ec4912bf3246b5774049,507,145,149,149,True
BigCodeBench,BigCodeBench/917,python_minifier,84f964f34f73f4f8724e33631bfa5b6742e7b026ebf9195cb2dc7fd44a5c5539,478,140,144,144,True
BigCodeBench,BigCodeBench/918,python,fbf39488e0be3d3490bd2d75ca96b6ffe1365272279001cfc191ad285c4759e1,372,95,96,96,True
BigCodeBench,BigCodeBench/918,kern,1c68d71806eee16296067d0c1781e78bb9a7cb0a3028b0a8baf5b7cac9debd9f,247,70,71,71,True
BigCodeBench,BigCodeBench/918,kern_compact,2dbf714c2844878eff68eae4e77e9fdca3d0e9af9a2750393a9e1ff9c1349a0d,240,68,69,69,True
BigCodeBench,BigCodeBench/918,python_minifier,c9f5e16453d1e3b2d6ade85249ff8db41c669cd0a1ffcae27b8e57d917fbef3d,236,71,72,72,True
BigCodeBench,BigCodeBench/919,python,38c7be80bce5267e45564193b1b656d3dc776bc7032ecdef1f77ce923b7bad78,631,156,158,158,True
BigCodeBench,BigCodeBench/919,kern,b3885b5f24a028c42ca2efde1493b6b47d05c64b7e3d9db20bac0cfbdd3a9a04,436,109,110,110,True
BigCodeBench,BigCodeBench/919,kern_compact,d123f01fef42fda667bc3236cc540fdb15ef0cd1ece1680b4968a694af85e66a,320,97,99,99,True
BigCodeBench,BigCodeBench/919,python_minifier,285d2fcaef4f64936a9b270af99216d1974183d2ad3ec836b2d4c5cf4abb72f9,336,103,106,106,True
BigCodeBench,BigCodeBench/920,python,bc6e47afcad0f55969c87b778a42e0cedb1f34161ce86409da8fad40314ab00f,248,60,62,62,True
BigCodeBench,BigCodeBench/920,kern,97e6b7c1944a664436cc17f939b6671faf063daa5296ae97c55e1d4b72e853c9,203,53,55,55,True
BigCodeBench,BigCodeBench/920,kern_compact,687cd457822af759898e35c8744ebce469ded0c4715da4d76078271ec66c8fb0,160,49,49,49,True
BigCodeBench,BigCodeBench/920,python_minifier,041cf37bbd34e81498116ac81f26820e2bcabf7e023235a0418cfa755f5979b8,173,51,51,51,True
BigCodeBench,BigCodeBench/921,python,dfa4a4b9e330757f873f95c95e1fe6b004c5b5e965a3fb7b0edc60a46de1377a,422,93,96,96,True
BigCodeBench,BigCodeBench/921,kern,a04b01ae1dac83778ebe5ed645c0e4bb689e321f0e3e1e3de9cf601aeb895871,211,52,54,54,True
BigCodeBench,BigCodeBench/921,kern_compact,c5e49658eca28e268b2d9927d428f5428029be3757d89f6b21e89f950ed385ff,175,44,47,47,True
BigCodeBench,BigCodeBench/921,python_minifier,d62f13263a5a2f76da405b00b1655bc350dae51bc6e57fdeebc35e9988c3a838,189,49,51,51,True
BigCodeBench,BigCodeBench/922,python,59a180389a19d30ad30c6106fb41edfed1b5f2ac6d1f7bfa5f29baf5e3c3a9a3,1312,483,482,482,True
BigCodeBench,BigCodeBench/922,kern,450888143ee87b8a1665ef68793bddae827a6efc29a339c75beaf48df6d29c1a,1088,334,333,333,True
BigCodeBench,BigCodeBench/922,kern_compact,9a61c86e8521b6c28dc1463ac3e75ab704066bb2ccaec1e9afd7d3343eabcd10,1071,332,331,331,True
BigCodeBench,BigCodeBench/922,python_minifier,3b8c848194105046bf55389113d939d0eedac110f677ab8fb14af9977ea92cba,1085,335,335,335,True
BigCodeBench,BigCodeBench/923,python,1a78a53612c2a5c0af78b10ebe4e44cd1c6d051e321eba6c70b2b3738dadac43,643,147,149,149,True
BigCodeBench,BigCodeBench/923,kern,1c7ad406876c13cc84cf669a39b1a1dfee430443ac7d9a7005405a139ff75e37,470,109,112,112,True
BigCodeBench,BigCodeBench/923,kern_compact,ab8d7cf5ad89fb1fc15517cea957f1c3f08f4b547d185ff4cefc59e7244655de,407,103,106,106,True
BigCodeBench,BigCodeBench/923,python_minifier,f71d125c8edd78b5baff0145bfc43efd3e10339ad8e34287b0f81af614edb437,411,113,114,114,True
BigCodeBench,BigCodeBench/924,python,1eae53476e01b8d3d458f97cc37a0f7d4245b431a5519b99cfab325ab4b12245,518,131,133,133,True
BigCodeBench,BigCodeBench/924,kern,6303aadd851880ff4b51e355647882770a9ec399c0aba332d814e0419e2e1034,392,107,109,109,True
BigCodeBench,BigCodeBench/924,kern_compact,32115c4963781ba998829a9667f8f742495edd14e875a68615226f1e027b6da6,369,104,106,106,True
BigCodeBench,BigCodeBench/924,python_minifier,9ff3b39ada73daeca8b007ef3011aa1bbfe4ee8e6d10e6b4aa57bc36c48a69cf,339,102,103,103,True
BigCodeBench,BigCodeBench/925,python,9b55cf1f1227167b22502c324132176bcf54e1785c96e831a5e460477c02b776,334,101,102,102,True
BigCodeBench,BigCodeBench/925,kern,a34b3942b6f4ac12828227f9b3dddafb1041ee969747fa60cc2395f04985925d,236,71,72,72,True
BigCodeBench,BigCodeBench/925,kern_compact,4a7cb7a104355e160d093483df4b473bbdf3c00c878de4b3c5bf38e1d5d703f6,228,68,71,71,True
BigCodeBench,BigCodeBench/925,python_minifier,80f87324bf65e779f69a0402012be8a323a61f6e0ed638e73e82bb7eb18981a5,234,73,74,74,True
BigCodeBench,BigCodeBench/926,python,dd2230f65667d9b0f69b2ff5d2d3c287a737e679a047e6f0914c11947ff70688,357,93,94,94,True
BigCodeBench,BigCodeBench/926,kern,19b74a5f5ad883cfd8ddef00c0412df05523f1519153cd937c4f34f37139ee6c,274,78,79,79,True
BigCodeBench,BigCodeBench/926,kern_compact,1db9b339d9545437171602960a870ec4cd50d195d55c451d7255c20bebb210c9,257,76,77,77,True
BigCodeBench,BigCodeBench/926,python_minifier,83999b61a1454828e686715e2658b78f2a9af6b3cd249e9baf5c0880311dbc1a,247,73,73,73,True
BigCodeBench,BigCodeBench/927,python,faf8fb555fda33354a25313bbcd1bf84bcd3f90376519974d56579f4f298711f,502,119,121,121,True
BigCodeBench,BigCodeBench/927,kern,6bc0668a30f8d02c81cf564e70f7dbcf39f4064c50c51c0568d327b749dc308a,279,69,70,70,True
BigCodeBench,BigCodeBench/927,kern_compact,d325be2e1423a3f8c40a20955607a16d2fe3d5fcc77a4d82c59ea63db7aeff57,271,69,71,71,True
BigCodeBench,BigCodeBench/927,python_minifier,68956648317601bac468253062e6311c64a52f14696d9c5d29bbf03ab80ef1a6,239,66,66,66,True
BigCodeBench,BigCodeBench/928,python,416965aaeb5dcbc8236dc871a02dcf27ff730e09b2bcc02312356766d7d03c23,683,165,167,167,True
BigCodeBench,BigCodeBench/928,kern,a00800940e81cab570d1e311b16ab1905900567978339918f57fc50c4a9b22c1,388,106,113,113,True
BigCodeBench,BigCodeBench/928,kern_compact,7e92fc0be3c8a7c6130a2c2d2cb928e05e210b0db5e44376b3abff41620c64d5,278,84,90,90,True
BigCodeBench,BigCodeBench/928,python_minifier,8492fc964ec467bc5549fee62090b6cfb47af2c6b714305ae2ac0f45575a1a76,258,83,88,88,True
BigCodeBench,BigCodeBench/929,python,71f5e2909fb413ae41e85a1ab035b83e647d6360dd5c1acce386694e54265865,342,80,80,80,True
BigCodeBench,BigCodeBench/929,kern,f48482d001d2c6c452919f1275d04f34e9c103cc744b83921cfa604f30cbb1da,237,59,60,60,True
BigCodeBench,BigCodeBench/929,kern_compact,4e2644baa6dc573cd2674e0f69cc19ababdd1ebc0b964e6dfa817cca57523cbb,166,53,54,54,True
BigCodeBench,BigCodeBench/929,python_minifier,ef5c2d214996e6b08f6142356fb4900c865808ce62b2b14134a91a1ad608837f,174,49,49,49,True
BigCodeBench,BigCodeBench/930,python,2136a615c6b9d63dec7a8a135a1765ae5f9ba6b9f5b64fbcba6c09253d6253b0,456,126,126,126,True
BigCodeBench,BigCodeBench/930,kern,0914118f8a77d8925c330624e1c04c2b7e4fc7ed15781f4a9f19c9e082ffd5f5,360,106,110,110,True
BigCodeBench,BigCodeBench/930,kern_compact,b523c19cc9794db444a255c7edb9af4084e6314c6ff9e2514ea349a41b966efa,337,101,105,105,True
BigCodeBench,BigCodeBench/930,python_minifier,61ffde046c6ace2e619df8804899194b3c238550382b3162ad188bdc5ce837e8,348,107,108,108,True
BigCodeBench,BigCodeBench/931,python,02da5051afe7f1aecd9ab4ec5e3e58859ade531b879b1ee745779ba73fa9e4d0,380,93,94,94,True
BigCodeBench,BigCodeBench/931,kern,59129c2c0f1c67e21979246212c81dfea11d923c20a24abd81c294c310618fe2,256,72,75,75,True
BigCodeBench,BigCodeBench/931,kern_compact,5adf78873363ab60a90e32c791cbecff8d990d33335f5655810b5beac60833a1,173,58,61,61,True
BigCodeBench,BigCodeBench/931,python_minifier,55654157f6726281e61f0ef60dc163d40ae0f87b056e2232544ad57bd390f714,182,57,59,59,True
BigCodeBench,BigCodeBench/932,python,4796581dd870b04377206c68681eab07254e642b58fcd533af49d713038a5acd,528,127,127,127,True
BigCodeBench,BigCodeBench/932,kern,d2b8c9086658bff36d91e58861e57f1cd0d09d6f4e5ad337cf54d50c79dd2156,259,75,77,77,True
BigCodeBench,BigCodeBench/932,kern_compact,415663414b161d0ca9d3dd6aab4a4cdfd3aa57c8bf30da004ee4f1cf90a1763b,181,65,67,67,True
BigCodeBench,BigCodeBench/932,python_minifier,8e15b0ab993244a802638e68e0e1c0be69ac509d26ef85a4057072c1e11f306f,199,64,66,66,True
BigCodeBench,BigCodeBench/933,python,5380d888987a523b8dc28516ee074772bef01ab3f47347350f8c9ae413298500,398,97,97,97,True
BigCodeBench,BigCodeBench/933,kern,54e8deb1b9f034a54b1c862921c06f00ce910eb78686abc08e6e7f9c400c0b67,214,60,60,60,True
BigCodeBench,BigCodeBench/933,kern_compact,10853de5348a369f93e04765ddcf2ab7b55df8656cd078a55a943cf9d5293cb1,200,59,59,59,True
BigCodeBench,BigCodeBench/933,python_minifier,ec7521b76ec08629d8121128a3d66cb7185801cd202a4b44f915d9d2a0db6ff8,170,56,58,58,True
BigCodeBench,BigCodeBench/934,python,773c82a803ba6d839eec865e234aae648aac81863d57ad1215e37d99950cbd96,298,74,75,75,True
BigCodeBench,BigCodeBench/934,kern,458e75e243d1e3288b8a1126585603d56c9be451c3706a35d9c85b3459a05741,200,55,56,56,True
BigCodeBench,BigCodeBench/934,kern_compact,899405a2aea7a2d37c5a1a2fe7d11758662719ae6514956006d35b68afc6aa8f,172,50,51,51,True
BigCodeBench,BigCodeBench/934,python_minifier,e3ff14120086b2461dc7afa53481736f037615f2f97ebfbac8114d4df24c68c0,178,48,49,49,True
BigCodeBench,BigCodeBench/935,python,0e3c453b5585bb04975ea430bf9c2d1ae229ead4cb5eaeacfd72bb505d076c25,519,116,122,122,True
BigCodeBench,BigCodeBench/935,kern,e2ac308e36fff97a05c09144759b089ac994966007c7c4aa303711beb9accbda,367,85,92,92,True
BigCodeBench,BigCodeBench/935,kern_compact,981be9bd868d734f18af524228f2d319b88b5f6acf7b285069d994d538f51ac3,336,81,88,88,True
BigCodeBench,BigCodeBench/935,python_minifier,557bdf6eaf74b10fbc68d8d38ee56166567cd35a895c10ae25c2891620808666,337,94,99,99,True
BigCodeBench,BigCodeBench/936,python,26b3b089f5eeeac2bf31f25934300997954467f223b05c0da245aebdccf72c0c,903,203,201,201,True
BigCodeBench,BigCodeBench/936,kern,4e7e9510980db71a5f71cda9d3b2d3004d232671cb089cb548de46142896efcb,526,126,126,126,True
BigCodeBench,BigCodeBench/936,kern_compact,ca6eaf03ce097072917955189038e2f9708d3f963973f55ddf689259af4ea115,461,119,120,120,True
BigCodeBench,BigCodeBench/936,python_minifier,eec62d91af85952d9c87ac59e197b870a6ec18fe82dc849c694ef516ca57f3fc,479,119,119,119,True
BigCodeBench,BigCodeBench/937,python,0a10630fae4f2d1a355eb85acb498293a5163fec5e180dfe0551a2ed94736302,190,49,49,49,True
BigCodeBench,BigCodeBench/937,kern,e9cb4ec72c26fe4a19e2c1ef300d30ba8becc9e59728fc9a4f4d2ce804d120a7,145,42,43,43,True
BigCodeBench,BigCodeBench/937,kern_compact,5332350ece01805d52ae8b50a52f2bf56ed70c62e6fb8e04bcda97415d7c672a,115,34,35,35,True
BigCodeBench,BigCodeBench/937,python_minifier,4bf0496a45f7171ff126c2a8c3a0588aecd522b0db1d53c5acc4e23f52456853,135,39,40,40,True
BigCodeBench,BigCodeBench/938,python,e46765e54425c56e3296466ce1c310b3e22175ebd2566a3911f52604be0c2754,448,113,113,113,True
BigCodeBench,BigCodeBench/938,kern,74b6d993077b2649858d6a3f6b4143e63e355eabb5d63d467eb5f0d6e2b1a4f6,353,98,102,102,True
BigCodeBench,BigCodeBench/938,kern_compact,247809b4551bdf0c7f332870802060a34b25031935ab61338db0e8786e88e342,256,81,85,85,True
BigCodeBench,BigCodeBench/938,python_minifier,b025b2dfaaccc03af2893e8d3471aa5d40ed81c223f22f093c53f704cc6493c3,279,92,95,95,True
BigCodeBench,BigCodeBench/939,python,6fc44ed4e4472e50de79e447915c8acd6c4ae368e586c0071ca213ba27802544,402,103,103,103,True
BigCodeBench,BigCodeBench/939,kern,cad055103211ab7f7cdeb46ac2c3943775cf80a059b85c29f169f690592cf13c,313,86,87,87,True
BigCodeBench,BigCodeBench/939,kern_compact,913979b889db1d1476b60807494a66eea67bba460ff290ef1da4a51019c70c5b,206,70,72,72,True
BigCodeBench,BigCodeBench/939,python_minifier,3d8a5896853350724ad1be32c7d352ba6975031e65615e742ad4aace2d1e899b,210,72,73,73,True
BigCodeBench,BigCodeBench/940,python,b4fab31da452434b4f947ffc2c19efcf57bcbfa10386fabeaf689be215307b20,248,60,62,62,True
BigCodeBench,BigCodeBench/940,kern,e7147f523adb7be51e2daa897bf6f748aec216be2a04d7acc994fb0694971fa7,193,53,56,56,True
BigCodeBench,BigCodeBench/940,kern_compact,52d46d87e2ecc5fd33e0c86209dff1a8b76ae34836698a38a4fe01f6c99a52ea,155,46,49,49,True
BigCodeBench,BigCodeBench/940,python_minifier,f9b46e95c725429f04379327ead5d5f49dc22e1e920417bd97053c766a66a388,178,50,53,53,True
BigCodeBench,BigCodeBench/941,python,dfeb1652cdb429537d79f66bb9a69b1c78a245bc8cdf7711a1a5e8641891a02b,656,174,176,176,True
BigCodeBench,BigCodeBench/941,kern,4837e78df4158d837627557ba3642e69632c19932ebb17da5a6c9cb35aae77ef,543,145,148,148,True
BigCodeBench,BigCodeBench/941,kern_compact,977e7d54ecab360c61f7ef231d4850dc2670ef49de4526093eb645824e28fab9,456,132,136,136,True
BigCodeBench,BigCodeBench/941,python_minifier,fac9fc5e3af11cd5e9cb6922f8f71f8dc1e2636d679b88ea6dd9721f1d082abd,421,129,131,131,True
BigCodeBench,BigCodeBench/942,python,b45bf8013f1f6206cd699f1ff95cad2acd5223714d3676d3bdaa53985aa288c0,946,246,249,249,True
BigCodeBench,BigCodeBench/942,kern,3baf81141cf5b5cee4adfc76d41388c07ed890e25d2799164e6993d2522b215f,745,203,207,207,True
BigCodeBench,BigCodeBench/942,kern_compact,2b6c2c7bbb2c9948672e81df19532c3e8ea7c995336f6c57045b07fd4b224cbf,637,188,193,193,True
BigCodeBench,BigCodeBench/942,python_minifier,3bfded97bd2a70e185d922a628d0eddfc75566192e9a2d08d68b8e9dfd2fe7f7,657,201,207,207,True
BigCodeBench,BigCodeBench/943,python,8dfd4aafa6b0526cf80a1eed5e9ef68f68e2b3ba6bdb3d41fec58a85e8e36b2e,697,180,180,180,True
BigCodeBench,BigCodeBench/943,kern,f0b7cab998efa61bafb14dc78e623a8aa7c4adbc6aa7b12dd4bdc466ca3d0a2a,549,158,158,158,True
BigCodeBench,BigCodeBench/943,kern_compact,fb1e3aadb66e0c71d9c1603d550085b984a26edb93d3b73948d9f2dcac8b8d82,439,143,142,142,True
BigCodeBench,BigCodeBench/943,python_minifier,7c567039568df781f7c4e12c0553af427ac9ce9eb4c164a4264bc1cc47f99a28,480,149,150,150,True
BigCodeBench,BigCodeBench/944,python,6f108ea9df0f2fbb443c0092883007c100024cd700c1cf181a5182e0ecdd29f9,798,215,216,216,True
BigCodeBench,BigCodeBench/944,kern,aa8b8547a66020b5386e9159aaef46e3fe6e11245a27a8fb1402e8ce162cb633,600,169,171,171,True
BigCodeBench,BigCodeBench/944,kern_compact,0039f4702fa9124ba6c8a913a2abfa6746cfb6d39d6a1494e3306ddaafc6af61,515,157,160,160,True
BigCodeBench,BigCodeBench/944,python_minifier,acc6518d4f05e4a5b2c68b356922c5393c7e50b508e870c8df8c0edae060de1e,542,169,171,171,True
BigCodeBench,BigCodeBench/945,python,5f49195c7cad7c92ce42e4ac945d907ad1a735611ff639ab88fa57fd988dba75,694,190,191,191,True
BigCodeBench,BigCodeBench/945,kern,5fdfc6551d4f03d2ce45ead767533b87b043ba383542ae8f6f1bfc2563ca567f,555,158,159,159,True
BigCodeBench,BigCodeBench/945,kern_compact,27d3ac6e600ae7a29440303b4b98590cf58da34ae0c6aa2ccbeb8984f75e425c,451,140,141,141,True
BigCodeBench,BigCodeBench/945,python_minifier,7840caae0090a8ad9d15a16b78f6a5aadb531926031399633d19904627873e08,473,154,155,155,True
BigCodeBench,BigCodeBench/946,python,9c9225bdd02d53d73f72aeed82814df2d907fb4d6bd72c73b3c4d4c3f5b7c607,374,103,104,104,True
BigCodeBench,BigCodeBench/946,kern,034aa8c7d32218e7fce7eb072d1bd0ce0f0d4a55a03fd550aee8838211425d13,298,89,90,90,True
BigCodeBench,BigCodeBench/946,kern_compact,112acea5f0729caf4ec9d636999bf22fa0848ba00f15e49e34e5266e5d2e0e3c,260,84,85,85,True
BigCodeBench,BigCodeBench/946,python_minifier,cfeb17fdd7860abea64316887f2acef7497b18c10c8e2e86c9a72526714fc702,282,89,90,90,True
BigCodeBench,BigCodeBench/947,python,6af56ee73b6fb18060681884d3c7e8af1eb1a6416196b2b34130fd39eeb4b39d,955,229,231,231,True
BigCodeBench,BigCodeBench/947,kern,fedee7b0f44c876ddbbb131e7cf6bc3362d203fa68ab359fd34d4692c74b662f,495,131,133,133,True
BigCodeBench,BigCodeBench/947,kern_compact,f0d6335eb19c9ad973721fea820a38f700e5ffac4d55d06c09afa73646111a61,378,115,118,118,True
BigCodeBench,BigCodeBench/947,python_minifier,ee57fed6312ac5c6b74257dddeef3dda6c4e33465cec891b7c9ada49b2035050,410,126,127,127,True
BigCodeBench,BigCodeBench/948,python,9b0059817ae360d65357bdd0dbe58f6e488d16fa1adc13168ab58e8fd67e7ca8,349,76,75,75,True
BigCodeBench,BigCodeBench/948,kern,00c472e17015b0a23b32efe3cb4b1cf482ff8763151ee82eaa13ee346ee0a49b,218,55,56,56,True
BigCodeBench,BigCodeBench/948,kern_compact,1e2fd08e31c8f0d38250f2800b7d72afb45b809b2bbfa2ead4d69dc7f088286a,184,51,52,52,True
BigCodeBench,BigCodeBench/948,python_minifier,77898cddb587209dffa44bb6fabd6323b4471f342948be9f24a4fe71254e3899,204,54,55,55,True
BigCodeBench,BigCodeBench/949,python,36f65bd12c12c8d9af5419476002d55b3a6ad75b34da2095041576e194f415c4,225,54,55,55,True
BigCodeBench,BigCodeBench/949,kern,11eb847030d7663ebb55ffc933a35a3b08c439fc65cfea3f147dfa8462395751,157,41,42,42,True
BigCodeBench,BigCodeBench/949,kern_compact,d3716cb658981a96854d12b965cf14239ac660f61f31da2fe96cd7da23e6019c,140,38,39,39,True
BigCodeBench,BigCodeBench/949,python_minifier,0cf975d10a5b0af35baca2dffb23523e91021615ef9e765f535bd32391b72944,171,45,46,46,True
BigCodeBench,BigCodeBench/950,python,c31e01344b6ad426360acef04d7a3d5524076ba8990d364a74a381d0bfb94e99,205,63,63,63,True
BigCodeBench,BigCodeBench/950,kern,0afbd08e0270a136f93f2d06e40e06fb57019ce57a8a91b85c1c9ffd6c2ef1ce,160,53,53,53,True
BigCodeBench,BigCodeBench/950,kern_compact,5e3016df74a5f619f6c22f8d8c498ac420545395a0a9aedbbac61bd406b95a58,148,51,51,51,True
BigCodeBench,BigCodeBench/950,python_minifier,08f2ed6c39d8c6d712706f6adf1e119cd32a0caaccc0a1a8b30fead5be82eaa8,164,52,52,52,True
BigCodeBench,BigCodeBench/951,python,c02038a56186efcbd33ce3cd7fbc5d1a982f015d7ddc40ceec7d999cf7aa30b8,711,181,182,182,True
BigCodeBench,BigCodeBench/951,kern,b80c40b158df27c218ac37809261dbc78cc9c06b4247775708772f6f9a340daa,571,149,151,151,True
BigCodeBench,BigCodeBench/951,kern_compact,c83b47181cf21366266a359e9ec65ae6f48c114aa36fa50c1e3fe2d3bf1908c8,463,133,135,135,True
BigCodeBench,BigCodeBench/951,python_minifier,67ff2da56e8d070878c7aac8c6c03a0c282cefcc5663a6f1dcfa7abe199fab04,487,138,140,140,True
BigCodeBench,BigCodeBench/952,python,315d8b15b09c143ea758a036f4f0f2a5c988bb6d2144ab7f568970afe335bd9f,808,184,186,186,True
BigCodeBench,BigCodeBench/952,kern,b1566f8eb1bfd8d8b6f08495d08e23de7facca32c609a5ef045b6c9bf29d2a17,606,143,146,146,True
BigCodeBench,BigCodeBench/952,kern_compact,1ea2d17749da3fda42ee5ff7b9d61c6efa079d1eec756dd941605da655713163,498,129,132,132,True
BigCodeBench,BigCodeBench/952,python_minifier,100a99e19bee05d4841f534cf9ae2ea010b084afb0784a8ade0b4c249c3a7dee,539,142,144,144,True
BigCodeBench,BigCodeBench/953,python,6627e1976ad57ffb572c04ee352ad1e87222fb971762171bf91870ab0844a84d,692,152,155,155,True
BigCodeBench,BigCodeBench/953,kern,1a9e3dd929de702e97ccfc95b6e369068fcfd0c809744cda3eff25c9945d5b3b,521,125,128,128,True
BigCodeBench,BigCodeBench/953,kern_compact,b6f5e68e9102a55050c10fa1421e378ebe91421cf7e14722b61b6ea30bb01aad,393,112,114,114,True
BigCodeBench,BigCodeBench/953,python_minifier,3e9dde1df8392cfc68f42cad9fc514516d04e84d3dbda3142439b136517d269d,413,123,124,124,True
BigCodeBench,BigCodeBench/954,python,af09e575f58c5e8ebb2234663e0fda44e4ce85101291a98a067de2d127763721,587,119,126,126,True
BigCodeBench,BigCodeBench/954,kern,e3d6dbb50fe08a0f64d42b0be765e1085c1683ef043f7a00e02626c6d66051ef,465,104,113,113,True
BigCodeBench,BigCodeBench/954,kern_compact,ed04bf377f9e33e80b90d0868f71abb8a428cf83c62223e9a5189921f7773d9f,384,98,107,107,True
BigCodeBench,BigCodeBench/954,python_minifier,2d74d5b3df479ee2d32d8a7cc1a4c4e5a0f49d3cf35b8bb2bcc28125d1ec2f2f,404,105,112,112,True
BigCodeBench,BigCodeBench/955,python,2a317bb5f67ed4d9dd81923e107bf6fa8c2e0e12a566d6740eacd0c6b9137df5,569,129,130,130,True
BigCodeBench,BigCodeBench/955,kern,d5fd44382ec6cc924de51218e3518437310b74a5ab14b360bd172add01afbce1,464,111,118,118,True
BigCodeBench,BigCodeBench/955,kern_compact,2487b6dde7e014d9da25948c35178c3c66e05f6769af27a8e3fcb2b14796bea6,366,100,104,104,True
BigCodeBench,BigCodeBench/955,python_minifier,81c21a0563c1fb20f32431348640b2c6c7929220a5c926613f0a63815e6b53ea,380,105,108,108,True
BigCodeBench,BigCodeBench/956,python,cf60db749fb595f7197aafb15282c0a2e922477754328072c74e6b0147d14160,412,113,113,113,True
BigCodeBench,BigCodeBench/956,kern,c77c85fd04dee4523b3c80c933e4bf12d9d7e52bd9c0cf2547d5cb3c41e37a4a,305,95,94,94,True
BigCodeBench,BigCodeBench/956,kern_compact,782b22c0e41c336d412b90969788d413cc91384ed78c51411cf63126109efe58,275,87,87,87,True
BigCodeBench,BigCodeBench/956,python_minifier,b4da8509384a4e9ba46a084c53a2e0dc16e72ffd80367e563efc5096abacf957,286,92,92,92,True
BigCodeBench,BigCodeBench/957,python,045892fe7e41033c9155d73a73646b9e2ad6ae08e9625ad5509993407a95fd16,209,56,56,56,True
BigCodeBench,BigCodeBench/957,kern,5cda3dc258eaaffd3f54f371dfe73446735249db05e69f143bbb8b2a1d7e8a16,167,47,48,48,True
BigCodeBench,BigCodeBench/957,kern_compact,3153d52442f71d222a2bbc7818b9a1aa5a5d31ae55470507404bb3167d1cab8f,143,44,45,45,True
BigCodeBench,BigCodeBench/957,python_minifier,ec0a0fc0c5eb08696fa7923ae3339e89b52c22327bbe61caf920325b5613d1d7,145,43,44,44,True
BigCodeBench,BigCodeBench/958,python,05c3931bb7fde486aaf8e4738dd789109e2f6d831696c029193df43c76d8af0b,471,117,117,117,True
BigCodeBench,BigCodeBench/958,kern,bb0819592271597e6433f6af7b518d583ec1a363cde5998e77301b6bf1157491,290,95,93,93,True
BigCodeBench,BigCodeBench/958,kern_compact,801ad8ebab8ded6bae14b1ea4f0c3a3804caf29e3750a7ab5558aaebe1b47c47,197,76,76,76,True
BigCodeBench,BigCodeBench/958,python_minifier,c97c6eabeb690cf4e7d124fc34ad0f08348e4f0f9b20202c8f953580048d05c5,257,89,89,89,True
BigCodeBench,BigCodeBench/959,python,e4ae0839f6918f78d031370967acbe0d95e10b345550cfeece65d002b29da014,420,86,89,89,True
BigCodeBench,BigCodeBench/959,kern,487f82f546e48637e20a792196df8314a3a2f2c3b742b36a9f305d11763142bd,270,69,73,73,True
BigCodeBench,BigCodeBench/959,kern_compact,aaeedbc092f5fae676dbcb3812409c629733bbe476959f210a1655feff6f931d,261,67,70,70,True
BigCodeBench,BigCodeBench/959,python_minifier,7afaa8d16c8ee1df071b32b0e509b1b83b996c7821da8142990f8fb49aa8aa73,280,71,74,74,True
BigCodeBench,BigCodeBench/960,python,b89c1c8e559f8525c7db6e411fd61dce277fff688d818f4a75018ed4b819154c,699,137,144,144,True
BigCodeBench,BigCodeBench/960,kern,3b387085b13a7dc4123a5194db90e90d6e665f0637b036ea35520c4b2d498db7,464,104,112,112,True
BigCodeBench,BigCodeBench/960,kern_compact,1f988ec25b08bc6497e0339b405d81b9abdcb3442b92d2159a98d8316118ec93,318,92,98,98,True
BigCodeBench,BigCodeBench/960,python_minifier,2d144ca2baac9cde675a019b0086b4c3fd68c5f7c60862e8545535c49bda60e4,366,107,111,111,True
BigCodeBench,BigCodeBench/961,python,01a3373f2902252da597bdc8bac6d4c0cf642dd0ff7e54d0d2357148d66b09d0,552,117,118,118,True
BigCodeBench,BigCodeBench/961,kern,7e413a5698b7fc5b7f6b5b550ed3aed474e6182b4dd98dcae76917bf692a4065,394,93,95,95,True
BigCodeBench,BigCodeBench/961,kern_compact,e2ad22a426d6212dd255867810936ff0d88c06e92ee447bfc6a14a61f87260cd,330,88,90,90,True
BigCodeBench,BigCodeBench/961,python_minifier,908f457ffba689842c7287e6212fdc5a4f4180dad312d82249f804295d95e90b,355,97,98,98,True
BigCodeBench,BigCodeBench/962,python,a49693eb90aea1a715ba8a72ba6d7eca77512da5dc52a96c969bbee2cd798d71,1049,209,212,212,True
BigCodeBench,BigCodeBench/962,kern,f5c6658c636156c04b8dcf5aa17e5e145e9bcfebac8e2766063d94587e314690,776,169,178,178,True
BigCodeBench,BigCodeBench/962,kern_compact,4fcc94d09c71ca7ced8bd6b2c5407cfe950e130f61d6829105a240a2623d860a,564,156,162,162,True
BigCodeBench,BigCodeBench/962,python_minifier,469dbad30441990d0e44e335d82033cacc79da614c7b71dcdcda7b57c951cd3f,542,167,171,171,True
BigCodeBench,BigCodeBench/963,python,3130c328548ec511f30c4428a7c7cd1eb2087cfd3d83bf04aa1299315cf9f3b1,719,160,163,163,True
BigCodeBench,BigCodeBench/963,kern,4daab577646be4e6cb3d029c1b74fa679aeb5615fc59e7716507cb10ddd91ba1,576,138,143,143,True
BigCodeBench,BigCodeBench/963,kern_compact,b15355772f6ae296bf7a99d4bc8038deb8f97b4a22538ea8b5be8213d2bea32d,520,131,136,136,True
BigCodeBench,BigCodeBench/963,python_minifier,a8baf32bf6f5f8c7a43a7f0c16ebd6faa1593561319b7b6a10e708431af0a24b,513,139,143,143,True
BigCodeBench,BigCodeBench/964,python,103d26f920e5d27c0551b97501271d01cf1ee948eac26c22c463e303d0992a19,1484,290,295,295,True
BigCodeBench,BigCodeBench/964,kern,5c439c92e826eb1754a60d8a1e13fbd2dd5a62ff62001b2f4026b66e48f0562d,993,236,242,242,True
BigCodeBench,BigCodeBench/964,kern_compact,5b98f20870cc82296f5df2d60dc479a9ed0290c2b6fe46000681e09fb1e4aabf,771,225,232,232,True
BigCodeBench,BigCodeBench/964,python_minifier,b7973cf0ae727ceead1ebcc4d18e6d1a530fc649c79458968efbcefe1785d3c0,774,247,252,252,True
BigCodeBench,BigCodeBench/965,python,ea53e2249f07cb0ddb4d723e33f53e117c9d756c5b4d9b2de9753fa5fa0574d3,659,141,141,141,True
BigCodeBench,BigCodeBench/965,kern,35df1f40e16578b47acbc8d40755cb25e5f2efdba35d06e89fc77dd1224e6399,479,112,115,115,True
BigCodeBench,BigCodeBench/965,kern_compact,ac0ceda9025b68201026650f1b438bd84ed47d5a329a8294f674436ee386488f,397,103,103,103,True
BigCodeBench,BigCodeBench/965,python_minifier,af716e8f27254afa3c47527bb88f1f49be5b2e1f5bd87d78eb0f0393aecf6415,359,109,110,110,True
BigCodeBench,BigCodeBench/966,python,492859e46891bdf6d6b0d7a19f49cb22137b58595d7e486d553be54c1c18b93d,348,90,92,92,True
BigCodeBench,BigCodeBench/966,kern,e875eb9459ba53df6729e32717da511eb12653e69f0116d5357a8edff6b33aab,285,78,81,81,True
BigCodeBench,BigCodeBench/966,kern_compact,9d088a92b7073e5827213afe6b1fccd4191eb623995287090e5f02a82fa79657,249,69,73,73,True
BigCodeBench,BigCodeBench/966,python_minifier,9a96b3b057ce1366fedd6177123989fe0fea6e5702fa36596620966697dd886e,235,64,66,66,True
BigCodeBench,BigCodeBench/967,python,5e4e5842211bee13de3817c37ef921d64e9d563542fceee991a76d76b8f44799,436,131,131,131,True
BigCodeBench,BigCodeBench/967,kern,71e12e91baec912de4ad3afcd702215c3d2f3ea9634dccdf42973b73b8aa0358,362,115,117,117,True
BigCodeBench,BigCodeBench/967,kern_compact,37b3cd0c6e9c2e3cb4595e187ae63d77f59ccfaddf8d89d3c7b7e46f054ad0ae,349,113,114,114,True
BigCodeBench,BigCodeBench/967,python_minifier,c256823a59f660045fb741755644bbb2aaeda1e6032802abbc48307ad682a4a3,362,118,120,120,True
BigCodeBench,BigCodeBench/968,python,1b09f3452161b424ff45060f5ad6d5680bff6436718932b5d62540e6951098d5,307,72,76,76,True
BigCodeBench,BigCodeBench/968,kern,4d68c3ccd53a89803a338d2cc6fd74f8c333134d986f11568a21a82d952614ff,245,61,65,65,True
BigCodeBench,BigCodeBench/968,kern_compact,753411af35e56ef44703389acb4ce7f53f5e016b45d5daa342dbc47f711aaa16,193,53,55,55,True
BigCodeBench,BigCodeBench/968,python_minifier,7f7c643ef905ea33be4af4000c33d617242ecffa63bf167286a4fb53b8b7d054,214,56,58,58,True
BigCodeBench,BigCodeBench/969,python,52a3f99131bd2148668f233428cd2dd611e19ebd418b279ce670218a005dbe91,571,130,138,138,True
BigCodeBench,BigCodeBench/969,kern,a83ba6be5e6c62af9cc488016fe7a08d93503fdfc150d0615232b20ac03b4dbe,478,113,124,124,True
BigCodeBench,BigCodeBench/969,kern_compact,a92ed16b0e0c048355a1b9303dcd2f497bcd8300d431fc955df7178dd5dcf4e5,437,103,114,114,True
BigCodeBench,BigCodeBench/969,python_minifier,383bbaec7247496cd404cc360c0d6ebfc63668242c15b0caf23f62c7f6f0e55d,439,103,110,110,True
BigCodeBench,BigCodeBench/970,python,5bbf22df1764b6cf879d43e843c1739272cfdc63982411e61ac36e3d57ece132,748,178,179,179,True
BigCodeBench,BigCodeBench/970,kern,2e1f560567f58eaac7cf85a94a58037efbfd88c0c78ed0ea9887f58663f305c5,617,150,155,155,True
BigCodeBench,BigCodeBench/970,kern_compact,da9e08a47184c179627a6ce50a540157b0e05d36fda1de0e40ef075e853de441,529,137,144,144,True
BigCodeBench,BigCodeBench/970,python_minifier,d53eff894ad6105e1e0d350ea65b9f006dfb090a11f4871d31037021f6f88b32,519,136,141,141,True
BigCodeBench,BigCodeBench/971,python,cde42005250b7d191b10b2d6591ae8f03caa9e2d7f884c20949e228dedcf444a,819,159,160,160,True
BigCodeBench,BigCodeBench/971,kern,19b9d6ffa6bb285bc94fff49a6dc1dad10e38c60f4104a23ca764d245e0694b9,596,129,132,132,True
BigCodeBench,BigCodeBench/971,kern_compact,044945ee833cf18576cf6c8bdc0e92f514eedd4dc6d763278f92812afc1381ec,443,113,114,114,True
BigCodeBench,BigCodeBench/971,python_minifier,e662354c2310d96038a8380372c739aaa66aa31c3b7a0f902a76e4186f69f8c8,444,116,117,117,True
BigCodeBench,BigCodeBench/972,python,d00bedc0cf33187d4a3d7ba42eaf2528860a885164c38327cd0652511fcd4142,482,111,111,111,True
BigCodeBench,BigCodeBench/972,kern,56177268d85d40293980888d90e7fb36ad728528666226247783d1c02f372d84,343,84,86,86,True
BigCodeBench,BigCodeBench/972,kern_compact,be533e09c91da7da67fc2823e88f57780d3a3a676302cd5d19d9e00d36e51f99,270,80,82,82,True
BigCodeBench,BigCodeBench/972,python_minifier,5a13c5920b53536434988e18e0c7785708ae49fe7be72959f7e1d0a8fe19a3e1,257,76,78,78,True
BigCodeBench,BigCodeBench/973,python,e2ff2aedd59c5950546198442abcb0e6877b52a29c002556314065d572fa5447,834,173,178,178,True
BigCodeBench,BigCodeBench/973,kern,68426ec3f67d2c0ee60497a042128a8d22216083a1237da944028e45beb1b4c5,665,149,155,155,True
BigCodeBench,BigCodeBench/973,kern_compact,aa1c74b454413e2687a84267edc0c3513bcdb0b0f79e19025fe287406b58fb6c,512,137,143,143,True
BigCodeBench,BigCodeBench/973,python_minifier,28db398208c56fd3d7e4f71744be2934e129e5ad5e065e25ae6f6ea0b256992a,507,144,150,150,True
BigCodeBench,BigCodeBench/974,python,6d82e66a4bdd25c026c12595ba5892ed52d4c52a1da11f1975af1bb3946d254e,609,120,121,121,True
BigCodeBench,BigCodeBench/974,kern,e781302be41d7403d23f8447f5ece6b6f7024607f74d0c3b2fb4c405f4a0cb68,504,107,112,112,True
BigCodeBench,BigCodeBench/974,kern_compact,c991fdf2f5556b135838cfbed2547ee7b19e8b471ee2e4e0d5135c6ee951d51e,466,105,110,110,True
BigCodeBench,BigCodeBench/974,python_minifier,4068d2d8d419e36db31b7e783929ad0ce047eda70d820d8ada1169844f06f61c,401,105,109,109,True
BigCodeBench,BigCodeBench/975,python,dbbd0a3bf363bfc88b4626f919d225df77c03c1ee9897da2517460957218a9d7,320,84,86,86,True
BigCodeBench,BigCodeBench/975,kern,72c65b7947e6d724fb2f0bf8bd376cd9d4bdad862b4795c4625c358cde95af88,253,66,68,68,True
BigCodeBench,BigCodeBench/975,kern_compact,4c6eeaa412e288ce3deb2f3fdf33a58b185c31b129b3d9bd5246dd870b250365,240,64,66,66,True
BigCodeBench,BigCodeBench/975,python_minifier,fe41fbb9f5f0b300e56a7d11c452cc6e5a6c6a9a6a27e83e4cec5f0332c6b720,230,69,70,70,True
BigCodeBench,BigCodeBench/976,python,f4f4071886df3b58725716837851a952ae5cffadeb3e8ecb5235efdd35e3271c,658,151,156,156,True
BigCodeBench,BigCodeBench/976,kern,36000bcbe05deacbeb5a2d6f1eb9f7d377709676d902ec86c40ef3027c9b3476,540,130,136,136,True
BigCodeBench,BigCodeBench/976,kern_compact,f34ad06cd156b555b42690099e464f6972b0e01e991195f934387791698a27d7,435,118,124,124,True
BigCodeBench,BigCodeBench/976,python_minifier,3b4a5c9f3b95f62d9844fcbb58648df92241fec0a46717a6c9246d75a12be396,425,123,128,128,True
BigCodeBench,BigCodeBench/977,python,3fb20c8cc6e168d4da6cd0ceed932cc22b3a52aa7ee43ae553e33ac6fd6640cd,708,165,168,168,True
BigCodeBench,BigCodeBench/977,kern,2e126b28807803ddf484f36cc0a69f581c61c63d7faf3cb1f57d3932b91f1861,539,134,140,140,True
BigCodeBench,BigCodeBench/977,kern_compact,2626e36a19e145d951d6fa5f26729f739596ab730a2c4857460432863b7c1b7a,504,129,134,134,True
BigCodeBench,BigCodeBench/977,python_minifier,2089e90ae3677343adfa912a2b41118cb96112d07259538caffffb6d8bfa237c,528,152,155,155,True
BigCodeBench,BigCodeBench/978,python,645f8def68dfffa1c54e712e05dbd550ff79c2c62f39caddfecd72fd9bffe68c,772,186,191,191,True
BigCodeBench,BigCodeBench/978,kern,42ec157aab2ba74197aa5586d0082c2c890e2e27c7cedc4bb4cf4b7136a3d39f,615,155,160,160,True
BigCodeBench,BigCodeBench/978,kern_compact,4cb759afde85ffc3ef4298dbcb2c342d97243c72580e2b49ad769f00f25b516a,469,135,140,140,True
BigCodeBench,BigCodeBench/978,python_minifier,b299b446ba18fc48cc75039aff95ede3a8a236815eda5fde22d6043571d64a3d,503,148,153,153,True
BigCodeBench,BigCodeBench/979,python,f988bd4b221862215506fb5f4fd28341ca3bc0123aa9e2c1ce67bd3fd250d022,570,138,141,141,True
BigCodeBench,BigCodeBench/979,kern,65e31a2a6f7f0c859d5874d1bd097388b9417f94849e0fa77b234f79e21d9314,453,113,115,115,True
BigCodeBench,BigCodeBench/979,kern_compact,6313a48ba9a03402455be081ca928bdda52d51f6de49ca1196f168d1a2eee4fa,400,103,105,105,True
BigCodeBench,BigCodeBench/979,python_minifier,6e1dc04ec6b884cffcc0b08315a03280bc190e78e9b7dda98c65af3b2cfcb729,417,113,116,116,True
BigCodeBench,BigCodeBench/980,python,8dcce33d26bad2324eec6d7529a9ad2d0faa8c9439ab08b78c90256fd7fea853,528,116,119,119,True
BigCodeBench,BigCodeBench/980,kern,732c8d88d7612edc66c63184699740263f0b804cd38bf63a0d8cfe87fea28b73,440,104,108,108,True
BigCodeBench,BigCodeBench/980,kern_compact,2be8ae4a376476667e0233ee7c7c8b3bbf2ebf43234369bbffd6dd27cc280cc8,329,88,91,91,True
BigCodeBench,BigCodeBench/980,python_minifier,f403c1a62f82197376822efbe942f5870fc7ff344882d585c26f17fb160d9c45,349,89,93,93,True
BigCodeBench,BigCodeBench/981,python,7ee0c94fc6bcd1a8a2a9eb713e0587a04211d18b7cdd61d367dbe6ccd184ee08,903,230,233,233,True
BigCodeBench,BigCodeBench/981,kern,8b5e11e546cd716a3ba050adbccf6be8892d9bca86d455c3ceac8cbf8efad719,737,192,197,197,True
BigCodeBench,BigCodeBench/981,kern_compact,cc3e452efbae2e9cb0bcbdc2c75c15e35f84b1ef15fc98f29489473e21d42866,603,173,179,179,True
BigCodeBench,BigCodeBench/981,python_minifier,1b440f8970ac7016285dd44db81cc4f4741ca1e716b0151f7ab76c1bf82da6aa,635,174,180,180,True
BigCodeBench,BigCodeBench/982,python,2cf1d5e85afd72e1002530451daa466f6cb0b1687fe86f091abf890a8303747e,637,180,181,181,True
BigCodeBench,BigCodeBench/982,kern,eab0b3e3189b0dcc085c4313d221ff1e4bb5f2c8b358dc8395155a57b6f2e744,480,139,143,143,True
BigCodeBench,BigCodeBench/982,kern_compact,2e6dedb73975f27e2c0007f05c2b54dd3a34df7d01988f4b3ab52c0173ac67f6,434,133,138,138,True
BigCodeBench,BigCodeBench/982,python_minifier,6adcbe67ba9de06f5350138fcf59411703cdfbc869885fc92656195bfca7d6df,478,146,152,152,True
BigCodeBench,BigCodeBench/983,python,b9f9a8504cc47459526860d34fd56dec89665f599167ea45f192300eb09c4225,450,100,108,108,True
BigCodeBench,BigCodeBench/983,kern,63e392bffbc4a69f3abf7f567d42fb9ba391177781bfc06ed2eee65c6349a670,361,90,99,99,True
BigCodeBench,BigCodeBench/983,kern_compact,70280fa60ef05e7273bcedcee0e7b4d89ce239e92f9189eea6bacfd7bd86502b,317,82,91,91,True
BigCodeBench,BigCodeBench/983,python_minifier,0e7675246a134cd6b4724d427633bf061f0a618c3e134b56417f71f81d49ae54,338,82,89,89,True
BigCodeBench,BigCodeBench/984,python,58be49b97c440db16ed792e641f375248bbb7dbe326b3f48aa5d5aa2c2621740,360,98,98,98,True
BigCodeBench,BigCodeBench/984,kern,83ed75ef5d9e4715a63fea1b6bb5ae4c3e3edbcb00d14bcbc5a5e69abd13d3a8,291,79,80,80,True
BigCodeBench,BigCodeBench/984,kern_compact,0bde71268dc10dc8e7f46805ea78f96e263cb0a54175797acaa3a4d0a5ba7486,273,75,76,76,True
BigCodeBench,BigCodeBench/984,python_minifier,b0cd94b9694c179d94adf775182c5f6d075ddcaaa81bc1842a563ab4c77cf3bc,287,76,77,77,True
BigCodeBench,BigCodeBench/985,python,652c5186b3e330b08043762b954cc5ffb72a496d245dac8ed8ff69999f36a088,1491,305,311,311,True
BigCodeBench,BigCodeBench/985,kern,ee00f18ef9028ad6fea37dc4e33b1d5b62477c16a6186b2c4d637f672321905c,1165,261,270,270,True
BigCodeBench,BigCodeBench/985,kern_compact,7381e07480a01759eda4bf5c7d239fe5b5508a84d0b2c6f2a164602c893eb9de,904,230,239,239,True
BigCodeBench,BigCodeBench/985,python_minifier,055124aae4906d3262ea108c9a8e1c730096da52baf1ed4ac2575501b40ff713,940,238,246,246,True
BigCodeBench,BigCodeBench/986,python,502a0096d2f75c814299085a2c75bc18a1ea8ca2e925d887a77eb39a26cdf874,807,184,192,192,True
BigCodeBench,BigCodeBench/986,kern,b14819fea54548397195fa4970662f9181760a6aa9b4b025bf9ac4a3685b7d0b,614,156,166,166,True
BigCodeBench,BigCodeBench/986,kern_compact,61c08424b1d4eceeb9a46c54db685ab94e062ae787c9a74059ae26442c503d68,561,152,161,161,True
BigCodeBench,BigCodeBench/986,python_minifier,7efa46b29bf2e4568a89a54adad946157be4ce9e0d512989b67d6556c5bafcd1,590,156,166,166,True
BigCodeBench,BigCodeBench/987,python,a0aaf7fc5c12a19897ec91b5d3baa11d9501d5c9f11ffe9efd8072711760b67e,998,227,229,229,True
BigCodeBench,BigCodeBench/987,kern,0c575a05dee195a7dbb7531e4ed2aeb6efb77f9d782e30c23a964a87ee04ee65,800,187,192,192,True
BigCodeBench,BigCodeBench/987,kern_compact,81b8d71908b17ee831c25603f20d17be72dc5216c16c6faf43676ecd169a805e,681,176,181,181,True
BigCodeBench,BigCodeBench/987,python_minifier,071c50c63a6e131f476258a9b4cd99623fbfc8e181a0e4d5e7ced3f13e7d5e7a,705,183,187,187,True
BigCodeBench,BigCodeBench/988,python,849c247aab2b25dab7d270e23f421a3e7aa3d9ece899eb7f85146dacc85ce3a4,1035,231,236,236,True
BigCodeBench,BigCodeBench/988,kern,9c48f90e4efc5b88cd9ae691cba5fa5a1a772e73decd1b5d61b3476522707d81,786,190,196,196,True
BigCodeBench,BigCodeBench/988,kern_compact,dea14a907cf76d63fcf15d570469bd34215ecde94c32efb4d099f053dec3bc53,640,178,184,184,True
BigCodeBench,BigCodeBench/988,python_minifier,7f636d6c25d7a5fb5849f5b968281fe1622d5a1c735881ebbf8122a719e57faf,607,178,183,183,True
BigCodeBench,BigCodeBench/989,python,2e70f1a3ad72c20bfa1bae4ac80959820bbf87e51d4d01019434a5811155bedc,991,221,228,228,True
BigCodeBench,BigCodeBench/989,kern,23893f040dab53f1fd5bf0958df0c2dbb997030ffd3f8b95c365a62b6695d29b,772,181,189,189,True
BigCodeBench,BigCodeBench/989,kern_compact,1b42c49b9ea2845760bf9ace8d6e36194311e856e8330f6accc8c527b2b04ae9,669,171,179,179,True
BigCodeBench,BigCodeBench/989,python_minifier,56a7629908855862460b7290d9127dbaf1cd2b60c6b24559b8fac7697bdc7dd7,629,176,183,183,True
BigCodeBench,BigCodeBench/990,python,5fb2c86b7fb5a2c048506efe5bee9b58bec875da8e8af054df36d395e9d76576,1101,283,283,283,True
BigCodeBench,BigCodeBench/990,kern,1640e10e381835c89e64f9ea8107d399fb8929d6aacda34d11a9dec656be5b6c,707,192,192,192,True
BigCodeBench,BigCodeBench/990,kern_compact,14c8203657471765835a7f608000ef115f809698ff109a798903fbad3f99731e,517,168,167,167,True
BigCodeBench,BigCodeBench/990,python_minifier,7366975696cb8c0bdd61462f780baddaf9b81a7371336407fdae542c2b5b51b0,508,163,162,162,True
BigCodeBench,BigCodeBench/991,python,c3442bd2a9b8654fe25fab931dbba0f9e18a6b6b4eea78d8c2745a4d8271595f,249,62,64,64,True
BigCodeBench,BigCodeBench/991,kern,ae4b978617233daac7d55c146afb81e59325a99d0f64a00b080f1adf1a8904ef,212,58,60,60,True
BigCodeBench,BigCodeBench/991,kern_compact,bb0a0654a2a2a56d337367c077c76c901a2339d7145e7da4a02b5938c1e09598,180,52,55,55,True
BigCodeBench,BigCodeBench/991,python_minifier,ec740604902b86e7241fae823bdfa9a57e6e6b3c8464427b2bab79d44e2de3d0,182,49,50,50,True
BigCodeBench,BigCodeBench/992,python,8cb4b1cbf8d5b41f5aacaf86d1364a488618d749a2710d40b052c3724cb0e693,486,113,114,114,True
BigCodeBench,BigCodeBench/992,kern,3d6dee3c136646dcf5a9d075bae48f4872c3bd84708ad143d91451903e733c84,413,100,101,101,True
BigCodeBench,BigCodeBench/992,kern_compact,97b17ce147940c2a9f2f12220776599ce317572504e400f69c0607c034bd645d,391,98,99,99,True
BigCodeBench,BigCodeBench/992,python_minifier,c8f6a9b0e3ac3076d2a1116419696db1531a03b9883d99346790c13cb535ea9c,382,98,100,100,True
BigCodeBench,BigCodeBench/993,python,3494335079d33510829a5da6d53a189638ce848d9161458ac4bb1b41cc5051f4,818,199,197,197,True
BigCodeBench,BigCodeBench/993,kern,56df301fe49c8b54d113ac398e688c828c2a0a997232622cd77cd85045d99d3b,490,138,139,139,True
BigCodeBench,BigCodeBench/993,kern_compact,b979bd68c2f2c67baf1f97f7629eaeeaa43e69a3b6c79f30e8b342f30cdb389d,367,124,125,125,True
BigCodeBench,BigCodeBench/993,python_minifier,053ae9f56da8986c8b264757995ed5cf334bd4d59e22bf27604fca9c0b5e9e23,409,131,132,132,True
BigCodeBench,BigCodeBench/994,python,b31c1c168d417ad22e12e426ee74daf154becd0a7cdf237936192a7814d85e2f,1008,241,245,245,True
BigCodeBench,BigCodeBench/994,kern,760018c7de1ffb7753dda46b574578d8a3c4dabeee40745391c4f5f9ae635428,761,202,211,211,True
BigCodeBench,BigCodeBench/994,kern_compact,d4f765462ab64622b0adac1dca36d672d7ac390590e64da1578af622b5e9076f,678,196,204,204,True
BigCodeBench,BigCodeBench/994,python_minifier,710f976a2229cb3ac3b597233391c45142dca5b459a21cdd8cbda88ede6cbea5,666,194,198,198,True
BigCodeBench,BigCodeBench/995,python,11a88a169d76c5da61741078bdbefd06c69dcd8444d26425237459d7387a4e88,1152,278,284,284,True
BigCodeBench,BigCodeBench/995,kern,9c09785f004a5093d65245093e86d075c9a1df870b37417538ad5a4de0dad521,697,176,181,181,True
BigCodeBench,BigCodeBench/995,kern_compact,592f4edd2347fcebc1d162deaba9ecb7e674ac2ab04ba35f0537f6793d86f895,625,169,176,176,True
BigCodeBench,BigCodeBench/995,python_minifier,70ee1c658dbb5411b21ea3537fb2e6540ca876a91f574f9abefe3f90327a1d71,607,163,169,169,True
BigCodeBench,BigCodeBench/996,python,3bbc77d5409e1bc9df7125630fc1fce806613b67806f138067770a9c12bf8938,443,112,114,114,True
BigCodeBench,BigCodeBench/996,kern,27c48fdc3654dc69ad56ab9ddb6b40a784ff05619448adf12e46f8868ec8d954,362,93,95,95,True
BigCodeBench,BigCodeBench/996,kern_compact,ac9081759dd3d90dcf97bfa7bb5788d8da31e0f50907f0205401e84b407c43ee,305,86,88,88,True
BigCodeBench,BigCodeBench/996,python_minifier,b968d0b47d32a2907a8787ba0996baf483c37d6b2e5fab4a9f7201260dfbb07b,307,88,88,88,True
BigCodeBench,BigCodeBench/997,python,f66b1417317089a78e60749de1df093109bb52f37d609dc64cfde2c42a95cb5f,568,138,140,140,True
BigCodeBench,BigCodeBench/997,kern,0e06c82df26e13a179c027158709fb3b847ad08463d0a228c6556110fb05ceb7,365,98,99,99,True
BigCodeBench,BigCodeBench/997,kern_compact,f111354d0df7bfd4a24511b426be7cd370e1e54f3cffa151333d35e10622c7b0,345,94,94,94,True
BigCodeBench,BigCodeBench/997,python_minifier,0ea36051d95bf8c5ee2168f740f0c2922fb7cb25c3469edd4dfca77e6438b9eb,362,95,95,95,True
BigCodeBench,BigCodeBench/998,python,b237fa7dea19cedf993d4f477132d4856bc2baf22ee6975082f2d4dd600131af,747,206,206,206,True
BigCodeBench,BigCodeBench/998,kern,ee493e016aa9a454e31ccb8a5205315095c0e38e463ecec43ec43da9396f073a,571,182,181,181,True
BigCodeBench,BigCodeBench/998,kern_compact,7c3e3757e75b04eb7a249dc8917c871158b52b117408aafa1d8a8651f1224ff8,503,167,167,167,True
BigCodeBench,BigCodeBench/998,python_minifier,51d94299747fb96e12d2ce84495c3063892b9e42b4e61bc1a2401f79b3ab744e,549,173,172,172,True
BigCodeBench,BigCodeBench/999,python,04742a8526947fe36a1870bb613a9b87b478f3eee75313853fe886e36d5527a4,600,130,131,131,True
BigCodeBench,BigCodeBench/999,kern,a2ffb7dcd3f45c4f9eb039739d96c1103146a0efc6e2dbc5f0c04037c1def3fb,469,115,115,115,True
BigCodeBench,BigCodeBench/999,kern_compact,066b340dfa6bf80c610065b8fc77ebc510b70d0211dd393e5982468698f88145,428,111,111,111,True
BigCodeBench,BigCodeBench/999,python_minifier,ea08f4e93a1240205b4a0ef7d0ca368317907f4790795f6fbba76d329e282559,402,114,114,114,True
BigCodeBench,BigCodeBench/1000,python,a077cd7d5933146336225f27d280762cae2af7d6471158f5f017c69a63a5a38c,327,79,80,80,True
BigCodeBench,BigCodeBench/1000,kern,685c1cb76dc9660ca79e026443b842e32151cc2791beae75d9d9716a58cfcd78,258,67,67,67,True
BigCodeBench,BigCodeBench/1000,kern_compact,dc6126c3639a54febdfcccb5beaae553ae7b9a28b2cfc7b849b2462ab0aa61db,240,63,63,63,True
BigCodeBench,BigCodeBench/1000,python_minifier,e4ef072b72733e5b6f134a18340a603a7b6f11a173788d635881c780cda3ca2f,256,65,65,65,True
BigCodeBench,BigCodeBench/1001,python,d3e25b90495440400e461e5e6f23d890e025f3ebc3d5a28be962a81f09ea92d4,729,214,216,216,True
BigCodeBench,BigCodeBench/1001,kern,cb00869991acb5163d12c336258b60558b93d559c0a0769d4432dea77c9c8474,499,148,151,151,True
BigCodeBench,BigCodeBench/1001,kern_compact,71ced09fd1586416ab83a7ed53c1378b94d29cf1f4d1dabc38435cf99d3a9b36,445,145,149,149,True
BigCodeBench,BigCodeBench/1001,python_minifier,71cd7897539bfb559d07c727008282fc59eda663b9a1e7c973f0b8ee5918a001,398,134,137,137,True
BigCodeBench,BigCodeBench/1002,python,fde9ca4b8dabe3c0c2aeed74368f4255962e70a8c08a5450de4d91936cf67bf0,536,124,127,127,True
BigCodeBench,BigCodeBench/1002,kern,43c0d3209402ee33d9c44149bc1379a0d1e423c9c3dc737fcf9f03e103812b1d,455,110,114,114,True
BigCodeBench,BigCodeBench/1002,kern_compact,91f6ff1e7befe643bd4de9838b4ff9f987edeb96970b9d0a49784939320057ce,441,108,113,113,True
BigCodeBench,BigCodeBench/1002,python_minifier,b3bcea7e283188af435a304eaa320feed2d30e3597bb646eafa87b147ae56192,393,106,111,111,True
BigCodeBench,BigCodeBench/1003,python,ef5a140856711f93a4ce58ab8ad4d682117faec6ed6ab3dbcb892da3c0d09997,680,145,150,150,True
BigCodeBench,BigCodeBench/1003,kern,830b3e4724a1f218398f6eb5acc0ae39de46f3d0dae81d9ff8e0bf7728fb2477,534,128,134,134,True
BigCodeBench,BigCodeBench/1003,kern_compact,bcef5fd217930f4acd05dd4923dff1f7ce4dfbf4c9b882ce06dccc79bb44bfb8,446,120,126,126,True
BigCodeBench,BigCodeBench/1003,python_minifier,4bcf5c820a3ac6da307b4642a22ffcfd513bac499c71506f1da2b6c92b68d881,482,119,124,124,True
BigCodeBench,BigCodeBench/1004,python,adc603daa863c7ca4c650b808e4e9b9a1f21d614bb3557a6cb2dced97c44457a,589,139,139,139,True
BigCodeBench,BigCodeBench/1004,kern,0406f216c1ac25d69720938c50db61dda42408e789e6d3b3c19beb7c9f0b44c0,467,122,123,123,True
BigCodeBench,BigCodeBench/1004,kern_compact,a05fa252a78124c3c62b916a7e9795d2120a0ddcf4490d7895ce1313e1471a70,369,110,112,112,True
BigCodeBench,BigCodeBench/1004,python_minifier,d1c7c585344c76d6f69a7ba65aafeb79f0b54c415e60d7a5c0a536caaf5679db,387,113,114,114,True
BigCodeBench,BigCodeBench/1005,python,7d5dc0e9275e57ce6c9b9fb94673d53b8b6afa6a564ea7e2dab8b4a18d37259d,886,200,201,201,True
BigCodeBench,BigCodeBench/1005,kern,7ac1d9c6a417d8662944a2228a534ab5b09121fdf5680454805343568d7a008c,479,124,126,126,True
BigCodeBench,BigCodeBench/1005,kern_compact,5c35a05999d1b15d2207940a7df9f77ba83b7c37eb6ca012975a8c7f318cc58b,455,120,120,120,True
BigCodeBench,BigCodeBench/1005,python_minifier,0e271c69e219e1e8182a517126781d3bdc3a34e4e69cd4075e6ae5b1a09cbd20,417,119,118,118,True
BigCodeBench,BigCodeBench/1006,python,dbcff7e9587d5ac3161123046e7e3375aeb347bceb30700d1aead133d39c6448,1153,252,255,255,True
BigCodeBench,BigCodeBench/1006,kern,f2d9bd120aa9af500174a324f9fbedd7f92a98841d4e4153fd40ccc9233ae04b,867,216,220,220,True
BigCodeBench,BigCodeBench/1006,kern_compact,f5982f21140b029ce41ac1a1baf04ce84b6810634fa284d58c9f2372590865be,736,198,203,203,True
BigCodeBench,BigCodeBench/1006,python_minifier,b10f2e6e3eaf701768d9db978bc98b9b9f5df5f2734d5aac24b87b9ed39f0f09,782,209,211,211,True
BigCodeBench,BigCodeBench/1007,python,7acc5317ce3da8c104601df7f6b3ec40796feb25d750e6936081f069a7d5d627,600,126,131,131,True
BigCodeBench,BigCodeBench/1007,kern,5ca610d4da98160628d38dae1d050a2fee47de1ce8a72c9c8886feb168445f73,363,82,87,87,True
BigCodeBench,BigCodeBench/1007,kern_compact,b9a33d6c3af743e6cae67966dd3aaf513ef259dae5044df90e8ed7c3fe5c7e35,327,81,86,86,True
BigCodeBench,BigCodeBench/1007,python_minifier,a6791559f1ca34fc5c61efc5ab9986a74a9de27e4b48c0c80503d9a451565513,332,79,83,83,True
BigCodeBench,BigCodeBench/1008,python,ab5248a939a4fe832166d949235a90988fbdc145f0c7be23caeea532885abff8,721,162,167,167,True
BigCodeBench,BigCodeBench/1008,kern,ab4df2ac496e02a20abf6b10b0e307b0a45159ea63be9000831d11f62f4bb477,461,115,121,121,True
BigCodeBench,BigCodeBench/1008,kern_compact,3cacb413e90aeb304b97fb76f296cf0bee056c069a39218084a1447ed5f791fd,415,111,117,117,True
BigCodeBench,BigCodeBench/1008,python_minifier,66890c7a3b96a49c6a03603e8af18f267dd00ef61dc257c3cf91a04ba4562142,464,117,122,122,True
BigCodeBench,BigCodeBench/1009,python,a159690094916105607af0a9ac1bb1607c47c2106cf37d26f782b8548fba8a34,530,130,131,131,True
BigCodeBench,BigCodeBench/1009,kern,32d71ed076119b369b79d4f9e0f9a479087808a58ebb01e380fc2a07f2afe6fb,422,117,118,118,True
BigCodeBench,BigCodeBench/1009,kern_compact,d1254a4bda47f8f80465ea51084b976ac106a48f438da12f6db4d481990d51b7,387,114,115,115,True
BigCodeBench,BigCodeBench/1009,python_minifier,25d5f76caf54766badf7160f4174cd4e3b219e2d6b2b8a7819e6abf8edb2bc62,404,116,117,117,True
BigCodeBench,BigCodeBench/1010,python,95ab8648bebaefd724c7fb83b767859b372164bb5a515fc44a7e6a4d512924c5,342,75,76,76,True
BigCodeBench,BigCodeBench/1010,kern,7e9c8e0f77910b843f2e8fe41284db2cfec02dea1d2e00889d813d267b90bad6,258,66,67,67,True
BigCodeBench,BigCodeBench/1010,kern_compact,48d0586984302e08771adc6d4118dae2b23c8131dcdb1e88c6af3a3b0d679932,233,65,66,66,True
BigCodeBench,BigCodeBench/1010,python_minifier,6514198a35b050f08059cbbd2b547483d65dd7b03faf7ef24ed92156488ef141,259,67,68,68,True
BigCodeBench,BigCodeBench/1011,python,37885e3c8a6cef5c0864dd16970a630d5b436884f18dcc5048428d711565777f,463,130,130,130,True
BigCodeBench,BigCodeBench/1011,kern,b65147bf9112a1cccda9edbd1c8a71219a8b36c10c9bd4f39eddba42d8cf8afc,401,118,119,119,True
BigCodeBench,BigCodeBench/1011,kern_compact,f8a12599ff0cbeffa14cac3d8f514a2a3b576f4c19030dfd377d43cef7a68802,356,110,112,112,True
BigCodeBench,BigCodeBench/1011,python_minifier,b83a311fe14f826330606590d08595e15e6756e0dd823aecf5377c26b53b44a8,345,111,114,114,True
BigCodeBench,BigCodeBench/1012,python,5e012e2cd7cbbab559918714505c2cd915bab71f9319bb825c877a033a4ab8de,1209,251,253,253,True
BigCodeBench,BigCodeBench/1012,kern,cf6494cda6b0b3b4e21eb58578475d6620764f11f97e78d283708bd3346d2be8,803,201,206,206,True
BigCodeBench,BigCodeBench/1012,kern_compact,abe7b6f47447e2323598f69e0ab5c0c9bfb0371f7a32600824282967018a3f90,689,192,196,196,True
BigCodeBench,BigCodeBench/1012,python_minifier,c816804693929c3a0050301dcdb8ae7bc76a915875c8c508ac5606e77aa74989,751,209,212,212,True
BigCodeBench,BigCodeBench/1013,python,c77fad091a70a521b925efbb0ef9f1dbfb288639e9ed74ffa790e77e7b07b857,683,170,173,173,True
BigCodeBench,BigCodeBench/1013,kern,eb68319c9c8961b30b907722068091f91b2848a2b0111ca502f833902dea9c2e,501,133,136,136,True
BigCodeBench,BigCodeBench/1013,kern_compact,11c747a03ffa9cf76e1401e556eb98f51dd81f68f2bc9325faa5806e4b58e76e,427,128,127,127,True
BigCodeBench,BigCodeBench/1013,python_minifier,37e051ced7660ee389d9da29eda569ff73da2edb48084331e4fdd5970c87b1b7,436,130,129,129,True
BigCodeBench,BigCodeBench/1014,python,015dc4746a981cdf56b98ea67564aee32e3e1ac0268356a604005e1430e8fcf1,523,120,124,124,True
BigCodeBench,BigCodeBench/1014,kern,98fd8479fca20f35237234dbb545d206432a42df49596f54e99184a2669c5ff3,285,70,72,72,True
BigCodeBench,BigCodeBench/1014,kern_compact,23b9faf6a6e6b3da1e7e58cea940ead9a12ad59a8028e63b05d8db58c90b2a2d,244,68,70,70,True
BigCodeBench,BigCodeBench/1014,python_minifier,87bad3fe2e368ae1a035132e462fafaabeb0c50d3616718e792abc45d36e1951,258,72,74,74,True
BigCodeBench,BigCodeBench/1015,python,f93e7403bb709849f43f2a61f079691191644c31d732c18cf31bd2231bf39039,1290,283,286,286,True
BigCodeBench,BigCodeBench/1015,kern,b5f0e73df81a408c01cb659a5d12f07ede69454005790eb7a9932611ceb38e80,879,230,233,233,True
BigCodeBench,BigCodeBench/1015,kern_compact,b8bf968d25cd0775a87dba776302b256e94a85ca94a8b056f14ebc8f4d118df0,783,225,228,228,True
BigCodeBench,BigCodeBench/1015,python_minifier,cb45bd466d74386e1439dd9eea675778d6c5c9f89533be56d1e8840b067be3b7,798,236,238,238,True
BigCodeBench,BigCodeBench/1016,python,f3d2b90155b9a7b14d4cfdad4711550f7cb8459653d6d8e9f468e6c0dc02cac7,1105,253,258,258,True
BigCodeBench,BigCodeBench/1016,kern,eb5df76de865e7c046ee6e1dbf1de7fbda8d565728b86157265cd2ad89ed3509,686,169,175,175,True
BigCodeBench,BigCodeBench/1016,kern_compact,36933a5bee094bd632ba7b93f69228ebaa7520ff7289b3a9970e8403ec8a2977,616,164,171,171,True
BigCodeBench,BigCodeBench/1016,python_minifier,290f0fb00f99c21d24a59756d88122c98218c02c7ee7348a03f3e409bb930f24,621,162,167,167,True
BigCodeBench,BigCodeBench/1017,python,8a54b3e59c34a7da2781dacdfaa5bda71be6a9538dfa3ba9a0a619f3d9fd4989,1491,374,380,380,True
BigCodeBench,BigCodeBench/1017,kern,b0caa868d88f161e33d58af0f5bccfa66dbf966281a7d66f09d3b47acbe6d8a0,1053,282,287,287,True
BigCodeBench,BigCodeBench/1017,kern_compact,8ff2282932a7c57c54ef2f1f343d7ba30a67470357fe1a2c78e510072215cccf,803,258,263,263,True
BigCodeBench,BigCodeBench/1017,python_minifier,a1cb37ff2192a1db063ccd2b424cfb9603c0caee5f9289b77d5a27d1a62165ef,835,265,275,275,True
BigCodeBench,BigCodeBench/1018,python,2ec5df383ae448ea9337ada0c0ace7280496f5832d57de2ce95805196887f529,653,143,145,145,True
BigCodeBench,BigCodeBench/1018,kern,fe00c4fbbb71899b35f86571bcaaf8cd125acb686278ba131a4bbff377867d34,449,118,122,122,True
BigCodeBench,BigCodeBench/1018,kern_compact,1266b2149d61c98e01803baeaa2dad3258e8de75e09f1d8110d98321cd3a4a49,358,109,110,110,True
BigCodeBench,BigCodeBench/1018,python_minifier,8f887b6a00848c49dfaa674b5a1d4e3e2ad70f087e22d666c905822cd639de2b,413,117,118,118,True
BigCodeBench,BigCodeBench/1019,python,9fff38f15e03a37033e3b046078b6bb5acc5fdda883c7830689b70890ea99f5c,1115,200,204,204,True
BigCodeBench,BigCodeBench/1019,kern,531ca77bf55f15fc9067699388a7a269951c9995887741b2f89e037270378777,689,159,164,164,True
BigCodeBench,BigCodeBench/1019,kern_compact,37e44bf99ac00a1f184549afabd2af847a7a371670f302b707ad0dec3e220545,602,152,157,157,True
BigCodeBench,BigCodeBench/1019,python_minifier,cb8bf84a801f1181bcecfca06eaa2743531e1d930a93f6d9ec4abf5ab8e24bb2,621,171,174,174,True
BigCodeBench,BigCodeBench/1020,python,19ca9b006db51c7942d23bc3add7405f912e6d93beb901ce1b0bf40ee5d36b99,854,169,170,170,True
BigCodeBench,BigCodeBench/1020,kern,e5617bc4e94fc7fe3ff2ef91fac56bec69a67e07fced4a51e5c28751b1049053,543,125,126,126,True
BigCodeBench,BigCodeBench/1020,kern_compact,debe27fd722ce318e5a4e1d38af1334621037d954d1f2ab4e0ce7ea2cad7ccd3,403,109,110,110,True
BigCodeBench,BigCodeBench/1020,python_minifier,3c3f367c45fcc5cf05a4898b65e57d035e9c3daee2b0bf285014c2bd6d996e4a,449,128,130,130,True
BigCodeBench,BigCodeBench/1021,python,0e4e0a7d54dabacb1fcd728af0a7894d59b2b21f8e9f23197b4b4c6e11b6716e,541,115,117,117,True
BigCodeBench,BigCodeBench/1021,kern,7da9a50e063c0b5396939d5281782b1888b571e3a39649825785dd76f45e6255,430,99,101,101,True
BigCodeBench,BigCodeBench/1021,kern_compact,24602791f68bbd201425ce0ef7ff770f227b1184c001ddd64fed6e58d8341f87,359,87,92,92,True
BigCodeBench,BigCodeBench/1021,python_minifier,2beef7f0e149045865656b185300a3db1cfd13b185a58dafa243d12f682b77e6,377,97,99,99,True
BigCodeBench,BigCodeBench/1022,python,7c82d241115bb01d725abad791ece7cb98f92c1b6f78d03fd1fe5729a05be6ba,736,169,174,174,True
BigCodeBench,BigCodeBench/1022,kern,150c361085e806807532f63bb00eb1be43aad27018ee767091eb350ea864c3e5,610,146,152,152,True
BigCodeBench,BigCodeBench/1022,kern_compact,57cb8fb4141e00846194f140323a9c808c74662192c9490cc15f5fb4cc3f431e,575,142,148,148,True
BigCodeBench,BigCodeBench/1022,python_minifier,b798cb1eb6d2d7196c6f01f47f4da808cfb2ce81e50c8700703785a6d9992008,546,142,147,147,True
BigCodeBench,BigCodeBench/1023,python,f69fe1955a45593498fcc797845d3b5745092d785e0ad295c1f8a1af5be361ca,1515,347,356,356,True
BigCodeBench,BigCodeBench/1023,kern,e3d984ef8b7005cdef0a38aaf45c647e56d770a749b5d0a77c744cc536c8cc84,910,221,232,232,True
BigCodeBench,BigCodeBench/1023,kern_compact,42fdc6be29b973e8166b4ca0e34fd58a55e23d233f621e7d23ae7712940522eb,714,192,204,204,True
BigCodeBench,BigCodeBench/1023,python_minifier,da458a6d0a754d5fc2aa8a8aed27509f1d2e608c53bc3467530c95ed2848cc29,685,189,199,199,True
BigCodeBench,BigCodeBench/1024,python,7d5dfd13f3ce693880d2d58928e8a86019fa953b5a4a26882e7209938aa53b19,525,145,146,146,True
BigCodeBench,BigCodeBench/1024,kern,927adc8a6760bd5483b406a80041585e9957e15f3ed3f6a9affb79ee67c5d7aa,414,115,118,118,True
BigCodeBench,BigCodeBench/1024,kern_compact,10e233a7b757637832c679606ddecad40c1fd3541a41a768f1b371ba92780727,334,105,106,106,True
BigCodeBench,BigCodeBench/1024,python_minifier,d8e92f2c964168a12ff0759babd8837902e5c17f1e3bf9c0ef38fee8e477f8d3,359,106,107,107,True
BigCodeBench,BigCodeBench/1025,python,f93244304dfbdb919bd88b1919264b8561377e51f1f8dc97f6a35847584063c0,519,123,126,126,True
BigCodeBench,BigCodeBench/1025,kern,30a49562dd4b2d9e88a32bf043efa0d226a80df43132447db05c4b4fe839afad,403,103,108,108,True
BigCodeBench,BigCodeBench/1025,kern_compact,430d80d910fb13e0dc1430ae4f338fc0a37f14a561b6021e37fb50fe3ae9aa6d,334,93,99,99,True
BigCodeBench,BigCodeBench/1025,python_minifier,83dc88dc27f47eab5c26dd0a6cc67ebafb1870bca5a58ae31c6c8bf33212270a,360,92,98,98,True
BigCodeBench,BigCodeBench/1026,python,0df111166ef5ee30adc10700158c97c31972880b0a902ec416dcedde9704d52e,1870,504,517,517,True
BigCodeBench,BigCodeBench/1026,kern,064e73c22f0925ccf50a30f50a53bf044ce682c7c6dffb944e0e119c3e9f4dab,1297,367,388,388,True
BigCodeBench,BigCodeBench/1026,kern_compact,3d129f35040591ebcad923fe0b4f0678ce0e434ffa6009bc57644d398363de5c,909,296,310,310,True
BigCodeBench,BigCodeBench/1026,python_minifier,7eb1815a2051c40739e1c4de5543304f3061a28e04a5360d50389dc60b71e70b,921,310,322,322,True
BigCodeBench,BigCodeBench/1027,python,f3fb63131a2b2e73fb6f4b6bf69bd87cda26da89fbcc57076fc8b62192011d84,333,80,82,82,True
BigCodeBench,BigCodeBench/1027,kern,279b0d5898352aff6a656ccfd3569a8243741e7bf584d2a477fdf3829c96e2e9,258,73,74,74,True
BigCodeBench,BigCodeBench/1027,kern_compact,af458f927725f383ee32014bcf9deae8bbcf7de8ffda278034a595c498f6ad14,220,69,69,69,True
BigCodeBench,BigCodeBench/1027,python_minifier,6c59c1bd930a8fe3872866fec929f442480a7ee1e32de7342b305c9b18f3d3e7,243,70,69,69,True
BigCodeBench,BigCodeBench/1028,python,22d03ed0269166d8a943a51674b39156ae601534b9833368a693e834d1c18245,1933,376,378,378,True
BigCodeBench,BigCodeBench/1028,kern,04b7e2f8364182220c1cc5a2a63ce7063afa7e7b826221b8e8ae5965abf370e1,1089,278,290,290,True
BigCodeBench,BigCodeBench/1028,kern_compact,48ceecb28249aedeb1b74d74d9f582245542fd4886c905f3fe3ce22dcb81376a,874,250,259,259,True
BigCodeBench,BigCodeBench/1028,python_minifier,93ebc12dc00d8ae4388f0e891ba8012507914f50db2ad1046963e793c6b5c9d2,900,264,270,270,True
BigCodeBench,BigCodeBench/1029,python,a6e3fca10348a38adadb84990f0e3dddf6d6bbd67b5504dd9663a5543c1a2ccc,371,89,90,90,True
BigCodeBench,BigCodeBench/1029,kern,92c58c3ca06fd5c96d87ed10621c7cd098c732af0613fe4fcace9f5cbc6bf258,247,61,63,63,True
BigCodeBench,BigCodeBench/1029,kern_compact,9c7fe653dc56b05c05a41eb961991e3f4d4a7f07511615df525683ee71110354,196,56,57,57,True
BigCodeBench,BigCodeBench/1029,python_minifier,d89b9b87cbe3175a2eeaf22d50cd47428c6f4b0ba9252e38e81522adcb1f18f0,216,62,64,64,True
BigCodeBench,BigCodeBench/1030,python,9340853d287bbcf704ed612461aaeaee59ceddc0fe5efdcde61e1f7e780417d9,270,66,69,69,True
BigCodeBench,BigCodeBench/1030,kern,2ff2ef3e1b84ce740c394a5c9cde469c1de6be0979751c5e6ed70f4836c4419c,219,56,59,59,True
BigCodeBench,BigCodeBench/1030,kern_compact,cb43e6c3c65e0b9522209c9daf6496be0724a168771b47980cc80bda125b20cb,174,46,49,49,True
BigCodeBench,BigCodeBench/1030,python_minifier,b28ff26a4f2b8f556daa28555a8b259bab901ef22e83b26a640a3e5991e32647,191,50,53,53,True
BigCodeBench,BigCodeBench/1031,python,2f37c51450f7544446e8205ff4b48549a8f30341565c27c9255d4a46b6bd8a91,692,173,178,178,True
BigCodeBench,BigCodeBench/1031,kern,c6d9112325a3b232d4ed6bfaefe8bb04c6ab8024e55468ce16fae31918922905,449,118,124,124,True
BigCodeBench,BigCodeBench/1031,kern_compact,b22e06a81abbf1e6970c5f942bac640fffc4c0a9ad32d13431a5dc0b5d7fee46,406,115,120,120,True
BigCodeBench,BigCodeBench/1031,python_minifier,d5c4205fc1e5354ce1570e1785162a035a960946344934bb0a706b916e859333,417,119,127,127,True
BigCodeBench,BigCodeBench/1032,python,1adbf12ff75a79ec646d1b8aded27a731d8ca4dcb109cb44d5f690a9f727f10e,855,206,216,216,True
BigCodeBench,BigCodeBench/1032,kern,40c295a3cfe6a46fbd9abe35fd9104bcfa6d29c97dbfa047817a84465f737aeb,476,131,140,140,True
BigCodeBench,BigCodeBench/1032,kern_compact,6de79d90141e1c6901fb69755fda4cfb9b0bb025fafbada6f1bc764e94b5e785,426,126,131,131,True
BigCodeBench,BigCodeBench/1032,python_minifier,4a2333ad545264de6d336ce45aad698055c819efeac3f547cf3cbf497e3cdb7c,455,129,136,136,True
BigCodeBench,BigCodeBench/1033,python,130a6cbfeae592855ef7a0f5f75f389ccbe9b0f1bd481ed27bd962d7318ff50e,487,118,121,121,True
BigCodeBench,BigCodeBench/1033,kern,214ed739980588d2b6dca86c32ceb7988aa749c3819498a5d306f26e1d13ea47,303,81,84,84,True
BigCodeBench,BigCodeBench/1033,kern_compact,1b439876edc6a8d73a76f831dce711afc9dd665fad685b0db9b8af35bd598e28,228,69,72,72,True
BigCodeBench,BigCodeBench/1033,python_minifier,5dca7fb9ad19cdfa7ce14ab4f4d9afb5a937699304d4155f289f08e345c43cec,241,69,72,72,True
BigCodeBench,BigCodeBench/1034,python,d4bb8c71967b60b265eb3bb2bc7eeb6b06e21ea88897a4d5adc1d79bbe568572,756,196,197,197,True
BigCodeBench,BigCodeBench/1034,kern,da870d1fe4fdf51b813c2a1fe3e3d3186be7814936dea9800b501a5baca0eb3e,456,128,131,131,True
BigCodeBench,BigCodeBench/1034,kern_compact,8e11cf864e4cd70155fa52ab009a63ab2477cf2c670f47cf1323f23680a79c69,342,113,116,116,True
BigCodeBench,BigCodeBench/1034,python_minifier,d0f34f1eba5a5615c5fbe91228ae60ec8f82ade518cf7bc2573da5316d174bba,357,114,115,115,True
BigCodeBench,BigCodeBench/1035,python,466fe4aa488debf7a0e490cdf7aedf37746c368958929acef7295cbfd77029d2,1309,327,330,330,True
BigCodeBench,BigCodeBench/1035,kern,51138d810a75ae4fd5e6242efa01d743b143549329dbee0ee4e28776676a0f02,848,225,228,228,True
BigCodeBench,BigCodeBench/1035,kern_compact,888cc35a1b338f459f824fd18df5eeb454b765902627b5dff1a142155d36f82a,757,207,211,211,True
BigCodeBench,BigCodeBench/1035,python_minifier,d26dee39bdc3acb6cb8aad7f6544914d5ff232c4e4a483e8a3568b7598fc94be,736,207,211,211,True
BigCodeBench,BigCodeBench/1036,python,b1c7de8c5bd1ee4a4e20afc70b517c37bc1ad1c1ad7f7a4787d1b02becacacfc,746,210,214,214,True
BigCodeBench,BigCodeBench/1036,kern,893dfbe39936bcd4581910e17c0244e93c78cae969c38b83538c3a0d80e41dfa,507,160,164,164,True
BigCodeBench,BigCodeBench/1036,kern_compact,a087c93565c20c3383aaf4f04a92e50f269ec37f73704bba066e14916bfbcbcb,443,153,156,156,True
BigCodeBench,BigCodeBench/1036,python_minifier,f0c9b549b83c7a5d43ae626e9b70cf6dea98c415d4aaf021a573d9737c59d3f6,455,154,158,158,True
BigCodeBench,BigCodeBench/1037,python,d672ef97fdab31ea73ea986264220e7c95cbf57eb4cf57272b8288ba627620ce,861,233,234,234,True
BigCodeBench,BigCodeBench/1037,kern,5c5e764cc7b8f07822d9ddf25abbd93618d6ef2a6009bef4a34d2bb0434f23dc,630,182,184,184,True
BigCodeBench,BigCodeBench/1037,kern_compact,4a65a8e1daaaee43b8b17d97456ec5fc7a27cc9e18471150e52469fea87e0b5f,583,178,180,180,True
BigCodeBench,BigCodeBench/1037,python_minifier,faa1ea3995559c94fd0e8b332b518537e22614ad1bd08d0da1364c2fbf54920b,618,179,183,183,True
BigCodeBench,BigCodeBench/1038,python,96e9a6173b2b8e89834fabaeba68b198e1bad95114a19ff1a2baf4e40828fa4b,312,73,73,73,True
BigCodeBench,BigCodeBench/1038,kern,b9ac9ccbddaab65045b90e9265f162b7892df634b0eabcd377893a865dd406c2,272,61,61,61,True
BigCodeBench,BigCodeBench/1038,kern_compact,4c6208a7507432de3ec85f4632c30c8380310a67120de3713f93b31faec5d78c,234,59,59,59,True
BigCodeBench,BigCodeBench/1038,python_minifier,4070f3519acdc6874d38e1f58a948b9f9463ce728797a7a48b34f42dc364d5ab,236,63,63,63,True
BigCodeBench,BigCodeBench/1039,python,65d3de187e26e3711750b49a04cdfb84e550f785f656948c29a8e481b75808ce,970,211,213,213,True
BigCodeBench,BigCodeBench/1039,kern,50b883c3e8ea4935a5396a12060c7c1fb00c3ab4444a449b591da11639d8e51d,718,186,187,187,True
BigCodeBench,BigCodeBench/1039,kern_compact,757072e18440d12794c7fb7546599bcc695f27a78f3a2f9699aae5d7f698f6ad,519,166,167,167,True
BigCodeBench,BigCodeBench/1039,python_minifier,979a4035422865a977c685770107045acedf8e776ac990d7269dcd8ba4c639d0,567,173,175,175,True
BigCodeBench,BigCodeBench/1040,python,ae7e44fde3271ce2fdbdff65753da85063e52ceddacf16c7144e824d2749c79f,1886,350,357,357,True
BigCodeBench,BigCodeBench/1040,kern,f184a80d09f8a67fc4b523d1f48f53017dfe26cd67236aabe66d570e955ee47e,1143,289,299,299,True
BigCodeBench,BigCodeBench/1040,kern_compact,6b9668f18915db50e18567d8249d0bbf21d94e797d25adb1a9ead3f6cb5a5f3d,854,267,269,269,True
BigCodeBench,BigCodeBench/1040,python_minifier,77c4a10f16523877d70a2b51a72ae4f402e88b21884005fc92fb460c0b661051,937,290,291,291,True
BigCodeBench,BigCodeBench/1041,python,b0bc975307d7b65b5d72e118e4dd2428e87c707213f8d026f17cf290cb8936bd,764,193,194,194,True
BigCodeBench,BigCodeBench/1041,kern,ce3f16b13f498b602b43c0196745099f7086e58d67008ba2e90f4b7fadfb8c0a,522,162,163,163,True
BigCodeBench,BigCodeBench/1041,kern_compact,6b5e119831878e066e4321e55044bdac82ae883f2da74653f800ac493faee316,423,150,152,152,True
BigCodeBench,BigCodeBench/1041,python_minifier,12dcf4f5d6a67490577f66bcfc0545b9abc2e09c650452f819a574eba69ec2cf,467,164,166,166,True
BigCodeBench,BigCodeBench/1042,python,21bc7c700b393eee98d7b1418063f58721c16bdc292e08ff7072cc25b1f81fa2,798,197,200,200,True
BigCodeBench,BigCodeBench/1042,kern,aad977446f494c278939db5e97d40a11a07d56d5a9fce163f482e4aa01387e6c,688,175,180,180,True
BigCodeBench,BigCodeBench/1042,kern_compact,8fe4c8fba18b022ef2f7e9e7dc473a04c1dc5b1c44abc2fdfd5a0415596d122e,611,174,179,179,True
BigCodeBench,BigCodeBench/1042,python_minifier,9a010ee7359208b4b12b694eaaf36da15f2306efb727fcb93bef21122e0d0842,609,178,183,183,True
BigCodeBench,BigCodeBench/1043,python,cc5dc3f7dd719d1bcc4dace08898099cc278ff8c92e908fe9e79daee3a70c0e8,1035,226,227,227,True
BigCodeBench,BigCodeBench/1043,kern,e4087bb72afeec31cacfcb67fd16c9f12bef131fb274aba0a86e7af4fda8615f,716,165,169,169,True
BigCodeBench,BigCodeBench/1043,kern_compact,4ecf8df9bf770eded6eff1e876175f19c6ec474b88d005e04bf829aeade512a3,497,143,147,147,True
BigCodeBench,BigCodeBench/1043,python_minifier,f577003974ccc5d57ca0aa512547f0e896ea33439ec8532df9b9ce3e83c716a0,516,147,151,151,True
BigCodeBench,BigCodeBench/1044,python,1208c4d720653ad5db54cce4fa8f7e3622ec47e54978bd2d7a45bd018c24413b,830,205,209,209,True
BigCodeBench,BigCodeBench/1044,kern,b028fab5bf3f7a4598721528682cd43c0e5d3bc6cbf426a675a0e2e3b28528dc,593,154,158,158,True
BigCodeBench,BigCodeBench/1044,kern_compact,61be986256fa93941829377fa7da948390c5865701fd4258cb0301e064ceaedb,532,145,149,149,True
BigCodeBench,BigCodeBench/1044,python_minifier,04085a4511cd33ed2fd3aa2616db864fdfc8a59f0f11d281d202eef34dc8519b,545,153,157,157,True
BigCodeBench,BigCodeBench/1045,python,20ec4d767c33eaf61cbc04181f7a0a9f7aa529ab09146619bd9f9cd21a1b68ee,815,229,229,229,True
BigCodeBench,BigCodeBench/1045,kern,f14ca054e9d4face092ead549459444424942e9acc851ba708bc9f6ffef12565,451,151,150,150,True
BigCodeBench,BigCodeBench/1045,kern_compact,50d02e775f52c96b2c49fa79df45a065c4f97d9e5f55fe0721e904658bdac781,344,137,136,136,True
BigCodeBench,BigCodeBench/1045,python_minifier,2663ac3f41a5d306a1f3c279890f6d5eab3e4802eea1ce1ae343d87fed760d50,365,141,140,140,True
BigCodeBench,BigCodeBench/1046,python,f7bac1b5327f12c82e85e98b694917eb44f36158665b69e00ef6f58f1df46fc2,456,116,118,118,True
BigCodeBench,BigCodeBench/1046,kern,3058e787bc080ef10407b6fda9d8bd194c727a9c70306ed4647c9fa88a96dca4,319,82,83,83,True
BigCodeBench,BigCodeBench/1046,kern_compact,1ff3cfc48b4bee03e5983d9da8f18044cfb09302b4df5d945498b91596174d1c,290,77,78,78,True
BigCodeBench,BigCodeBench/1046,python_minifier,5ed1db8cc7045f551f02e1f3db0951086853c939cf3f2d78540c3560076edfdd,313,81,82,82,True
BigCodeBench,BigCodeBench/1047,python,da24493cf5dd96ed579debc8145a4d6b7f2d96a67709d8ece7bd1007448c2954,323,80,80,80,True
BigCodeBench,BigCodeBench/1047,kern,6179b76ac55dc2bd4330e0cd3713dc52e9070e6be5488a21fd07812f36503454,268,67,69,69,True
BigCodeBench,BigCodeBench/1047,kern_compact,b473a99f4eceeb1b04029061027820b1eff8e0e4b3be68dbf9b04bd2cc911d3c,201,59,61,61,True
BigCodeBench,BigCodeBench/1047,python_minifier,35b16884d530a77fe4497790542a789408eecb6b7e7ecbd09e24797e4dd1c530,222,61,64,64,True
BigCodeBench,BigCodeBench/1048,python,c7c2fb6ac216c227f8b5ffc7e4417c179414ab1209d8506022462093abea2496,381,108,108,108,True
BigCodeBench,BigCodeBench/1048,kern,700feb333f2dd9c7e0127060c4f775515ce7a0909d548533c44d22b0b8e481a8,310,87,88,88,True
BigCodeBench,BigCodeBench/1048,kern_compact,f551bc2014e92f925e887eff22a28bcdcc15810e2461a0bedc460bab009a022f,272,85,87,87,True
BigCodeBench,BigCodeBench/1048,python_minifier,80949b4ed01ccc08407fbda74393026c26b734b354be3fbf99a26224077819dc,285,89,92,92,True
BigCodeBench,BigCodeBench/1049,python,0ec211bf9a0fc0e8a584fefa6642317954134c85953a167856e1cdccb2d42f65,490,119,122,122,True
BigCodeBench,BigCodeBench/1049,kern,821a20d627ccb3fe00a9758eacf585f3eeecb0af001426decef2b94276b332d3,282,74,77,77,True
BigCodeBench,BigCodeBench/1049,kern_compact,e8815ecec27b0cd06d945b488c6aae5d60a0c781a4411bc0862cc7a7505dd4cf,247,72,75,75,True
BigCodeBench,BigCodeBench/1049,python_minifier,30eb0cd9d06242c05320711ef1e314a6a5696ba396eea0387212742ee276723b,222,71,73,73,True
BigCodeBench,BigCodeBench/1050,python,56cdb2febdd215c99739c9a0dc0acdfb14bdacf1071778770a36ce9302199842,626,140,142,142,True
BigCodeBench,BigCodeBench/1050,kern,fe92a275cdd09d3ad335d6942ba60022496ae1a8eda845636a9b1a5c23a4df8e,433,108,110,110,True
BigCodeBench,BigCodeBench/1050,kern_compact,e1ba82582f625bba587d64c1e59de50cc45284a3612b1953065738f38f9f7a5d,320,99,102,102,True
BigCodeBench,BigCodeBench/1050,python_minifier,7b8837b33f79a26a59ab4835bccd56e7bdb1ea666478a9d16b44f0c4250dbc26,349,107,108,108,True
BigCodeBench,BigCodeBench/1051,python,0ca6b4728eb5ed80a9033fc22f94f3e5259e2a888bb3f758ac5db3aa4fc0791d,777,188,187,187,True
BigCodeBench,BigCodeBench/1051,kern,648237b3528861df14c01c42e75c04d39a8d49527fc92b4b8eff0e2791190123,605,149,151,151,True
BigCodeBench,BigCodeBench/1051,kern_compact,856aa4fb21c431c3dd00d93632269e122a24fc0ccf43849fc32c17ffaed33ebe,495,140,143,143,True
BigCodeBench,BigCodeBench/1051,python_minifier,1290a49685ff9b14953ad5650c5a0faed6302b19f070a62243bf0b3624249afe,459,135,137,137,True
BigCodeBench,BigCodeBench/1052,python,3951b81054d6a3d908891cbf8118ca5662314e4a8380eeca5453e1d44413a96a,1169,293,301,301,True
BigCodeBench,BigCodeBench/1052,kern,de28f7f7b5b0248375ba3251550c5c3abab14fa4d95a19c8f52204b9d51d38a7,826,223,235,235,True
BigCodeBench,BigCodeBench/1052,kern_compact,3830c6b29d37e1823bf01d72bbe4ce0121722f1a82537abf8581a4928e85b64f,693,204,212,212,True
BigCodeBench,BigCodeBench/1052,python_minifier,00216b357e0019fce1e71ae8923b3d272d680831fa88280273fa285a9096d80f,711,215,227,227,True
BigCodeBench,BigCodeBench/1053,python,1d287e8beb10977948551e096f51870e8a5c4b6edb7e925e40c43a216b9c38f8,1402,333,345,345,True
BigCodeBench,BigCodeBench/1053,kern,ec45282cd90e3474105b40ec419b11c37bb52f66e16121064015f42ba2e8214e,909,243,256,256,True
BigCodeBench,BigCodeBench/1053,kern_compact,64b259e6bdd586c0b167accae43cb6e0d8af509821d7f27a3fe81f10f8f542ee,775,225,236,236,True
BigCodeBench,BigCodeBench/1053,python_minifier,fc79f1ff8a8af3b9e39822205474d48db6ebcd4ae2555f828009de90982b3324,788,240,253,253,True
BigCodeBench,BigCodeBench/1054,python,d741e0ea67ca907d7aed196ca7aaff211a14620f05f7f14f67fdc4f22d200edc,949,244,246,246,True
BigCodeBench,BigCodeBench/1054,kern,b8f6f1b1a788e3154d25cff76d58ea53107159475946fc3bf488ce48f63b1f11,757,201,206,206,True
BigCodeBench,BigCodeBench/1054,kern_compact,d59c7040608f7b926fd8dd465dfa6d6176715dc4993baace2e1baa969985ddb9,642,188,194,194,True
BigCodeBench,BigCodeBench/1054,python_minifier,ce849f386d7836e53a89fa173ba7c9400107100b6d9b1a2207b695e093bbd237,661,190,196,196,True
BigCodeBench,BigCodeBench/1055,python,5977ebab180f472b90efa223f9e4c4d6315f36747c5a4ef9d08e3488ae335c94,458,112,113,113,True
BigCodeBench,BigCodeBench/1055,kern,53edd6a169226985fb12543985323a340c275f1b3d60bd17dd42bf2f9e00b927,349,93,94,94,True
BigCodeBench,BigCodeBench/1055,kern_compact,bb2fd437641f62cb6e8ce0cbee23b1058b8f995a11f53388c0f0fe6419b40e5a,254,82,83,83,True
BigCodeBench,BigCodeBench/1055,python_minifier,d7475b98f005fc5d3f226c33e7683a0b7c407670d4cf46eb25f0e13193d43529,273,95,96,96,True
BigCodeBench,BigCodeBench/1056,python,486dcac1d2c0bf7bb7088b92f7847cad169ccf942cb4ab664a3ca4d76d9387a6,727,192,193,193,True
BigCodeBench,BigCodeBench/1056,kern,c22ac4dba2f35850f488307a0555edbae1df647c34fada0216014211fef16f70,575,156,159,159,True
BigCodeBench,BigCodeBench/1056,kern_compact,174bc777ee31fd7055317cc1a1af5351014bea3c61d89da95dca9c5681b0f629,496,147,150,150,True
BigCodeBench,BigCodeBench/1056,python_minifier,1569c27fe22e98f8607df05e703c368c5b17337b787c855848a35290340d70df,508,151,154,154,True
BigCodeBench,BigCodeBench/1057,python,b2b01cc780ff71db1440a7e42fcb5656ee3bbf8b9e91ba5b019848d46029e1d7,836,212,210,210,True
BigCodeBench,BigCodeBench/1057,kern,a0a07241bcc5948457b1325ebef4414e7f934c32bf73f3d076d4f95e5b1482ab,448,132,131,131,True
BigCodeBench,BigCodeBench/1057,kern_compact,3866828a2f24df8ba4fbd9d69c8c93626cff7e315d8052fbd4257eaf7041da22,423,128,127,127,True
BigCodeBench,BigCodeBench/1057,python_minifier,3e65e35ee931211b3816f7cecece627714cc03efca5b31a86570235eed97c857,437,145,143,143,True
BigCodeBench,BigCodeBench/1058,python,d6ed6ed3044222cb4d6636ed17f99c83c18bb97bf294a0e5cc5739f8d18c4783,744,220,222,222,True
BigCodeBench,BigCodeBench/1058,kern,227401ecd92af05de2f259170faebba915e088e1e1263874ed74ff3604d5ff84,521,151,153,153,True
BigCodeBench,BigCodeBench/1058,kern_compact,448f5b9ebbf18af1a0bf183632e87b943ff13298b546f17699aa649f7b746452,483,147,148,148,True
BigCodeBench,BigCodeBench/1058,python_minifier,4a10c359632d28b0c6b70d7721543c081ee5c2e09414fa5a0f100560dbf2c738,483,150,151,151,True
BigCodeBench,BigCodeBench/1059,python,3b6dd341e67ccaff56db9899a1315a36b92c186b609de6c4a28c2b1c47e53189,878,234,235,235,True
BigCodeBench,BigCodeBench/1059,kern,80fd7707d3f0ec168d348d2f5f32985fe6f9005c1a2c6946d6b5de1b196129c1,455,130,130,130,True
BigCodeBench,BigCodeBench/1059,kern_compact,48681f4a73951239172127ed57cf49122f00dacc0dbf9795f6a1216669035815,400,123,123,123,True
BigCodeBench,BigCodeBench/1059,python_minifier,a45bafcb23acda355948e49f28f6bc5f54a873842a40616f857699010362b636,416,127,127,127,True
BigCodeBench,BigCodeBench/1060,python,7a876a57da88f2b259616d332fa6b0f85c26db7f08754d4ae35c722bd50bb447,1115,260,262,262,True
BigCodeBench,BigCodeBench/1060,kern,6415ae460a7b06845657abd878869c1b944e352f727afdde476e94eb73bd13e2,918,223,227,227,True
BigCodeBench,BigCodeBench/1060,kern_compact,24bf4e78cc54d454be6fd646f5ff60f1331483f04ae49a5c4f3f5e7020d9af1b,733,202,207,207,True
BigCodeBench,BigCodeBench/1060,python_minifier,89f26d054e826f6898d5a7aeff549059b8b5bdef68b5132bc8213c6c79b658fd,666,191,196,196,True
BigCodeBench,BigCodeBench/1061,python,2aae325668d320d6a3b091fcb537539b251d773f9a2b37ae770e03a4cde7371d,786,221,221,221,True
BigCodeBench,BigCodeBench/1061,kern,c66c30bdffd309c6fcc30f89129ae1911be28a130758a94cc92cb4849a42cba4,530,153,156,156,True
BigCodeBench,BigCodeBench/1061,kern_compact,dc80c0b0d483b4485f9cd088a71aae082a17e46d707019616e5b0169db8b01a8,420,134,137,137,True
BigCodeBench,BigCodeBench/1061,python_minifier,4481e4eadadb3378ec461a965ab4e719a0072a9a1a3516154c59c73bf5292e6b,402,125,128,128,True
BigCodeBench,BigCodeBench/1062,python,e279756cc8863f5aca4f03d1d4faf872addf4163034304201e976d70cfb47867,432,116,117,117,True
BigCodeBench,BigCodeBench/1062,kern,1308b62caebb70cb32cd8905b7202506ae1072df24c5e8b094094f374bb34991,318,95,97,97,True
BigCodeBench,BigCodeBench/1062,kern_compact,05dcaf5a1e988328433a90c3ded8814fc0cbac8474227d47c59e2777a752c778,296,91,93,93,True
BigCodeBench,BigCodeBench/1062,python_minifier,c24741bf6cd6e11e0ac98dba1ad2bf387e894998d18ab2bbc8bffda141e24c1d,304,89,91,91,True
BigCodeBench,BigCodeBench/1063,python,8740aa5f6f2cda943cebc330399ea4bef593b79d19dab255298a2e9f5fc34309,456,117,120,120,True
BigCodeBench,BigCodeBench/1063,kern,b53ca47a7413cd8afe29d3ae9c7e3231cb27b92b5c48e1bf2b1645ee961da659,342,99,100,100,True
BigCodeBench,BigCodeBench/1063,kern_compact,04856187b8ca03513184d76311147793cce83eba79f251434dc3b51f27bfb82f,316,92,93,93,True
BigCodeBench,BigCodeBench/1063,python_minifier,c02aa975d2e218c84786b196ae1585f586402ea5a4fc0a69f3ff7f321b234ea9,332,93,94,94,True
BigCodeBench,BigCodeBench/1064,python,68be7cbae7314c58c7bbf1341239d27158d95328584d78f46ed42683b7087a5b,412,116,123,123,True
BigCodeBench,BigCodeBench/1064,kern,f17129c4f9da31d0dfc66684a14bfbf43efe9f643515dfe214a07b09ecebb950,195,67,69,69,True
BigCodeBench,BigCodeBench/1064,kern_compact,470f38a4338235c3f38586d0c377265d885bacaf6b2ec62bddff17d0ed81bc50,184,66,66,66,True
BigCodeBench,BigCodeBench/1064,python_minifier,06b5e070af4a200a6cc17f9f6c7118f032107f593f462d1f4629638e6301cfc1,188,68,68,68,True
BigCodeBench,BigCodeBench/1065,python,2f258b3255fbd844131e6b77ea5b58b9a408eb25497776084d3378d7dd9614ba,295,72,73,73,True
BigCodeBench,BigCodeBench/1065,kern,af7fd6327bdec5cc9430aab8f5d873b7fafadb3c4aafe0c5f262812f7330a973,245,65,66,66,True
BigCodeBench,BigCodeBench/1065,kern_compact,29400a0958d171c4fbbad213237cfcbfae9b6b4a4bf94de38e50de7bde718bc0,197,56,57,57,True
BigCodeBench,BigCodeBench/1065,python_minifier,9e6b3c8edae5d7a92b2754d5729f4486d47364aa249ac5fe4f0e3e19aee7d43e,213,57,58,58,True
BigCodeBench,BigCodeBench/1066,python,dfeb618c217b2d3348e1b0981aa5aebdc9433e446e76d9d9edf212d3dc923d81,852,234,246,246,True
BigCodeBench,BigCodeBench/1066,kern,486624a8d2929503776bb0bdffedf6231f92f33f938a4ef0e662e44a5aa893ad,602,174,182,182,True
BigCodeBench,BigCodeBench/1066,kern_compact,0733306bc7595132aa2c2b11aee93e31f6d9732a51d60aa29ce7ebef5b630e1f,420,143,148,148,True
BigCodeBench,BigCodeBench/1066,python_minifier,6b65f793b85bd8a1e082431d3b9a832fb8738898bebe61e146e5b36437bf6035,420,146,153,153,True
BigCodeBench,BigCodeBench/1067,python,787156200d85b258225dc5acfc2773137858f4a594474a3c082d7f4c192c3507,781,163,164,164,True
BigCodeBench,BigCodeBench/1067,kern,943ed23ef40f868e0cd027bb7c6653c1448b9b855bcddbf40151ad4075b7b758,553,124,126,126,True
BigCodeBench,BigCodeBench/1067,kern_compact,633b4fdc3c59c1964c564973c902c28b17e4f1f58881bd9f919540522736f4c1,489,117,120,120,True
BigCodeBench,BigCodeBench/1067,python_minifier,9f3b77783e9ce72b214ea85ed887ea2e33f2f3490a375ecc4175caa1e6501312,490,120,122,122,True
BigCodeBench,BigCodeBench/1068,python,38d8c5dedc8a620b6075235b72ca3616311b6ced87ce5b0e270f3c26bcc2478d,539,122,122,122,True
BigCodeBench,BigCodeBench/1068,kern,aea85cc43d65e08209691af4c8f5ac72dfce739a0b6a4f0427bca3884e3a0af4,421,107,108,108,True
BigCodeBench,BigCodeBench/1068,kern_compact,dbbf844ffd98369c6d6a1f7b535bf48f0389060cd03319869a41e2796735a7b1,398,104,106,106,True
BigCodeBench,BigCodeBench/1068,python_minifier,18e4e60f829c7ced9fbde7fd1c8647739f6118b9134033a87dc2a7c44fc26d4a,414,110,110,110,True
BigCodeBench,BigCodeBench/1069,python,3eecd48fdb1c73d1d5a3ef16ff2a8240f87f88fd5faf97242f0f3ea4ad8e9407,574,125,126,126,True
BigCodeBench,BigCodeBench/1069,kern,601f8900f2a35f2a8c7af7c7d008fa4044f5c1af917e5356798d4b84f745df6c,373,89,91,91,True
BigCodeBench,BigCodeBench/1069,kern_compact,acc9f30c78359e30311cee485c3faef354e18d641ccf0062e98fb0778fdda4b7,287,82,84,84,True
BigCodeBench,BigCodeBench/1069,python_minifier,d84ae696cf4ea23643abaa39b6771f9db11cb923b4e462ddf890b1b89c5e974b,316,87,90,90,True
BigCodeBench,BigCodeBench/1070,python,3dbb5047b8956095f28cc8aeb636a3ff4d85c9ab3851dcc022f1f99d3fb87593,425,118,119,119,True
BigCodeBench,BigCodeBench/1070,kern,e81bceb4bda89d7e4dfa02b4b819b034a518f6c35ac153cb6051dbf7923ff36a,318,94,94,94,True
BigCodeBench,BigCodeBench/1070,kern_compact,4e10e6b8965cf8d1fd397da5f51c0c49a2a2b80e86df58ff6a1344d7c4277fba,249,83,84,84,True
BigCodeBench,BigCodeBench/1070,python_minifier,259cdc0a81cba4f87b4c3f55127b7b1fc93b4e4173d34508e6c8eb259f596c4c,275,89,89,89,True
BigCodeBench,BigCodeBench/1071,python,1f0b4d568ba7accaf0c974086b360ba36ea527b5eda7b64137735a353bae34f0,413,113,114,114,True
BigCodeBench,BigCodeBench/1071,kern,f0cd90b976356fbb7f81847ef933582e4036777a486860a5a7521b032e13501a,327,93,95,95,True
BigCodeBench,BigCodeBench/1071,kern_compact,39cf2e659d9ab1a5ab818f4866d19a30e6481445f5db8f4612c8bce9d8bdd507,271,84,86,86,True
BigCodeBench,BigCodeBench/1071,python_minifier,bd487869ae9b1512d1abee375480c72690faa198df2bff0481e4918c1aa6ca04,297,84,86,86,True
BigCodeBench,BigCodeBench/1072,python,f19f262fb7e9097b47269b048e67ca9ce57ae6868d61ef588361d746602796bc,304,73,74,74,True
BigCodeBench,BigCodeBench/1072,kern,8f068da0415ffbf2a006e011380d3534e228eda5fbb6657af0021c1f3f82e98f,231,58,59,59,True
BigCodeBench,BigCodeBench/1072,kern_compact,a94e0e6088b78f739f6a5671ad16efad36ff5775eb3cff5000e4380d276ff89c,164,51,51,51,True
BigCodeBench,BigCodeBench/1072,python_minifier,e6fcfc54220943f274bd030fb2e7b3b04d415b9af42cffe29426e4d3bbb847d7,181,52,52,52,True
BigCodeBench,BigCodeBench/1073,python,7961f5d93421543effe4f7545ddbcaf400ff076a33ab3bc1858fbaea8cdb5144,391,102,103,103,True
BigCodeBench,BigCodeBench/1073,kern,a39de920207d7583450fef223af1b3673c34f28c7714f966826449eae4c60a79,297,87,89,89,True
BigCodeBench,BigCodeBench/1073,kern_compact,72f62a29817581f15a92af6a43150dc63aff8e7dd697f59485aa96a3fb260729,267,84,87,87,True
BigCodeBench,BigCodeBench/1073,python_minifier,54701d99ed307a8492d3176ef780427f62f95a5ae9b78652c9d7ae0a9dda6603,296,85,88,88,True
BigCodeBench,BigCodeBench/1074,python,26518f8f2ca916360453c7b301d2bd831dbe4ff0553c66234758165354abf3ec,356,106,108,108,True
BigCodeBench,BigCodeBench/1074,kern,1018a8307e9b2b6dca4fd7ae6ed6829305d8fad10e59f6f49a09a905968bf54b,287,94,95,95,True
BigCodeBench,BigCodeBench/1074,kern_compact,17fa86c2c95f1dc86e63c0071f2399396161c573baea82e3371eff2c09f7e452,253,88,90,90,True
BigCodeBench,BigCodeBench/1074,python_minifier,c32bfe0b3f46cd2f56968b8a2c909638f3bb96c2f97a677e649683d3830eb390,269,89,90,90,True
BigCodeBench,BigCodeBench/1075,python,54cb9c7c0fa7761d1171ee97d046b40a2038706d5a8e44a9f5e46cc0341d1fe0,580,137,141,141,True
BigCodeBench,BigCodeBench/1075,kern,1960821050cb903861bee2777edcc40bc90d9942050d81657c68ed68e73f5d8c,419,105,109,109,True
BigCodeBench,BigCodeBench/1075,kern_compact,e59b36794649b6c4998101551c0b2fdad332469fce0ec42e0537d4e8764becc7,381,100,104,104,True
BigCodeBench,BigCodeBench/1075,python_minifier,bcdc3d25584e567d881d2e86dfd2d542dd7ef79dad7a738c2d77c87bc9110219,393,101,106,106,True
BigCodeBench,BigCodeBench/1076,python,288cfc4662c843534529bc7b931a3bb0da3bf4ec07317ab5f285fb101b65a0c5,694,169,172,172,True
BigCodeBench,BigCodeBench/1076,kern,64226de3e72caac8349e207d30a710bf2f6f4604bd8a3f94a73abd724c28873e,504,128,130,130,True
BigCodeBench,BigCodeBench/1076,kern_compact,6b064b231aee371cac9153fc09c4f4f25b14489e54bfc623d63fa694592991a9,422,116,118,118,True
BigCodeBench,BigCodeBench/1076,python_minifier,56358facf7220d20e74a89d67e8409616d24253db8be15eb11c26bdfd6efc57f,455,119,121,121,True
BigCodeBench,BigCodeBench/1077,python,d48afffc6b37ce5a30f4026e23457a73f6821fe2ef1fdfa373b8ba57b6a32531,539,150,152,152,True
BigCodeBench,BigCodeBench/1077,kern,31deb949a44bd2261d2a0a6e6272acfdc50b3957fb394ce254ede3b08b9b0475,409,120,123,123,True
BigCodeBench,BigCodeBench/1077,kern_compact,16404a4cc33170b6b6ea044d8d541fb8a383f27a2b02dd7129e29d7dec3f88cf,336,110,112,112,True
BigCodeBench,BigCodeBench/1077,python_minifier,88e3f401f49c644e4ff952b674f0901f2465fdd8da655199780f923ca9f6144e,338,113,115,115,True
BigCodeBench,BigCodeBench/1078,python,d101a64e7c767c9d3909367f5ce2542e5443a312b4d9129690c54a2cdec870ba,390,104,103,103,True
BigCodeBench,BigCodeBench/1078,kern,ffdded171c51e8dad7e75e35687a64177465612aca45d3e6c691b9b41b73de56,322,83,84,84,True
BigCodeBench,BigCodeBench/1078,kern_compact,c301af87d2e3bc59fdee099f8b1e449929b7f5009b598800f4dd68ed5533c04a,245,77,79,79,True
BigCodeBench,BigCodeBench/1078,python_minifier,03ec550f5310830798b2f490d7d15967c721bcc71f6b6ab863532fb6e283d838,258,78,80,80,True
BigCodeBench,BigCodeBench/1079,python,95484f6d2ae2ee23a17d87f582c38dc0fccc1531d635cf587a9e359d82de6ba7,812,202,209,209,True
BigCodeBench,BigCodeBench/1079,kern,dc03c7ec4a267e3272e444a89e7ebb864246a8dceab2f5dffe2aebca9e0c858f,531,142,150,150,True
BigCodeBench,BigCodeBench/1079,kern_compact,47c637f8669ae80654fce2aaf6884c915878f32f7e3751cc112646c443b0f51c,450,132,141,141,True
BigCodeBench,BigCodeBench/1079,python_minifier,0ce38407061a7e5914442446227e0a45f4ab603bc1acf597b442aed30e06a556,422,127,132,132,True
BigCodeBench,BigCodeBench/1080,python,c93b755c92d924d9ece09f923c7c01d55bbc7c526caa4ef63e55d10acf464826,796,205,215,215,True
BigCodeBench,BigCodeBench/1080,kern,2d12f57a6181157affaf88e7f2b51d0e65d9c63ae715717dbfcc908acddc4727,534,138,146,146,True
BigCodeBench,BigCodeBench/1080,kern_compact,2316758327e3ed2515d7c5582e98cb84624154c6a225cfc7599d570c54d64736,443,131,136,136,True
BigCodeBench,BigCodeBench/1080,python_minifier,a5bebb5e67096d6d58d150d6a2c53b137106df466388f2ccb9ef0007b1de2ebc,436,137,141,141,True
BigCodeBench,BigCodeBench/1081,python,73895f002b6873bbf51ad763cb188c4cabcafb7cf0d25747db76bd2f9a28a505,693,182,188,188,True
BigCodeBench,BigCodeBench/1081,kern,b073b341df6962137f4f8d52d16d7d47d0fedc2d3bb5bdabea930c180d9a4126,450,125,133,133,True
BigCodeBench,BigCodeBench/1081,kern_compact,11eab5bddfa0d958c249f868f682ce6b1ec2ff55535a8cff0a8ff39f744f5cd6,428,126,132,132,True
BigCodeBench,BigCodeBench/1081,python_minifier,3276f16038319ff4d832c513ca2731fafccaba2e0d2f9f0b749ef43ab982aecb,415,133,138,138,True
BigCodeBench,BigCodeBench/1082,python,8e1d2f99cb8b3ce8d6cda65b4320afffdcc4de80541d87950207882fd793b28e,433,117,120,120,True
BigCodeBench,BigCodeBench/1082,kern,0b193a9cd0e3b7eb92bd2387eab4aac03d379ba826196a6fd0e6d1624cdce8bb,287,82,86,86,True
BigCodeBench,BigCodeBench/1082,kern_compact,ad41eb362994693467245674a85606c43b93536569760db421808cee1800fd54,267,79,83,83,True
BigCodeBench,BigCodeBench/1082,python_minifier,34a27c040d8ec79dc43154aea7b7017e2b73fe16a354233a027ad11a3015dd96,279,84,86,86,True
BigCodeBench,BigCodeBench/1083,python,bd309b672519e9c6aefbadcc23d13e2d697471489696037b4bd727642b58f04b,1364,291,300,300,True
BigCodeBench,BigCodeBench/1083,kern,348f3db48c925d6cf672955341c9b697bb1a7e100f36d69cb8771e7a9d7c4ad3,853,190,201,201,True
BigCodeBench,BigCodeBench/1083,kern_compact,6cf0c95ec15109680db2c14e6a14b7acc0d9b7fa925e0b248a7a532e901c8d99,820,187,198,198,True
BigCodeBench,BigCodeBench/1083,python_minifier,9c752b044e3ac615217ef1c00de5b4ad6a3377f23ecf0a4f21e99edfde9bbbc7,751,190,200,200,True
BigCodeBench,BigCodeBench/1084,python,d30870121f1ba0b82a0308383a080186ea03f0227e1d7ef97b55a288b435bade,1011,244,245,245,True
BigCodeBench,BigCodeBench/1084,kern,2b8510c6ea4486ee101c571042ac9383f150c76436465bd187775a250ecdb988,599,163,165,165,True
BigCodeBench,BigCodeBench/1084,kern_compact,82ec325546365a8418426676c6f4d72f1e97e01a0d4538cac473eff880b9b13b,497,153,154,154,True
BigCodeBench,BigCodeBench/1084,python_minifier,daa5dcb76ce647b0aa94090ebf524720253aa7cf5bd04a47188358b1b92e795f,516,151,153,153,True
BigCodeBench,BigCodeBench/1085,python,384d8c119e631d0aa3116e57e2728e67a9801b26bf0640497d8e69fc75751fcf,543,131,132,132,True
BigCodeBench,BigCodeBench/1085,kern,733b94ed6676c419b5eb2aa941107468f56350eaa80ca0dccc24b1c94c1082f6,351,92,94,94,True
BigCodeBench,BigCodeBench/1085,kern_compact,3a8fe4b36d9fd05cf14bc9a8c8d3fc876ede5fe8c46aeba190aac4bbc21b85d3,233,73,75,75,True
BigCodeBench,BigCodeBench/1085,python_minifier,900fe56879126045c4e70bf5d46eae06b5f1c57739ac1ba5c4b5b1e0344edfe9,257,73,76,76,True
BigCodeBench,BigCodeBench/1086,python,3a92686725c910b3c7b0bcff98131be7b2da3d2c7bf8998bd63a8c40775178e8,427,110,116,116,True
BigCodeBench,BigCodeBench/1086,kern,e48ef601353f903c2f35b131f47dcafc38a16845de0979317c3388c3596c84b5,285,82,88,88,True
BigCodeBench,BigCodeBench/1086,kern_compact,3d7e53d3d3cf482c0b63fdd9f09017b86cbd5aa0a5ea97e704756c5c6db35de3,258,76,82,82,True
BigCodeBench,BigCodeBench/1086,python_minifier,81ff6d65f2f043cb9b1043b115f3077fb8110673c5523b90f667b919b991f476,279,81,87,87,True
BigCodeBench,BigCodeBench/1087,python,26eea2f39c74b5847d5cf4513092859449966c9397266ef4e301ce09309d2ca6,761,192,195,195,True
BigCodeBench,BigCodeBench/1087,kern,936667a74c30185e486df3551495f0ec0db0953750a16629a10e263591eba8ba,556,154,159,159,True
BigCodeBench,BigCodeBench/1087,kern_compact,8e750024f8b86c14f4e4377428f8d819df87fd420f5e366a94cc1c949a8db57f,421,131,137,137,True
BigCodeBench,BigCodeBench/1087,python_minifier,b6fb5c0bd8821734cc1fb06f53f0544a8032e397815154f17d34673cb409e2dd,438,134,139,139,True
BigCodeBench,BigCodeBench/1088,python,0a390d28e551013a89821d32fb93b4e0dfa61a8b2c6136c6ca84e514262c6d4b,392,94,96,96,True
BigCodeBench,BigCodeBench/1088,kern,e9d9fb945b5f05c3ffa91f963dcebe61d496718775d70545666ce9942dcc4e0f,292,75,77,77,True
BigCodeBench,BigCodeBench/1088,kern_compact,d45b6f04dc4597c342e25f65e1e12f5e912bc869ce6e4a78a5836fff57cf0b31,237,65,67,67,True
BigCodeBench,BigCodeBench/1088,python_minifier,b5d0b3a3882a9edad7f5d673836d03666241765db394c3cef704dfa5168fb043,266,73,75,75,True
BigCodeBench,BigCodeBench/1089,python,efa7684353d4350260ce2a5fa28193ecd90f2b6774f7ae0354306275b7def005,321,74,77,77,True
BigCodeBench,BigCodeBench/1089,kern,cd05f4248e5ce34c96087b989c68145e2b376dded938dff6404330d5794bb2f7,272,65,68,68,True
BigCodeBench,BigCodeBench/1089,kern_compact,7429c03d9517321731179cfceb2296556768c470e0c04548ea9da362d96f745a,172,56,59,59,True
BigCodeBench,BigCodeBench/1089,python_minifier,8fbd23e5674b63b2e7516c46eb2f049b8ec1823d31056c76d990d8ffb73bc528,177,60,62,62,True
BigCodeBench,BigCodeBench/1090,python,a17d3f5738255324fe68b5717153db196000d16b7df806ff3de7567c45487ebc,457,83,84,84,True
BigCodeBench,BigCodeBench/1090,kern,252eb3f607780766875c4bb7df068fc1546d8258942680ebac51b48959ab88e1,317,68,69,69,True
BigCodeBench,BigCodeBench/1090,kern_compact,69dcdbdb92375091c523d6fa2ea9a038c4a7ace5ab2431140cc71f6ff6dcfaa9,229,59,60,60,True
BigCodeBench,BigCodeBench/1090,python_minifier,beed9f358cff08ce19b71c573113eec3ffcd8066b192c453dd8439e0300c91ae,264,65,66,66,True
BigCodeBench,BigCodeBench/1091,python,bec1cb451c79442bbf856c9cb42d0e7c33b75b0c8471a59ef4f2b5797da6f06e,347,79,80,80,True
BigCodeBench,BigCodeBench/1091,kern,9a86e46920a2a131cdebf01f1ac588f35bbf1dbaff934d898a11bea562d71bb5,245,64,65,65,True
BigCodeBench,BigCodeBench/1091,kern_compact,45db65f9bfd353131b76fbeb00ebabc89cf9d9081450f8cb6146ca85ab966284,193,62,63,63,True
BigCodeBench,BigCodeBench/1091,python_minifier,c8eee470a85400ad53a86414d457eec9d594b2a3a1c09653d11e0099664ceebb,215,63,64,64,True
BigCodeBench,BigCodeBench/1092,python,ae2263c963e9c06357814f4bdd2b3dffc92efbe96f067bc3b3eaebec2a0f39af,486,94,96,96,True
BigCodeBench,BigCodeBench/1092,kern,f34fde94945d80ae91e82a4b814033b4cfe4992672bc6ad9ec3bdaa26b1c0d60,350,77,80,80,True
BigCodeBench,BigCodeBench/1092,kern_compact,76229421eaf64065c8dcd7a0c54d12f45bcd5236f9166c20e4c07606aec55c76,291,74,76,76,True
BigCodeBench,BigCodeBench/1092,python_minifier,70d20b7a6fb286f502a2b643ef6ae5886ac06b07374e36c4faa0d6a7b45c9d8b,329,76,78,78,True
BigCodeBench,BigCodeBench/1093,python,6b50a393328922babadbcca4ca1c97fafcce6076ac900bd8e3beea86efa5c8ec,383,102,102,102,True
BigCodeBench,BigCodeBench/1093,kern,84fe266f0606e6a5af8fe4441a7026bc974c75476e18d1dcd4988442ca5f204b,247,74,74,74,True
BigCodeBench,BigCodeBench/1093,kern_compact,aa5cabfb4b7f7f7e15a2a1dbdb08989e23b4a3e565562924bba1e360dd0c19bd,191,69,68,68,True
BigCodeBench,BigCodeBench/1093,python_minifier,9b8c2e651e18fcd164568d5892c2c3cefce4457b1bf1a9f3a92cf8807a9516b6,199,70,70,70,True
BigCodeBench,BigCodeBench/1094,python,a9f00c10e29a3ac61df99e2e2b115b4becb48ba3f09f08c58a1f74bde695f175,396,95,97,97,True
BigCodeBench,BigCodeBench/1094,kern,9ba23d8e0adee65fff52e4140a01d94ddc67c3c2dd8cde968b988404076d61f9,352,91,94,94,True
BigCodeBench,BigCodeBench/1094,kern_compact,cbd5382df836dc845504e7ad5ab2e6a06b6e2117271c41dfdb1f135681416ba2,234,78,79,79,True
BigCodeBench,BigCodeBench/1094,python_minifier,5740c22801f95b07f7dca68563ce24ef7179c8471ab3794a8cff472531d32c29,249,79,80,80,True
BigCodeBench,BigCodeBench/1095,python,ba6d95b113683a49c8971df1e4ec16034ee11887230a23682aa2cab6112d3891,571,123,126,126,True
BigCodeBench,BigCodeBench/1095,kern,e04907686de75c3cec7f227aaa2223d88c2ce8ef09e315e97d1219c2a376ff39,465,109,114,114,True
BigCodeBench,BigCodeBench/1095,kern_compact,b8491eb19618446f7e38f756d95505191509e245d9c1098035969e48642c7e50,348,94,98,98,True
BigCodeBench,BigCodeBench/1095,python_minifier,ef0f468f65671928e0094829a53c751f063a4a7dc8e1769b20b8d4c96b98566d,335,95,98,98,True
BigCodeBench,BigCodeBench/1096,python,31152f9ff6fd15ecd3782053c69db01b6251d9ccdff90c860ae88b5e28c8eeb2,658,142,147,147,True
BigCodeBench,BigCodeBench/1096,kern,f6d698e172fbf8feed87e124e52f64e495070f37749561530dd22ef888c4154a,526,126,134,134,True
BigCodeBench,BigCodeBench/1096,kern_compact,69cbc32ce5e49fb5b7b80847968d0d9c802434c758054a27f30de21c5080f36f,408,112,118,118,True
BigCodeBench,BigCodeBench/1096,python_minifier,50fe885df7bb66147a3ed528d414af79c2181858e6ef38836135c23e3f6f900a,404,117,121,121,True
BigCodeBench,BigCodeBench/1097,python,32fea9d3d9d82e0bbc28c17e6dd4f5b91b3940fed08e5dcc8852d107350a6eb5,1342,453,456,456,True
BigCodeBench,BigCodeBench/1097,kern,05baab94abae9bd582bacceedd324190d42c3306714b53a82967e5dfa9f4e538,998,295,297,297,True
BigCodeBench,BigCodeBench/1097,kern_compact,795491e4d4bde2fb61d564ccd5a965df52a4cc1c7e13d9f69f049875849b0113,937,285,285,285,True
BigCodeBench,BigCodeBench/1097,python_minifier,72ffa8c2010b9e0093dc9b9e1939a4eebd4b13b447b996c87a86a09d9b5cbf48,943,290,290,290,True
BigCodeBench,BigCodeBench/1098,python,5a91b72f8c58279408607f57b12a35826e8ff8f912edc71e85cee77b50a35ae4,347,92,92,92,True
BigCodeBench,BigCodeBench/1098,kern,1926083759950efebc7a1e179d8a6e92262a87c82247e8b2352736b4ad9e9fd9,187,56,58,58,True
BigCodeBench,BigCodeBench/1098,kern_compact,3bb8496ccfe0757d14e138ed4e3174d7d379c7819d1321d6ec0b8b5b212b26bd,163,52,54,54,True
BigCodeBench,BigCodeBench/1098,python_minifier,65535c6e1d7b2b9a92fff2f2e328ce53ea57ad5bfbcb9de9fadba48c6217d3dd,177,58,60,60,True
BigCodeBench,BigCodeBench/1099,python,842faecfa1aa85033378e9760578e78e9b3d9accea05a53f5a2aec5a8961be0b,1313,443,442,442,True
BigCodeBench,BigCodeBench/1099,kern,2a72e8d47963f6504d8921738464570498b676bff10d41e0ed6c59eb1c687472,946,283,282,282,True
BigCodeBench,BigCodeBench/1099,kern_compact,0cc8f9663a21cdfca16df8295794f2761fb3089fa6489e2a42a2a4ac88a6d66c,903,280,279,279,True
BigCodeBench,BigCodeBench/1099,python_minifier,9000bdd03f629385151ab08394e830d1672110e2ff54c574de7263cf65dcd941,924,286,285,285,True
BigCodeBench,BigCodeBench/1100,python,c481c2a20595b0209b27e7286f67ba55bb36768f3c3691727c9005aa7c509161,668,157,164,164,True
BigCodeBench,BigCodeBench/1100,kern,43d36de053797b40a27e9c570f084a1aea8e5036906801ddefa094bb39b4a46a,428,110,118,118,True
BigCodeBench,BigCodeBench/1100,kern_compact,b4c0f8fd3ae01fbe893717de9cfb804bfc679a28257ab6453278d84797438c28,313,94,100,100,True
BigCodeBench,BigCodeBench/1100,python_minifier,b55754794a708d2c85f9568696889c9a38470160a4ba2dd9971217ac27315965,334,100,106,106,True
BigCodeBench,BigCodeBench/1101,python,34469c364ca6d6f41a864cbebed44168b226fd592d49bcca2af1c3d20a70c58d,410,90,90,90,True
BigCodeBench,BigCodeBench/1101,kern,2bd583efd3c502af5714f7888bb9034957337b57ad9a9d35cf7f2308e4c710c9,322,78,78,78,True
BigCodeBench,BigCodeBench/1101,kern_compact,94ade4d5a06d71c3525debf5e9e2bded119437b013e14a644b6ea3aebb2d2185,194,60,60,60,True
BigCodeBench,BigCodeBench/1101,python_minifier,8dac447d9da913507025e68713be524dda828877d50ca4ac78635bd8043c9c04,211,63,63,63,True
BigCodeBench,BigCodeBench/1102,python,8dfc167074db63077743b7c0b91e222b4550b81e9e654a49ef73ea8e7d5556eb,586,131,131,131,True
BigCodeBench,BigCodeBench/1102,kern,790b17baba069cbfe329bdf18d7a746ddc6667fd4245797b9ad9dd33130fbfaf,432,104,104,104,True
BigCodeBench,BigCodeBench/1102,kern_compact,096f7b915ac874e6dd26cc5df66be2d920b6017b46a5d2ff82ba5bcf026c97b1,352,94,94,94,True
BigCodeBench,BigCodeBench/1102,python_minifier,fea3ad2e7b2aeb89e62a6b23e5458d4934f8672328bb6cb963da5e1b726fc2bb,360,96,96,96,True
BigCodeBench,BigCodeBench/1103,python,9cc08a1eae7d7a313cbfae8a1b254601b5d775c1ef92a620510f76fecdd72568,518,107,107,107,True
BigCodeBench,BigCodeBench/1103,kern,a5fdad09122bcb50f321a372e6f2443f995db167bd2b87592508b3ef3a06b252,377,87,87,87,True
BigCodeBench,BigCodeBench/1103,kern_compact,83b5f051c36b1bd6635db7b8e714bb242d64bc6b0d0cd08842038484ee9f7776,314,79,79,79,True
BigCodeBench,BigCodeBench/1103,python_minifier,524ff16fe6a79600a7f325256ff0e2ab61c0d423a8ab3ef3e40ff8ee7ece7a87,319,85,85,85,True
BigCodeBench,BigCodeBench/1104,python,134a9e6b6523a1dc152da112a6d9976b6be452b5e87a64d8b61648c3851636ab,467,101,102,102,True
BigCodeBench,BigCodeBench/1104,kern,0affe3fb5daa14d02305b14d04f1b7b73d8d136cb1ce320483e04a3348be83fb,351,86,86,86,True
BigCodeBench,BigCodeBench/1104,kern_compact,0ec4147249017e1d6b9f1d54f3fd0fefb8c8e70c8e8b70816634f55aefc678eb,309,81,81,81,True
BigCodeBench,BigCodeBench/1104,python_minifier,20ad0d9128c8d9ed67b0ea8ea5ac2acbffa37a42b08877cc58663ac21353345e,322,85,85,85,True
BigCodeBench,BigCodeBench/1105,python,86d7a420897bc76734a8d1c6ff3cf9e6a25f17f7db6d6c4c39cc4000c046d626,956,209,209,209,True
BigCodeBench,BigCodeBench/1105,kern,83f08271528c718fa3ac2d921c51bad7c6bb3b25d28952f31e6b76f17f999aeb,479,111,112,112,True
BigCodeBench,BigCodeBench/1105,kern_compact,de832787752c8d8af17d39605f4a9b7675a7e76dded05f2827561ad7f4f67c95,411,103,104,104,True
BigCodeBench,BigCodeBench/1105,python_minifier,78171fa0bfad4ebbbeb04baa78c93e5b15773fcc8a5abd23fb7627ae3f4119b5,415,99,100,100,True
BigCodeBench,BigCodeBench/1106,python,bbb30fdd431527bdcc52c098de0773c193596f0ff3caefebbc11a64dc18f8071,411,94,97,97,True
BigCodeBench,BigCodeBench/1106,kern,36068989011d030c8f05dbeee43ca7162c1fa13e92c230db0e3b88406c293439,327,79,82,82,True
BigCodeBench,BigCodeBench/1106,kern_compact,578507ca6ac98f88306b37348d0dc704f8474addde5cd2e96e6d4cf3210aa82a,288,74,77,77,True
BigCodeBench,BigCodeBench/1106,python_minifier,421b3d60d30a8026b338747a2d6b2ea5ddeb02dd828256dab7160ca81b29ef1e,303,78,81,81,True
BigCodeBench,BigCodeBench/1107,python,5acc5f7970c231ef8d59fb25295fa6e51238b95536c6721a202afc9dda203c11,618,133,136,136,True
BigCodeBench,BigCodeBench/1107,kern,b031d23fd9918a45e1a7a4c55afab4ebc8bb9964c9be272e2b242efc63aef288,343,79,82,82,True
BigCodeBench,BigCodeBench/1107,kern_compact,f2117c9b2da9cdcce2955c195132e1c07badc93492cb3ba5257b9bfc2e77e3e6,250,69,70,70,True
BigCodeBench,BigCodeBench/1107,python_minifier,2ebf7302193e0828992f22cba03e4354ebc98d697a0825e6a21ad7745b74d7ee,270,72,73,73,True
BigCodeBench,BigCodeBench/1108,python,c9e55029c9d74d0ab4e9dd1237f636d50ce017aa972c843f5778121836251f98,708,239,240,240,True
BigCodeBench,BigCodeBench/1108,kern,2ba38937ffca153697285dc89b553db890d3cc42d9ebefd2868962fcd2a4100e,455,184,186,186,True
BigCodeBench,BigCodeBench/1108,kern_compact,357bf60ea1f658b832174f6a9b33850c3e27e9c2b794b8d6ea21695033557ed6,366,173,175,175,True
BigCodeBench,BigCodeBench/1108,python_minifier,a511845e605d9f0f678361875c9223bb9f6a7ee9ed951b8b2b2568068ef9bef3,396,176,178,178,True
BigCodeBench,BigCodeBench/1109,python,94024a123e9a38ed408a43a7940b3655c9a3e5671ec72e46faf052aa8aeb7897,332,73,78,78,True
BigCodeBench,BigCodeBench/1109,kern,72955fecfe3b7f463d588fbf5a33d456d5345263184507978d1167d8632d3275,258,64,69,69,True
BigCodeBench,BigCodeBench/1109,kern_compact,58fa5b15150fe42ec1edfd40c4c7e0499a6083450b5f230b617fa03321f8b3ac,231,64,69,69,True
BigCodeBench,BigCodeBench/1109,python_minifier,a1fea26469982377a55c9b44c4b4840dc25013e2b79be7a3a2e878e848507fe4,243,64,69,69,True
BigCodeBench,BigCodeBench/1110,python,1d27e14713338b9a3f15dde1d55b5bd55ea0f068ed7f7a68303c62e112b492f5,331,69,69,69,True
BigCodeBench,BigCodeBench/1110,kern,ce282f407539554a6469ec4dc948f298edec1f8d37e3f2d0c33ab844533e236a,265,57,57,57,True
BigCodeBench,BigCodeBench/1110,kern_compact,6545a301cd0d98aa0b22f572d8b1e4575284aa2981414bdcc5d7ecb4a5525797,223,52,52,52,True
BigCodeBench,BigCodeBench/1110,python_minifier,b66d4fd40e211255b0e1870e18212b1979fc9ff8969dde40ac3136d4cedc8962,246,55,55,55,True
BigCodeBench,BigCodeBench/1111,python,4d9d8ddd7d277e2d46c59899244e98e12cce286aee25134c082fc0ca344d2a2f,574,147,147,147,True
BigCodeBench,BigCodeBench/1111,kern,05165098809544bc4d4b704ebb545a2d5eebec2dc9597e8356799252747e685e,453,116,116,116,True
BigCodeBench,BigCodeBench/1111,kern_compact,df2bda12cf00c587b8d8e605751d7b9b34c3c5fde6fbc79633e1fae3f236bcc9,366,104,104,104,True
BigCodeBench,BigCodeBench/1111,python_minifier,806f4cbd8c8b73c65a9d319f654e5497ba51564960e8a1e359382c47b1aee034,390,109,109,109,True
BigCodeBench,BigCodeBench/1112,python,a2e8acdf723591f02faf32e0f954224dfc2a34e0c423f4147e69a31c62a51754,618,154,153,153,True
BigCodeBench,BigCodeBench/1112,kern,19aceab0abb4bcc7fbb6f1e71ff76d2f20ec007a9ba757e48bd9b9e3e03e79f1,437,121,122,122,True
BigCodeBench,BigCodeBench/1112,kern_compact,515a50e5e946563400b76e3ef6e59193314727dd473469ebb93fb81ea371045d,356,111,112,112,True
BigCodeBench,BigCodeBench/1112,python_minifier,27e8debc0a33642bbb1f5e1c2f93524e173ed4f09a6b88b0cb02eadb10fafc4d,377,134,135,135,True
BigCodeBench,BigCodeBench/1113,python,ec9d57b4c0786fc6aa2c2e0e74bb0122f80d6b2498ba682bdc73327fa05a3966,504,114,117,117,True
BigCodeBench,BigCodeBench/1113,kern,a3b66630d718a1b927f826576b84d8055e8d1981746d3309c4ca6a43324677ef,341,98,102,102,True
BigCodeBench,BigCodeBench/1113,kern_compact,54912766074b4519704ead4226bd1342f9bb18f7404f811cefcc68e7ab28f64a,303,94,98,98,True
BigCodeBench,BigCodeBench/1113,python_minifier,9b91f13ee334a9ca70958e684d4fef92b5d86d9d09b1b85d65bff95136a1cfd0,345,104,107,107,True
BigCodeBench,BigCodeBench/1114,python,681b2422126ec7a7c3efd8d1ed6706acffa844111d8db611a061bcb6886fe97e,386,85,85,85,True
BigCodeBench,BigCodeBench/1114,kern,ce252624dad8d3f6079175624030f7b6f101bfe9d1740b6d52bb9f217033cf8e,306,73,75,75,True
BigCodeBench,BigCodeBench/1114,kern_compact,aebbdd82daed9fd4cee372cf08aa1abf9beff06e5efae841c392d64f153a6a6b,211,60,60,60,True
BigCodeBench,BigCodeBench/1114,python_minifier,5fd437827afa933cfb5ebc4f6e0165bc75dd54647a42a8bcfc834767e5fb7692,241,67,69,69,True
BigCodeBench,BigCodeBench/1115,python,84e6932f1044026d2f53f04066e4c721c2ed8dc2d0bf02f6af9a2850c99cff1a,349,78,78,78,True
BigCodeBench,BigCodeBench/1115,kern,08b05c55fea2fec75323b2740121f35f0bdafc08417b113bcdeec0a55bccc4e3,276,69,69,69,True
BigCodeBench,BigCodeBench/1115,kern_compact,df5fdff694130bce53f6979ef804731cf85538553c5e565245324c68d15b66cd,181,59,59,59,True
BigCodeBench,BigCodeBench/1115,python_minifier,192b31814e02c3830fe23c20f5bd123dce73380f0f38bdc7f63d2e05d0945476,212,62,62,62,True
BigCodeBench,BigCodeBench/1116,python,aedd83beea0302c51ff61c0d87b06441ead06962199e10a0aa339134bdef24e7,607,149,150,150,True
BigCodeBench,BigCodeBench/1116,kern,258f6a7859c5ff03c9bf9f30f1d9ce4dfe35c6b75edb9acd14605522e80bf10b,406,114,116,116,True
BigCodeBench,BigCodeBench/1116,kern_compact,683a9294ba4a8daa3a21a755d074e1af3cc17af44fde4c18bdca09a969fdae31,272,89,91,91,True
BigCodeBench,BigCodeBench/1116,python_minifier,8ddaf2967a850d462a47d8a7006030bc9840e786f41fddd4d4ebf46393c48d65,304,92,93,93,True
BigCodeBench,BigCodeBench/1117,python,76236c01f5825aeff796863776837ad6447dfe4631fc7d3f15eb70140d8787d2,500,118,118,118,True
BigCodeBench,BigCodeBench/1117,kern,25ddb745f0a8b501b6e364780581e9e802121cebb0e7e4957cc7e659e69c5e02,381,96,96,96,True
BigCodeBench,BigCodeBench/1117,kern_compact,0d8e091f97b380d66b6516d601eedaf94ae9e7b0a44ff142e55ce36ba9e6c6ed,295,85,85,85,True
BigCodeBench,BigCodeBench/1117,python_minifier,155c12989230ab586ff596f3fc4b40e33038ef18d357bff6370a45cc65834eed,320,89,89,89,True
BigCodeBench,BigCodeBench/1118,python,81256144f3dc1146fa8cbdb19a820748ece0920f0d4ef124522392d10d9c3aec,494,122,123,123,True
BigCodeBench,BigCodeBench/1118,kern,6a09ba3a3f5af643ba7fb96861515f6e5eeb41a44554d3583a7b9256e0e25b01,407,104,105,105,True
BigCodeBench,BigCodeBench/1118,kern_compact,4e4cecd51006b1917c90d01480b4860ec642ab625f5633d284f1068674a47b1e,328,95,96,96,True
BigCodeBench,BigCodeBench/1118,python_minifier,d0512baf949a1ba64d591e2636007dea699bf9ddf3c6abfcdbf5d559f4eca663,325,97,98,98,True
BigCodeBench,BigCodeBench/1119,python,9826fb7219ac6d93f01cb34f7dec823d958c094e7c97bd22bf0322a58e251dfb,490,110,111,111,True
BigCodeBench,BigCodeBench/1119,kern,b6bea9630964119732126e2bda78362a29d5434decc31eb551f737c4e65ab3d3,402,98,100,100,True
BigCodeBench,BigCodeBench/1119,kern_compact,7b3ffda58366c21038aca481f3e062b8585151a51ea920f6e9deb09b9c256689,312,87,89,89,True
BigCodeBench,BigCodeBench/1119,python_minifier,50151ff7ffa39070d787e67931e2a05ec0f12bef0841699720e4439d95df7844,308,92,94,94,True
BigCodeBench,BigCodeBench/1120,python,48056b68fc41362cd7cac82bb468f13b6ae37fcc8933b033ef899fa3a7c6ba4f,400,101,101,101,True
BigCodeBench,BigCodeBench/1120,kern,3d2766ff0a5d1fa58b19efda6012ac0e1db9273a7e5b0bcc7dcd997ced48ed47,322,91,90,90,True
BigCodeBench,BigCodeBench/1120,kern_compact,3d8c5527114d275ccb2f1076a501e80cced069cb88a799f47cb1ae4d2e485dc7,250,82,80,80,True
BigCodeBench,BigCodeBench/1120,python_minifier,b9d47bd1d0f1472a897952662f388c8c3fe89ce2e324adcca1eaa6645f59e5e1,267,84,82,82,True
BigCodeBench,BigCodeBench/1121,python,48056b68fc41362cd7cac82bb468f13b6ae37fcc8933b033ef899fa3a7c6ba4f,400,101,101,101,True
BigCodeBench,BigCodeBench/1121,kern,3d2766ff0a5d1fa58b19efda6012ac0e1db9273a7e5b0bcc7dcd997ced48ed47,322,91,90,90,True
BigCodeBench,BigCodeBench/1121,kern_compact,3d8c5527114d275ccb2f1076a501e80cced069cb88a799f47cb1ae4d2e485dc7,250,82,80,80,True
BigCodeBench,BigCodeBench/1121,python_minifier,b9d47bd1d0f1472a897952662f388c8c3fe89ce2e324adcca1eaa6645f59e5e1,267,84,82,82,True
BigCodeBench,BigCodeBench/1122,python,115f2262b74b3153604d12d2be47910325afabfd04b12c0c772e0d3cb07169c1,432,101,102,102,True
BigCodeBench,BigCodeBench/1122,kern,ad6b0d795799d755c176aafc11164df0116d2db8aacf283572a89c8cfdf7c6da,287,80,80,80,True
BigCodeBench,BigCodeBench/1122,kern_compact,eaca0ae95ed0e4b101cee24bcadcb86f8d4dae57f105e8dedbc4447000d6dfaf,205,72,71,71,True
BigCodeBench,BigCodeBench/1122,python_minifier,b30e3864be7191a852654aba8e1ee058e3a910607f83486b3cb88fe11ffb4ae2,232,75,74,74,True
BigCodeBench,BigCodeBench/1123,python,ccb8cdbe8117f380a4f7469a8c4e3bb3dbfba4eb77c2d75fbc9fba1bb0d0be8d,649,144,147,147,True
BigCodeBench,BigCodeBench/1123,kern,dd0bcc24a6340a0281b892563b3fcf137f8801836007f1002f12244fffcd033b,442,119,121,121,True
BigCodeBench,BigCodeBench/1123,kern_compact,354eb2db89e6bdf350648f6c0d61375c8fb8ae1b6c068294ed7b50e230611987,329,105,103,103,True
BigCodeBench,BigCodeBench/1123,python_minifier,f26581818be65dc364709cf681de47e81a933f72ef3587e1d92978c10d754fd1,363,111,109,109,True
BigCodeBench,BigCodeBench/1124,python,7292edcae04146439ef1630f581c62e55693a29f99968b2ecfb6c708378607a4,867,201,205,205,True
BigCodeBench,BigCodeBench/1124,kern,5f9cf88f20088bcd5f22d358b1c9065e7f6022a1411c3888d950d5e970bfa579,581,149,154,154,True
BigCodeBench,BigCodeBench/1124,kern_compact,0009fef16eb2c8dd874f133d88dfeabfd55002f694edf0762c0008ccca14f2a2,493,139,143,143,True
BigCodeBench,BigCodeBench/1124,python_minifier,c7f885172c79a0224e82a1af40620c8386b7d30ce6ad3b14ffabbe84118b0145,543,141,145,145,True
BigCodeBench,BigCodeBench/1125,python,2c52c759fa4bd5e529bdc0ce365de047e54a0f69dbe0dd4be80633da2cd2d9ad,329,83,83,83,True
BigCodeBench,BigCodeBench/1125,kern,72a1ead24bdbc3a898f7f4f901f03050f4799e5bb04a3655fc60c3c1d67c0d78,266,70,70,70,True
BigCodeBench,BigCodeBench/1125,kern_compact,576f99888897fdc6b7ae99bf7fd81cf2745bd8313b1d8d29216b534600b8e504,229,66,66,66,True
BigCodeBench,BigCodeBench/1125,python_minifier,74c19843b7ba7becc8eed826ae10a946096cbfeaed07ae9593721c9d2c1597a2,242,68,68,68,True
BigCodeBench,BigCodeBench/1126,python,11e23baf0fe0769656158a25898d079542e53820f3b6dd91a47144c010e20749,196,50,51,51,True
BigCodeBench,BigCodeBench/1126,kern,dcd1a360849e0f8ed6927260351b53121e7908140e432b01a71e4de1873db9df,149,44,46,46,True
BigCodeBench,BigCodeBench/1126,kern_compact,2132ce6a9d1c63c16ff7e33bcea901b9598c8abc32806a51a02ce6140de476b2,114,37,39,39,True
BigCodeBench,BigCodeBench/1126,python_minifier,f965791db31e0cf57fc88ea3c56d4ba4873753519c0dc6d49ec968c958da8c35,131,41,43,43,True
BigCodeBench,BigCodeBench/1127,python,cc2b1a3c01843eb9a57034a4b7b20a28f5c0d64dc7488deaab0529e53450e9b8,521,106,107,107,True
BigCodeBench,BigCodeBench/1127,kern,eed09da00ed3417dcf2440b4aebdf34238ca0638d5152a7e08066c066d09f18b,362,88,90,90,True
BigCodeBench,BigCodeBench/1127,kern_compact,a3482c186a5f7336b12c111ec7e8055e7c9786acc4153ee4f99cd0e89c108ff0,252,76,78,78,True
BigCodeBench,BigCodeBench/1127,python_minifier,540500ee83e6adc0461bcaa0ddcd66047b383a3840f5e4d52dc02d6ab5bd8e37,278,85,87,87,True
BigCodeBench,BigCodeBench/1128,python,5d59aebef4d6952989c38e696e72e8683ea95c0832ad1d147f04b4ef6953be83,568,148,149,149,True
BigCodeBench,BigCodeBench/1128,kern,232b877dc1c1b71b6667bf1d94d716011b9129baf7c555822b3be6b96806c911,468,129,130,130,True
BigCodeBench,BigCodeBench/1128,kern_compact,64111bfed615eb90c0ee8de00633f32529976e38bf2af137719423c1b9634716,338,108,110,110,True
BigCodeBench,BigCodeBench/1128,python_minifier,e3315d00ad404f88884186da02c7aa20a45fe6e390c16301ac25288f0facca48,349,113,114,114,True
BigCodeBench,BigCodeBench/1129,python,2932801f2213c262254e1f8abc7c11853e0ad3f44ecbc60a00736d8d32bc90b3,624,145,149,149,True
BigCodeBench,BigCodeBench/1129,kern,9df9698b793a7044b0cc5f476b546f9facc2a162d33696fbc7da2681ca401143,413,103,108,108,True
BigCodeBench,BigCodeBench/1129,kern_compact,ba9a533b802a90bd5951619f9f34748d21c99cad9d302917c557d425538c992e,327,97,102,102,True
BigCodeBench,BigCodeBench/1129,python_minifier,10a210bc3cab61b334a852e70952c9afaf868ee283725a4349194905c1d3d023,332,102,106,106,True
BigCodeBench,BigCodeBench/1130,python,48e21f48b7a4ea8df96f6fe19c90a25364931a4dc399f56250c04a60d5b05ab0,655,152,153,153,True
BigCodeBench,BigCodeBench/1130,kern,1f9cf4557388ffb79c9b1893e326504bf9b8df2b1329d0dbb3dc1a838c0dccf2,423,118,120,120,True
BigCodeBench,BigCodeBench/1130,kern_compact,6a01541cb51aa5ba2b6b7b34a63dc45bf61ce19c76533cce18eef8c1d9019d1c,291,99,101,101,True
BigCodeBench,BigCodeBench/1130,python_minifier,6bedd6a95835a5dbb9e2e77e996960f50921db00791dea9cdd3be3ef109e0aa3,311,106,107,107,True
BigCodeBench,BigCodeBench/1131,python,a388fe131bed7464499fa0dc789fbd6fbc6046e84279458cc3c4c06187667642,626,148,148,148,True
BigCodeBench,BigCodeBench/1131,kern,a059babfe95f68e5643517e018f7f72ce8d8e9cde4d5ac89afb875bcf82b7637,506,129,130,130,True
BigCodeBench,BigCodeBench/1131,kern_compact,dcda176d92f6c0f7100cb130accb642c3663bf6f58f66800d0be76b756d9e72f,365,116,117,117,True
BigCodeBench,BigCodeBench/1131,python_minifier,3faafeb8d40b15732339b9e1e65bb4b3ef0b085f52654ba53e4e775bb3e2786c,370,118,120,120,True
BigCodeBench,BigCodeBench/1132,python,bdc9e123920c3a3a86f26548098798aca7c6da10bbcfeea44644f4e562279340,366,88,89,89,True
BigCodeBench,BigCodeBench/1132,kern,7b9fd2bbb9cd3f7381eb04247499caad370d420b9e1fabcd4b49d52e14fa09bd,292,79,81,81,True
BigCodeBench,BigCodeBench/1132,kern_compact,3296e0c8145ac55b39a9cf28346f1727a59c3eb3462cc829dac7e166439ea69c,222,68,70,70,True
BigCodeBench,BigCodeBench/1132,python_minifier,c106d32beb941a2893f66d735566b27b0ad0759a4718027109f396885fb8ab7e,233,72,74,74,True
BigCodeBench,BigCodeBench/1133,python,114419e53eaeaa3faf4a6f7b07894a4382de67619c1c96be9f6de430e6a94a00,473,104,105,105,True
BigCodeBench,BigCodeBench/1133,kern,af0c97242920f04aaaf8fd4ae0525e51d100115e78e6003ed02b098ebeebf782,331,80,81,81,True
BigCodeBench,BigCodeBench/1133,kern_compact,9cf7481152d77afa48345fdab8e34f498ff0df403cc001ff4ea77f6dc0e0f5e2,279,79,80,80,True
BigCodeBench,BigCodeBench/1133,python_minifier,a20e28094f61f6b54c731b4c2702a9361da1a8dd497536d7fe4dc8aeb025ab27,298,80,81,81,True
BigCodeBench,BigCodeBench/1134,python,4b58a67f78b2fc7b394794b7abfbe62d1985e0ba6a4b051bd9cb219ce03f7a83,808,176,179,179,True
BigCodeBench,BigCodeBench/1134,kern,ad6a1aa76bd5ba915a3271bb7601d46f134dc52b22b452daa3260768c5c5254c,626,151,154,154,True
BigCodeBench,BigCodeBench/1134,kern_compact,7e05485a19d0c0cdc5a5a75cce8a3ed8b94441321917a2c49b51f0482f1ff9d0,474,134,136,136,True
BigCodeBench,BigCodeBench/1134,python_minifier,959b1a479bc314240f0a239e55297c13ebbaaf4285183357b27d2c0cae17d809,474,141,146,146,True
BigCodeBench,BigCodeBench/1135,python,987524b1f7a9e0484f4d505634eefc8844eee91188c6773e868c41b20035fc9e,389,95,95,95,True
BigCodeBench,BigCodeBench/1135,kern,d6072bcd1dee89d7548532ef3055cf68a3b11649186dae498d641f1d40dd76a6,327,86,86,86,True
BigCodeBench,BigCodeBench/1135,kern_compact,85fa3cdb9e08b01e2f647338f041234f5fc180cce652a07d9ab56d2903f68438,260,78,78,78,True
BigCodeBench,BigCodeBench/1135,python_minifier,91c9337d522847124f58d74932e3b9298b8301b5afdb27e772026d807163a674,276,77,78,78,True
BigCodeBench,BigCodeBench/1136,python,037b36a863930f1e500f5bccd6768ec1b9ed18303ec7027e5ccde99ccdfbcfca,612,168,169,169,True
BigCodeBench,BigCodeBench/1136,kern,ef64c2f119918c77ab778f41b0f0c27c510fec33603d05f65fd05d3a3bb20dc7,474,147,149,149,True
BigCodeBench,BigCodeBench/1136,kern_compact,5a0b8f9d64576bdfba864453211649ef4228368dfc5b097593dd55fb8a492f36,406,139,140,140,True
BigCodeBench,BigCodeBench/1136,python_minifier,5a9a614c7aa280a4972b12834c761ab34eb44a00605657e2a852fba83af4d8d7,431,148,149,149,True
BigCodeBench,BigCodeBench/1137,python,a67b3b5fd3b8967c5d59d65d2ba4eddf94c0b97bfde70aa730114e5d2ea415c5,668,194,195,195,True
BigCodeBench,BigCodeBench/1137,kern,9b5a84feb5ae65365c4be6d1b16cfa0bd9ccb1ef755742c42f1137fd6acd2f26,502,165,168,168,True
BigCodeBench,BigCodeBench/1137,kern_compact,2238f08ad674b1f648f953e0d7a0ce717a7f05b4ec9b068e70fd07f3296001d6,387,150,151,151,True
BigCodeBench,BigCodeBench/1137,python_minifier,ff72272ed10e6432a18272f919503a66a25d5cda95a6c3524fb16b72aac2d48d,394,151,153,153,True
BigCodeBench,BigCodeBench/1138,python,f1225c92c9933283b53dd57574474a0147d3114096e6ccc55bff293eb2ad82c0,217,46,46,46,True
BigCodeBench,BigCodeBench/1138,kern,f51d33048dbdbc936fbbaba23f5d240d2ef7f1f71e846fded4d230a2a2c2fbee,171,38,39,39,True
BigCodeBench,BigCodeBench/1138,kern_compact,1b2b597c3ea0173a9ca5360aba51f7fd87aa2b762471a3ee93ba41fd3fdc1acc,112,30,31,31,True
BigCodeBench,BigCodeBench/1138,python_minifier,e965a226a6d9eb1491d48eb9030cd855940abea61d0af57131839ba85c1c172f,125,32,33,33,True
BigCodeBench,BigCodeBench/1139,python,63241d93c8fe6981e9355e3fae792a68f98e60dd23d5721d663cd8cdaa647276,522,132,133,133,True
BigCodeBench,BigCodeBench/1139,kern,ac4c27f222fed4b3b845e59d982e572a6e14a713ed00ae4d756eef0aa8478531,403,101,104,104,True
BigCodeBench,BigCodeBench/1139,kern_compact,82e6d18c4e87435cacfb2f1a458bdab28344bc09840e72b127aa374efb96e0f6,320,91,92,92,True
BigCodeBench,BigCodeBench/1139,python_minifier,84ce24e51ea607eb227be3da21ef269c4ba4a61510b9a4929920dff9b507f2e4,346,93,94,94,True
