dataset,task_id,python_sha256,python_cl100k,kern_cl100k,kern_native_16k,python_minifier_cl100k,kern_native_exact_roundtrip,toke_sha256,toke_cl100k,toke_native_16k
HumanEval+,HumanEval/0,5a34f1958758f07c984ae067df89ad58e338cddd331499c9f42f3738983e945d,66,47,36,43,True,,,
HumanEval+,HumanEval/1,a887eb370b5c82cf268ecd2aab4b36ead8ec7a6ffed4b9ceca245318d3ee8f4d,95,71,49,75,True,,,
HumanEval+,HumanEval/2,fcbde999e5b9e274b05390e6a1c398472a4821f63e75414295e506484740fe98,18,12,13,14,True,,,
HumanEval+,HumanEval/3,c527aad16e227c574618c0c9c030b3a720cd6d681834f592bab89e4f3e93d806,49,33,26,35,True,,,
HumanEval+,HumanEval/4,0aa1e2e70a7e6551d6017df25794e83903a87c0420d10b41bc7842c086ef4741,45,37,38,37,True,,,
HumanEval+,HumanEval/5,2b9537eb56ba7dced8a29a090417e24506dd6c6519b35ebf472ac7db8a11f0b5,61,48,42,47,True,,,
HumanEval+,HumanEval/6,17160ecac9bcf3088f806d433ef5519038c367db946eab6c451d11d128ae27ad,107,76,57,77,True,,,
HumanEval+,HumanEval/7,a467beadd4e6587a1059d022b903b04be8459d85a98c63d857cce0e89e7e60b8,36,32,27,26,True,,,
HumanEval+,HumanEval/8,b92b3e95effc332a23e4373fca8eb350e6a6b164543afe0c5de9584664a104ed,54,38,33,34,True,,,
HumanEval+,HumanEval/9,20852dc7e52a71949978beee14b20f301a51700f39d9be802eb18baf304002a7,38,31,29,31,True,,,
HumanEval+,HumanEval/10,95e918e51a1113bb15a7af5f5a6590f9d8e3282047583305324b582259eae593,70,56,47,61,True,,,
HumanEval+,HumanEval/11,87522c51ead4f985b4c1d6f707fe1f03d3028fe371beec81030a8dd0499f0831,40,33,28,31,True,,,
HumanEval+,HumanEval/12,d5e844db7b83b101becf37437fe0817d5234e4ce67d503206d40610363ab743c,57,44,32,43,True,,,
HumanEval+,HumanEval/13,9d22d80225d272ba89acc8f151a25e0d9d34732899db6ccd85d10d9fbe06e507,61,36,32,31,True,,,
HumanEval+,HumanEval/14,11cfea265f64d19ae9be2a1e3099d4783437d2298cf7f6ac7d0226af302ad029,36,27,23,29,True,,,
HumanEval+,HumanEval/15,9421dc58d0b254fcc2dad77dd77cce3ee443dedf0d322001b7fdfc53fa924595,25,17,13,17,True,,,
HumanEval+,HumanEval/16,bab57cc20f09f9983504b524748637b260d57b29b1c0a021040036f84e8837d7,20,13,14,13,True,,,
HumanEval+,HumanEval/17,74a1fec3905c6f24b9acbc8814bccb944f02df301f98d04b4d4d0daefbeeab89,87,62,60,73,True,,,
HumanEval+,HumanEval/18,6b526fb83048bb515f1b5b9501e103aaf7dc1d951e4770e1a11b931b38b3ed6e,55,34,24,38,True,,,
HumanEval+,HumanEval/19,bf1128f5b5c69b2d004e703e95b1b16049d3fec90a0c7404526708260b1991dc,106,79,77,77,True,,,
HumanEval+,HumanEval/20,9d70c4f3bf0571b15293a534b818e3f81a0dd5418a2c67066a8845c9b04f3924,91,59,51,62,True,,,
HumanEval+,HumanEval/21,e86108a69b9bd9909fe8a1647d23927775a217a850e1d771d1cf84ea32c8d1a1,58,47,37,43,True,,,
HumanEval+,HumanEval/22,c292983cdad0a7d0fb684c82faeac9f0374f692a718b40d7b16b5b3d5b7cc09b,35,30,27,25,True,,,
HumanEval+,HumanEval/23,10ee528fe05e32582ffef4a7a3a8aa16313c8d5a9154ea367085a01af931d308,15,8,8,8,True,,,
HumanEval+,HumanEval/24,a2c1073c675b4007ce0a028836b4209e88e249e53e4e35c1d07a974ad38a72a8,41,28,21,28,True,,,
HumanEval+,HumanEval/25,ae79ed8ab2c548e988e1d1fea9a9458004ca1580858792fdf662ab6c4568e19b,87,63,45,60,True,,,
HumanEval+,HumanEval/26,a5d2b42f649fb01dbee3c2f8dfe0b4d8a8ec65bf8d8223b1135af583480564dd,72,48,37,51,True,,,
HumanEval+,HumanEval/27,271d352336d1c83e05f0fc4a79d7c908753acfdfcdfc0d46f39bc8ecbf97c1f7,25,19,16,17,True,,,
HumanEval+,HumanEval/28,2ae0bf8bb5934caae4e4bae873ee272166f5e3569f56fd72ad4fd66e941457de,21,18,16,14,True,,,
HumanEval+,HumanEval/29,6eb45eda71db207d87d9afd944e23bcba05135025b846968dfa7006b6a2f897d,35,30,25,24,True,,,
HumanEval+,HumanEval/30,298b5f9320630e292e7b796b341c9bf8627d428cf892bd38f7019579da30a2db,22,16,14,15,True,,,
HumanEval+,HumanEval/31,da5796e17eb6e1a03b8a44ea7ab159c1d3e7edd386863e8b1a7ba71772b6cff4,73,44,28,51,True,,,
HumanEval+,HumanEval/32,f41a918b12b3aade15bb098bb48ac35607f77dad8a220cf810389cd40e62216f,149,101,81,107,True,,,
HumanEval+,HumanEval/33,beba8c8e582a48643f09b57732ea9e0bb178bbb4d9623785305d97edb2690c4f,64,50,33,50,True,,,
HumanEval+,HumanEval/34,3fb85fe919b58f5657167cbf53e32a8eb1eb4d0f07673d90e16301822e0d8b44,13,8,9,9,True,,,
HumanEval+,HumanEval/35,9d83c02aeddf0538af4b331fde725072567d7ed66810cb21591bd8f1f3f97508,13,8,9,9,True,,,
HumanEval+,HumanEval/36,fab618ea3ea6f3882c840c98382eee8ef855bc0bedfd8783f166081a8018c191,61,45,32,45,True,,,
HumanEval+,HumanEval/37,52a36278c83c5741b7c6a8ad5d9cb324b38d39b528348e75c0db112cae6546e3,64,50,32,50,True,,,
HumanEval+,HumanEval/38,16a0e8662326a14b5c2f442ceddfe2649ebc4d81152052099d820a2f57b71cf9,189,118,86,121,True,,,
HumanEval+,HumanEval/39,91882140a6e7b78383454bdfd230fa3358693436c1d6b85d2fe0b6fca2941ddc,249,154,100,185,True,,,
HumanEval+,HumanEval/40,9f1e103dfd8a1973271f4d46e6f3afbfddd57ff9d25ff96cbf76db02e1c11133,71,57,41,59,True,,,
HumanEval+,HumanEval/41,4037945dcb4b7cc381ed628c86f671bfa51d5dc18dbe78f2e630a4ca5a053425,17,9,12,10,True,,,
HumanEval+,HumanEval/42,9cd4901e15e1e74d5115cca7e12b79ff0bd5faa8ec7f34c8419c506dc0e1ceec,20,14,12,14,True,,,
HumanEval+,HumanEval/43,ec5648997099aec18bc5c8568f79bcdc8ddc6e6056adcbbd71fd419aa2244a0a,49,36,27,40,True,,,
HumanEval+,HumanEval/44,832e53422cc4420eef75fb6012b455ea51a60b06312e9042dec5046876f7a3a8,55,35,27,34,True,,,
HumanEval+,HumanEval/45,56393f89f8a7abc6f91fb9bf2bf2f89681f5453e1a489f3e80ff4b8831a8ad15,18,9,9,11,True,,,
HumanEval+,HumanEval/46,29991dc67f22a396dd40d773c2f91bde580c80700e6d2c41cd771c77b63b84c5,121,66,45,79,True,,,
HumanEval+,HumanEval/47,de79d7b11d2c2422bb821e2de685a1fd8079978c8848ef4406d2b1b88154d2f8,70,38,33,40,True,,,
HumanEval+,HumanEval/48,b72278d130d7341ffa4548630f7539438b03c334c80a55eb82c77f0110d8e766,17,12,11,13,True,,,
HumanEval+,HumanEval/49,a5ccd58210c076517aab4315f4ddbda7c67cf88b93fe7b969ab872322140fa96,71,40,34,42,True,,,
HumanEval+,HumanEval/50,4b201c368476ba3d1266febd5476280987fff5c8ab0a5879e012d1d7c5b706d5,83,66,54,66,True,,,
HumanEval+,HumanEval/51,ccd8751e46fb14c7cc45781176ff5059f1dc03b99281de454a09478d46e69896,29,27,24,27,True,,,
HumanEval+,HumanEval/52,1db5e8db3e74c3916380ca04c44aa76d45157ec02b217a566ac0f004467dcedf,23,15,17,15,True,,,
HumanEval+,HumanEval/53,4282cc31e24dd23b3112ba037b2abfd856bd599549566bf1e6f8236e6d31c16d,17,8,8,8,True,,,
HumanEval+,HumanEval/54,c7f5fe7cd8e72ff0e8b91ba920bcd5093336d3c48425e1a20190891726b4d2af,25,17,15,17,True,,,
HumanEval+,HumanEval/55,2cd199a3d1287197c260950c85ccafcbb388e7043e28434f4dbf38de55b7e1e7,70,41,29,45,True,,,
HumanEval+,HumanEval/56,af10bf4866343dcb08bdc6bf6da382e35459bcb4be2a2f2789075663c6ff8c79,63,42,32,49,True,,,
HumanEval+,HumanEval/57,1b049e03a8a42dfde82be3f358eead8f5a25a7c306f1c784fcfb9e84a72eef4f,67,46,34,52,True,,,
HumanEval+,HumanEval/58,3636bd33e1ffa4d922396d9f1da4adc50de38dbb5217b444346a2e35e1fd77f2,26,19,18,19,True,,,
HumanEval+,HumanEval/59,0bfc421869ce0f5f062a6d752a8d92e3897920369656a3416d13bd506eca4946,98,68,41,68,True,,,
HumanEval+,HumanEval/60,16c0edef05cbfaeecad4a84ae8b86db0bf890027f6baebcaa5bbee9aca88d30f,24,13,10,14,True,,,
HumanEval+,HumanEval/61,74b8c98e6f159398c135f37a6aebe3b75ff60eb374c3bf08f5d92af7e286950c,63,41,32,48,True,,,
HumanEval+,HumanEval/62,547759852c312ec9c9c74e08e1a8754aef5f11bd8ca7465c0d56bf9ac5e48935,27,19,15,19,True,,,
HumanEval+,HumanEval/63,fed2b60d2dbbd346c8cfb0ab5ce8ad0dd33e014d9d30085a16ad0485b5f2f47e,88,52,36,56,True,,,
HumanEval+,HumanEval/64,06d212d6b9e93c5da401fde3596e9a526c871a981de90791d94d2f619497c5bf,65,57,48,56,True,,,
HumanEval+,HumanEval/65,1ffe840f10000297495fdfc0c548f5cef2017423055ecb2bc09bbe437c78b361,65,49,36,54,True,,,
HumanEval+,HumanEval/66,dccd13b607f62f918c0a9aac377515f869671bf8a33d543d8e8d03f9b8334c14,23,18,12,21,True,,,
HumanEval+,HumanEval/67,8d4c49649d99dc31a241bf9efadecf1abf01dc049788d040e7295dd201540ae0,66,36,32,37,True,,,
HumanEval+,HumanEval/68,8fa9060a7d85ced84d4cb3e6e796831c804b8b0dd910b3da0c9801920391a998,68,48,32,52,True,,,
HumanEval+,HumanEval/69,93d9a94d506258f0b37a24ab22e3ed4662dc7f084891f569308261c9ea003934,73,47,26,53,True,,,
HumanEval+,HumanEval/70,d33d8edec90bd5e6e8453c1259ac7cff5eaad10e14bc30cf84b18e60b7e30666,81,54,36,53,True,,,
HumanEval+,HumanEval/71,4725f74bec2d1cd37e5c4080725a62d4dadb6dac915aebf314dcde56e527ccce,81,52,44,54,True,,,
HumanEval+,HumanEval/72,6d186108c4e53c4e6332e38daf7367c117c1681871b030d5fc31c9c168d2b958,24,18,18,20,True,,,
HumanEval+,HumanEval/73,5d147e1911afd8374a2e982abccc1b6ebfd5b0ab5fa907ede7d6549d4717c416,53,35,23,40,True,,,
HumanEval+,HumanEval/74,694c8d9fa0f240e96e3cbeb9f8b6eeff565cc69d705d2488a0dc24c36b0a2bf9,53,43,33,41,True,,,
HumanEval+,HumanEval/75,0dd2c455f61940556b802e37be502419065110e7e10e1189227c453a98ce850d,129,87,53,94,True,,,
HumanEval+,HumanEval/76,5134c989789ad45de48c1eede8833c9cc771a2d14bb677e8b2bf5bc8e397e5b4,94,58,43,67,True,,,
HumanEval+,HumanEval/77,0902349c05ee4c53a93b0dc91b49d03cc6045290f711aa4607119dd9ec2f5ac0,31,24,18,23,True,,,
HumanEval+,HumanEval/78,144d45354325500237791d734c5c6cc615a35b817824410f4c861e7f1e4402c7,24,19,19,20,True,,,
HumanEval+,HumanEval/79,9e15748b6cc13663a9158502e85edbb5868b30bab4d9e25b1d589cfbdcb593cc,23,16,19,18,True,,,
HumanEval+,HumanEval/80,e0960e6c4b4913e8cdb7a6ffc32a95fcea9ad124087921c4c4842b10849b5113,76,55,33,61,True,,,
HumanEval+,HumanEval/81,f4b4eed19f0938968ca7ec3ccb5558fa32e503607300a7d45b0b8e1b437df197,214,150,110,150,True,,,
HumanEval+,HumanEval/82,1c02ec5dab9b0d098d7314365eebfa312ca88289f39d609e00ac218b092ae7f5,54,37,28,39,True,,,
HumanEval+,HumanEval/83,a453b3e415753c327e16038c8bd951e6ea411c37a81cf757b472a6178c414153,33,21,16,24,True,,,
HumanEval+,HumanEval/84,a011fbb111415d9b4f591dd9073cb0782cd297414a42c927f08bea83c2f7ae1c,27,21,13,21,True,,,
HumanEval+,HumanEval/85,d7e6a1767c627b8d8a93ab92ad94eda10d81bca6a069219b1c9748e7b4090343,48,32,19,38,True,,,
HumanEval+,HumanEval/86,f93f2a273b299c24d36f5e051adb14bdf640c9763a78dd286ea34c13cc931184,36,32,23,31,True,,,
HumanEval+,HumanEval/87,61fb94f8b7fae0d9ef9b92a43a61487a603859580034bb826dedceba904f9344,58,42,25,44,True,,,
HumanEval+,HumanEval/88,857b596c18194639c483cc6d8029c89da46a9a7704d10fe48152492b78e38562,37,30,22,34,True,,,
HumanEval+,HumanEval/89,3c3714cbc3ed171d9dbca49d27a8ddda7879873780208c81a1e598f59f994e35,50,41,50,40,True,,,
HumanEval+,HumanEval/90,89d456933f733e020462f8a3344d3123eb72ea21aed631d2ce9c67d6af370c1f,46,29,19,33,True,,,
HumanEval+,HumanEval/91,002dd88a6f515dab8f0354f1de10955c76ff2197c2cc7965987a75a25d23872c,48,41,30,47,True,,,
HumanEval+,HumanEval/92,60430c09a79eb2f08aeab746b06b64b393ae305b9dc203803c9237fec492d934,53,39,33,40,True,,,
HumanEval+,HumanEval/93,c4e92662f8feff0e53372fe22f048c80a5e7e08b4a4943afaebee73fbbe5552c,122,86,75,99,True,,,
HumanEval+,HumanEval/94,888691706740c31fc8c6bdd6280d6a004ee952688c558a97325ecfd91a3508e6,87,63,46,66,True,,,
HumanEval+,HumanEval/95,b2bd4c822365b42d5e0c701c83415547914a6f6033449389bf73844452f4e76a,84,58,43,67,True,,,
HumanEval+,HumanEval/96,7fb090a2ddd5588786f52ac5d766b6bbfd68302bf008230c030e2f8344b93a00,72,48,29,52,True,,,
HumanEval+,HumanEval/97,493f8549e1898419dd6e6298f978740c9d1cacbf77a8dfd45cf3f0652e75a4a7,22,16,15,18,True,,,
HumanEval+,HumanEval/98,580cc782f967c1eea5482f2e24f6ec056a7c7a01a4cf6794cdbd2e9932a0b002,47,33,20,37,True,,,
HumanEval+,HumanEval/99,3f7edd628225551fe245b68ebd517aae303f04592a9ca29dbf081e19af297582,65,40,34,51,True,,,
HumanEval+,HumanEval/100,3d96560f1597504eaf811605c6c8ebc72fe200e654b36fcb3c209dbfdc997071,39,26,17,28,True,,,
HumanEval+,HumanEval/101,5c63af9c8e4c4db4334f4acb1bd868c66cd0310f411dcbfcd5f69415d408efe5,31,22,17,23,True,,,
HumanEval+,HumanEval/102,d949002ca9e13cab079029cbe66fb578236c5dd728e4627f5e738ede1f7df4a3,56,39,24,41,True,,,
HumanEval+,HumanEval/103,dcf6f0b58f4791defb8c9fe15a33620c854d4d3bbc1374a541407ee474f378b8,37,23,20,26,True,,,
HumanEval+,HumanEval/104,60940a1f0a0c1462e79579f3a5eac9a729eb081acc02536753907430a87abb8f,49,31,19,38,True,,,
HumanEval+,HumanEval/105,4e4dd42a4af321599f106860cccace860e35a0a4f8a09325395410943475d8af,162,107,82,118,True,,,
HumanEval+,HumanEval/106,06b64a22e969355af979a44635deefe535baec7ebf9548d0d5453200f775de33,113,79,42,80,True,,,
HumanEval+,HumanEval/107,a7c2498c02e80bcc54b6da96985489bd817155028328d64400024623f944f733,82,50,30,55,True,,,
HumanEval+,HumanEval/108,a7c10580006cf9e953211026b54e080c48986e7a54312a308ee85b3752c7d52f,95,64,51,70,True,,,
HumanEval+,HumanEval/109,a0a9676ae8d28d4c171d3b0282c79ca4957503dd2071794d826e217acb2c0921,58,39,28,47,True,,,
HumanEval+,HumanEval/110,15eaebd8bea394247682f6057b1b311d0d3400b05b3cd9d24ade393bc91a30bd,67,50,38,50,True,,,
HumanEval+,HumanEval/111,7810f98d75c29c670f48a46a79dc54fc938f48affd07b46e382e763f229c9da1,94,67,43,72,True,,,
HumanEval+,HumanEval/112,7405fddf1bfa0d54d2e7f0a26abe5cf69cf7910d9a99bc99255e4d9ab8eb5d82,33,28,21,28,True,,,
HumanEval+,HumanEval/113,3a5844f1e1f73c853d19e3461ab4d9966539ec63189812a2ac6836fd66606283,72,54,42,52,True,,,
HumanEval+,HumanEval/114,c07202df107eec9a52ebdb69982419cc732dfb9e0d4e456eb089ac6b5657a469,71,49,34,58,True,,,
HumanEval+,HumanEval/115,50d202a58da2d0508b399c12f34839ae70080af88b6190924741f11737d15647,38,27,22,30,True,,,
HumanEval+,HumanEval/116,67941683767d482d79171e53d849c4606bbf3da9874a3d5e5dc3266bee2e2124,97,69,62,70,True,,,
HumanEval+,HumanEval/117,0919d0fc536f9f0d5d566fb1cddedc94cd9bb9315de951db3933cbfeec405a8b,64,49,34,52,True,,,
HumanEval+,HumanEval/118,7a707e20b09d2b538850412208dce8fb46a6477e12c1cc2975b451ee66b70a53,87,62,48,67,True,,,
HumanEval+,HumanEval/119,5b2d9637e4da55de5a4582c8bb95dafffa44854009ce88db219ecd1ffb30ed1b,105,69,44,82,True,,,
HumanEval+,HumanEval/120,c03415bbcb202bfd1248cd44209ee860e55a22cbc1ef48b7d65c8409afd63581,19,13,13,15,True,,,
HumanEval+,HumanEval/121,6b8944b2c1c8dbe36dc2682f3ba0745f63c54a83ca54ae5a98b2e5b78279c2da,38,28,20,34,True,,,
HumanEval+,HumanEval/122,541c45a2c29da7999b3c5918b897ab8169a284da7cf96b5d86859c456599d44f,62,44,39,42,True,,,
HumanEval+,HumanEval/123,9a632aa58a68d9656893932f20f2dca895c9bf2e4ab218f09148ebed53983ea2,73,52,36,55,True,,,
HumanEval+,HumanEval/124,29c44092f3f65ae056d013545040a4c5047e8e1e48810c077e372961dddcbe84,161,123,100,132,True,,,
HumanEval+,HumanEval/125,c616b479ce89e3d365d8913dfc30b18a666e8328354e662fb9e71522076a907c,86,67,47,74,True,,,
HumanEval+,HumanEval/126,d1b33dfe9adec653d84fd87997672cca488e730a963f190cae3cf44c66645d3d,59,40,24,49,True,,,
HumanEval+,HumanEval/127,6c2a166425678761f18395e9c8ec5820fa8dee88ad23718c83df3b6ea74c1f53,113,88,65,89,True,,,
HumanEval+,HumanEval/128,707b264dd5c422061464848a1fba7d91d425767e5410e5aa9950ba5fa0652daf,68,43,32,52,True,,,
HumanEval+,HumanEval/129,d473754e8a4b6c8a01ad871431acd041a2f303fb167c1fc1faddd929cc607f7a,175,121,81,127,True,,,
HumanEval+,HumanEval/130,65e5016415253f53e9684b5a46d0c7e99ef2144353b1b8039c22a072878fb02a,107,73,37,75,True,,,
HumanEval+,HumanEval/131,77d8cea9c22f0a57139d31dd0a46368865d61994476def948eabc10019e1ed1e,59,37,24,40,True,,,
HumanEval+,HumanEval/132,b098f564ad8b5248c5bea098a89a687b514a990343999ae21c428f80052ff292,110,68,43,84,True,,,
HumanEval+,HumanEval/133,1e08b97b5329b5451329e6d244c894883bbcd4b803ead936827d14ecb3d767a8,28,23,15,23,True,,,
HumanEval+,HumanEval/134,3eb97e3178726b2cb66ac2f9731fbcb7bd7394325fabfb239fb1221085edeef5,54,40,31,46,True,,,
HumanEval+,HumanEval/135,73746f936348886317a874a0d2a1655b66a4a94565b60592fc427b5b2bf43dd2,49,34,22,40,True,,,
HumanEval+,HumanEval/136,9bd611c80f1d39f04b980a74dae11a4759cdb7361de4b795207ba2ff48f6db14,60,50,40,49,True,,,
HumanEval+,HumanEval/137,de9d65b86d654516b375454b6579aac10af6340d1481826e754dd1a14da34cb5,57,37,28,38,True,,,
HumanEval+,HumanEval/138,0f0c4a409b0a8f6762671e2c02dd4be0ac4820ca99017d6c3d364a16162d0707,24,16,16,18,True,,,
HumanEval+,HumanEval/139,f9f55003f1ddae8e0b9327f6c227691e80b2aa6510036ea1121d119df5864e6f,46,30,18,33,True,,,
HumanEval+,HumanEval/140,584cc56e41ad906ad46b4056d99dc7c314e03fdecb0a254bc74e488f10ec7c82,45,34,22,35,True,,,
HumanEval+,HumanEval/141,dbb998e7dad472b9d524a21fead8c6f0c8f070209523bdd8dcd31c23c73f2d1f,114,86,59,89,True,,,
HumanEval+,HumanEval/142,c8f56f64db682b188745d4704e7104ebeb4098f59983ac96a9f385b767ff8380,70,45,27,52,True,,,
HumanEval+,HumanEval/143,bc63c1d6f38aea7f582a5156341f830bab1c925ea20d4b71f9d91b8abf83f7e2,69,53,43,52,True,,,
HumanEval+,HumanEval/144,97c7777332befdc729e374fa7b4352f7c3ee57cd4a3622034ad3b0edacb97ddc,57,32,23,31,True,,,
HumanEval+,HumanEval/145,4b4bd3caf9ab4d2d99e9cf28444672a19443255bf3e5d78dd5c8cd66f1628730,92,54,40,63,True,,,
HumanEval+,HumanEval/146,204dd89e7d48fc2a7a16d0698d0a8816f615f9c121f940148f48898fa0ddea4d,68,49,33,52,True,,,
HumanEval+,HumanEval/147,1c61acc634e9be600131f65fb8a68c6d4a2b2a95f97ed260aba9210ae8539497,104,55,42,59,True,,,
HumanEval+,HumanEval/148,e4e957a36c9275f8bc9ed4cb205320e72871ee28fa5dadefd9f3b21dad182c48,115,81,76,84,True,,,
HumanEval+,HumanEval/149,2250edd2ed1efd48c201a79d31b3d593892e00674a22f2dd640c9cef9a3ffa26,83,63,50,65,True,,,
HumanEval+,HumanEval/150,cd50fb46e35becc4eec6c750bc44e7330311ca8f93e9ea36dc1190a1d7155bdf,63,43,30,45,True,,,
HumanEval+,HumanEval/151,d310a5d492c77541090ebcee2392c4d67665c002832ee4e2853ca89e4e44c7ec,52,38,23,42,True,,,
HumanEval+,HumanEval/152,73985aca527b160e9efcce3502dc87574ee169ab939d6121975b94fd055cb284,27,20,20,22,True,,,
HumanEval+,HumanEval/153,77e5f4038735099dc0b180aa65ddd9ea6f1f729fb688fa1d2f42b6961b73a585,102,71,48,81,True,,,
HumanEval+,HumanEval/154,88251b23b42ee2b2bab01000ea4554e78e1ccc23c2e057f2463ae67aba97dba0,60,44,26,50,True,,,
HumanEval+,HumanEval/155,3501a0a472afa67e2ba4e6e97a7f7432b72c66a55bbadb1b2de8256c9d0758d3,57,41,30,46,True,,,
HumanEval+,HumanEval/156,ce68a3a5688ff4b0067ca670db1290a648e4926fad8583fa6d5a921ef8efabf9,177,115,109,123,True,,,
HumanEval+,HumanEval/157,0bce6c821a01347b1dd173b1181a2d6f0a8cc59589bab78f88d5d79ed99a5c0a,59,39,29,41,True,,,
HumanEval+,HumanEval/158,67b73d4ef576ad870c7bcebdce4a8ccddf4615351f6093ab6ffe6db440c686b6,70,36,28,40,True,,,
HumanEval+,HumanEval/159,91ea2a014f93b5958f33545512e813912e64768c5fd461d2d14e99b8bfd2272c,40,28,32,37,True,,,
HumanEval+,HumanEval/160,cff5283c4eb0f4fa99fd6d73adaf0810535119b871ba92568af9f4647141a430,48,39,37,39,True,,,
HumanEval+,HumanEval/161,1b0866af3825a1d2589a6350c0a93fb04627cb3786699ad155336bd3956d8b6e,58,39,28,44,True,,,
HumanEval+,HumanEval/162,46da35eac4afc333f3bbd58ee3e8aba88d3192a345ef546c1b5277c5179c31f2,44,36,23,37,True,,,
HumanEval+,HumanEval/163,7f3c755ba801620c8ca4ddcc2c452ee3d08bb7776ecf62ac646ae3bd2663c313,52,35,25,36,True,,,
MBPP+,Mbpp/2,67898a7a95c894d2e2984e1090b96d69256841aab85455d68da66dbf618bd023,30,24,23,26,True,,,
MBPP+,Mbpp/3,ad5ce53de189a0f10c36880a137bee86e45caac2e0e38fb5c961bf00aa96b3e5,53,37,26,40,True,,,
MBPP+,Mbpp/4,b0448e5c6abf3580b88718fc29dbd1f54615f3bf81d13efdb962d8ebb682583c,40,25,28,26,True,,,
MBPP+,Mbpp/6,d4a63d938826edde4d9fd4b650ef2f10174668e4f4751e0787e442f9942595f0,57,41,47,41,True,,,
MBPP+,Mbpp/7,3a1e7a1e2d642870855734f5a85f85bbb571309d028ff1ed1bb4852c672968e6,28,22,19,24,True,,,
MBPP+,Mbpp/8,8fdc627c00ee7af2a38a7c5c670de1c005baf9c16a4417cf59e575fe79cb4f1d,16,13,12,14,True,,,
MBPP+,Mbpp/9,43d8a5a6ae8f3c624c9369fda66babf6822044a58a1687d03ba784faca77e9b9,57,39,27,42,True,,,
MBPP+,Mbpp/11,abc34b6c4975d4c5bd2350cd2c269dd5766f895885475e6e37a3821564157f19,41,29,24,31,True,,,
MBPP+,Mbpp/12,c5e74f0b1c4b1e11b7443b6199bf2e930cbbb74c3e3714bb2d7c4cdc22c0a990,19,9,10,14,True,,,
MBPP+,Mbpp/14,4f3e87cd2fd4ffc9378d2713e0f89b5af8328d71fda2457a81bdcd1f9996204d,25,12,14,14,True,,,
MBPP+,Mbpp/16,9bd5293cd9724fe610cc792d9b18a657566986073a7473e7e8c64ed59079a1b8,30,26,23,28,True,,,
MBPP+,Mbpp/17,f23d4bdba83dfbd7626bef07b2037c29cd059a974308d222ae6ad238118b5243,13,7,10,10,True,,,
MBPP+,Mbpp/18,3fcf1eda45f79aa4d46ee3060da6deebec7f9a280328d55c5d0d6e53859c5ad8,28,22,21,26,True,,,
MBPP+,Mbpp/19,7444b831b427c10e71fccce61f971a7c541c51613629afac4ffc051900884a6e,19,14,15,18,True,,,
MBPP+,Mbpp/20,f0b0fe2f76e5da2872ddde0a35744222cc7b1a87109dc025be16c22493d44dab,98,59,36,73,True,,,
MBPP+,Mbpp/56,861edc79778c159f036dba23a92d48ce31f0aff6335b0f573dc5f5d458807ff5,24,15,12,17,True,,,
MBPP+,Mbpp/57,d68de8a6eafb6d6ceef0b094f881a24431cb73f76dee096b80f1fb0a23d2c679,26,19,19,20,True,,,
MBPP+,Mbpp/58,e4045d9d628cfd79ab9291af5d8022a46e622544602cfc4f421f4816993504fe,22,13,10,14,True,,,
MBPP+,Mbpp/59,890fac5d612156f7969bd7d9a7474ab12e0a49de0dda6e459fd866a152d0b0f7,21,11,13,14,True,,,
MBPP+,Mbpp/61,7c7ee0568c51ed1ba2d18f1c4de432ffc9e9bd5e95e242ca6f99ed21dc8316e4,95,66,45,70,True,,,
MBPP+,Mbpp/62,7b430feaf008c4797f6acc3e6952a8fad1cc1fc6b062b395bd248ef98c801e34,24,18,17,18,True,,,
MBPP+,Mbpp/63,8a92239de5b158c9e8188b1e357d9bb9bcbc387ab16e915b8fb24358f1affa83,23,17,15,20,True,,,
MBPP+,Mbpp/64,2eed01dafa5ed4a65d25a700d50880a3b9f911bba39777652faf03d7a1ab94ac,53,19,17,22,True,,,
MBPP+,Mbpp/65,69dc13e69794ffa2a4c63a2eb67a4b7814453b7a63db3369cc31504d3738c8cb,51,37,28,41,True,,,
MBPP+,Mbpp/66,fdc2d685841779b60ebcc713731b4d420bd46c73015a77caba54274e685a6ef1,21,16,11,18,True,,,
MBPP+,Mbpp/67,7ebcb33d22cb9fa943f745dface92f21a3825f00aed086ec924caf051662d9dd,116,91,51,95,True,,,
MBPP+,Mbpp/68,0046cdb35cecbd4dd8e9ffc8bbcba1355d6f6951d15fe5d9ea2fd171fb99983b,47,38,29,42,True,,,
MBPP+,Mbpp/69,5d2fb30a839acd1ac7f396d3fa3cae9c5f04e1fa788e08860b11c0cc6e9a5a23,43,38,26,39,True,,,
MBPP+,Mbpp/70,7f84a51b5cc18c01e13046f74e34a2cba7ea90de7e0ef75ee9aef7152baf9c14,22,14,12,17,True,,,
MBPP+,Mbpp/71,b9b93960737dc6e7b1e3ed8c91679f9336d62d88764b8080086e8c3a46bdc045,113,75,58,87,True,,,
MBPP+,Mbpp/72,384805fbe66100798603e5ac29a4da82e5f1fbde74ed9610514637a0aab0384d,44,10,9,12,True,,,
MBPP+,Mbpp/74,a22fac2a45da0dae2debfccbb1f67a46fc171a4eccd27c9ebdb51b69aca1c1ce,78,56,40,64,True,,,
MBPP+,Mbpp/75,2b527263939cf7381c9a33ec7f7dc24b6ed4b298533f024ddb66750bacac1ab9,36,25,20,29,True,,,
MBPP+,Mbpp/77,8c691e73ed69d043d27f272815caa31ee7718334c2d00d53f248676a8acbe610,18,10,9,12,True,,,
MBPP+,Mbpp/79,9957cb8a81b31c28a4e0a2d8c9c3f724da02383a5782960081d535eced6c0c77,19,10,7,12,True,,,
MBPP+,Mbpp/80,21ff353f2706766860cbd7b747fa4c0dd48c9eabde30f20d1c4780625b3c5e2a,30,17,15,19,True,,,
MBPP+,Mbpp/82,ac6ee0b41c53f9e2eeafa05e3eb8734c7edad0b008d8a0e98d1fdbcc8095c78d,25,19,19,19,True,,,
MBPP+,Mbpp/84,287bbacf6d86194b7cb438abc4ac813054fb24f41698314d9ff2e8a0583e5fc5,87,62,37,65,True,,,
MBPP+,Mbpp/85,744feb6bc97e77be47cafbbe4400e7bb2a955bbc28e4e206b8fd6278943ece57,23,14,17,17,True,,,
MBPP+,Mbpp/86,ac979a2eff094e816619a6690bba52aad1da3000ab1cbbd3069e27d070affc1f,25,15,14,17,True,,,
MBPP+,Mbpp/87,7c281c05ad0e79c8e9ef1ba4fd28a8237e9cd4e913f9edffda10387a8d217d01,43,32,34,36,True,,,
MBPP+,Mbpp/88,b3da11c622f7c56e9b763e25fcd1fa31b438ab2db97c75415f4d5e347f4466d4,24,13,14,18,True,,,
MBPP+,Mbpp/89,56a6f6826dcc2900db64b121cfcdb68ac9f02bf8619a6cca17a52cdc3c8b8d10,14,7,7,9,True,,,
MBPP+,Mbpp/90,3ca8af129c3d88fb8ab51a2b27dbd06e46439a683f56b2f272555a738957050d,19,15,10,17,True,,,
MBPP+,Mbpp/91,f18807c6c6529dacf19127da546048776c86c949982183f92930d594992d9172,24,20,15,22,True,,,
MBPP+,Mbpp/92,1981ce32d7a47e09a9fbacfe883b367b053d9891aea95949037953896b5ecf3a,54,42,28,45,True,,,
MBPP+,Mbpp/93,4fe61498b679cb2059d67ecc1c8bad3f931e38073c539b4bb1ad6a6fce35a786,12,7,7,9,True,,,
MBPP+,Mbpp/94,958de83521febf54f89bae6f1370b4dd42abe7844b0350daeaa03b0a60aa5555,35,22,20,26,True,,,
MBPP+,Mbpp/95,729e7406a5ba2bb924a1ffe37f5c1d0007b54e288fbab0b78b3907dc05937207,24,14,13,18,True,,,
MBPP+,Mbpp/96,b8788a4425f02f09e137c4503adc11e69475b72e3682f57eeefd4b9e822d2c9f,30,23,16,24,True,,,
MBPP+,Mbpp/97,ea04cc857cc35a382cd96d1ca13500b2645ca0f7612797e17f41e42e2e0e87db,39,32,24,34,True,,,
MBPP+,Mbpp/98,0a3e20c57d34846554423417af31f78185e5b6b71c88398b758880cf47275ec6,31,24,24,28,True,,,
MBPP+,Mbpp/99,5f546a988411c7cc48cafeb4e4c57268e63556a085712db38e9471ded13a47eb,20,14,15,16,True,,,
MBPP+,Mbpp/100,bf348c640fbbef54d97623b98c00ffe866ddfc742f28b1c364953ec35dda8584,337,190,146,217,True,,,
MBPP+,Mbpp/101,0a87b3a00cd4b6dd21d770e80e98423e308b79b39afcc0637f7e63f5bbd12ab2,16,11,10,13,True,,,
MBPP+,Mbpp/102,2267aaf84f5300b5750a7d3f4bd8c543235479ac50541d0afb7b778b13a90af8,24,22,24,23,True,,,
MBPP+,Mbpp/103,a8ebde28e51998eb469ee2f762e1b4f7df039b577fbeed75d558018e8285182e,78,52,42,55,True,,,
MBPP+,Mbpp/104,2e0885fb23e2a48ef8e6409fe0906ae172e9b46f5c8c9664af386d419946ed96,20,16,15,18,True,,,
MBPP+,Mbpp/105,4cd019738f51aa215170577b5de879710042d58b66a69f796c3fabc9627a68bc,12,6,6,8,True,,,
MBPP+,Mbpp/106,1b8176c3a89c394703ad72d99e975d99254ac3d1bfbfe1f1810cdb7ec74f2a47,21,16,15,18,True,,,
MBPP+,Mbpp/108,cded30bc3cb74ebaf7af252a252ef7baa592da08f8b67501f314c2c907dca410,27,23,24,25,True,,,
MBPP+,Mbpp/109,9b33e258e3ae136902d1c3997729bad553d7e3afce5ebcc649a11412aa3fbeea,48,30,19,34,True,,,
MBPP+,Mbpp/111,a79f7cd3302bf11f0bf9d4cfaaa666e708f8f03455c176520f5f0c27dac3bbd5,22,18,19,20,True,,,
MBPP+,Mbpp/113,f60524fad58022e3582f8b71e83dff5fad6a53f246a59d7dc2459f8e89f0c025,47,34,26,41,True,,,
MBPP+,Mbpp/116,c2193c95b26d68f3d85a660b236be9240329953a2e4b08cc31013f99ac3dbb98,18,14,14,16,True,,,
MBPP+,Mbpp/118,a36046d809fef830953fcbf5f2130a09e798a666f92f874c6a5b28a691ab4b70,14,9,6,11,True,,,
MBPP+,Mbpp/119,ad48a06b121603c8fcb069d505bc1904b4a7093437f0faf5ec03ad1dac421e6f,39,23,15,26,True,,,
MBPP+,Mbpp/120,d897bfa7406aedc095b64afb22a76f5726ec2a28985e137ac2ab8cf0ab52a606,24,18,15,21,True,,,
MBPP+,Mbpp/123,bc92f474dc93f09c8d4256cca9697ad05fcccc394bf14f4498099d4532ff92c5,157,97,70,116,True,,,
MBPP+,Mbpp/124,a8905b9f2afca52c425d787a75c1f1de80cae5ecfc90fa79541ce72d2ed9a8be,23,14,17,19,True,,,
MBPP+,Mbpp/125,6e67277606012e798d24b55291eecaa3cd92b1a9feb19705303205ff65edc80e,73,38,22,48,True,,,
MBPP+,Mbpp/126,27e06a6840f336824d66c4baf2e6f7ef3a372dc04cbf79fbb813a14ae6cf86de,87,52,40,62,True,,,
MBPP+,Mbpp/127,68ede2d6ba3a17fd6538130d4e014b88aa7320512bd1698f14a06369930d2377,14,7,8,9,True,,,
MBPP+,Mbpp/128,85e36bbdce33a006ae19ddf2ba6d328a9128929c6961fa7d05eeebe4f8e34cb3,26,20,15,20,True,,,
MBPP+,Mbpp/129,c2c1d71f4d1f1a5e72d36beb39a75121afc2770b35bbc5f4cc6612401a58bf48,143,103,74,104,True,,,
MBPP+,Mbpp/130,c9c60b43bd6c1cdf21182074b7442135daab5924a5f2c942b0a301ab53ab8fb7,41,31,29,32,True,,,
MBPP+,Mbpp/131,16756204abeae966fb0c424cf633eedea77562db4583ef15b4262c11487c52f3,68,61,53,58,True,,,
MBPP+,Mbpp/132,7587b1517be86e59c5f312e56e14807e4ae11e3684ab7519c1c8bd9678dd4daf,16,14,10,14,True,,,
MBPP+,Mbpp/133,06ff5deb0e7464b6612630d91bc4cbf5b56709bd4918a7cd708d5f1c65b84bb5,23,18,16,20,True,,,
MBPP+,Mbpp/135,5804f9c8b4d68fc54f01f035afd9ff0c77692bc6649847ef320f00777aead860,20,12,12,14,True,,,
MBPP+,Mbpp/137,871061ab560c73449802a5691a425eb150de9e1f64db9efc4a6b10831cf3d86c,47,38,25,43,True,,,
MBPP+,Mbpp/138,3e89499735fe643ea2aad49755c6ea8ed8793ce65c3ca62a3058f95184ea1578,28,19,19,21,True,,,
MBPP+,Mbpp/139,176d71412520a3c783a85c02e79308dc85ffe4bf0f18b57cc763bf12553cc814,22,14,15,17,True,,,
MBPP+,Mbpp/140,93dfcda256f84b71688eaede21ece3ee1864a82d96707b1be1bbe6eabec77d4b,23,19,14,21,True,,,
MBPP+,Mbpp/141,851521b2f53c2c2e5903684553e929b21de76ab2c1480649ed860d146f4e8a2f,82,57,57,59,True,,,
MBPP+,Mbpp/142,ea24ca9b2cf7386659582c31f4dcb9248149c77eb3614fa6d64a3cc66b829f3c,35,29,28,32,True,,,
MBPP+,Mbpp/145,c1920098f38eb0e9b192a1cad62d8d2ba193497b2c059ec65231477bc0cd7c63,19,13,14,15,True,,,
MBPP+,Mbpp/160,b2594fd3db55559fa7bbd21094e80c84bdf02c4fb7692f6583a7d05e7bd41740,66,38,29,40,True,,,
MBPP+,Mbpp/161,323763c6d5bf508298a0de85af7000e0b85aeadda263705818640e1ac30b32f8,26,21,15,22,True,,,
MBPP+,Mbpp/162,2d602fa204422d9c16794baa9a2711be6dbd76fb68e78e413e586daf410fc076,39,27,18,29,True,,,
MBPP+,Mbpp/165,5d92838841111b1a26a607fcab77e7b52f195083731f59315849444c869726c6,32,25,21,28,True,,,
MBPP+,Mbpp/166,8c6781724f3e6a6bd16c538b8ff24f8141e977b7f176079132677ab72e6df3fd,54,38,29,41,True,,,
MBPP+,Mbpp/167,d0f9c848f1e339bcd436e65261b3382a2b4bc45c0c18f115fd28d2a9ba8c95c2,58,39,27,40,True,,,
MBPP+,Mbpp/168,5529d845d180c2373d25d852729d48aabf7e1c65884a53884a741e1dd59c149e,13,8,8,10,True,,,
MBPP+,Mbpp/170,9eab719719737ff58b7f7f08c62df14d75000ddae0d1d73b686a7dff72c4f43a,27,16,17,18,True,,,
MBPP+,Mbpp/171,bcb45ab9304d3560aad1c464c7efbc9da58bc41aedffdaed0ae286751c6b536f,15,9,11,11,True,,,
MBPP+,Mbpp/172,8c353687e2681a8fa4fadbff86b3d65dd1bffb42cc76b8255e47874bb2aafc7f,15,11,9,13,True,,,
MBPP+,Mbpp/222,439ea0b0a660dc8ae4891e6f9bcc0d2948441c4ff3e310a86b4e05cbb1229b40,25,20,17,24,True,,,
MBPP+,Mbpp/223,5ca8874e3759c993bf9cf95fe7f0aedd4303998d3da78d6576ad838f7cc7ed91,61,48,42,54,True,,,
MBPP+,Mbpp/224,111f3ccd6171fdd73d633d91a12a1ac289340d10f162639398d2a9089966e375,20,15,14,17,True,,,
MBPP+,Mbpp/226,94fe16712aed1f8cdf6bf68b41402750fe1ac5d48776b213686734239ffe331d,30,25,19,26,True,,,
MBPP+,Mbpp/227,62eb7949bc74213ed5eee0609c48d3caeb62529b394df6873798601c276359b8,19,12,11,14,True,,,
MBPP+,Mbpp/230,67acda69dd107e364a2569b3a3daed672b619505ba4ec5355e15c01c68c2dcad,18,13,14,15,True,,,
MBPP+,Mbpp/232,83a822fefada498e7465d1688a98c9e07ec099344326132efa53d6d0f052f8df,23,19,22,20,True,,,
MBPP+,Mbpp/233,73291f517cfd78c467c7d09ae31a833c40b18d9be02b10696ccb39f92fb5dd51,27,17,23,20,True,,,
MBPP+,Mbpp/234,1912782615799d0c3ea74be414dca36c662bee0d469180788ffa1158d6098b4a,13,7,8,9,True,,,
MBPP+,Mbpp/235,ca89166cac5049dcf9464f79709b44641129472f3cea8fd64f05de430df95dcd,36,23,21,25,True,,,
MBPP+,Mbpp/237,9d134e57a3864e06d8386849654f85c6edeea88ffee45a0a331edf04b446de35,29,25,23,27,True,,,
MBPP+,Mbpp/238,8af18315881d05b40b863c9016850965aaa6d66b6865a85a6ceb264a4aea27a1,33,19,16,21,True,,,
MBPP+,Mbpp/239,84289ea4b828a5ab9c8390eef82e47848e48827dfbb3358ea8397e8b03a9137c,142,107,68,113,True,,,
MBPP+,Mbpp/240,5f7126940ceb44eaf08ad971226218554000062c34f8d61971567d638db548c3,21,14,13,16,True,,,
MBPP+,Mbpp/242,821e04944d1497b9b87f55533ef0cc6db5c3d3a1e80086a9bf7de9e994d957ec,14,10,10,12,True,,,
MBPP+,Mbpp/244,a05ea4c1e038d593f6e5563e7a339936fb5d318f071b70f89b47f688edd20972,47,29,25,32,True,,,
MBPP+,Mbpp/245,5629f2c2b5d493ddc920ed6d3807277bb7ebcad50924d7a4a4973011bd4063f4,211,133,98,138,True,,,
MBPP+,Mbpp/247,6695b7d5cf1257c2652cf5cc18b666c44339cbe2d4756ee5298fa8e872aad05c,134,105,63,110,True,,,
MBPP+,Mbpp/250,374dfc0681970066f66067f7460932c8ccc8467a439adb77bd676ed5f14d7a4e,16,11,11,12,True,,,
MBPP+,Mbpp/251,6d0314a9e2348ad74b02ee8d2eba39bfd2c79bbba7bc7ab98cbfffc442ec8775,33,24,20,27,True,,,
MBPP+,Mbpp/252,4f793b5b47705b841b8a5e62f6315e939cc536b82f4080f62ac1f3d0d3b3ece7,19,12,14,15,True,,,
MBPP+,Mbpp/253,5fbf53615765f945ced8fdf9a3a8becdfab52c8ca2b189e14ce5c6e80ee7265d,21,16,12,18,True,,,
MBPP+,Mbpp/255,c0411dfb88946c7dfc3190ae974f4722f6527e77dad64834e92f6eae03275185,28,23,30,24,True,,,
MBPP+,Mbpp/256,356ec6a5377e66e6feb4b849ebc32435dded646dd70a1f1505604649990de023,36,29,21,30,True,,,
MBPP+,Mbpp/257,3a1e8ada17e1accc51fe8ecf7f97924d9f05bc016256506bddb6b8815f131e2c,14,8,8,9,True,,,
MBPP+,Mbpp/259,436de827c1543638947eb0d68ea4f32c6d05f7ced72917141f585b1caf14751f,51,41,35,42,True,,,
MBPP+,Mbpp/260,2990433473b05f61e691ee4121e67b0a14b9190323d45cf1e9b561282a2d82ff,75,46,35,54,True,,,
MBPP+,Mbpp/261,71cf216ba3173c3b56690486245c98af339cad782b1f729cde6bd3512331fc99,40,28,25,31,True,,,
MBPP+,Mbpp/262,8299fb34e0fbe98abae49950c51ed64c52b265cc58c0f0de67cca4313e4f5bc0,21,16,21,20,True,,,
MBPP+,Mbpp/264,b5871d879a176a4b5e5829096c9a12c5e8e57526a8194a2c59242a19d1404fa2,50,32,27,34,True,,,
MBPP+,Mbpp/265,17538bff9afb2dadaed7ba70fbab196d434045dafebdfb18397ab0f5477d812c,22,18,15,19,True,,,
MBPP+,Mbpp/266,74d7b8ada777c1c51ebed83e33d46a13fa81ad5ddc35f1e0f2b9d622d43e3ca7,17,9,13,12,True,,,
MBPP+,Mbpp/267,9e995e6f762b0e106f9e2f2d578eba309dbc0f15b1c1863537eefa149184064f,26,14,13,16,True,,,
MBPP+,Mbpp/268,cdde1309998d923f92f58c0b273d6f15598a1914db70804796f39c76a748af29,24,13,12,16,True,,,
MBPP+,Mbpp/269,82979dd7375ac2ee80dbe1cc6590e0cc45b5434612f46f29cfee00f7fdc48d35,11,7,6,9,True,,,
MBPP+,Mbpp/270,3a4789dcbd8dfeae4b8f617aa88783f2cd4757767b87894dfeae05d0788da2b6,31,24,22,26,True,,,
MBPP+,Mbpp/271,a2dad4c215f0939dbbafa86177cfc4f81a2ee87069eb9e5e45873acf81579ad2,35,25,20,27,True,,,
MBPP+,Mbpp/272,a3a111144532a09920350263bb5e58e5f9243972a30eda2dcdfeeef98bae3ce1,20,16,13,17,True,,,
MBPP+,Mbpp/273,a2fed5fdf1d425d322addb08a4d426f2a399458297f0efc698a839ea2d287914,37,29,26,32,True,,,
MBPP+,Mbpp/274,0a844fea0e78e448837f07f3e9a7f49f5e736c2f63a28d2696c1b1affaffaf33,27,17,18,20,True,,,
MBPP+,Mbpp/276,87fe58bbae34888db29d8a6b8c148f8ee7efd7896e0f591068bd5951f3b9e0b0,22,14,20,16,True,,,
MBPP+,Mbpp/277,0cab0b2befd774345b7aef457ad73a5f5243d3059f86c6a598d09e706dd453b2,31,22,16,25,True,,,
MBPP+,Mbpp/278,39bcd809f95c6fd401657033e03f6418c512109f1ec2cf3bac8fa4d23e96e012,34,25,16,29,True,,,
MBPP+,Mbpp/279,dfcad617a059d7b6e3ca5c122cb1dc3ea23041c123ef41b10b3beacd5c4cc161,22,12,14,15,True,,,
MBPP+,Mbpp/280,83c2269d932cccd5d7a6fd58b0b171ce8a469826c8c0b9dae2c88377b9f262c0,31,24,24,29,True,,,
MBPP+,Mbpp/281,549fc15b8731be85fbf0a3032efe9bd6dc9b76666d34cefcbac4b4cec00eb829,19,14,15,18,True,,,
MBPP+,Mbpp/282,130d3c90823b6267fae36f8a9042bc77900ce3a30bf8d2f5cb26b7a9731c33e8,32,22,18,24,True,,,
MBPP+,Mbpp/283,4ebdeaea800e2b3aa9e7011f9534a2eec0defc68c23d292c0816ab413f867fa9,36,25,15,28,True,,,
MBPP+,Mbpp/284,261c43ead79fdc3130b51a9a415b741783d350c405ed6dda6f7585ee5429fe3d,21,17,14,19,True,,,
MBPP+,Mbpp/285,6bf7bdeceafa6caa3fb3bf3e0073c924bc7ac3cac6168ca0304e26e1afeeeb5b,34,23,21,28,True,,,
MBPP+,Mbpp/286,46ecfb145999541c76e9965caa70f74330c66ea9333937d38dbaea1ebe1b886c,70,38,32,41,True,,,
MBPP+,Mbpp/287,4c5d0f81db8224ec940018e658aeed1d39af1e886e89a088a9f2b2863481a1c1,33,18,15,21,True,,,
MBPP+,Mbpp/290,57425e1edb1d1993e871a2877a57dfff1e5ffa2232452e58da2131e43b70adc4,30,26,16,27,True,,,
MBPP+,Mbpp/292,75c40d36b4532b0336f9004b5e75cf44f51518cc3932be3a4c893f8f144f09ed,13,7,7,9,True,,,
MBPP+,Mbpp/293,377ee7104cf2565e00a15e1dda2b7a5f572fb7d3b2367885c7e568f338085509,24,17,21,19,True,,,
MBPP+,Mbpp/294,615130cb6c9c41fde7be7ff712940880a57b48b54784c4cb16b6c34f470413b2,30,17,15,21,True,,,
MBPP+,Mbpp/296,4cb2d9aea00d78876e9351b0ceff13d7a7f3f9342d298ea872a3cc296a4f02e0,77,38,26,47,True,,,
MBPP+,Mbpp/297,a5ecb6a788f8841b5b3dd89928fd9b1b5af506ba8a1c0f3ef189ccaa4f61d9ae,42,33,18,35,True,,,
MBPP+,Mbpp/299,c56692f609ea88ca526c61dfa7f105d194c2ed35c9388128667757b112dac687,49,41,28,41,True,,,
MBPP+,Mbpp/300,5b48e5f7a7e812556670d40e789e31c6192d3eef162ea878e46e56297b25733d,63,36,24,41,True,,,
MBPP+,Mbpp/301,5b082c3303747196b103c97165c3e38107abbf427d88a3682bf28ddd491f3291,52,40,36,45,True,,,
MBPP+,Mbpp/305,0c20f6d17de63b04787a51faa3dbc6b137a1d6276d8b716c8dd1e7a0f0fc72ce,43,36,27,39,True,,,
MBPP+,Mbpp/306,301676e2ccd45964923b7835d82bd2a7cbce9061151631e939ab422b6eb983d1,192,155,95,161,True,,,
MBPP+,Mbpp/308,71ed75158c6f48bb01eea229894651ce00b70d62d64bc22e63af7f12839cbae7,39,29,29,34,True,,,
MBPP+,Mbpp/309,683baaa5b6abe1c562dbfc44939305bc71890a06fab69ea1b434255dab13b6ed,14,8,6,10,True,,,
MBPP+,Mbpp/310,ae005f84e6429d4f91474bafe68d78da957469cbf39cc48d9adda337d8196e91,29,19,15,24,True,,,
MBPP+,Mbpp/311,117e4cbde3a55207dedad5f04914ad3fde6dc345f407a93e9eb6523c7c981291,86,53,36,55,True,,,
MBPP+,Mbpp/312,dd40c84b276502bc3c3c61e013d16bbd1d9187692490fd7f96915cb029fd42be,31,19,20,20,True,,,
MBPP+,Mbpp/388,ef9a4b9c02e02e8da4c07f0a8760ea57d8f37b202b2f5bf6c7a82075e77ca842,45,29,22,31,True,,,
MBPP+,Mbpp/389,1f44f681bbc1ee3569a67c411b00a689ef94736eba4536e7df1a9f66ccb0b6bb,53,33,25,37,True,,,
MBPP+,Mbpp/390,abc9c11a19a65a16e8a7583f7d7a9b00fe2ea5f9f89d89349c4effde5aaf3f32,22,16,13,17,True,,,
MBPP+,Mbpp/391,7860e221fae71c05d3fb92a58cd058d3c533f49b08e3b63d168965f38b47883b,48,31,29,35,True,,,
MBPP+,Mbpp/392,3bc1217d70b468de5dbf171a2dfb9e801d5d377739b6c9ca3c73936bc6ab1661,117,49,32,49,True,,,
MBPP+,Mbpp/394,1e5c46b3f67938a1b39f175aa34813ccede9620695a6d7f5fc9979b72094c319,23,18,15,21,True,,,
MBPP+,Mbpp/395,0fa12e2296e7823358b64f7560e070dd47df94cbf82497bd4b16fa4a9abfb33b,36,24,21,25,True,,,
MBPP+,Mbpp/397,b1fae9fac6f136a976f01d1dfa9099e05b837114865c534d52d762c12ad27123,18,14,13,16,True,,,
MBPP+,Mbpp/398,f850e0cf5cf76e8b13996fbab1a2501cd0165e4940fbe762a60ab3110c58d869,27,22,21,25,True,,,
MBPP+,Mbpp/404,d4da22823da9efcf0568258445e1b9b5beb1559c2ef4a904859eee40576b9361,13,8,6,10,True,,,
MBPP+,Mbpp/405,b8a0928fe7d8812549814dd0169675a9d8b18dda0679ce58627919a5f0efbb8e,20,14,11,16,True,,,
MBPP+,Mbpp/406,f7be393f1e6bcab7568a67abf173656a85b33eee9b3a17aa5d5ca36ca9def984,18,10,7,12,True,,,
MBPP+,Mbpp/409,904917f8ae4d94206b1127efa8c714f21fa1b960e00253be5998e3677cd742c6,22,16,15,19,True,,,
MBPP+,Mbpp/410,0c6294f87a851124d3469cf4dc236e849a96afee32dd64c5381c9c6f8f40df48,29,17,15,21,True,,,
MBPP+,Mbpp/412,56e72bc0a5954a7b970697bd1526d56fa2cca2f1da54b18b6d0f6a3236bd89f7,23,17,11,18,True,,,
MBPP+,Mbpp/413,a996ddd044c06813eeb65267f849f3be97fa04f2ea7e860d3c2fd3fa9b95bbac,22,17,15,18,True,,,
MBPP+,Mbpp/414,2bc6aa86963c10b56e232d2ca83e9f420ec13742e1fe283a6f9e5b812dc7e6d4,22,18,16,19,True,,,
MBPP+,Mbpp/415,67d2060e744fb61c718eeb903ded9506dad9b055e15a8016a373277d9df0ab08,47,38,26,38,True,,,
MBPP+,Mbpp/418,22487dea13e3fd62d3969341d7410052c58744f4ff7abfcb9d38dc0bc5863ee3,16,9,12,11,True,,,
MBPP+,Mbpp/419,74463076f7cb5a97b9dfd7595771f4b85b105aa479c517f81a9aeda3a05b1968,31,24,19,27,True,,,
MBPP+,Mbpp/420,e67ff6842f4642cd257b13d04b82f1fdb5fce1bd274bb442660e42b30d7e04a6,30,15,11,18,True,,,
MBPP+,Mbpp/421,86fb0a726d7312f189d016bb7abebaf51771e620f50d58adb841b2af9f2b66f9,51,39,23,39,True,,,
MBPP+,Mbpp/422,f321ca25c86826470419ea81ac2c0cc51cbf0c899259bf1eb1ef3c0310e01a11,35,25,18,27,True,,,
MBPP+,Mbpp/424,2a32e27c7d8d7890bbab94c8193fe3fc6635ae49d465a3eac80d3bebe3322161,21,17,13,18,True,,,
MBPP+,Mbpp/425,a6aa11d024681f5377c780e2e49fbdc5a41c7347c6d8d3bf6f8524670194079d,24,18,14,20,True,,,
MBPP+,Mbpp/426,5c45cee3670082b957737d338595becde307e4621a8fcc5a66d519ceabede071,24,18,16,19,True,,,
MBPP+,Mbpp/427,a2b695535b48a8339983a6335225277f6b31cd6209e47806dedd7d5aeae83eb4,49,44,33,46,True,,,
MBPP+,Mbpp/428,d1e01c7198345dce59ed215207603b242223388bed76f9ca3e3948fabaac137d,103,70,61,73,True,,,
MBPP+,Mbpp/429,186c7488301550217261a31b57abc0691764660f6e691c9b595c541368fcce24,36,29,24,31,True,,,
MBPP+,Mbpp/430,581f8a315c491521165e1bb19635e40228f577ca5e14ca1e9e4b1bce5dd0a96e,36,20,19,22,True,,,
MBPP+,Mbpp/432,0567dd02256cf927b3d1f08587676861695d3a9aa8024263ce45ea2630f96f45,27,19,21,21,True,,,
MBPP+,Mbpp/433,24678e024e1a077fedc249b8f10051e1e1d9fa6d5811de33e4575245dbea743b,19,13,12,15,True,,,
MBPP+,Mbpp/435,bc2fb078e3fcc35d33f65fb673c9dbac2fae9e66ad269320837c6c3b477ec3e6,29,17,14,18,True,,,
MBPP+,Mbpp/436,d937369fb9d70046d73d61262dfdc543f815e32e71a51788e8b44a658108b92f,23,18,13,19,True,,,
MBPP+,Mbpp/437,2de94e15398bc137cf87975166f0e9ceb57f71b5e63c7f3a5820405abd7ec8d6,16,12,10,14,True,,,
MBPP+,Mbpp/439,00850a20b8f61bd337805605f9a425fb18da8534b7ccff737da40c8a4120deb0,17,13,14,15,True,,,
MBPP+,Mbpp/440,8f7cd8d388c4756857f40c37a84028d3ae11410a76da420e817f133e65ad1d97,40,34,26,35,True,,,
MBPP+,Mbpp/441,97f416681144b7b9c729379c91977a54ab204565434f1c7ddc823c6ecd964486,16,8,12,11,True,,,
MBPP+,Mbpp/445,5aea9b6cb828d21c761fa4e96aa4a13b3a1bc995f594608962af154bd4eed175,54,38,30,42,True,,,
MBPP+,Mbpp/446,427f968dd496029370d75bdb9b0982f6dcc26d7fd855ed6803791eba71826156,30,24,22,27,True,,,
MBPP+,Mbpp/447,a5c8d66e46ccdca42cd1e763cc2e36e22fd5d99f09b281e8507c8339220705aa,17,13,12,14,True,,,
MBPP+,Mbpp/448,06c3b9b48c50d93d615311560a58ec7eabe3f6ca37f7b194c7db0f41b29cf9db,114,60,44,73,True,,,
MBPP+,Mbpp/450,8504940c7721973d214be02d930ddf690e82fdfa608a0beb2a70989d8967c354,26,19,17,20,True,,,
MBPP+,Mbpp/451,4c277292eaf807fa98c8030ef5e33d4a79c9c893b4d9544abe6654a425729b00,20,16,14,18,True,,,
MBPP+,Mbpp/453,02fa30fc8d918965e8c3f5d317632bf163be5138d2ac71072359bc2527b49ae9,63,43,27,45,True,,,
MBPP+,Mbpp/454,29ce695cc87d7e4659d64aa1f03c9a2994b2623cff6805e5d13f9277fad5c122,19,14,13,15,True,,,
MBPP+,Mbpp/455,596754d1cf2d4f8aaf781073ce49a500ad605ed288c5c7342f280882509b09a0,38,28,22,30,True,,,
MBPP+,Mbpp/456,3f2074824aa51d2b7cb55b2343945a2a9b3cdcf64be1ca3bbe19f56ce3d82e9d,21,17,13,18,True,,,
MBPP+,Mbpp/457,3066fc750cf8e856d3e968dab57d4f0d93bbb9694a9f9aae629f1cd1963e0b5b,16,9,12,11,True,,,
MBPP+,Mbpp/458,b994699c3e0e04f70654a418ead9f0dd8353a1d1169e36bd7f881f07246d82e1,13,7,9,9,True,,,
MBPP+,Mbpp/459,7fba3129c0a58271013b5fed0ace49a82212fbe2f307633eae7b82e1e0ac81e4,23,20,17,21,True,,,
MBPP+,Mbpp/460,833ea2e382bf4ab554b64f0d46d7f99983054b2285e891e5509107459ea4bfa9,19,12,9,14,True,,,
MBPP+,Mbpp/462,6ac7105ba6dd0136e0b91a01be3603835b2a67726862fb53315838465028f9e0,55,43,30,44,True,,,
MBPP+,Mbpp/463,f09914341c9c42b9cf33143ae42970b6b92d763b75d2e35cb84ce1f4eab950b5,89,47,36,46,True,,,
MBPP+,Mbpp/465,f3caded4ae1872af1fba78aef05b9bf98ded8814dcc7ae36558b09d530bcb889,36,23,17,30,True,,,
MBPP+,Mbpp/468,4c32f5678512491640fd2fa12a93d9eb3608a7b58e10fa0f1d22ddc1f7b2c767,183,101,58,107,True,,,
MBPP+,Mbpp/470,f3d91e5d8c9c7f5ac522cd1d9f629f57aebce11f18c79c51dc46e36c94ca62ea,32,25,21,29,True,,,
MBPP+,Mbpp/471,42266715649fede8795f85bc3ef7d97a11699fc01ec5865a2d0cf8d0224219f9,33,24,22,24,True,,,
MBPP+,Mbpp/472,e670844b416483474989ae2921bec0d54a7e2a80f3be4635bee77d298a72ae88,25,18,18,20,True,,,
MBPP+,Mbpp/473,42866871eb28716fb9f197536a23bb124e80b82f53d8bc422d5b7bda3cbe6176,41,36,29,38,True,,,
MBPP+,Mbpp/474,aaa5df11ac3c7e8a95a76d49ff45fc8b7cf1c7c48b11f75be63389daec94bc31,22,15,16,17,True,,,
MBPP+,Mbpp/475,b3495d245fb8796ba240c965bd10718eb84fff8715930f1665674972c0febc0d,24,21,16,22,True,,,
MBPP+,Mbpp/476,1e6a77f0d264d46e68cd636d7a00aa0f333c1e966cdd71d06cad45651ded7990,15,10,12,12,True,,,
MBPP+,Mbpp/477,16302b8b50c34be8292b0ed18431880ca446f7f8b153fa0ac5eb6c7548fb6370,11,7,6,9,True,,,
MBPP+,Mbpp/478,aaea6e068fe7a5f77651b907d44cc1040d6ae9556bac9db1587e18782f6ccb2e,22,18,16,20,True,,,
MBPP+,Mbpp/479,be8441d4582caf23f650290a895fd73c635fcb3e69877d7cb891b1f83b970f2c,17,11,11,13,True,,,
MBPP+,Mbpp/554,694501b134f23c6d7ed8fae21a1805529a3d20cb45438ce5f7f7baed96efcfda,23,16,13,16,True,,,
MBPP+,Mbpp/555,4705bfce24cea5cfd0c76d4fae469ddd85f574228d608c73691adb0e245cfacd,37,19,14,22,True,,,
MBPP+,Mbpp/556,dc748075a96b03360cf8ccbce8d33513f3eb428ab4d3e8c559a26eec5e71dbbf,71,45,30,49,True,,,
MBPP+,Mbpp/557,143183326a327634dbe5dfb0574c8d757c443087fa0d7a374629cd779226b557,11,8,11,10,True,,,
MBPP+,Mbpp/558,04095e927b535ba37deda0402e579094c59f65efc299e00f228dd0597d8a994e,42,31,26,34,True,,,
MBPP+,Mbpp/559,0d0f3280b8d9a9bab379929965d72527c1214acfac7e72afc58e6f030de27c02,98,44,26,48,True,,,
MBPP+,Mbpp/560,5c8953bdb679f22615785b29fa02b02293f34745b8b5ef3721b0c4ac4cf447d0,29,24,21,26,True,,,
MBPP+,Mbpp/562,9c2c28132afd82b71d6c21edebab4bbf12a0cca37d8365eccd1f3cbadfa0e8d0,18,11,15,13,True,,,
MBPP+,Mbpp/563,90bc9014c39e9b3b254472a490b8a093deab32690e2b8151e294438d904e492a,22,17,14,19,True,,,
MBPP+,Mbpp/564,8572498bdf50774870bd70c6d2db2a0edad8e6c18477532ed82977d9ba1dc6d8,59,36,23,41,True,,,
MBPP+,Mbpp/565,d70e2be5ce56ecf2c360f85c0ef0c62b41a22c2fdd3685e8da8b5d0029ad0682,11,6,6,8,True,,,
MBPP+,Mbpp/566,2061101bb642f353a604dabd31c808f0489ea438f0525c0f6d03561152e57c28,15,10,11,12,True,,,
MBPP+,Mbpp/567,2070fcc56491fd0e8eacef9e3ae6c7c59e78fd15d7197c11827b665a7f4b6369,29,23,19,28,True,,,
MBPP+,Mbpp/568,95da1cc44679adc8dbb2d8be9953b42967d484f4c1e5cac7760d61817820b87c,15,12,8,14,True,,,
MBPP+,Mbpp/569,8920605423e9194539c77c8ce71e8ed7cd4c3cb1c113e74565bef6b020ef18e4,17,12,16,14,True,,,
MBPP+,Mbpp/572,3f1b339a8f7865917e173256b44eabc80fc50d8d0587a7f1ac83f41bef61d7ee,22,18,18,19,True,,,
MBPP+,Mbpp/573,8fc102b90587b8f873585623015b5313e2236244c6c049f0dd35e5453144a346,28,24,21,24,True,,,
MBPP+,Mbpp/576,bfd372d0552b95050dd842e92796751b5182091bd5fb9ee9fcbe638966cde5f3,71,45,39,53,True,,,
MBPP+,Mbpp/577,a72e346463c3071218b2d3512a1eee7f8b3de6db34878f018f0e75a6749152af,75,35,28,44,True,,,
MBPP+,Mbpp/578,47d97506e9b803b0c33b1adad9591eda18943034dd8be53264fc1584fb6cb024,36,28,23,29,True,,,
MBPP+,Mbpp/579,1b8f932121cc6bb2414dd314edef4cb4df7c2bc44a210cb4e511279921eab6c2,32,26,22,28,True,,,
MBPP+,Mbpp/580,a920078c01fc9120c0f988b1f9a2dc44a464fce2b5570f059cb678c3fa81841e,73,49,44,55,True,,,
MBPP+,Mbpp/581,b42d800a1f9097bf5268f9f0c9ac60b619a0f7dec1ffc7bf39cc77fbd406a346,24,15,13,18,True,,,
MBPP+,Mbpp/583,b8684ac88865bcbd643149c2435cdc040eb15495c58481a0e7382f7e7f837dee,58,40,29,46,True,,,
MBPP+,Mbpp/585,5f094db5bc66e749aab4e557c98e41ac557066061b20393eea9e17843d8640f5,35,25,23,28,True,,,
MBPP+,Mbpp/586,b1a45744f9c34a14b35f107a4195357e7c3bd672457c31f5ebda6b360eb79cfc,19,14,15,16,True,,,
MBPP+,Mbpp/587,c5d64fb2191e2882e0af7c7f499861ac6fbcf85103650a913e1925947377aa93,13,9,8,11,True,,,
MBPP+,Mbpp/588,7081c3b0fef1e04461ba4bcaab7b8016448bd723870eaaac6c0a24a4ba711a18,15,10,13,12,True,,,
MBPP+,Mbpp/589,27ef541248a63be0721334b32028984a37c65293819f46b8d4c99781c2aeab68,71,51,41,51,True,,,
MBPP+,Mbpp/590,724d4ef74508b8d14dc98aced0a71a113325c1e71624e5c0d02ec9eb4c32a8de,46,32,28,33,True,,,
MBPP+,Mbpp/591,257325aff79c25ed6c636a3ecdb9e6ce59b71f7798279c6df509e1d26cd1b605,26,23,23,26,True,,,
MBPP+,Mbpp/592,0ba82f22fdbfa7759aad91c3ae9b5895ed58fa86751def2ff4d7d739e75c9d71,116,74,56,78,True,,,
MBPP+,Mbpp/593,716c0f75a9720060406e1cfa150e9bfc67b1893588a2424f99a189b9ca86cb8c,21,18,16,20,True,,,
MBPP+,Mbpp/594,b5c154d2fac9ed111efe62143f3c05483bc6e3f32d53b67aeab7db695cc2286f,61,47,32,52,True,,,
MBPP+,Mbpp/596,c476a6c6f30c19b15ea9fdaaa30edd8728c838fa5e94e21b6ab9512b1357a4ee,18,14,20,16,True,,,
MBPP+,Mbpp/597,3e2c1b94055e331c020772d987aec258d5618c0bf54329d07aabdc063b94eade,26,20,17,22,True,,,
MBPP+,Mbpp/598,b0377c5a6e1a1649e54d9b9618a8ed700200e10362a498449371360d53f73638,32,25,24,30,True,,,
MBPP+,Mbpp/599,e7f29ac03996d3bd6afaf4f2712bf4ac2979a5b61017050b70bf931a179cd53c,32,21,15,25,True,,,
MBPP+,Mbpp/600,63710d07a88bef178a14e2127aa0890bc47b95fe83bc3197c681e612379713e3,19,10,8,12,True,,,
MBPP+,Mbpp/602,7fb6eae60506780bb65c3aa668a84d2265886f2c6346d7c3193ce2ff5af00121,44,30,25,32,True,,,
MBPP+,Mbpp/603,10548651e25d23d2ee5dc4c196bed85abe127aabaa5647782dbbb88d4ea8e68b,113,64,37,68,True,,,
MBPP+,Mbpp/604,8f3c8cf6f635678a5f2b58ce41f2bdfcd221de6483f40f1e8c5a3a5cabf0afb2,15,12,12,14,True,,,
MBPP+,Mbpp/605,428c1b09ad9134d3a1bab2234b9c691ab1a225810e17f0f96f73fb4e60ff7c1c,54,36,25,45,True,,,
MBPP+,Mbpp/606,01438b21cb4091f51e8e15cb3fa8113d7ffcd6c86038b8fb48ba912d6249e618,21,14,16,16,True,,,
MBPP+,Mbpp/607,020140ca4e1f1f20eb33b7058642dfdbc4dc358b4484e51533724bc60cb3a54a,53,35,26,36,True,,,
MBPP+,Mbpp/608,26056144584a4bed8996178644940c17c7bc10d3a51fc665b837da1401608bd6,114,91,52,95,True,,,
MBPP+,Mbpp/610,6e27995d30d3355b93bbc62f149e397162856678f1798cf6e892844eefe9b287,25,19,19,23,True,,,
MBPP+,Mbpp/611,fb351b552443f6d4392ca28fee85265ffbd2b22f2a5c08a2fd6e2f07294616b6,23,18,18,20,True,,,
MBPP+,Mbpp/612,f50dc202aec012545cb41aaf045da8e8610c35fbd770be66fed81c4fc093b5f2,21,14,12,16,True,,,
MBPP+,Mbpp/614,3f40beda764c3bbbf48e4d21d53dedeb4e1203959e50114638debd23a3973a92,18,13,14,15,True,,,
MBPP+,Mbpp/615,51490212cfacdce3dcbccf7620b5c3102180d563040001069588a4870356d40d,28,18,15,22,True,,,
MBPP+,Mbpp/616,dbf97a5cdd194f5235ea92630a2094d3f7d3da645bbe4addee2a1bc0d7593b05,49,30,25,35,True,,,
MBPP+,Mbpp/618,0a3d1aa248ab66d9949d0f7d53bbc2a98f6c1ee2759c3fedfc862a83d7a09d71,34,26,21,28,True,,,
MBPP+,Mbpp/619,979455823b12b2d2e7273fdfe0d123016e40ff061af3f5cfd4b745af0c4f6bfe,48,36,27,40,True,,,
MBPP+,Mbpp/620,b87d2ec92bd14a7eca8434a7631148fd83fd8408c20affa26fbfbe442c3923e0,116,82,52,87,True,,,
MBPP+,Mbpp/622,8cd85e63e4dc63c3d561660456a1c61b598c538b4380b1594480700212700e49,176,101,70,117,True,,,
MBPP+,Mbpp/623,c74ccdf73645d984e22cc60707533ce56e2672c6fd7ae1ed6e045594b293db77,26,16,15,19,True,,,
MBPP+,Mbpp/624,eed7db9e8daf7525b90d19d3485011f969171bd94108f84dfa67d7494c8be5d2,11,7,6,9,True,,,
MBPP+,Mbpp/626,bf5bd7e9791fc7b1605bdd2b47da0a09ebe64e2c377a9e279808f3669cf1c6b1,26,13,12,14,True,,,
MBPP+,Mbpp/628,6ed1c90a4bbbf0e75896ea60f54da73c819650d0a3fe9157c54d13a63849479f,15,11,11,13,True,,,
MBPP+,Mbpp/629,439f2c4cca3e320101664e32251e1dce02430163ae253858b0c09ff2b0899e32,23,16,10,17,True,,,
MBPP+,Mbpp/630,ef3244aebb0e1e30b5423e65d6402d97559deda47df40dd493bbb5082829234e,83,62,44,67,True,,,
MBPP+,Mbpp/631,39a6d0f9183e97766161ed60782c36ec21f5b940accc90b88141dc02ab08e433,32,26,20,28,True,,,
MBPP+,Mbpp/632,fa52028df81e81e400d09eecdae6ae08acc9d7cbf250c1b5f3da9caab4218257,42,31,21,34,True,,,
MBPP+,Mbpp/633,c4a000d3bcc48b85cd041cc8f2b7559956acc213c44ff17437876cb27003f518,59,38,25,41,True,,,
MBPP+,Mbpp/635,2f2e0e376db9a0f437580b3b84931fc718454c030eb942ea093119691a7fbd7f,39,33,28,37,True,,,
MBPP+,Mbpp/637,7e53dbb57e0c0a88e271a98542bd3ec98d09e1b74afe57ee8f908955df705a16,23,17,21,19,True,,,
MBPP+,Mbpp/638,a08bcbc1cca8835b3b10b53491c7c66b066fe6e542d2f1544278afccd2cecdca,68,43,43,46,True,,,
MBPP+,Mbpp/639,43f55c07f753ffcaa25386dc2ce07b620c5f0f0f6323894c58e4b00e583eaec7,43,40,33,42,True,,,
MBPP+,Mbpp/641,927cc85bac63090e64ba61655dbc3925fc7cce20bd8b3341c0154e0ed03adca1,25,15,16,17,True,,,
MBPP+,Mbpp/643,6d227db1351f1aa5a35676e6f54b660a30c9752927264e6d2f8b619946832eb4,29,20,19,25,True,,,
MBPP+,Mbpp/644,7b5d49d5314d32ed9580d55545cd8cade42e7cced8084d5136a11efea5c0ac58,25,18,19,20,True,,,
MBPP+,Mbpp/720,567b1cf4eebe7d3cf169e6e23653235bcf13edca080393c7640fadefa17f023b,24,17,17,19,True,,,
MBPP+,Mbpp/721,e5e08a73de10a4df7fd01cf26b2fa6a2ca1a6fe29e392dad0972cf6d4f322179,209,149,89,157,True,,,
MBPP+,Mbpp/722,abe6c61b32028414e0566a33b21874b179ac402d41ecb6a5c95468823cd4d938,38,30,27,33,True,,,
MBPP+,Mbpp/723,655e3be3c94787d5e9a7b1c804a5bc52d753964c9ff79351ffe7964f78ff20a4,33,24,26,28,True,,,
MBPP+,Mbpp/724,df7da3fb504bd203819aa727c000c1b0c385249c9c24426b0c531553fcba0f39,26,22,18,24,True,,,
MBPP+,Mbpp/725,dd70345c3640f796a2043bb883e3ddf60ebf1989bcb8b092015d8ac0ace912da,25,20,17,22,True,,,
MBPP+,Mbpp/726,b9e25f90756cc873390144374b9977087e28c51445251e5c28a06ee93a78d5aa,31,24,21,28,True,,,
MBPP+,Mbpp/728,69805e815ba9486086e0a79cff3e940d7a6318286bd670c1ba0bc11f7b0e795c,29,22,17,24,True,,,
MBPP+,Mbpp/730,2d4a79b5f4fe4c3d94ce3b8bde0296eb3722de80695c3267770f6e0688a999a7,26,21,22,22,True,,,
MBPP+,Mbpp/731,45e05ec626f11b9794b5f187a0b45bb6b9c7e1be63ef3b0fc17614a0c1523632,36,25,28,26,True,,,
MBPP+,Mbpp/732,b5e612272fb3b46e504a18534fa061621c1531da0ad508166770a3ee4640234e,21,18,17,20,True,,,
MBPP+,Mbpp/733,5820ac528c8032381e9f403240f92fc01cbe558ed8d3cd0dc4b4b33e495ae7f0,101,62,44,69,True,,,
MBPP+,Mbpp/734,b9b0a0c5bd924c19d459b8d707854ad14d56f118c4cb6e80d408f6008c5caf99,66,35,26,43,True,,,
MBPP+,Mbpp/735,722e1a163d43eebdd2c9c5f9eaf2defb2bdd93b24c2ff4b405f93c74831ca89f,62,51,34,53,True,,,
MBPP+,Mbpp/736,258a8213844635137809eb7255a684f81716134dbd86ee68dc123c78b76e537d,25,19,19,21,True,,,
MBPP+,Mbpp/737,9bbe49b5a4f439142f9bf44193cdc547eb6ae6b6c1c461bd8564e501856c2a22,37,30,27,32,True,,,
MBPP+,Mbpp/739,1b3eed04763002fdb7d866f5456430bf4c28dfc8a2a3734d295edef36dec07a8,33,25,19,26,True,,,
MBPP+,Mbpp/740,6802c27be33acdd6fb42fd43a8b2e157b4a113efdc7d4dff8a1632858f18cce7,37,29,21,32,True,,,
MBPP+,Mbpp/741,fde747d1b9fd1f933d40529a4a10e4156ee91eaea420a00c3c3bdeae913c2a91,26,21,15,23,True,,,
MBPP+,Mbpp/742,f2f7d2be1b9a4145fca68d8fae68908a58bcf74cdb1e9233cabb2b4b7c032c70,24,20,21,22,True,,,
MBPP+,Mbpp/743,d0c87aedfcd8d8de1fbed1896616194cfcd6368f28626cc2dbf214dcaecccb71,19,14,15,16,True,,,
MBPP+,Mbpp/744,eeb5c7bf32098e01cfb70d6d3b490fc846a6f28b97f0e1f08c7830e59c647ae4,21,16,13,19,True,,,
MBPP+,Mbpp/745,86b2699cb41faff576a03477577b637cd9fd1234c08e10648abf5e66e82e9517,56,45,36,43,True,,,
MBPP+,Mbpp/748,8ec67e25318a4c603c833b759e627ad49c85a1844d5d76bb562e9ee56c258196,34,28,26,30,True,,,
MBPP+,Mbpp/749,6cbd0c1ef9d8779fb87149ffb0705edd207a418d71f1aec21370a4daee5a4605,21,17,17,19,True,,,
MBPP+,Mbpp/750,67556a02163a0894600d8fef0cf99457831c44f4cdfc20087775f1772613fd67,21,16,14,18,True,,,
MBPP+,Mbpp/751,552d81d05fa2b738139d7184622bd04126d7d90ca3b714eb828e6ba70df25475,135,92,80,101,True,,,
MBPP+,Mbpp/752,9d65f27a37dcbf9de6fb9bc8eafdc7b3e0c1dfc8791adb510c2e487ab2744ceb,77,54,34,56,True,,,
MBPP+,Mbpp/753,0ede5e6792c5c283cf00f23bf7b67357733c90563d2978ce6ba3b4ff1e0de439,34,20,15,24,True,,,
MBPP+,Mbpp/754,02674effdc4ded892193332e159ce7ea8b1a164f8025f003464be37996e5b72d,42,32,26,34,True,,,
MBPP+,Mbpp/755,6f6c0a3c6edc991708efecd264ba0b6b32501868478e8cbaf7de6ecf3f637e3f,36,21,17,24,True,,,
MBPP+,Mbpp/757,2b3c0f465d77bf1850f37666260a5b5edb353ffef833c0479ad4cf3a4cc30999,31,26,25,31,True,,,
MBPP+,Mbpp/758,25a137c04fbcfca37ed421706cd41e65203bf0582503a75c1dc8287bca2b9a2e,25,21,17,25,True,,,
MBPP+,Mbpp/759,dc357b508455350f985ce6cd6eddd99e48699876e4d8d35c2fe1b0681814f683,48,36,27,38,True,,,
MBPP+,Mbpp/760,d9d403a9103701fb4786a9966bb9d2a3e0c53e66dd5da91c6c6cc132d704e28c,18,13,13,19,True,,,
MBPP+,Mbpp/762,7a226c6859c63f6d96ed2a1f76b2789e56e633157e240f2fb0a91cb2e577f54e,36,31,30,31,True,,,
MBPP+,Mbpp/763,23d35727f1978426510b7260d2a9d17eb1df05a6573c22e511d8f2125037006b,66,46,31,52,True,,,
MBPP+,Mbpp/764,32fb6e6cabd8c69156b1fea9f09a9ac74b3497746761d6b7098cd2cd32f096c0,17,13,12,15,True,,,
MBPP+,Mbpp/765,e24459ce46fef147959c78b8d143cccc9a6612ede15c51d656c79b3d3f89d65e,40,29,23,30,True,,,
MBPP+,Mbpp/766,1d90450b6acd9376087a64b40c713e9b1ebf37a4c3242960a4e673f4af31c877,21,16,15,18,True,,,
MBPP+,Mbpp/767,87e2a85bcd4085848a0b8baea2378e1119e21f4719ba5cc7ec8181b376fd2828,54,34,28,41,True,,,
MBPP+,Mbpp/769,a24387dae2a0b23f896a0580db823bbf1aff83a101f2c9d8257914b7b23eb45d,31,25,24,27,True,,,
MBPP+,Mbpp/770,7f9d5ba14739dcecfb94188c32b0117df1c231ca6a28f3009092123d5b86db60,61,38,22,40,True,,,
MBPP+,Mbpp/771,e2c8e7682ec76147c5516c889932590653da1206e09c2ecdaafe11d0cff31e9a,136,105,73,120,True,,,
MBPP+,Mbpp/772,e58be6945ad9819a7cef23474aea1f78bf3f9003ba05441206d34220f39d1d62,30,24,19,26,True,,,
MBPP+,Mbpp/773,4587f931ba4dea95d2a9f8b0d563285631e4e58d8f9e32d9c25d56a35a7a07dd,49,39,31,36,True,,,
MBPP+,Mbpp/775,d186dbf8a52d47d276a99695034dfb6d7f88cebf56d542e6d8252f6bb6b29913,24,19,15,21,True,,,
MBPP+,Mbpp/777,2e3a1e6e04665d247e2f2dd8b4f33cc128ba4a21a5c4a72771b5cbd08d8afd24,13,8,8,10,True,,,
MBPP+,Mbpp/778,d0938ee3baedd8304a554c39568889c349c05b8cdf4bcec0b748290ee147f28a,30,26,26,28,True,,,
MBPP+,Mbpp/780,7facb558d7f624bf868ce3f1b6cc13baaf653cd0a451985b9725a4bc8faff6f3,34,29,30,31,True,,,
MBPP+,Mbpp/781,2bd500a740a237a368c930a157ab487dc8b64d50048b22155846aefa046783bf,92,50,34,57,True,,,
MBPP+,Mbpp/782,29f021635feabf61f193a6999ce1efb6a1afe7e69837cc8c3410d6fbbda9a703,88,38,28,42,True,,,
MBPP+,Mbpp/784,f2ee0ee886c4b4fd6c80956c7d8bc65f76c93ab57769c694abff597511605cad,61,47,32,52,True,,,
MBPP+,Mbpp/785,b89870048265e3763e21e4b3898d2c9ed7148d73cd6f40c0d059b6a64d36dac6,34,31,24,34,True,,,
MBPP+,Mbpp/786,f6e288a794d88096176e5108424f6210548066dbd348cfb1ad1dab1cff633805,25,19,19,21,True,,,
MBPP+,Mbpp/787,ad2d5f6360216793813d38ae139f6f42098d3465185f154135751338d6fd6478,29,20,18,22,True,,,
MBPP+,Mbpp/788,ff47c8e0eb0dae68aa3ddcd97cdca89093f48ddf46399ca1bd34ee3b45720134,20,14,15,16,True,,,
MBPP+,Mbpp/790,20d3e1d38fab82e7528bd41d3f0b09f34aff8b3d0f1b21da43cbc891d9e5e4be,23,20,18,22,True,,,
MBPP+,Mbpp/791,3d2c8507da2009ef78a4728e121a2ae70a7408574a91ec0bd69ca79195ad4490,25,21,16,23,True,,,
MBPP+,Mbpp/792,26d2e61a5bcc5aefe2585a0dcf29f03561d5d9976f48ffb404921e3ec4d9325d,22,16,14,18,True,,,
MBPP+,Mbpp/793,1fba66cb9a6c6b30322df91b8929e6f1f8bf4434ffe6ed965b423d9677862103,22,15,13,17,True,,,
MBPP+,Mbpp/794,c366ec225f9588f68a0835a1718c4b54dac7c25aa5b22cacea5440b178b10e31,32,23,20,25,True,,,
MBPP+,Mbpp/796,1e5d544221d8f4f12b5a341ae142f449e54a8d786b9964b1def1beace8c61f83,12,8,8,10,True,,,
MBPP+,Mbpp/797,1301235530eae80eaabfd0e0e5d69b480074f361b333cb7e3611469ec29b11ec,55,32,31,38,True,,,
MBPP+,Mbpp/798,2d4c16e739860aedc9168113c19f7f61b8dd37da03fdf38164f7c334c017f30b,12,6,7,9,True,,,
MBPP+,Mbpp/799,f9aff39cdc2aaebd92215a63571df69a693dbc03d33604e452f28b35d20d2a72,31,17,16,19,True,,,
MBPP+,Mbpp/800,7a87be447b4af0c78a974403d1c0cb5dcabb399b4e7de89a195bd811f61d1108,13,10,9,12,True,,,
MBPP+,Mbpp/801,d4963a7100b71250e0bd72e4085a2d96553dd84d152b0aeb15a209e18ad3ae0d,54,31,20,37,True,,,
MBPP+,Mbpp/803,5d22565bfa3666b5eaa0ca16f4fb349bdd2f65ebb4c31309d2899ca38179b5b6,36,27,23,28,True,,,
MBPP+,Mbpp/804,bb3020406c51758c640c6292127b979be5114ff6b0f789f086bb5f49421a6777,23,16,15,18,True,,,
MBPP+,Mbpp/805,1bdd844d612c299a903f6b5a381ae2da6cf095128acf108a90517165508f097d,16,12,11,14,True,,,
MBPP+,Mbpp/806,a0f6b325a9c5cfd76f6426eb9224ccf8ae597a18a9e631a123be1a045f7fa41c,86,59,42,65,True,,,
MBPP+,Mbpp/807,77b56b1ebfef2ce92d822d0f34015b8e0ecd02ba9fa6f221ba55c3cc52b09c91,31,19,15,25,True,,,
MBPP+,Mbpp/808,cd22b51dd80c7bd4ab54ae455076668c7470e5ee66157f9e2d13b03c194bcecf,18,12,12,14,True,,,
MBPP+,Mbpp/809,6b38bcc1f5660e080e9c69b4f9ec2e764a5e1120240bef326b301bcb5410d6ec,37,29,26,32,True,,,
BigCodeBench,BigCodeBench/0,d4cb8b6c58b6ff0abf9efb0a175b40af660dc70f4684bd290b2236c8e730bbce,111,72,55,75,True,,,
BigCodeBench,BigCodeBench/1,6076b9bbe6fcd00088015dbaff52e1ccec594db0343ca8fb89648bfcfb88257d,62,46,41,51,True,,,
BigCodeBench,BigCodeBench/2,ea1bf98c607f22f4e7abeb8e42254bbfc9871278a39a67669cdeaa30e621acad,74,60,49,61,True,,,
BigCodeBench,BigCodeBench/3,5981a6df9924e08eef5ad30f36e3062409cc138fdc1b53d6abb8beab157bad44,73,55,39,61,True,,,
BigCodeBench,BigCodeBench/4,fb656e6163ac75c57cbf0fc9498e92d148d0f59570c1aa9fd4d9d40e88ea0942,33,26,25,29,True,,,
BigCodeBench,BigCodeBench/5,b7abe822a14015017783c01009047b9438ae529ef96ba2eb7f0b1ab22a79c8b9,110,82,62,89,True,,,
BigCodeBench,BigCodeBench/6,8e6b796daba3497446a31233873f601df442ee5a45bca7009efa14d419ed8803,84,68,49,70,True,,,
BigCodeBench,BigCodeBench/7,87726a6f7b5068f933a6bf5dca8a05c807c3df94b3661c4ff0b39b1d2439cdb6,113,74,52,80,True,,,
BigCodeBench,BigCodeBench/8,5793bf9d58ba2f8f99107e7edb4903976a5cdb9d2aa857187300f4e274a982e9,91,66,54,70,True,,,
BigCodeBench,BigCodeBench/9,b99f778dff5acd60542ffe4926332d43ebc6af2fd4e58879f13a1bb951af0944,83,71,72,75,True,,,
BigCodeBench,BigCodeBench/10,9db5894c2669a72809b829585e2a9ac1882dd26961addb419a13d2067753715e,130,92,73,94,True,,,
BigCodeBench,BigCodeBench/11,2e5f1fb8e2712c44ce93ef3a33184de2ab8e2dde4d10058f81620ffc27446331,130,83,59,87,True,,,
BigCodeBench,BigCodeBench/12,58361273c81864948a15d2ea63ba23d9aba25af668ed2b597e2026a9222b443a,198,155,98,149,True,,,
BigCodeBench,BigCodeBench/13,c53c861c177358354553f437cb4c038236b1cf880565d92c9d0f46ce5ca781a0,315,236,233,240,True,,,
BigCodeBench,BigCodeBench/14,438dfa0d33884b91192438c3b52213f4927cce62923c42996d2e742371525bb7,154,116,90,117,True,,,
BigCodeBench,BigCodeBench/15,7efa7703df65655991744cff40026f04fbe6fa1af6ff59e0adf4ab1c813d7582,232,158,109,164,True,,,
BigCodeBench,BigCodeBench/16,2d3609fe17ff1cf68ec72bc0129a1742fd3e6fe1d2181e87ad14ccae8eaebbc4,138,110,86,117,True,,,
BigCodeBench,BigCodeBench/17,fb3983518dfbe98319eafe7edd7b866f752adacf4c9989b73d65aeb2fccd2643,141,98,76,100,True,,,
BigCodeBench,BigCodeBench/18,5406d80d01d9c294165023e47c21d81803cf67417afd1888197d4205c7066dbc,201,144,105,157,True,,,
BigCodeBench,BigCodeBench/19,06328a492eed45f2e2e6051fd71c15570444d6f559d279c6a5815a436024021f,119,91,65,97,True,,,
BigCodeBench,BigCodeBench/20,377b7f46ffaffdc59f17dd7b4528b11f20c032ad0d2d61664e4cc5226fd89cee,91,67,60,69,True,,,
BigCodeBench,BigCodeBench/21,9498b7c651adc20047d3f228c83bfd306dc48c8f1abeced85e84db921d29d2b8,87,63,55,66,True,,,
BigCodeBench,BigCodeBench/22,bdc9e9058b3e2daea5c6c1d6b5b4d77087408842aa1d8d6f1364fac4fba10c9d,76,60,50,66,True,,,
BigCodeBench,BigCodeBench/23,d476ce07ee0334f0baa9198ba82ea3b36ad3047c5834008f3d9c83ca8974f06b,89,68,57,71,True,,,
BigCodeBench,BigCodeBench/24,8b226d61f4fc81673e5853dd14045ca6a481cdb239eb91c6250894294e7e56d9,84,67,57,74,True,,,
BigCodeBench,BigCodeBench/25,963a56cf905925651725904b5a3efc62fcfc9c3c6e6a6356b80d7896cb1c13f1,46,35,29,36,True,,,
BigCodeBench,BigCodeBench/26,11e30d52db54053b074097a773086a8886a1404f9d547465ed1ce275c8f9b110,62,51,52,52,True,,,
BigCodeBench,BigCodeBench/27,22ebe5a462e33e03cb0b9057a251f1895921740e37550e08c085ee284dc84785,116,66,43,68,True,,,
BigCodeBench,BigCodeBench/28,ac880777a60cda81a7369ab1460bff0335735c6b050f9dc5d19883c9bd68f524,69,49,37,56,True,,,
BigCodeBench,BigCodeBench/29,4973873647fd71736fbdab6434bebc8aa17a818d37718a0a54a6d4092ce56ac5,77,52,48,58,True,,,
BigCodeBench,BigCodeBench/30,fc811ea619a8322c688c13c04c642f820a98c868feeed97f4df945f3e25a612b,261,213,162,237,True,,,
BigCodeBench,BigCodeBench/31,4750c78c57e229806e733873d1bb1056693175c4d4a191475b9c211caf2a3a46,148,101,98,103,True,,,
BigCodeBench,BigCodeBench/32,9f1f238730d0552e83faa4085fe8bc61c54c93d1bf1b7704600825899500693e,53,43,32,44,True,,,
BigCodeBench,BigCodeBench/33,ba07bb49fc776d57a4a85b70b0ea606c7385bf452fece60b0b0a2a18abd6337e,56,41,34,45,True,,,
BigCodeBench,BigCodeBench/34,868f18cb95a3434dd25e5959e98bd0aa123626da218bcadaf5bb26c4fe9787e2,134,79,78,85,True,,,
BigCodeBench,BigCodeBench/35,710bbeac2e95b73f4eb0654330e1f775e5b52b072fec17be7f8136659438ddc8,90,76,67,79,True,,,
BigCodeBench,BigCodeBench/36,5d531632e6864f308591208b8b376667072a621f76745253b12496f4506cb2ec,265,155,134,162,True,,,
BigCodeBench,BigCodeBench/37,731e143b0233c76d00f4bfb0ffcea560282a1a9a44607fe43d5a4ef60a84744b,148,122,128,123,True,,,
BigCodeBench,BigCodeBench/38,6ffc8e36b2b6dc082dc0d9e01e16f93df59c25f07ef806745ef0471a3f822538,131,104,114,108,True,,,
BigCodeBench,BigCodeBench/39,4406441cfe091dcd2cef0bc2e893365e9a3766dfe84004b6b06975e7f4d1834b,172,127,120,130,True,,,
BigCodeBench,BigCodeBench/40,e2d7d929194d9dc1c7533e4fa3c0856e851d9932ee20f3664e9f3528ef98a3b2,116,92,73,96,True,,,
BigCodeBench,BigCodeBench/41,a5f4af637f31c971a51a2cd32398eb39935d95fb4443c44b58d8ce9179e85d1e,87,73,73,77,True,,,
BigCodeBench,BigCodeBench/42,dcc52677fbeb4a5afc900152e3338d0575aa538fb2c250a33b910bacecb07466,144,114,108,117,True,,,
BigCodeBench,BigCodeBench/43,43960c9fb2975a588fe09c7ead8727eafd1282a8c6dc7cd12b4eab26f6f18e13,76,64,57,68,True,,,
BigCodeBench,BigCodeBench/44,722907bccbfe0db786310e7a0df929f84237eb4bcbdc55770016a2575214fa9c,82,70,78,78,True,,,
BigCodeBench,BigCodeBench/45,35c6314ce37b0badf01cfbd1e9b518bef67184b106e468d30b541063867d6217,170,107,100,106,True,,,
BigCodeBench,BigCodeBench/46,1b419abb2076831c250820fecd74443491badd42fe7a23bbcea5f5d4d9ec4f14,95,59,56,62,True,,,
BigCodeBench,BigCodeBench/47,81a90c090597991dee023f47981037ddc56851cb6ea1f554accfe3fb1da03a18,87,74,89,79,True,,,
BigCodeBench,BigCodeBench/48,13c3110c4b51a9d0e53c3590c4005d91f71dcd20a176a2ec676c445cb16df469,127,103,71,105,True,,,
BigCodeBench,BigCodeBench/49,ddb1a38761eb51d54cdfb78dddcb4021deadf83a2ee9f05c0be49c1b4d26af13,114,94,78,100,True,,,
BigCodeBench,BigCodeBench/50,86ba46469129e0288f0d1e89d8b80121a00d44cecad1e6a7033fc6f5b7a2d857,197,157,168,155,True,,,
BigCodeBench,BigCodeBench/51,5eb9835dbde419e02e0f9d0d25a27095b8498c67afdf66a74abfab72cb3017ee,217,131,134,133,True,,,
BigCodeBench,BigCodeBench/52,c05cebfb06162bad017baf3831fb498f01712266304dc423ca0905a57d44a75a,89,67,61,70,True,,,
BigCodeBench,BigCodeBench/53,f1fc2b24c09b215a73cb9303ce3d39da4133ddd42443a7e803bc604f08c3cc7d,138,115,113,121,True,,,
BigCodeBench,BigCodeBench/54,05ad893ae33a436cf9054eb33e424db9fd6774f3e6b0c775785b776c0d419e64,94,72,61,75,True,,,
BigCodeBench,BigCodeBench/55,c7c61da4a45214f8c927f191087e642905608be6eb26569a974147dacc4af4bf,128,94,77,100,True,,,
BigCodeBench,BigCodeBench/56,5d5e9f41144c6b08e3e1a0260e9c3a8e000292e8773e83dd4d1fc01dc660b635,103,72,63,75,True,,,
BigCodeBench,BigCodeBench/57,99e76a2eda3888e512480b84f608915985670203313bc0dec317f1be4805f91f,91,75,74,76,True,,,
BigCodeBench,BigCodeBench/58,9ef24f0706b5a866390d7e5c498189828890b89af664b6a8d069fbf5920c6a64,131,102,92,106,True,,,
BigCodeBench,BigCodeBench/59,8a3f463c66d3ed91a61146a9c0d72dba6234282597fd01308ef0c6f1a64e6fc5,102,82,90,87,True,,,
BigCodeBench,BigCodeBench/60,aab889b8b120e3954f1a4863b92b1c8db61ffb10187266732314362601ee4f4e,84,60,51,63,True,,,
BigCodeBench,BigCodeBench/61,179bcd504a895fedc18ec95de89116d8124874c777617bd33e76379c19ec1a95,225,138,136,139,True,,,
BigCodeBench,BigCodeBench/62,15e07d9012a39375e46cb8db80b6146f542a5bee62fbdf10ebb50bcee299119e,90,71,63,72,True,,,
BigCodeBench,BigCodeBench/63,4af97fe7223c310e564663e0123e14406176b3d75d1359ee93d6ee1a76a40049,131,88,89,91,True,,,
BigCodeBench,BigCodeBench/64,c2273f93b77546f80e30275e702642d0526b93b28181b57417d5165534434178,120,96,91,98,True,,,
BigCodeBench,BigCodeBench/65,52dd8dd65f35bc23eaf9eb8ec7067148795e026dcb495d86bc1e2e4801b8286e,137,108,104,108,True,,,
BigCodeBench,BigCodeBench/66,563c90b019e5bda6fbdbd86f51250ffd146e33fbdf6ffd1c9cf0fe0347d1c789,86,71,67,71,True,,,
BigCodeBench,BigCodeBench/67,a47716b89308a41c56393d1acb25f89320235bfe5e239e20cae7a3ffd5185a42,86,64,46,69,True,,,
BigCodeBench,BigCodeBench/68,c35d0a2d50eb438bea702533fa0a16d304f1acc180c60316f0f11a6409169e23,81,62,66,62,True,,,
BigCodeBench,BigCodeBench/69,a814eedd0d5bd488a7d6fb0736aef02622e117bbb415b406cd12bc91c998ec72,136,101,104,104,True,,,
BigCodeBench,BigCodeBench/70,9ef91b42ed12cdbc1db01f0dfd77e8292ac90d8fa2c6165baa113ab6542df571,135,101,88,111,True,,,
BigCodeBench,BigCodeBench/71,3181a147da0295edf21c60177c3cf1099cbacf25865cabf7d8062d604a07eacc,108,93,71,95,True,,,
BigCodeBench,BigCodeBench/72,6db6155e608f883a38badd8985c660f807807d8b87688c9522bb69f25db3f658,180,140,107,158,True,,,
BigCodeBench,BigCodeBench/73,f91f84faf683a3a334d1a494e7c786cc108180ef0b9e293f2a356143a4856634,138,116,96,122,True,,,
BigCodeBench,BigCodeBench/74,a9bd8c433f2ac53298ba40f3b9ad4d75d973f594ecb1cb335d1bc03f8072046d,134,97,77,102,True,,,
BigCodeBench,BigCodeBench/75,f4423e609e01983c1cd1caaa8c7ce1a8752d02bb6dcc5ef878296c36209a7463,298,227,217,254,True,,,
BigCodeBench,BigCodeBench/76,6b17203ce8f5a1dbc0ed01df6bdad9cccde85ba5f12011895ba316b35c872a67,130,107,92,107,True,,,
BigCodeBench,BigCodeBench/77,25a4ebb5204d11506f0195bb5427e794adedcfa865d252a1df742d4ea94478f8,133,107,87,112,True,,,
BigCodeBench,BigCodeBench/78,5765e06674aed7dabc755baf6a9b12fc782b155f8020f21401661b905a49cf30,91,72,61,75,True,,,
BigCodeBench,BigCodeBench/79,3e5f1ef5ccf32882798907535818c16507d1bb5b26c88128215d3c87dc2fda6d,132,94,74,95,True,,,
BigCodeBench,BigCodeBench/80,4995b229dc69be6efad2a0b5e5171e2f57f5dfc118b15da20d67d6871a425179,88,74,69,79,True,,,
BigCodeBench,BigCodeBench/81,24b3c510bc5c4f8a00c45f7eaede5cde80a2f00706a37e0623d92a8da64d3b97,87,69,58,77,True,,,
BigCodeBench,BigCodeBench/82,f06477686e5c5d4580df35276107a8198a41f90689e028c4eb0b0ce9f32d4d98,391,319,355,345,True,,,
BigCodeBench,BigCodeBench/83,c37a19375c3c64363740c50702763517cad5a1eb7c1bfa8cc4cadd6522d91ff4,171,141,169,151,True,,,
BigCodeBench,BigCodeBench/84,58623da9d02cc483192c27b0eff4eec7e70124917df1a6ad7300efe2273482e1,347,295,273,305,True,,,
BigCodeBench,BigCodeBench/85,d6bf9cd4e4f8a0aa9c02e6071eeb71ed87ecb2b4c77b8b56b1309220191e3145,192,151,132,165,True,,,
BigCodeBench,BigCodeBench/86,3d3f11b96102947fb8e3cded3c4870e3c5bde4af45b5982272d1c02709864eb0,119,98,100,101,True,,,
BigCodeBench,BigCodeBench/87,0bcaf3441b9ce8d697de8edc8aaf48737e6cfac4618919f694dff25046b3bbbb,107,80,73,83,True,,,
BigCodeBench,BigCodeBench/88,1179ba4e82edd6754e3bc09074dd84a014142e7132820ec2fd29afde1d45e374,120,99,80,104,True,,,
BigCodeBench,BigCodeBench/89,f39d5f9bb23e59e9171d347060d23ea3b03186f687b1c32194b6227a8cdbc0a7,277,154,144,154,True,,,
BigCodeBench,BigCodeBench/90,02352c18fa37d988f38f7c881dd062233874d5dbd382ea587104ee7411e1682d,264,178,145,178,True,,,
BigCodeBench,BigCodeBench/91,687d5501891792e88980fff68d350650a1ee52d05fc417a509af04ab280a9d7a,156,119,103,129,True,,,
BigCodeBench,BigCodeBench/92,772c8e969210cf86c653f30807ed4bfbae94a8784c7ad3b7c368a41397c6ad9f,232,191,166,198,True,,,
BigCodeBench,BigCodeBench/93,2c3bf95bca1a473d472777e523bb6157e0db47c9e5398e3219f376e01fb51e0a,136,108,98,113,True,,,
BigCodeBench,BigCodeBench/94,488ec4a4ae363d109f520dcf899e706ed7203a604db5de697bbd64bc4cd6a45a,158,121,114,128,True,,,
BigCodeBench,BigCodeBench/95,a9a233d8bb6765d291714269024d2506efea027beb0d208953df4ebae30f3d17,244,175,193,197,True,,,
BigCodeBench,BigCodeBench/96,50ecf20331fe3ec8bbcfdea6fae5b5edf064efae61ac677f9874fe8781d2aea1,94,74,59,79,True,,,
BigCodeBench,BigCodeBench/97,e7473b84b8db89d0cb46fb7f64362e0de95cbbd594ce37e50180a2193cc6efd1,84,60,47,67,True,,,
BigCodeBench,BigCodeBench/98,36b1e3e0b4315248f1dfe0966c19be3b9370255a88e45bfc4133a104b155decc,75,55,49,57,True,,,
BigCodeBench,BigCodeBench/99,f87e65827e12d49a59b16af532161cd31bf0f056edbccfdfd73df97f2c259fbc,145,95,100,99,True,,,
BigCodeBench,BigCodeBench/100,7354a11a39229201652cd828b4558d2e2eb947b8bd54fbfddd7c58e89e38b0b6,151,127,109,127,True,,,
BigCodeBench,BigCodeBench/101,68f37ab14e7ac9cb87dc8b1867d0278d6ecfba9b8329c95f493f1d4f3c295698,369,207,198,210,True,,,
BigCodeBench,BigCodeBench/102,16f6dd38de62bc8a94c22763ac0521a88af42ce8419ff7ec900d27fedf34c84c,107,71,73,72,True,,,
BigCodeBench,BigCodeBench/103,ee7b2042c1b87d8eb4965c90d601b192ab0b4d21e62554ebafffc3d7ca1cdbff,164,137,133,139,True,,,
BigCodeBench,BigCodeBench/104,718bf360bd2eebcc79e3554f448a62bab980e8d23ab9d052d4409d93482c0a7f,210,177,160,180,True,,,
BigCodeBench,BigCodeBench/105,beba547b1b952ed46a7cb4d81767be2fe6f69ba8ef382d8f415855327ef98443,210,174,158,179,True,,,
BigCodeBench,BigCodeBench/106,27ce1744e762052d1024dc60c77b4a8ac13afe357f3210fc17cd57aca488d6f1,198,166,161,173,True,,,
BigCodeBench,BigCodeBench/107,8a01285e24de129e1d55e5f3636ac55f569936ea64b0d141e0b954f7c5745a56,230,196,190,202,True,,,
BigCodeBench,BigCodeBench/108,ce83b2b6195335a1c9e1bd14378885af377e31e2b01a686d6a27fa1ab64d4b6c,302,240,227,252,True,,,
BigCodeBench,BigCodeBench/109,d0fb4a8c7c6c26cdd6cf8a671ed12f5e93b4a3ac46baaa6065319509515182d2,176,148,137,161,True,,,
BigCodeBench,BigCodeBench/110,2fef6ddcfc99ff16c51638acbcf20f39cfeca26e09cc6192909248610ad83b0c,164,134,128,139,True,,,
BigCodeBench,BigCodeBench/111,86a6ca4257e74713b4549459ea99c4c2ea088d6eb77359f4297b92231d15e043,148,127,117,139,True,,,
BigCodeBench,BigCodeBench/112,ac49067005e0ffa28a596a17435333111c8c5ad8a28a73b5f350b07ea9cdf4e2,102,86,78,89,True,,,
BigCodeBench,BigCodeBench/113,400bda8459ab5de72356cac10e7ef7d99bfa01074500b71fc92e83ebae51fda7,163,125,101,128,True,,,
BigCodeBench,BigCodeBench/114,15219257ac577b10a5a48c6779c20733df8be4a1a291e135991a4966e60d0c2e,87,68,60,73,True,,,
BigCodeBench,BigCodeBench/115,c9f2d980394a1a649069e162c424fffb062b66904cf489c02dce4c9fc55e792a,96,74,60,78,True,,,
BigCodeBench,BigCodeBench/116,2e476daf2b2bdb7c1d608f6d3dff9c661cd0d2bf8acfef95f2a70a57a5a66c24,99,70,71,73,True,,,
BigCodeBench,BigCodeBench/117,f62ec067694c7b7465004d66d296274dec979b748e5c039e51dcb92528feedfa,231,187,186,197,True,,,
BigCodeBench,BigCodeBench/118,245a499e213d74218ebf68d5019c2a22f503ba925d43422589483b89c0a439e1,90,71,39,76,True,,,
BigCodeBench,BigCodeBench/119,8d65528600a168c322bb06296c074ab50de3ccf7aca319c8ed56de4a74fc82df,78,62,58,63,True,,,
BigCodeBench,BigCodeBench/120,514aa19f158ecd322b0829923dc30a209e9c881d8ba2c2abf4c40a6aebce3269,159,134,103,140,True,,,
BigCodeBench,BigCodeBench/121,152f4786dac901dfe2c62570dd52783ad62a83fcafa044ebc73b1607185e9899,188,147,139,152,True,,,
BigCodeBench,BigCodeBench/122,0fe9a1f0588279a9bdbdfc73df393bbef8a1bbaa6b6f221c5cb61651c8396309,53,36,30,41,True,,,
BigCodeBench,BigCodeBench/123,8287b20d46a49e2153665dea07b6753ac8012a57855937ca36502b1aef54b664,140,113,95,122,True,,,
BigCodeBench,BigCodeBench/124,55689819a0c7f923c1d089380f3ff732b7e81c67aa4ca523919bab744b81dfdb,193,154,123,155,True,,,
BigCodeBench,BigCodeBench/125,b64f76f0a9869d48103e9a9379c740d13ded281df5e579024bf9816be77dd58a,107,81,64,82,True,,,
BigCodeBench,BigCodeBench/126,036e7f8f3ba341db3bf3af08c5de07a85ed384018f8512f12db6bee0ea290118,176,130,123,136,True,,,
BigCodeBench,BigCodeBench/127,8984bcca1862933a1e4f02b7a2854ea9681242ca5765b71e09a5832f9cb21d27,128,103,85,110,True,,,
BigCodeBench,BigCodeBench/128,7f03c82a344954845e5e01a16fc4caaa9ba98df3be673d0325c5721435aae645,184,139,100,143,True,,,
BigCodeBench,BigCodeBench/129,8e1d50bf658650aae7861bde5e80cd055464291067b1e439cee9350c9125e7e8,284,210,142,221,True,,,
BigCodeBench,BigCodeBench/130,49bcc04875f8d32ccb3bb43f3bec2849bb1336dcb39d6cc3190281c0a35b5487,91,70,55,72,True,,,
BigCodeBench,BigCodeBench/131,49bcc04875f8d32ccb3bb43f3bec2849bb1336dcb39d6cc3190281c0a35b5487,91,70,55,72,True,,,
BigCodeBench,BigCodeBench/132,66126dc63369c8197cd94c99a61c283580d0336fbd81b0f4d4f435b52b289714,164,126,127,128,True,,,
BigCodeBench,BigCodeBench/133,d6711b592d7ceef5ff3f1b32cd424e98dbcc602e39edef9d78e36ea91969168e,157,115,106,119,True,,,
BigCodeBench,BigCodeBench/134,2319faaae699b25f58c3591c49dea739d1162741e724e5913c909b20ecc1f59d,111,88,77,92,True,,,
BigCodeBench,BigCodeBench/135,052f6d1c568e53cbbbb647cb0189509dda9e549d1ddfc81fbafcca21736e21d2,152,125,115,130,True,,,
BigCodeBench,BigCodeBench/136,55ba6ca592a0e53bab128c580238804a56d57275f71d71737eb935aadca8e448,160,132,127,124,True,,,
BigCodeBench,BigCodeBench/137,04d372acdf5810e9c0424cd9caf8a847a57fc95b0b89e2b1f9290695a059a407,77,53,47,58,True,,,
BigCodeBench,BigCodeBench/138,27a143e011bd159c0129839e3d7044bb50c5338ef74852bda7b6460493446835,117,103,122,103,True,,,
BigCodeBench,BigCodeBench/139,9af0d1b98048b4327270709b6d174a2a8615cca37aa0b15d468de6dd1c11745b,136,110,94,112,True,,,
BigCodeBench,BigCodeBench/140,ac1796caf03b9ca9107ffefc2c2c3db9970129350d017bdfba003950a98476a7,124,110,102,117,True,,,
BigCodeBench,BigCodeBench/141,084fb4a945cd0c9349ae0fc34a43cf1db12c01cf11b1dd10f568e528cfcb8e58,152,114,93,124,True,,,
BigCodeBench,BigCodeBench/142,68c0177d7a7022102384da7e7b86ad190d5378a37cd2ea8d279a23ac1caf4b96,151,121,82,122,True,,,
BigCodeBench,BigCodeBench/143,12d1addb61ac52a3d37f69235179599ad62434a83cd7311bff4ff72b9458f5dd,204,124,99,123,True,,,
BigCodeBench,BigCodeBench/144,9115c11984963df915dfc75b7d363b98cff12a5fb990a748ea89f679229af268,116,90,58,94,True,,,
BigCodeBench,BigCodeBench/145,a797d82af832211fcb719e595f77c61b9a1f0ab2707fa59020ca3efdb15bddf9,87,71,66,80,True,,,
BigCodeBench,BigCodeBench/146,643ac1e051d5a70214b237a23087b50a011db666c1065e6fc8148223764b40b7,82,69,51,71,True,,,
BigCodeBench,BigCodeBench/147,2c56ef7807a162cdd6039c6b7d0ce8528fc2db8225b89adb442988894ca3a619,147,115,92,118,True,,,
BigCodeBench,BigCodeBench/148,e56042c368cf5bec06fc86c8dec6a544dd1009ea801b2369c8445a68b166682c,51,42,41,40,True,,,
BigCodeBench,BigCodeBench/149,5b88af10784dabe25d79099ddcbac37515c821dc400faab37937a68476794b7f,127,81,74,98,True,,,
BigCodeBench,BigCodeBench/150,df467f9347d6a67e6dcc1ac6eac11df2caf61d409b0e76a6f80e5036a46a1399,203,132,122,139,True,,,
BigCodeBench,BigCodeBench/151,63ba8bfa98e3ba501c7a81192f55fd0adbee6f3633a99278596c635ab7823855,187,114,107,119,True,,,
BigCodeBench,BigCodeBench/152,305d2097e0baab63e45d27f4ed8f5e627df7c6cb9cc82cc05168be5ce32fb86c,169,121,127,122,True,,,
BigCodeBench,BigCodeBench/153,da7e5c20be6529fd785d4a7d24c849780bd8832ddd386ccabd90e1e63fe27f79,49,39,41,42,True,,,
BigCodeBench,BigCodeBench/154,b26b4646b8d23d9be261fa5629ed5a9e5fbdc53f8776405f73e985b65e732c22,81,60,45,62,True,,,
BigCodeBench,BigCodeBench/155,a8cd08b120a435b1f8706a49433d0bd7d6d591ad29edcd034ea6e60720a25679,121,75,66,77,True,,,
BigCodeBench,BigCodeBench/156,dff7169a37c9b5b1d21a671185f74b08380b6aaff5d41925bf4c4bc02b77af47,116,85,80,89,True,,,
BigCodeBench,BigCodeBench/157,58855d025ca4fd8ded137e666fa8d483ff6545def9c544ee790406c76e92e471,122,78,62,84,True,,,
BigCodeBench,BigCodeBench/158,f3ae3286e63886fe45f467218cd947eae2ecfff06ac710b8a007b9fe85f0cfa7,77,61,44,64,True,,,
BigCodeBench,BigCodeBench/159,1a3b686d598b020fc680f901ce3c2b40f0b3c4b703ae35018953a4d6bc07fd4e,61,51,42,54,True,,,
BigCodeBench,BigCodeBench/160,1608b0bca68b281dc4db88d8022c0f12c11709448ae380c52d780fca5789630b,162,118,104,118,True,,,
BigCodeBench,BigCodeBench/161,bd05585fccae68c046b6c1dd5e5b3262bd73e7dfce627d657b065bc54da68839,241,187,129,193,True,,,
BigCodeBench,BigCodeBench/162,e6d47f4556a20a690f996e88366701e75705a27807fc39d9ac2024bc2dca7aa4,179,97,83,99,True,,,
BigCodeBench,BigCodeBench/163,a97304c5dbb46957d57b09d29c687135c29d4a74cee1a6418ae0913292084113,130,110,96,114,True,,,
BigCodeBench,BigCodeBench/164,ca5dcceea9294ba50e7013dcf683365cd9ca5eae38437eee686a84dd27e5c153,112,95,80,100,True,,,
BigCodeBench,BigCodeBench/165,ead5816a7822065b8901a7a0c3e7ea92e758a32120390bbb1a8ee9563144c246,107,90,79,94,True,,,
BigCodeBench,BigCodeBench/166,1827ddf4e7bdb17ff68ea907abc99cf7d449320d6b402cfadb72ecc113ac929e,150,125,109,128,True,,,
BigCodeBench,BigCodeBench/167,70693f4ba2c1ecfcc5ebb23b867e469d493cb808452e0b0ea9537b7a63ec2e20,107,90,80,95,True,,,
BigCodeBench,BigCodeBench/168,e826d39ca64cf0d346fd168bd56cc056839bea41c4afae7e4ee0f91273b1ab02,152,93,81,102,True,,,
BigCodeBench,BigCodeBench/169,c9d39599ac3f494cd15cf237c764cbcafcc7e68f3b06669e40be72d06a07dae5,150,126,104,136,True,,,
BigCodeBench,BigCodeBench/170,6150347924930639d55dfad6cb70e1869a20cc39844a1123471ede049d8facb7,83,56,49,60,True,,,
BigCodeBench,BigCodeBench/171,202be629dc5ab832d7df2cfa64b0cf14cdea767f94ef941996d7cb6b12e8e3a8,160,110,99,115,True,,,
BigCodeBench,BigCodeBench/172,9089524f1d4a1f7212c3d52eef390cf9f794abacb45bd05250686220287f8f97,120,56,36,58,True,,,
BigCodeBench,BigCodeBench/173,58328458ea80152283a92bb5d5dae7b1e077e09673759e844d1ffb5d07f0bc6f,107,76,69,80,True,,,
BigCodeBench,BigCodeBench/174,81d6652f3168b07cd0514ca72ffb549f1b10d5ddcec27f90dc50701002961812,78,59,49,64,True,,,
BigCodeBench,BigCodeBench/175,fa78c94457d4c343c91683773d6d70c9bc3c01cc3166bace8595a1c04d223535,195,148,135,147,True,,,
BigCodeBench,BigCodeBench/176,dd3707ddadc6515f05575313a646b8e3be9d33ec9f0741798683cfc7798a69dc,106,78,55,80,True,,,
BigCodeBench,BigCodeBench/177,bf26adcc43a9a6282bae2db8327309552f732e2c058c5f23c9faf5c551da8420,173,128,100,133,True,,,
BigCodeBench,BigCodeBench/178,711a31e7f15341ba0c3e0ee39b3e5a756c436661bcd0cfd3145efab1bec9eb4a,92,66,52,74,True,,,
BigCodeBench,BigCodeBench/179,38313f3c911a2c8d87d99fa4455ce67060dabd64b5b696fa737afd0eed570405,204,139,134,145,True,,,
BigCodeBench,BigCodeBench/180,5e9ba8c803cafa054c11abba86f86b17a247854953b8215ce590e065b73b0878,183,137,120,137,True,,,
BigCodeBench,BigCodeBench/181,d8a4b74177262c5844efa5821471ae739e727e8d1817aa02e064031945391bd0,74,45,43,49,True,,,
BigCodeBench,BigCodeBench/182,7959cc9db3b9f87d84284f900ce1adb25aff2911cfb82abd16ae8d9935183e55,121,98,96,97,True,,,
BigCodeBench,BigCodeBench/183,721ac41310e9da2624ef8ebf08946fa689cb59d9dfde03c3fd5c93776e21d132,63,37,25,39,True,,,
BigCodeBench,BigCodeBench/184,191e701b031d5e12d84a91f3784dedcde87605937bd4049eaf7eef91da1759ea,450,313,336,322,True,,,
BigCodeBench,BigCodeBench/185,c2aa7e300067ee6d96d1dd49d14c588e2208605a74f33b284ad3425b755d3055,251,211,202,226,True,,,
BigCodeBench,BigCodeBench/186,ec44d14328e584be2d61e3e3605b9a6a67204d99400605005b6fd090ae6197be,189,161,120,168,True,,,
BigCodeBench,BigCodeBench/187,b06a92bffbcd5c8d5a6f75a65235950625548ed9465632f8d8587ffcb6f05cbe,207,170,164,186,True,,,
BigCodeBench,BigCodeBench/188,f3859defde82d3abc22ef091749bae1ee40890d3cda8584e7fd7962167cac3f5,287,196,171,194,True,,,
BigCodeBench,BigCodeBench/189,33048a88df36e4600df5c647f866c55c2cec123391ea7564291418e398b370fa,90,67,55,67,True,,,
BigCodeBench,BigCodeBench/190,9536d44e64742ddcb56f684a02c360723f75ab687bddac4ece23ec4ca80f5e65,246,178,181,183,True,,,
BigCodeBench,BigCodeBench/191,4a769154b96cb37917d4019fb7740ca2f99908336774b9a1f559757de3e49047,82,61,50,66,True,,,
BigCodeBench,BigCodeBench/192,d73c76fbbb63767b8224e511dba89bac8632e3d18c8039b60f24fadad5591a6a,281,229,270,234,True,,,
BigCodeBench,BigCodeBench/193,586e978e85cf089a6fbe5a244a167ecb79a2e96a9adff82c1daf9a11bdfa04b9,345,274,221,284,True,,,
BigCodeBench,BigCodeBench/194,af6128e59df00b15fa5f7666a65042cdae493032de707663a9da86a68bccf6b9,103,79,74,80,True,,,
BigCodeBench,BigCodeBench/195,edf90ad104261481d1c5f49a5aee53c200eab8b5ff91e0350b3b1708f5298bc9,106,65,50,67,True,,,
BigCodeBench,BigCodeBench/196,aa6dd01547eb475576f5e5c992e50faec7b67a4f91abcda09f20e079fbad2e32,121,96,77,99,True,,,
BigCodeBench,BigCodeBench/197,edefa6e02baf45e29432c16c0bbadb49b2bc034b9fca9953bb06be2628622e2e,101,79,64,79,True,,,
BigCodeBench,BigCodeBench/198,8ce6231e13778ce0091f7b4da13bbf977ba352a85ba3ad59f8b43dd62929bcd1,120,80,67,84,True,,,
BigCodeBench,BigCodeBench/199,6dd0bac3fa39ee97b71b8cf2cf974263ea79a371f30062e5799b1438dd6a6ef4,307,238,253,266,True,,,
BigCodeBench,BigCodeBench/200,cdfbdb52f10c7ec06017ca247fb22346e5157bc977b905ec98e8211fe6548f5d,130,85,65,85,True,,,
BigCodeBench,BigCodeBench/201,149ae2ad2cf45d6900d685c014bac166318c13f95d1f2337ddff46534e936c1e,148,105,81,113,True,,,
BigCodeBench,BigCodeBench/202,6919dc72ef19316f62668ebcd1999c4595b24320053a3362e50b2817d2b0900b,238,221,159,229,True,,,
BigCodeBench,BigCodeBench/203,3a9062b83d74ac747ce6c7c693e6664198abb37df650087308da517c05c1812c,231,178,183,183,True,,,
BigCodeBench,BigCodeBench/204,5d1a4f1859ae56f6d76c97e3ad770c02719c776527bba2523ea0b4124bf8525c,119,98,88,99,True,,,
BigCodeBench,BigCodeBench/205,2f4888a467486ccfdd9dd6330f83b2aed4fb67732594039db76472420a25a28d,92,68,51,71,True,,,
BigCodeBench,BigCodeBench/206,534ec5bdbd1ed6fe10218d9689c50de669c2de7c88f0262f23d186c46e1ad0a1,110,79,48,84,True,,,
BigCodeBench,BigCodeBench/207,f2be8550d13bb3fe4b30fd40a22de9ed6fa4e8486d142991d9fb40709a2ecfcb,39,33,28,35,True,,,
BigCodeBench,BigCodeBench/208,0016092a18ab0bc8a2304b7f117148a95d5373430ddbc4132cba4c2929b22232,144,112,101,118,True,,,
BigCodeBench,BigCodeBench/209,c3b8a862f5c1675c581b8f050520252c5de078209485251b4a2f1bddc161e1f2,122,97,88,98,True,,,
BigCodeBench,BigCodeBench/210,efeef2a32fc3e44c8b1ae0df6b66ccbcfad82d5eb5c6920a0c549b8e97507e7e,155,114,113,116,True,,,
BigCodeBench,BigCodeBench/211,a615a51d5e797b11acdcbd5a0265b810fb2d463d262b2247713d1c82ecfaa5cf,126,88,68,97,True,,,
BigCodeBench,BigCodeBench/212,0d437c1fbf0d8cf4bc0b3c2617f4297fd232ac9c15954621d1ab68b185eb12b4,132,102,95,103,True,,,
BigCodeBench,BigCodeBench/213,c53cd84fa867c25c772f54339332ff0c1d5d354a2a89ec59bf8071d5fec4eebc,136,101,83,101,True,,,
BigCodeBench,BigCodeBench/214,cddb72e5412f82899165719baf9a776ed775daa5947d5aa7978055e828ffd48b,175,146,123,154,True,,,
BigCodeBench,BigCodeBench/215,8d65f3f338b8b8ec0cad829d51b5d0735a657a79b8d37f182def0fb0fd6cc7b8,113,85,63,86,True,,,
BigCodeBench,BigCodeBench/216,c2a4d2a5ddb755ac5a1cc54780f2399774aa4ea9dcda94bc6f88570efd351382,110,85,66,90,True,,,
BigCodeBench,BigCodeBench/217,6846fa43d6649586e33c295aef452e7cb05ee362a9963f7a1dbfdad7b8f4a352,193,157,135,161,True,,,
BigCodeBench,BigCodeBench/218,7d0000673a945b490db538ecf049263faa5009a1c09a686c9ccec52eeb94de92,224,146,149,150,True,,,
BigCodeBench,BigCodeBench/219,894bdfc314703652b54c0dae9c037ec477866e9928826342192bb1b8b8c08bff,132,97,82,100,True,,,
BigCodeBench,BigCodeBench/220,ad109a88ea2049da44f059d7fee151272155d35899ced0b23ec40742d0f7ac1b,86,72,66,76,True,,,
BigCodeBench,BigCodeBench/221,15b8a55062066d62581f6dbb35880e91596af9a06f78744e21530dcce88606c1,169,110,89,114,True,,,
BigCodeBench,BigCodeBench/222,685204166eb782cbf39580964c1f8b3984e8695e2d1fbc8b5d3166f0200b630f,105,73,65,75,True,,,
BigCodeBench,BigCodeBench/223,cc088aa441826c263a1515aa1c99c309e5344c8e65cb19799fe52dc69efb2c4c,152,99,87,112,True,,,
BigCodeBench,BigCodeBench/224,74459bf7769371197147138d8c14a74091d6dda3a50a53b922a0e62d21775ea7,248,181,142,186,True,,,
BigCodeBench,BigCodeBench/225,f1ed879d6ddf9b5e42d20892ea0bf4f186b7462d5970f7e93fd2467d67988984,123,82,64,88,True,,,
BigCodeBench,BigCodeBench/226,d582e10c0d783a0f713088722a315b1d56ced7bb505e4c0d8cf48c851beb27ec,138,109,90,111,True,,,
BigCodeBench,BigCodeBench/227,9cc718cc5e0c525ffbf726bedc76823122328d9d91d0a19e01e40fb0fe2a0c70,247,157,148,161,True,,,
BigCodeBench,BigCodeBench/228,9adb4122fac82c4de0d66aa5ca1be565185384e5d7d815cfa7188f8129dc1c36,120,80,67,85,True,,,
BigCodeBench,BigCodeBench/229,286aed76081c2ea5688b602ceec3203a4652939e2bf14785a9ab75eb35fe64d7,193,147,112,152,True,,,
BigCodeBench,BigCodeBench/230,d46a73e574d6eaf9babd6cb1a115db00fdf4bc66dc37f3c82ab45eecc0534545,173,138,130,150,True,,,
BigCodeBench,BigCodeBench/231,9bde9ad84bdf0d70c4dea814daaac06f51843ca50f7a399a8fa7f1f4963d64e1,274,184,158,187,True,,,
BigCodeBench,BigCodeBench/232,030ad2f19f4a50f9724dcac78138b05c12b8b4c4e4a456032725c76db951deb8,93,75,69,80,True,,,
BigCodeBench,BigCodeBench/233,f0f0357ccdc89a141a2d86d79ee313a2ed829fa895c701ee0a66b41b24d54e56,161,110,88,121,True,,,
BigCodeBench,BigCodeBench/234,ca5aff31d1e0b5fe5b88ff66da2f79d9f67034df7f7330bf2f5c12dc6a06f134,181,154,148,157,True,,,
BigCodeBench,BigCodeBench/235,e1254526c6e190b5e3d600c42aca0fe43ac1356b5a2ef588881e4f817b593aa1,261,187,161,195,True,,,
BigCodeBench,BigCodeBench/236,03e59ab4ee266d01c9064278b8d48cbbe0072729908ac944fe5cdc17ab5ef210,166,124,132,137,True,,,
BigCodeBench,BigCodeBench/237,a12b15dcee1158aec1a36f5e64d15a909fc0841f5aefdcdc9ebe8b33886eb401,169,113,100,123,True,,,
BigCodeBench,BigCodeBench/238,d08a07b5e9b7301596f2dc3d29862be2e1cf9de940ea986567e4eb0e969baaba,128,105,135,113,True,,,
BigCodeBench,BigCodeBench/239,883c95acdf3fe980ce43a4dcee0f3574aad89673f12ec9179d33683016a5c150,215,142,121,149,True,,,
BigCodeBench,BigCodeBench/240,99be109e7d4351b0939dc2b2057669ae6b2b6ab24573100784e8099d7505348e,81,64,53,66,True,,,
BigCodeBench,BigCodeBench/241,72bd8bc3327ab37bafb4fcbabd8e996903093430f48bf66f5e4505c808502b4b,139,88,75,88,True,,,
BigCodeBench,BigCodeBench/242,f7fbd5ed83ecd704c03df781c4311e31534024408f2634fb08181d8cf5b009de,214,166,148,169,True,,,
BigCodeBench,BigCodeBench/243,8326e7dffb4f164b6b16dc6c8244646667629ee959d5cbb0e73b486e306d8d1b,104,80,77,87,True,,,
BigCodeBench,BigCodeBench/244,655363a18934fb7538a1fd911c85c2a6cb63821e86e9b728037449067210d305,92,68,58,70,True,,,
BigCodeBench,BigCodeBench/245,fcda948a962ca5c1ad787a54cce0808cb6982c220e0dcd2124227a6642e6b9af,126,102,80,104,True,,,
BigCodeBench,BigCodeBench/246,8f85b66331ffbd3b271764bfefd545d4b4b85019fbdf45f26affa72fc541115a,154,108,86,109,True,,,
BigCodeBench,BigCodeBench/247,5ac80e3654c22b1dfd2e228a290007666e79d88e97ebeb7681c08e798cc9c6bb,146,114,108,123,True,,,
BigCodeBench,BigCodeBench/248,99351aea9e2f6ad71ee18dd5d559337a93787e1847f63ed63abcef114df2429e,107,79,65,81,True,,,
BigCodeBench,BigCodeBench/249,0f3a56df67f5c2165fe84b048569fe5aea44ab876800904aefebe414db7e84d5,109,81,71,83,True,,,
BigCodeBench,BigCodeBench/250,a04f14e0fb89a23dd6ae37c84022cad4705c6725617ede43b2fb9cbc55c1fdbf,114,86,60,88,True,,,
BigCodeBench,BigCodeBench/251,8a2c9be9c225bab2639ffa1f6bce2d440bcf4829519d48d82e1e0e59b61af095,133,109,90,108,True,,,
BigCodeBench,BigCodeBench/252,c9ec73f48e8824d8b75c0ac06a266fbb07581b7ff39bc7014c284db196575d12,90,70,71,72,True,,,
BigCodeBench,BigCodeBench/253,3cc5d213d4ee06b229ce993d040330da7874258ea8e38b2e096755750a0c5352,108,79,64,81,True,,,
BigCodeBench,BigCodeBench/254,055b42f337adaa27b85c7210a566f2487286ce207111f6f4895d198391e703dc,66,29,28,33,True,,,
BigCodeBench,BigCodeBench/255,00075832b22f15082158c7359e0b565570b6530e58a820ddc7e2fadea80ec2cf,110,89,78,95,True,,,
BigCodeBench,BigCodeBench/256,1e0b02a9c7953f0e828caf6677f4f6e9ee0c9f58eb1ffc963b258f45fa5fb3ad,232,135,112,141,True,,,
BigCodeBench,BigCodeBench/257,d32553af7157dd46ded78f40fae7bfcec653a22b512a44a410b6c0ad136e4f8d,67,51,44,53,True,,,
BigCodeBench,BigCodeBench/258,5496ad51e57f24279ad4e0b889fc823d37586959cd57c2bb87bd5d30a66425d6,280,179,198,213,True,,,
BigCodeBench,BigCodeBench/259,a4703386bdb5da60200dc2c5c5aa9d16c698cdb4cc1ac121238fb9a28f3e8e09,85,67,62,70,True,,,
BigCodeBench,BigCodeBench/260,4e9689c7e1c8b3eaa7d546e187dda5c04d550b0cc5a3383680682acadaafcac1,119,87,67,93,True,,,
BigCodeBench,BigCodeBench/261,44424edea095db9f55fd6bb91907d9a215bdd684e89fb900b3df1c15b39375db,101,83,66,88,True,,,
BigCodeBench,BigCodeBench/262,a876ae280aa1ea97cae34a326af884d88e7028d105e4c3a74dcc8692bd328c8e,108,71,74,77,True,,,
BigCodeBench,BigCodeBench/263,3b44d799c6e110517deb7b41cd6c6ecb992ffc3d8ea262aa5a7d16046a5dcfe4,140,105,87,110,True,,,
BigCodeBench,BigCodeBench/264,b1dd3ced8200277fac6284dbafaf436c6d26ee94f77b55c42750debab899edb2,158,95,79,106,True,,,
BigCodeBench,BigCodeBench/265,d8ab3a4d5cfa1b8a33937940465d32389d3201b85a3ea15814c9f98b78017923,138,66,48,72,True,,,
BigCodeBench,BigCodeBench/266,819e5bc53ff8c2778bf29e94550d37649e5900c434390f1b2c5dcd589809765e,145,110,91,118,True,,,
BigCodeBench,BigCodeBench/267,b4d38f31a54c985fe5fec4842ad137bf6d125f240dc7eb056ad139490a3b66c4,191,119,107,120,True,,,
BigCodeBench,BigCodeBench/268,e1af37c30cf76c530e72afb7eb9b8d00f30b5cc39f74c5930ba3236a24d67b3c,100,77,66,77,True,,,
BigCodeBench,BigCodeBench/269,7900eef4bbac9d07dc6cfd51555692e97ee062d90a1e147dd396f0466454eb73,236,149,135,152,True,,,
BigCodeBench,BigCodeBench/270,4bc2f3b424cae42f15c4e180efc158c8a0ca0c259cc39dcd1aa99ed4d180072f,36,31,24,32,True,,,
BigCodeBench,BigCodeBench/271,9bb4c66fd08d0138a5f32e502a0c01f6067948655e3bfd2c9ba821a6223f0750,157,88,75,86,True,,,
BigCodeBench,BigCodeBench/272,f1f45e180a72bf8d99b5628898760fe1aa0830b0eac7371eb995f374bcc5da5e,287,184,150,200,True,,,
BigCodeBench,BigCodeBench/273,e9a052c6c5a3832e1e5db7a2aa8feb1d7952c002b80cdf630acb7a09dd049b50,235,177,154,202,True,,,
BigCodeBench,BigCodeBench/274,04b633467a6de7afd486d29752002546242f7badf42af33b4f24b648bf0138c3,318,253,218,270,True,,,
BigCodeBench,BigCodeBench/275,54943533ee819c7b579883da480aef98bbbbf9a8ee953eb42fb5a23fe1151025,60,45,36,49,True,,,
BigCodeBench,BigCodeBench/276,263851dd60d41fd5378a2f5edf97d9026c072c528adf141341d9c8e6e8b31784,152,108,91,110,True,,,
BigCodeBench,BigCodeBench/277,06c156b7ddca30f37b5a084ba855c097c37c4c3dc963d5f3690876e186339eba,93,77,59,79,True,,,
BigCodeBench,BigCodeBench/278,dd2d93fc1fe22004b0960f6b8363ffecc4232c68b575da4bd067105d2c713510,133,106,83,110,True,,,
BigCodeBench,BigCodeBench/279,0ee90ed20e4cec34f9457c178026cb0915875b99c6f8b78b97b555238502e93e,107,73,62,76,True,,,
BigCodeBench,BigCodeBench/280,2656d40257b5f3804d1faad522e1517b3f5b58acb6843d0425755df15ee52bcb,139,101,86,106,True,,,
BigCodeBench,BigCodeBench/281,ff5952b0c573ea08b404dbdb8800e74dac78002466d5ea08f7203497fc10f684,118,101,65,103,True,,,
BigCodeBench,BigCodeBench/282,404ddedac4331cdee3278e0230ce93b1aa88279cfb10d9af03d6295e808ed5f9,164,130,111,133,True,,,
BigCodeBench,BigCodeBench/283,bba0d776cdcf45d39ce75372a179a1fd5fcd2d00526df90fb6a49f74afdfa5ed,102,80,60,84,True,,,
BigCodeBench,BigCodeBench/284,88fb5f5d34113adb9ee03ca0f95b46930cf9efd97a40829119d97e6567fd650f,75,64,52,68,True,,,
BigCodeBench,BigCodeBench/285,cfb145c7d3e85781452e9f30d536137034c6f3c27faa9a4cd6c185d3caf4999d,91,75,63,79,True,,,
BigCodeBench,BigCodeBench/286,febb409d4989761c7cb1eead83e7aa165af13065f786c0a310dc30ee4f9bd31a,167,122,90,131,True,,,
BigCodeBench,BigCodeBench/287,39fc69033b66c7e4e774bac490b23af67fa16532c5f9b035f32079ad2df13dcc,123,88,54,95,True,,,
BigCodeBench,BigCodeBench/288,e674701bc12e3653668f538278fd78a88847e4180d1d14d9f03b20405906cab7,100,70,46,78,True,,,
BigCodeBench,BigCodeBench/289,e270497a5f0a10e1ceaaf1afddf63bbb4b19ebfb8be26547f360f4dc699ab4aa,202,150,170,156,True,,,
BigCodeBench,BigCodeBench/290,f2702ef195bed4011ed276b507480b74b039cf0084c841867587e5ceaaa88f71,124,102,92,107,True,,,
BigCodeBench,BigCodeBench/291,dd92084668314fddc540753809da8337385521d61c6b952e5173acce7ed183d1,108,63,57,65,True,,,
BigCodeBench,BigCodeBench/292,77da32f5a1952447e9a4ddbfd9ea20b17eff257e03c0032ed475b7724beabbfc,140,85,87,88,True,,,
BigCodeBench,BigCodeBench/293,799286366b45a120965ebe04a42221f199b564d9ffdf3c4f15d0f9636823a62e,96,72,64,74,True,,,
BigCodeBench,BigCodeBench/294,5e66bffdab8216923c9ec7cf593ce63137e3004aae62a8067e0ddf651e84fb5e,78,65,72,68,True,,,
BigCodeBench,BigCodeBench/295,435ae4bd26edf67ace8d3ac4ddfc7d5b188e6ef735ef96f890687b155c356b77,81,52,52,54,True,,,
BigCodeBench,BigCodeBench/296,60108765b0fb15fdccc9e6c0003659cad6e795521fa30e42f7fd8ac586a0f9d5,86,70,60,70,True,,,
BigCodeBench,BigCodeBench/297,cfa35e361caf945d69596b8fba8c18ac79dad1a38f806cd3e5a44ae4f281eebc,47,37,34,39,True,,,
BigCodeBench,BigCodeBench/298,13a71510a27bc6c1cdf5e1a764691ad0e56d3e4a9f89f6292e33e484b04ba9a9,152,128,135,138,True,,,
BigCodeBench,BigCodeBench/299,660986f0574801a39fd1a9eddc542d723a2e1e4093c317384cc8f11bd910042e,119,87,73,95,True,,,
BigCodeBench,BigCodeBench/300,bf1ebb5e57bc110ecac00921cdec0e762b71204541f6bfcafe2d2fe06bbc2842,136,118,105,120,True,,,
BigCodeBench,BigCodeBench/301,f1cc6c2e911031084134ee00231a8b504ed2bf9b541e16fde9336150459c3ff1,182,137,129,142,True,,,
BigCodeBench,BigCodeBench/302,d6133ac740b42532463fee11541c608a6e23313f49d08063cf91291f59da49a6,167,133,117,147,True,,,
BigCodeBench,BigCodeBench/303,e93cbc6270560514dd67e2c187cc0d6d131d017df563e9d941fa7194c380b636,192,145,128,150,True,,,
BigCodeBench,BigCodeBench/304,2dcb23fc63be45e5227d22db726418a73864ea576d5dc637b69badab7740e186,186,127,130,133,True,,,
BigCodeBench,BigCodeBench/305,a78fb04826de443b4827b4f7d0e1b95cd12d93a90fc237355c526ca78f88a726,93,65,75,74,True,,,
BigCodeBench,BigCodeBench/306,f1bc152b45be4f77e1afa1ed86bf122513a9b4e820d6731d2ff38b410bb59edc,197,137,101,142,True,,,
BigCodeBench,BigCodeBench/307,f92b6395b94ff126825dbf35f2fc19c1f12186978154c3bd93b7835a9d947e95,97,68,55,75,True,,,
BigCodeBench,BigCodeBench/308,9deb1b68973adc4777514e472289be18efaa9df11548b9760525be1e55c32290,197,115,111,117,True,,,
BigCodeBench,BigCodeBench/309,a407d8ecdbc4210f2728df8e15c29a767af885596675ec93050271ecbb587e0e,159,100,82,104,True,,,
BigCodeBench,BigCodeBench/310,f0b522f2c1deda0249d92bf1ea61b47e072ee42bf763b93e1ec94a423638c07c,190,150,124,155,True,,,
BigCodeBench,BigCodeBench/311,6e84acea65cf24942f1a3a37a53cc8d28317e98bd6b2e077984a65591732a544,109,84,67,86,True,,,
BigCodeBench,BigCodeBench/312,deb28fe50a48e6f033d62ad918a16edd649476771b21129e2bc4ad1c060f554f,75,59,51,62,True,,,
BigCodeBench,BigCodeBench/313,78c68397e484e866a8373c980b43757d54b225f51f265f72cf2d7836b59afb92,200,153,100,167,True,,,
BigCodeBench,BigCodeBench/314,c0f5c51d75aa8b856eb1100c371bb5b7adae3fb9aee11054864224de0c43f7f5,102,87,88,90,True,,,
BigCodeBench,BigCodeBench/315,2e1a6c1207b0317b8b0046490c37dba54720ad50f2ccd32e761781939f17fd02,202,165,157,158,True,,,
BigCodeBench,BigCodeBench/316,82b7a5140ae67250275df11377d7bbf428974874f0183adce25ff4af5ac634dd,79,57,51,61,True,,,
BigCodeBench,BigCodeBench/317,27d919a9755776764e01c0d7b6f4c67c58791cfed41e9747787faac81373731d,114,80,78,81,True,,,
BigCodeBench,BigCodeBench/318,0c85e08b44331a35fac549ebcf21c76b0fadce6e052ef25143b0032b64276668,108,91,85,96,True,,,
BigCodeBench,BigCodeBench/319,7adb48033851fe8bcbda5db7b25168da005267319e933dbd87d2399f89dccca5,140,96,87,100,True,,,
BigCodeBench,BigCodeBench/320,03d193040b710ad92ee6b9c8066574a4433bd1629d221dd6dc979950b8079ace,91,53,34,54,True,,,
BigCodeBench,BigCodeBench/321,a84195c1731a5a9e882add6b4cfc1cb4314f0678dfec9c81223e10720b2a4b32,215,116,96,124,True,,,
BigCodeBench,BigCodeBench/322,2015008c1b32366d966a63c915014daa90356ffcef9e4156b03dd157df6850bd,186,130,115,137,True,,,
BigCodeBench,BigCodeBench/323,125fb6340bc04390d1c70ffea196b1c0e244be3ce390d3664d6b3e84fb2a94f9,182,156,121,154,True,,,
BigCodeBench,BigCodeBench/324,d25d965f8004d40e549c46e98d8c3b8d2ba17344a7fb92267c3cc7987b4ffa4a,134,72,49,71,True,,,
BigCodeBench,BigCodeBench/325,3d8d3f689529c970240ffec07f0359c3313e172cfc4828585e7032db2840a23a,125,85,68,86,True,,,
BigCodeBench,BigCodeBench/326,e0ddc963d6645f99fba93a944d43a68747e26340fbd3756eaed7738a5fdbe211,123,96,67,99,True,,,
BigCodeBench,BigCodeBench/327,8dd5875b58dbbfabcc41b50af9ac89f978d5e7651ca41cc5fa4cf550bb2a5116,90,76,56,77,True,,,
BigCodeBench,BigCodeBench/328,e41c8052df866ce12757f00378edd271a4411a4bfdbcbeb1c8e0f29f13abae41,165,102,83,106,True,,,
BigCodeBench,BigCodeBench/329,45cae6fbf3405955a399c1d32f14b36373ee4978f7d5ae6ea17deb71c2111bdb,86,64,51,66,True,,,
BigCodeBench,BigCodeBench/330,0a9e5fa473e27161299c2e99ecd8b3156a989d98b0e3f4b844d13f2ea6398ec0,62,48,37,47,True,,,
BigCodeBench,BigCodeBench/331,ea1f19f915cafa31474f5ae1597c119a32b9855c48e81424985b6467b500d013,72,52,42,53,True,,,
BigCodeBench,BigCodeBench/332,d619260ccbc89b3b7a230035106f587a23ed09d85666e338de2aa749a334062c,78,61,53,62,True,,,
BigCodeBench,BigCodeBench/333,e847ccd35acb28e984a17a977d47b0dc981a74306eae485a6be103b2e84cf2c7,73,55,42,57,True,,,
BigCodeBench,BigCodeBench/334,3987dc290179de2314910caefe7a15794f5e1c4bd8d23a2c3dad34de42109f91,80,60,67,61,True,,,
BigCodeBench,BigCodeBench/335,87c8051b44510b6b0575c0bdd0c2ab0f1a56fcd57fb6a166cb3b1c83a6e838ec,133,103,87,107,True,,,
BigCodeBench,BigCodeBench/336,71901b5f1ee1586d53641474da17b0681396e3e4c646c6dc98b21cbe86e58c6a,93,75,49,80,True,,,
BigCodeBench,BigCodeBench/337,351d2db7d254085039f7063ac946fdf92abc739e94ba0839b60a43e9b77bc7b2,232,145,137,146,True,,,
BigCodeBench,BigCodeBench/338,e80399916eab55d9bc68a13f25ce694493489cdcce2e04b84e24921a73407237,166,105,85,106,True,,,
BigCodeBench,BigCodeBench/339,fadb44b1d4d4418a6e717c68b9b871a64b992193045705e668d5a96d4ba6414a,151,73,54,79,True,,,
BigCodeBench,BigCodeBench/340,644e20d50b5527f4bd5cecf9c4d56714c741eb97f0dcc17099c9298058270e4e,126,55,42,57,True,,,
BigCodeBench,BigCodeBench/341,468b7a614be1b3a9edef7e54183767e6f77f7d2f0db3795c137ee87c0496db46,210,154,138,163,True,,,
BigCodeBench,BigCodeBench/342,689d537cc640b304e4fb8d78e2c8b99819deb10295ecd99522d9b61a3082ad3e,145,73,53,72,True,,,
BigCodeBench,BigCodeBench/343,4ebf501285e5941011e1b0642f3137072b0251559b034b491a60f267c1b82de4,168,103,94,107,True,,,
BigCodeBench,BigCodeBench/344,0d7d96b31d90578da773dc5b35110fe2cca2db319d7d97e4275f0f296fa73e62,122,89,65,90,True,,,
BigCodeBench,BigCodeBench/345,b7657893b49923718bcd0e2176ddda4895a577e3cfc57d2ea2ae29c6e724e873,104,74,64,82,True,,,
BigCodeBench,BigCodeBench/346,14302674d1d37c378eb13084d66fc9524acb44d888b1709a3de522d0179096a8,166,104,76,109,True,,,
BigCodeBench,BigCodeBench/347,e65c4173e6b934843911d130da7323988132c8b090aa179ab77a20efd1e478a1,80,58,60,60,True,,,
BigCodeBench,BigCodeBench/348,f2f40c81897c239af9572e8668fe9951658679a23d437366710eb81950bf1730,129,71,54,68,True,,,
BigCodeBench,BigCodeBench/349,774dcb4e4392a7fa81461f49c32bce72522244470b54bf2af48b185f656bbce4,109,78,66,81,True,,,
BigCodeBench,BigCodeBench/350,a9b6b08ab821421f1337f54d7e916b627dfbf2a82c4b26e08fcc04b794b26d45,280,201,151,211,True,,,
BigCodeBench,BigCodeBench/351,96ff17510df653b6525c073b6f3d477e65bba5832f4f3ca445bfdaf5b904e49d,121,86,74,94,True,,,
BigCodeBench,BigCodeBench/352,f2be7c0ad8d664c538894bd79e2f76a2a989cd4605064264e6c7bddd7d950a6b,133,103,86,107,True,,,
BigCodeBench,BigCodeBench/353,026d6ff8125998b490f53ceff2dc2ce2bca55f9d1d2e7502ae959319b2072103,136,91,83,100,True,,,
BigCodeBench,BigCodeBench/354,c8847945b1cd327255c5d443344fdeddd54aad881e09ffea26214ce44f3ae0dc,124,95,89,98,True,,,
BigCodeBench,BigCodeBench/355,c1952b6e43642797943dc65c175dd585b8d8d14acacb202f5652734ddd27fe68,173,122,116,126,True,,,
BigCodeBench,BigCodeBench/356,d264d9a4b4cb3cd865baba2bbe2945eb5b3c51c082233ae85dc7791448d448e9,271,204,160,203,True,,,
BigCodeBench,BigCodeBench/357,9bb5f66bd4942b6b6fcd30792c26a3532bd3c4802cc7844504a79fb5bfaae55f,138,98,81,98,True,,,
BigCodeBench,BigCodeBench/358,a00baa721aeb205b15041325b35068bfab4ad50581bd65fcce944bdd8aae870a,72,40,32,40,True,,,
BigCodeBench,BigCodeBench/359,e2a705850d12610e7790f66fbde146af19701da76541d8986ec141496b9d1bdf,76,58,52,63,True,,,
BigCodeBench,BigCodeBench/360,93fdfa04c4985031bb02573d7a2d1e9a4ca47cb8b16e960531b41bdbd0e321c5,177,142,126,145,True,,,
BigCodeBench,BigCodeBench/361,92ec0dcae66b2893fa254389057dfd9421d948c0c0a978a2b1d55be06a466cc8,215,163,158,165,True,,,
BigCodeBench,BigCodeBench/362,8d90afa13bc1ec45177567f3d7c31439bd87a94d7afc0370513aefe041b39953,152,99,99,103,True,,,
BigCodeBench,BigCodeBench/363,c4cdd4c5316e2e10b16ccf3859a02c662a6a277d3d5ae79b4ac0e7c52600e6d9,110,83,78,89,True,,,
BigCodeBench,BigCodeBench/364,deeccf3b756b0a62dbb1daa01eeb39b43b15bf591d23f66df20ecaa01ee1919d,141,111,111,109,True,,,
BigCodeBench,BigCodeBench/365,823de4418e9ef73e5d431eb9e273015b7bbdc3f3ebad1c3f7e7e44048a0f3c5a,135,105,93,109,True,,,
BigCodeBench,BigCodeBench/366,09fe1822039d7d1c677a1a7a546282460ff333be6568001807c2b1b974dd0459,102,71,75,74,True,,,
BigCodeBench,BigCodeBench/367,35ecbcd0a86d72cf7f0ceb6ce4867d9e15b515d5a73aa59e36903bbab313c8cf,178,128,126,134,True,,,
BigCodeBench,BigCodeBench/368,4c17fc0040be1a907ec93c9bcc6f6836446cf3d5ddc7c7e525d704d897ddedd1,160,81,65,79,True,,,
BigCodeBench,BigCodeBench/369,86984831739ac61db4108b8539b57e6f74afe339b91f45f651346dddb648d756,143,110,103,112,True,,,
BigCodeBench,BigCodeBench/370,9ec790b7f531b9d441707941e3a2140edb2d6b424fa75ed8ffa94ae265466dfd,166,107,78,111,True,,,
BigCodeBench,BigCodeBench/371,1f4afe5f92d194d1b80071bd7c6e59f5d10e70de4f76de02eda209eb929cb21a,56,42,47,46,True,,,
BigCodeBench,BigCodeBench/372,944ecd6f70ef99e789c043cf228885c82ea3e61480a39adb2de1b835bc7ef62a,110,74,59,77,True,,,
BigCodeBench,BigCodeBench/373,7c55715ff99e35a4460bf2a7d9e8809949efbcb874c62200f1df3accb5dcb295,136,95,94,100,True,,,
BigCodeBench,BigCodeBench/374,30c1d43d3f6f4d86cd1b5fdee32265f462d6f6533962dc4025529dc47be8a955,170,129,108,141,True,,,
BigCodeBench,BigCodeBench/375,9a19899506afefb0557811e02bd7bd11dae9783d640249033a9e7c7b7a3ecb96,100,79,85,80,True,,,
BigCodeBench,BigCodeBench/376,9316ba48325c17d14994aae68bb213d18965cc24378c91758a17f30ef1642e56,76,57,57,60,True,,,
BigCodeBench,BigCodeBench/377,f20d0f3fd3e5a70907e10ffa540634fe55cda4d8e0667b8edbbd7291228cc018,104,82,84,84,True,,,
BigCodeBench,BigCodeBench/378,d84b78f323942d7dfcd0162ebe6a9deb93b6761a6b29a7236f2597f91b38b8fa,221,187,136,186,True,,,
BigCodeBench,BigCodeBench/379,60a0140525611e3cad43bf6ecb65eddd56cf1be4931dd478f01276ea15cc5048,73,54,52,58,True,,,
BigCodeBench,BigCodeBench/380,a6492e4dcbe3945397e3b291f93208128393fbcf87e599dfc3ac25b7e696077b,80,62,39,73,True,,,
BigCodeBench,BigCodeBench/381,e1f1911333a15556af9934fa43b82ac2e963a5154f1ec62c1d1cc819f1b5ebfd,246,165,157,168,True,,,
BigCodeBench,BigCodeBench/382,b0ab08ae8c034f2b3b63458777c1cabd49e0417ab0f67541db167c83c31e60b7,117,84,75,87,True,,,
BigCodeBench,BigCodeBench/383,d5ce252bf6bd0fff9f72f6366c5dda36ecd06bfd23652fe108b92aaf0bb0affc,141,104,99,106,True,,,
BigCodeBench,BigCodeBench/384,41fcd01ae539fd9e3007f6eba2a9cfa999ac7d4751521565ff62186104e1fdd7,193,154,143,163,True,,,
BigCodeBench,BigCodeBench/385,9c049cb16f0fc75882bae8e1d17f92a272ce3778792ddb95b69fe93e62c71d90,133,106,110,111,True,,,
BigCodeBench,BigCodeBench/386,ff7b967a7509c977c658d2907bde0a6d6ba31d7552b520da4e96f7f64a8b9126,129,79,74,81,True,,,
BigCodeBench,BigCodeBench/387,e8115dedec89b6f2ad5e9ba591ef6aa77c2546d36624d4b3f3766d2f12ebe8a5,195,145,138,151,True,,,
BigCodeBench,BigCodeBench/388,6056586001bf38e59d882a2a50ee1faffe305a4a20bff64ca63f45a1472dbbc4,75,59,47,66,True,,,
BigCodeBench,BigCodeBench/389,2231d18393306c0c0b11b30259bce5e95e3e709893fd4f212dc2cc7634b47c93,104,87,67,90,True,,,
BigCodeBench,BigCodeBench/390,02462918643da1471272cf8e0e9daf003518226b7a8e05209a6ddc1d82862ecd,119,88,75,93,True,,,
BigCodeBench,BigCodeBench/391,ffdf2a1a4eed3541e6628c80ceaa7057cfd1172ff583c497af9018fb9a458f07,122,92,60,93,True,,,
BigCodeBench,BigCodeBench/392,e1be511c6e56f1ec3b1dca06255bdfb6212ce98eb464a5b0f8396bf96ba7c116,242,129,118,135,True,,,
BigCodeBench,BigCodeBench/393,ed2fea01fed8481109697c12972a7920619f83429ac12421a4202ad36c773f82,126,101,92,104,True,,,
BigCodeBench,BigCodeBench/394,2448932c4b0a6987bbc4f8e51163811552f7d4f48094f3811910f56e4518bc47,56,43,33,45,True,,,
BigCodeBench,BigCodeBench/395,fc16e60b4ceffac1b1d105a84904b4112eb4d492c8ea87a6f4460244a084bdd0,173,140,114,151,True,,,
BigCodeBench,BigCodeBench/396,9c31b89fdf145fd26380e4252e40523881dae24e50e1ab150b07c1ddf427811e,116,97,80,100,True,,,
BigCodeBench,BigCodeBench/397,5200bd855c96c209ba48f67d8ad6dc0ebf7066444ae7177ebdf65fcc449ab86c,100,76,60,83,True,,,
BigCodeBench,BigCodeBench/398,e6bcc9882f379ae80122297d7323bdda3c43307787b576f2dcf8dea641b59435,77,60,32,70,True,,,
BigCodeBench,BigCodeBench/399,f5982be8307f0cb4f87b0a35d2e12d6745b1ecf67f267e0172f1d8251dbeb09f,146,111,87,115,True,,,
BigCodeBench,BigCodeBench/400,47cdc109fd806ed5ba710172dae20585edf0cc8e5cd07f5c4335da0f2effe8bf,109,72,52,76,True,,,
BigCodeBench,BigCodeBench/401,ee8bcf9752184b665ae5b65073afbaaa82fe0aea913393b8376d0a9b9833b98c,188,156,178,136,True,,,
BigCodeBench,BigCodeBench/402,3d84d518362d6d6e215923c9c2dd41ac446fb28cafe1b0a5585268cafc5ad328,108,84,68,84,True,,,
BigCodeBench,BigCodeBench/403,5d536c8ed0b412e8357753371ee0f37486bcb8fa74583b9c27bea25770f0214a,115,97,93,98,True,,,
BigCodeBench,BigCodeBench/404,e6a9e1b1910bebc70c7650bc64a1ba5a80ed690f68fe10fb428f7646b80b842a,104,81,78,81,True,,,
BigCodeBench,BigCodeBench/405,ad4b38376273107b5b91eac23b9457f623ffef3cf145cd0b75440c3c1586ce83,55,42,36,46,True,,,
BigCodeBench,BigCodeBench/406,ccf2dd23948bb33b939e0b8e417cf21cac51d7dfe6dbc790391bb98617a3b168,178,119,99,120,True,,,
BigCodeBench,BigCodeBench/407,06967e95bbcbfa28cefc8b71697aab89811e5a6e2e8fa9e79dfa3b2ecb22005e,196,147,113,150,True,,,
BigCodeBench,BigCodeBench/408,e412d681edc74283df4570907cb82c00ebea2d7e8c9a40f984e9cfd43ce8e05f,46,37,34,33,True,,,
BigCodeBench,BigCodeBench/409,cb8917d83815c8af1ec84f374bf0fa15dd74d62697738d055e6f81b38ffdd2e3,147,116,91,117,True,,,
BigCodeBench,BigCodeBench/410,2e6ee201440fa8d4199ca9920c8c44b89ab3094f6668659b706820ea310bd4e7,229,178,144,174,True,,,
BigCodeBench,BigCodeBench/411,936508bbaeab0ae110e700356dda1b7ef374c9f18d532eecbbab59ec3ae0acb4,115,64,57,63,True,,,
BigCodeBench,BigCodeBench/412,512e8282bdb165e22f31be103d854f4cfc6696d4ce0c96ce35412891a56804d2,94,71,52,69,True,,,
BigCodeBench,BigCodeBench/413,a768fd2dbbc039e900f50076ad93650de8f6ee589a87f39c300d51d92b8a7153,175,142,164,127,True,,,
BigCodeBench,BigCodeBench/414,f389375598859ec297d03dfcf845095a20d504d662040a0daf34980cc97e3fa4,93,63,54,66,True,,,
BigCodeBench,BigCodeBench/415,ff0e230281e885007c398cfcd9515a2b67f2d45290db2f5267baecd59fbcbed1,95,91,72,82,True,,,
BigCodeBench,BigCodeBench/416,788943cded5bca0d673c316cc2ebf6d49e510e3b0db0734e19965844e6b7becc,71,57,53,61,True,,,
BigCodeBench,BigCodeBench/417,9e332f50a03de83de35468a2f0f8c93a4a120ff3a0d5aeeaebd8df967c5076a2,217,179,198,180,True,,,
BigCodeBench,BigCodeBench/418,7379aa15f7e50b7d4fe6ee21c8e9a121cb4be476e899bbcdf988105644a565bc,284,207,211,206,True,,,
BigCodeBench,BigCodeBench/419,20b77dea8e17c9c9d9f2cf62c0c1a880d01fc6c9ec05c2712b6bfae6820f7cd5,262,188,202,187,True,,,
BigCodeBench,BigCodeBench/420,70dc3dcfabfd3cec72c2e41662eee14314616fd0930df5a084ff392ec66949e1,176,103,85,106,True,,,
BigCodeBench,BigCodeBench/421,e47b16c2422075e4e1a48887bd6b59634d721688a43c17f728e3457d18f6879c,147,101,62,107,True,,,
BigCodeBench,BigCodeBench/422,b6d7b55e7cff656df1eff666567794bfca8ba3dff94e6b1047bf15cceb62e200,134,80,82,85,True,,,
BigCodeBench,BigCodeBench/423,240482315508771b794ad4dfd711b0b975ca928944745fa86563a5620eadff70,126,106,92,110,True,,,
BigCodeBench,BigCodeBench/424,32be147f64e0a4334156df0f2373b7b051b3dc2aea5e76b614c1f4a6a7eae88e,325,228,180,234,True,,,
BigCodeBench,BigCodeBench/425,8329351831f7dab10d8565941a20c7dee47ea549e55a628452485ed8aa0b1d44,138,118,121,119,True,,,
BigCodeBench,BigCodeBench/426,0ea1c03ffe2819d9f76ac59ac595bc041864e00e488a7072f8ad1c90459f6b8d,146,118,102,124,True,,,
BigCodeBench,BigCodeBench/427,e08dfaf79a2729132e4c140431c5d958af37ca43cfa012858f3c315c2c9474e4,212,157,153,159,True,,,
BigCodeBench,BigCodeBench/428,06ae9597339bb9decc757b3103e38918dae7019fe4b1b9fc38acb7c6ea0638bc,210,106,102,107,True,,,
BigCodeBench,BigCodeBench/429,0ab14d9e2d7120c886bc9296ec148fe8d68bd8279fdd4bdf4f653cdc0c123382,178,114,110,116,True,,,
BigCodeBench,BigCodeBench/430,aa4945ddea3cb1ac75704689dabfdb057c2d6e14d4b78fc13d24ef2ec3cb58c2,131,108,103,113,True,,,
BigCodeBench,BigCodeBench/431,0969083186b5c423ae133908c03c209a710613d8081ed1ab9cface508dfa04e4,101,83,67,82,True,,,
BigCodeBench,BigCodeBench/432,2ddd0cb4cf322e9220590a338167753b641bc5d53007bd0e3b1acbae2f093969,103,84,85,82,True,,,
BigCodeBench,BigCodeBench/433,47ba3fa1a2c68939b90a2f9911f9cb6768aedb928c24d8d2cd442cff70ec2e1c,70,59,51,60,True,,,
BigCodeBench,BigCodeBench/434,f01c94ed2bfb60a5820976504b7b0fa5e4c7a41521b8ec2c08539e619b3f6907,239,171,134,176,True,,,
BigCodeBench,BigCodeBench/435,0863950d861d09837f77e28e639522578fbdb0e64e4630b68d6f4386a4fda6af,175,117,124,113,True,,,
BigCodeBench,BigCodeBench/436,af3ea1e11e6a3e5ff24b58064f24f858efd177225fc2d9cb1ff64cfaa7c507e7,109,81,74,83,True,,,
BigCodeBench,BigCodeBench/437,ba77509aeb402a0dc153084d035ee98f7e8a8ca989fc05a9331c761a5d48ad49,66,50,33,53,True,,,
BigCodeBench,BigCodeBench/438,95ce1701a60dca1ea084f3d3b6f5a80461d554e0cee6ef5a5838584c07375690,121,91,67,98,True,,,
BigCodeBench,BigCodeBench/439,6ff3cf699fc1bbfa0ccd916ef4bc6f9929ea006914f5fc73b426d3e3753f62ff,110,74,60,73,True,,,
BigCodeBench,BigCodeBench/440,3d750c2617568e28b72d3c225f921b769445880d521a60f2adf2420edcff4178,185,150,129,153,True,,,
BigCodeBench,BigCodeBench/441,281b569962f2e00e070594d108da4d7b9258fcf6134a29a55c05c4333e453299,148,88,75,87,True,,,
BigCodeBench,BigCodeBench/442,575e30cd3e40d42f494d18a428af6df001c94435391a23df01cf70708326f86b,215,171,154,169,True,,,
BigCodeBench,BigCodeBench/443,ebed6183fe0b2ba022802f740b00897c11d721f4d65b0a43e429dcd55df36eb3,245,163,148,151,True,,,
BigCodeBench,BigCodeBench/444,c65b65dbf7900314432eaf94ca6ce2f571e6aa795a2ae5e72de586e3e45bd4c0,86,70,58,71,True,,,
BigCodeBench,BigCodeBench/445,d2cf60973ef86267793f43dc9242d846aee0342343d43bbf4565c3cc1ab01bfa,178,137,113,142,True,,,
BigCodeBench,BigCodeBench/446,a98f217b3717b9bb268721cb2a68d4ea0fc06a6456918ffd3f208248a054c93a,101,77,70,81,True,,,
BigCodeBench,BigCodeBench/447,3b07d54be5e03fd7b90600bb38a448cd301335f7c0a5dfd2e8f0a56541c48afa,129,94,86,98,True,,,
BigCodeBench,BigCodeBench/448,b316d763d7084e6e5041794b6d07a488f4d54bb628b4c966789994d1c198b525,79,65,57,67,True,,,
BigCodeBench,BigCodeBench/449,d13b69bd4e48b67c81dda0d8af4a655165c69d9c21f3c3a3f913d99bf839d5a2,149,105,95,97,True,,,
BigCodeBench,BigCodeBench/450,3a5a7a6f9281c187b5623278f7aa89f559c268f69679702e5650e5c2532f5409,135,107,96,115,True,,,
BigCodeBench,BigCodeBench/451,524cff4a4ba5db30bb6c370b90bbf4b87684b68573012edfe893f4ed463a94c8,158,120,131,126,True,,,
BigCodeBench,BigCodeBench/452,16fc03d64e6119cd56751ef0d5fcfa9c5ee751e538d6cf75e7f72119e191362d,197,122,122,127,True,,,
BigCodeBench,BigCodeBench/453,fa4070c1130fcaf074299f1e5727696b66d891c400ba5b9eccda873f9dc5cda4,49,40,32,44,True,,,
BigCodeBench,BigCodeBench/454,78868c0d393b7f000e6fcc75c07278d3bc429e7ea626806d281b58501190bba6,149,118,83,125,True,,,
BigCodeBench,BigCodeBench/455,fd0f40d010f71360a58eff91d80f0ec04c63f5c95ba095c8f2abbe76fab7dde6,163,128,125,136,True,,,
BigCodeBench,BigCodeBench/456,6253a998d9dc04d372320e3ebdd3a96b6e9b658bc790ff7554598a9cc4ec82f7,125,93,97,83,True,,,
BigCodeBench,BigCodeBench/457,a537d08d7f6f157baa18547ab408d5fa0288bd997d76e83dd1b7c07aea17a025,94,71,58,74,True,,,
BigCodeBench,BigCodeBench/458,a0a6575f4885bdd7fc11c3e498390ab358951386fa6c4117c0724822e2e7dce0,246,174,120,184,True,,,
BigCodeBench,BigCodeBench/459,cdd6d2f19b0cfa1d85e1ac36b5bc6d0f4265d7726b888cda291becc8d13cb959,144,111,73,123,True,,,
BigCodeBench,BigCodeBench/460,16ce94e42f8b313eea25b9289b7ea11bda8e3b584aa09cd254cc0b352357c4a6,127,108,89,107,True,,,
BigCodeBench,BigCodeBench/461,e9399bb75b7078eb435d15b3a945c53871cbba338d6d4ca96d1970d1a8b77682,257,151,135,160,True,,,
BigCodeBench,BigCodeBench/462,eb03afe9d2e545cfb05242f16e18ed60ca25d696198d18c5d1b86c22980553c8,163,121,110,130,True,,,
BigCodeBench,BigCodeBench/463,ddbf381443441c35d96c72f6e2a1299a43cc521fc8a1869df945086b812bdf13,98,79,64,82,True,,,
BigCodeBench,BigCodeBench/464,467e56cf4ec241ea7db5b000d4fa2892b1e8bb8eeb2f853ff2f5272f0fd7213f,81,67,57,76,True,,,
BigCodeBench,BigCodeBench/465,3e21f7d6b6120c87b20213a3ee9e20280e434ef892ea559695aae2fc98b1879e,100,82,68,92,True,,,
BigCodeBench,BigCodeBench/466,9a8afc21bdff02f30f93b6a39bad8a272142ab467dd6fc074be7721147be2184,95,67,59,75,True,,,
BigCodeBench,BigCodeBench/467,893047efd11a148d047893ccaca911e69ca2ac2d915b8571d136c0432987472e,115,76,62,76,True,,,
BigCodeBench,BigCodeBench/468,4bd7525daa7dcaf0ca5629f8dd5d3298e584c373c269c2245140c97e6613d765,71,56,44,58,True,,,
BigCodeBench,BigCodeBench/469,fa12521a51c0ecce36bc10c661e7e96ac8add437d0dcc5150b1ccdf9271f2d4f,194,160,153,163,True,,,
BigCodeBench,BigCodeBench/470,b895a1e513b34157f5031bc82206fceb2d653acb517266bfcb7d5640ed80e2e3,85,68,63,70,True,,,
BigCodeBench,BigCodeBench/471,9442378e343b7cfeb6fb59e8990599451e006c21cbd51082cc1d86b6f0000c5c,62,47,42,51,True,,,
BigCodeBench,BigCodeBench/472,b872cb14f3c6247b25e6cd098aa7d59940dfd51ea5040a2cb2bd38f31b878e45,112,94,90,100,True,,,
BigCodeBench,BigCodeBench/473,1b1f5cefad4f9a6bae89779453f4887ce2e1d15c1eb40a57a5a7a17f6156bf82,148,114,93,119,True,,,
BigCodeBench,BigCodeBench/474,a694558c4d7617b27757a73ac74880bfb1775769028c8cc2fe63debe889e4dd6,176,143,119,147,True,,,
BigCodeBench,BigCodeBench/475,c1c1848601ae3d265c1cb53948ce0822ad7f521b6b3775827b43ebdbcbf6c13d,208,162,158,175,True,,,
BigCodeBench,BigCodeBench/476,09b20c02636706397c257f2f82f3843856fb0db7cde5866459a952ba9d3f1e85,99,68,66,70,True,,,
BigCodeBench,BigCodeBench/477,5c09ad591fc9c0f63968a0ecfb7fa946d5f6ee318e61eccd6899e11f4eb03523,207,146,133,147,True,,,
BigCodeBench,BigCodeBench/478,31d6937ad01a81625996ee1d44c94d2695cf2ca8c9fe7dc11f89b0a4de780075,145,95,76,101,True,,,
BigCodeBench,BigCodeBench/479,eb2b5fed2e87ef4c3d59250b1cecbdd981cc8bd14aa2530a579338980acc5fa7,169,113,85,120,True,,,
BigCodeBench,BigCodeBench/480,bfb4ed6d5f9026d1e844dd82f2f34e3f5fb1e1e22d3090fba9e3b45616b208fd,109,77,62,83,True,,,
BigCodeBench,BigCodeBench/481,531ad62012203dde68bfb26440d52f7b01532552bfc0e704f4bb01dd7eb20f01,120,87,67,90,True,,,
BigCodeBench,BigCodeBench/482,8414decca3f94ee37069e8866683fc0a99866f0479a00a96eed1b23727d768dd,260,171,131,190,True,,,
BigCodeBench,BigCodeBench/483,37e34d0320dde5b38e4ccd5fa44d66ff70e76c05279b6917641901450d03ff5d,136,96,71,96,True,,,
BigCodeBench,BigCodeBench/484,d1bd0fb866b4e12674e33a582381c97141e686f161f77ebaa30109bc3bf158c7,286,218,169,223,True,,,
BigCodeBench,BigCodeBench/485,26b0d1e58f566060ee3d3e8d6a80d3c86039e8e7c661d5495152cca8178845de,294,212,186,206,True,,,
BigCodeBench,BigCodeBench/486,b12d9f22fd30f4b584761167bea0eb8c86316e1723311352ba6b7f77a5819b66,197,157,122,170,True,,,
BigCodeBench,BigCodeBench/487,59029ea044bf3ef062955f430b8560d87e316580e9d63bc7636c581743ba90f3,193,156,107,164,True,,,
BigCodeBench,BigCodeBench/488,c83c22ab56951f8f0c8795851896f42cda4a0babde4bbe01ca134c14d20dc0b9,238,189,141,201,True,,,
BigCodeBench,BigCodeBench/489,51e59cdd73587343152c7895d633d337473ec37ce2070e11d2284342384d71d6,205,146,124,148,True,,,
BigCodeBench,BigCodeBench/490,bcda45724b44acc190ab607e6aed967719c28f326608fb31793071749988a47c,66,39,25,42,True,,,
BigCodeBench,BigCodeBench/491,7cf9b31c2ae4c9dc22baf6f588a15c23a4b661310892475a59cd14b40720b5b5,263,191,156,200,True,,,
BigCodeBench,BigCodeBench/492,dc8f5271cddeed80b46e442a1d23e44e602c26a9b841115d55bf33eb6da150ed,209,154,133,159,True,,,
BigCodeBench,BigCodeBench/493,4276209d983660f83ca35025ec4efc040a28a16430febc8cafa0e3351faae1ad,280,205,166,213,True,,,
BigCodeBench,BigCodeBench/494,7a027c951f2cbac4aa09290acb482634142b076a09728c4893682d7b1caed04a,234,152,134,162,True,,,
BigCodeBench,BigCodeBench/495,98fdafcf146ad32d6ea9fd702b7399086248f48a641e81069bf63c96cd2d8698,122,100,89,103,True,,,
BigCodeBench,BigCodeBench/496,7d0065256ea3008c4a4ee087f25a423abc52eabab67e354776b5cabbb9259409,147,128,114,128,True,,,
BigCodeBench,BigCodeBench/497,d790d8a454ae006d0c88d5655cc82466fa18b358b125c7e49ea514f0ec9c8f9f,75,64,59,70,True,,,
BigCodeBench,BigCodeBench/498,7a4858a4af655f93720f6e3dd9059433c842432c272f9fdc98e6a2c34f8ff6f8,102,71,55,76,True,,,
BigCodeBench,BigCodeBench/499,06b9aa83b2496d509ecc27f23b7bde2a560987ffc5157d175470094dd6a188a0,95,71,64,79,True,,,
BigCodeBench,BigCodeBench/500,9a99a98db842c06285aaa7ca1184bf54507a2602de2b4c3ab8ae4c2cec44dd14,138,89,71,96,True,,,
BigCodeBench,BigCodeBench/501,ccec21b274dabb7243b1c351fcd615f7e4e6a27a1f809e6b93854cdd2bedcb7b,222,164,133,177,True,,,
BigCodeBench,BigCodeBench/502,0d42a03eab3fbb6336b8d8f5cbc334fb97a2f16298355aba9e9e776c23101d3c,184,152,137,162,True,,,
BigCodeBench,BigCodeBench/503,521de4dba2272e110842311d89ade3c50a754f86ba174a68678d3aea060f9746,184,152,141,153,True,,,
BigCodeBench,BigCodeBench/504,a64f27b5702e3fd65c6ba6de7a5ece89dd8aa825686788697c33d10096fed0a9,105,84,62,84,True,,,
BigCodeBench,BigCodeBench/505,5ca8149cce81749210264dd851c8a5e4fe76e97c95bb29247100fc7108cd9d9f,29,26,30,27,True,,,
BigCodeBench,BigCodeBench/506,2c9991b7743200f03b33ace59660ffed229434c7b7297380523871e68e68ea1b,156,118,108,123,True,,,
BigCodeBench,BigCodeBench/507,71b05d21dccf4acf08bef3f010c1ad61493a21e29e0da8f5fd95e6a4e76004e1,234,166,132,180,True,,,
BigCodeBench,BigCodeBench/508,e7b47af21aefc3b6d97b6a5579ae97207d51e79afebc092b2b44adb265136b5a,118,93,62,98,True,,,
BigCodeBench,BigCodeBench/509,f33a7492b15ff8d748d1b71b93cd08c9671f4508b19e11908a648b12f3832d23,315,222,169,245,True,,,
BigCodeBench,BigCodeBench/510,064dc1f73878f63244f1f48303bc0c0b27259d41007b61054ca409d6c99a4ad2,107,80,56,80,True,,,
BigCodeBench,BigCodeBench/511,c7e15457e1fe434df83dae69e5d75d028d8ce5c61cdc66fda6c95ad0def08c88,192,129,125,151,True,,,
BigCodeBench,BigCodeBench/512,b016a67fa0ad2ec555292bd2802c9847bd89d946ee2d879e42a0878043b22613,157,116,113,124,True,,,
BigCodeBench,BigCodeBench/513,80ce12782aa6eb4f27f42a681d4368804954d0c01bbe452cfdfefd5a40db87fb,233,181,178,189,True,,,
BigCodeBench,BigCodeBench/514,b0a4ff73f76205cf71cb166fa85f5dd9a251d6074ad6937303d40e5066eb9bff,80,55,51,56,True,,,
BigCodeBench,BigCodeBench/515,34bbbb3638c21b50834a4bbc746dea884aed36280e4cad9a3787ba76f9459e58,102,84,69,88,True,,,
BigCodeBench,BigCodeBench/516,3c3ee64c2220f4a7c6bbeccdab9f74d88f2d55157fb6dbf2740df9578bb1bc33,174,133,122,124,True,,,
BigCodeBench,BigCodeBench/517,b1e7df28c5b9d1ffb01530d399fa7c3a23c30e7b42430de0d7dc8d186e0ce67b,76,60,60,53,True,,,
BigCodeBench,BigCodeBench/518,86a9600de6cd6e30290b9ba44f835dd6a91811a8091bca05a4a9e50422a9dc81,178,147,111,151,True,,,
BigCodeBench,BigCodeBench/519,611d9e880819fb341bf5fcae15c37a591c6fd3baa0950e308f8649c2a2854b5c,83,69,68,70,True,,,
BigCodeBench,BigCodeBench/520,4c69472734c54e69a2dc680b144f91b434de6e6dfb83ae6d53127cd50a424d5d,227,164,133,173,True,,,
BigCodeBench,BigCodeBench/521,b012259e0a00e68f33c40b58a37cce668f00272d35a8a89c9fd7c79f67a389fc,77,62,65,63,True,,,
BigCodeBench,BigCodeBench/522,fd5b603622ee3ce442c0412f0b3b611fb9cb42f78a030e1a7242974feaff1319,201,149,118,156,True,,,
BigCodeBench,BigCodeBench/523,6f876b2eab0e649501901f4aa6ae9281b55a0bca4861f94fb91343f1d56e2088,78,63,58,64,True,,,
BigCodeBench,BigCodeBench/524,343af9ab0c201c62bbba6007df7926a4253eaabb045df6a228dee53a94a69b7f,228,191,144,205,True,,,
BigCodeBench,BigCodeBench/525,aa74d1dd46b95039eb32bc15b3ee144b168a98508f9b78e842e66e49e7c95bae,161,134,106,143,True,,,
BigCodeBench,BigCodeBench/526,7b8780c6d9292040c1b17fcdda447cf1c513cdc5fed6a519191851ed50a17099,167,132,98,139,True,,,
BigCodeBench,BigCodeBench/527,782618e7f698746d4bc3c340182327724d4b7a1a7366289f3464bcc384d295ea,174,148,119,145,True,,,
BigCodeBench,BigCodeBench/528,e7857e9a7ba25d2cacb5ec13b87348931b1c7c1c034f5f012abfb7b9b95d825c,195,129,105,133,True,,,
BigCodeBench,BigCodeBench/529,764454aad6df65c435b60ab3d5a20afe41b225da8085ec3be90fe75252b49798,167,137,126,132,True,,,
BigCodeBench,BigCodeBench/530,3b58774ef0a4e442f30ac357ef25793086cf035f17a82f6a29f255a166aa4b22,260,193,162,186,True,,,
BigCodeBench,BigCodeBench/531,5f4e86b25d30c19c345248b5cd4e876e344c6e1da49fa52abdedfa2eb8150271,247,158,141,165,True,,,
BigCodeBench,BigCodeBench/532,1a6fea3a930d95aa3f0da84da0a73a1d4af1f3aaed9a2959ab86c7d54e495673,228,158,139,170,True,,,
BigCodeBench,BigCodeBench/533,8664ed3977074ac6eea0ae8fee485a283afca426cfda393046d4d180b3a3b202,176,135,102,142,True,,,
BigCodeBench,BigCodeBench/534,488848425197b255131f9e911b9448763880691700d309290eee97f7f366876b,191,142,139,146,True,,,
BigCodeBench,BigCodeBench/535,d1d0e3443f119adc6383d058cc44c3344a25fe2e989dc4133b4f94595b755901,266,190,180,199,True,,,
BigCodeBench,BigCodeBench/536,c800f8ce78514f49772017a8af8209280522e20def800e26c3fe86b64e1f12c6,82,69,61,72,True,,,
BigCodeBench,BigCodeBench/537,f98b74eefcc49e89fbab14035d6595ffcc03a56b47894704bd7376102ba41f84,109,94,85,97,True,,,
BigCodeBench,BigCodeBench/538,2caea249615c14962b3e7bb6a3b0cad3038228b87249d504da800c8129b89687,170,102,83,103,True,,,
BigCodeBench,BigCodeBench/539,21e4ebafeaa64130f231c96b77befdd11c2c503a7e8457f1a652aa90bfff5acf,205,170,163,178,True,,,
BigCodeBench,BigCodeBench/540,b1d56eb5f2049809d5a464e4e392ff1ca191d005c0da274a5057a40db192d668,166,118,100,116,True,,,
BigCodeBench,BigCodeBench/541,6251b2053901c6632fe0520b8e3da7e6cb8a19afb745666d098a6b09b214230a,131,106,87,110,True,,,
BigCodeBench,BigCodeBench/542,93c5466f15a826d0ca5036894a0a0c7cdb91edd9e55a8855142f83d2e29c1096,132,106,104,110,True,,,
BigCodeBench,BigCodeBench/543,ed4e2e211d01206ca68f46e1aaa92f1d29c2d1a6729f78a434c6ff07614b7f98,39,29,21,30,True,,,
BigCodeBench,BigCodeBench/544,3e6ad9dcbb556b590e6b0703c298555aa3bbc2b307f433cfa3c5d691b97431ad,54,38,37,41,True,,,
BigCodeBench,BigCodeBench/545,3bbaa11f094c714ae0125975d68b274c15a893ddfe81be8393eaae2b6bddd13e,100,78,75,82,True,,,
BigCodeBench,BigCodeBench/546,1f92b62fca2d31ce1a900451a84f9b61d63d3a4a19689da1c185db147f0975d2,69,59,51,60,True,,,
BigCodeBench,BigCodeBench/547,7fd46bee69a32c479523fb279a8800001a91e7c63d462483768968f10a30517c,140,74,56,74,True,,,
BigCodeBench,BigCodeBench/548,e1515c225e4980d0164e135a596b293b1fff9206624abc6d9435b7346290dc02,110,62,44,64,True,,,
BigCodeBench,BigCodeBench/549,0b50923dafc5be33fc33f445e7daf2971a96e1a2956891fdc659ebbd5b2bd3ce,73,49,33,52,True,,,
BigCodeBench,BigCodeBench/550,2daf7b4d4d3d00b69866a426ff25e0ce004170ba30270f3b8a5324dcaaaa11c7,89,60,49,61,True,,,
BigCodeBench,BigCodeBench/551,b872fe5ee02be779da75804cddb13daabe0fb6045c99427ebac4d6b13419b7e6,231,140,116,141,True,,,
BigCodeBench,BigCodeBench/552,95e7f881b62887e7be04ec06dbe78371f95964fc19e68be877bc78fbbe412541,172,101,103,107,True,,,
BigCodeBench,BigCodeBench/553,3a6af0dace02130d47f293e70306b59aa71adfdc45aa2ba1eeb4a32ce0488e14,184,93,82,95,True,,,
BigCodeBench,BigCodeBench/554,16298cc6af75c086b0243dd6bfb8ccd257def941ce8290441f40cdfac64d479c,143,91,77,90,True,,,
BigCodeBench,BigCodeBench/555,0e77a341d1d1af302efc4e71a8c96f84ed827ada15b12786bfd71c13426177e2,117,102,88,101,True,,,
BigCodeBench,BigCodeBench/556,68b9b80dc761758844587b3824bdea0c61d456d13f7fd95994888184326bd219,101,69,53,71,True,,,
BigCodeBench,BigCodeBench/557,792ce7ca921d01e575985d0b5be2092b1bfc521a451dc262c1818794a26d92ae,136,107,79,110,True,,,
BigCodeBench,BigCodeBench/558,5671532a95737dfbb4faa02037bff84cab56717ca1b13f23c0e2fcfcb4239aec,150,95,86,97,True,,,
BigCodeBench,BigCodeBench/559,c76d0e1b96adc7e65000fd3bba670df663a14c04e8b9d1063a308f3e743a5658,141,100,84,101,True,,,
BigCodeBench,BigCodeBench/560,493d8abaf563ed7dd92e9955f7f860c704d72babe8579f51e865ac57886e8bff,281,200,159,210,True,,,
BigCodeBench,BigCodeBench/561,e5dfd37c4bd167c3d6681e3c4cb25f32143881478f49e3f41e9b5fe2c784683a,93,84,62,85,True,,,
BigCodeBench,BigCodeBench/562,75fcb4d5c3038adbf1f8f001fc2aafa97a17378d5eecd5ee70c215a5abc6d398,179,154,117,161,True,,,
BigCodeBench,BigCodeBench/563,760e9c9e49c97a4600d429ff7b3902097acc100f2678e42c5d2cc658b268433a,76,58,43,65,True,,,
BigCodeBench,BigCodeBench/564,074725b9d8f94cea86b774d2fe67e2fefbf9b93aeb0d1a562a243571ca00da19,120,90,74,95,True,,,
BigCodeBench,BigCodeBench/565,3eb98d4dbbea81feb0276b2b9146166a32fab2a0be5197f3f1648214c320832d,110,90,75,96,True,,,
BigCodeBench,BigCodeBench/566,1c8078e78482907e8b5f5d3a24e0009b472cda15864a52ed19b639d12d2ffa0d,69,54,46,56,True,,,
BigCodeBench,BigCodeBench/567,eb1917981a6a114cc99f9eb74a28a05187f8d59e6b5f88735e3985034de644fa,162,119,102,125,True,,,
BigCodeBench,BigCodeBench/568,d98fcadd721ecec4a4c98e8609107a75dc5758af3b3f3e8dd437f276d7ce6759,139,104,83,107,True,,,
BigCodeBench,BigCodeBench/569,c793143d49c5720135599aab3b5fd000b897419d05d73e6cf3b7b708c983b415,97,76,61,77,True,,,
BigCodeBench,BigCodeBench/570,8364b72b163fe3581170ab44d2a87f1101ac2b541b0e0a8e0349d1ff203743cb,108,86,64,88,True,,,
BigCodeBench,BigCodeBench/571,750d7a518956832139d467c3d818ff2eb4a37698d41050ffb663ff52186e43f0,219,169,127,172,True,,,
BigCodeBench,BigCodeBench/572,8f859df33dca4a33663eec71bfc23589d1632eae50fe0860c5386f60a9e6d817,106,84,64,87,True,,,
BigCodeBench,BigCodeBench/573,b705b373df996f3b817567756045da0eaafa2a2b6bde736da43d7638b7b655ab,120,88,83,91,True,,,
BigCodeBench,BigCodeBench/574,d43bd96d9b26d724ccf4c14dfd68c88e5c2bb54f0349f4c6b90379cd723a95fb,190,145,126,149,True,,,
BigCodeBench,BigCodeBench/575,0968ea87034324b97bb32086ddf4a9b43d092d13310e1b62619e5fb1beebd1a7,96,68,63,72,True,,,
BigCodeBench,BigCodeBench/576,eb4bf5655b6b5894eab2c450d82adc640bbc523aec32da428adca61e7b511c31,189,109,82,112,True,,,
BigCodeBench,BigCodeBench/577,e702b7d7d153cd70fb750228f089de131097a8c637647ac4de6605beb34a48f9,135,101,74,104,True,,,
BigCodeBench,BigCodeBench/578,919dd92efb4be3fbb3825dd783d8766244297ebc45926ef18d179fa01ec60079,201,128,102,135,True,,,
BigCodeBench,BigCodeBench/579,ccaa0a0c9cf402aad9668d4e05a13facaae8099c56d0392fda4eaa51c496d04e,186,146,119,155,True,,,
BigCodeBench,BigCodeBench/580,42248d44a40e85601edb34ff891b03efbeca11606608a32639d0bcebd11ad4fd,206,143,141,138,True,,,
BigCodeBench,BigCodeBench/581,e735ae734a2d799e213b4f1e508d2418a96630aff1e9ca0bdc3c120475499ff4,116,87,76,88,True,,,
BigCodeBench,BigCodeBench/582,a46d4634d5b164b5e56b9086444cfaec12aaec14fc64f7d8fe4ea452de88130e,153,109,97,111,True,,,
BigCodeBench,BigCodeBench/583,7629c047c2e1b666ecf255df1b95da190afcec4fe8a0613c122db2846a4df2fd,167,124,115,125,True,,,
BigCodeBench,BigCodeBench/584,b2140ad1435c7a13c5859e5db5319c887f8db93d12f7030e5b6827217b93d041,191,158,128,159,True,,,
BigCodeBench,BigCodeBench/585,653139726426e55927bbc1f1896ea15ca0079c6674eeea1c66938ede8cb256f2,142,105,78,112,True,,,
BigCodeBench,BigCodeBench/586,a9afd484ece5e0561944fb84665612514d6f7fedcf8b60dcace989a4ef24a411,184,117,100,118,True,,,
BigCodeBench,BigCodeBench/587,f20ab37d516517c8af8ecfdd69f9d51f564cd2b9175c3a2705fb39b906fb5625,275,198,194,201,True,,,
BigCodeBench,BigCodeBench/588,ce87c13928d528794a92f81bb07397cb3ac17ba3c9acd90d3b0cdbcf4d7273dc,144,80,74,81,True,,,
BigCodeBench,BigCodeBench/589,046490c66d1d431296d587a221c2534e457fd95d989d9d08bceac07bb34a6098,221,159,146,160,True,,,
BigCodeBench,BigCodeBench/590,bc5e10f7aa64f8af96477b0f0d55ed8e091d81214effa6d430295f72e2fadee9,164,141,107,149,True,,,
BigCodeBench,BigCodeBench/591,d55aa930bd6230974b2af2cdb39cc12a09e84a98aef75deeb2cb6ad392c25736,235,187,165,195,True,,,
BigCodeBench,BigCodeBench/592,88c7fbd583ace09c94a999b4ea6d8408aee73a84b7cc4f0df2eb835c63b36b86,173,140,119,143,True,,,
BigCodeBench,BigCodeBench/593,ca8f08153a9c451842ae867d9f89f1ecfe88a7f641f35cc5d3181e71acd8fb08,262,214,195,217,True,,,
BigCodeBench,BigCodeBench/594,e6c6933116a85b712dd568798b26339cb08eb45306ed317e0e771c987f2dc93b,211,164,138,167,True,,,
BigCodeBench,BigCodeBench/595,ee812669586082721499b393368567a8cbd751708b729d5b5e60aa695c5a4b03,96,72,50,76,True,,,
BigCodeBench,BigCodeBench/596,9ec73897c85a004a7267ddf0c71e02c609a586d81ab46524800210780f5b2c61,149,102,79,102,True,,,
BigCodeBench,BigCodeBench/597,65b714af41d451af6e9d3e90594d0bba4f8689b4c676c7dba4d87763d4b7ad5d,105,73,87,77,True,,,
BigCodeBench,BigCodeBench/598,5ff2fe3a19cc8da906cfe6235ef910143d5e515bae854bccfe879589424e7cc2,110,74,72,77,True,,,
BigCodeBench,BigCodeBench/599,55f183e4acf2fd98e48c58f433f0da432fa3cde912b04a5f1f2b965f440351f0,222,136,123,143,True,,,
BigCodeBench,BigCodeBench/600,a79851b3f56d8e2450ccd9bc607930fdafa50985aacd9d56ec1bc53e02b9843f,94,69,64,76,True,,,
BigCodeBench,BigCodeBench/601,a6ae341bd01dbb008042527aa5515f68c7273bf51db7fc3be82af9f26d21cdb0,198,135,123,142,True,,,
BigCodeBench,BigCodeBench/602,0e957510d18843daf576de4f979364d95dc747269f91bd2dac81b45eb93f02ad,91,73,84,78,True,,,
BigCodeBench,BigCodeBench/603,7029a993493183606758769b3141cab48f536446e480529fa0a9f2768d3c4078,56,46,36,50,True,,,
BigCodeBench,BigCodeBench/604,cc2a28559c3ec7156e6216f1adcd22557383f3c7bd71175e4aa52688c17d3917,116,92,66,97,True,,,
BigCodeBench,BigCodeBench/605,2d3967a4f32575d93970d60d2a4761bbd7eadb152d6c6d78c0b9c7703384e8c6,47,39,41,40,True,,,
BigCodeBench,BigCodeBench/606,703b5664cec8382470f42ac5f1e359216e1e05d5be5d6b70f9d59cae16f9884b,63,33,32,36,True,,,
BigCodeBench,BigCodeBench/607,7221fbf361d0a1d487260d5c258ac9b88dbdb9cf1f6f766f49ccf06a54436077,163,106,97,99,True,,,
BigCodeBench,BigCodeBench/608,586f6fcec699eaace87a34bd2d6e348cd3f14eebeaaf5f1609f8b31db1e01926,161,104,93,111,True,,,
BigCodeBench,BigCodeBench/609,3db7a872c9d72a037419217f7642b8e9a0b817853bf258cc9bba4b6eee020ed2,150,107,93,108,True,,,
BigCodeBench,BigCodeBench/610,c278bba8f6ddf4c0e311cc43dcfa576f46419960514369a4d37b7af7b9f4c0b2,166,112,106,106,True,,,
BigCodeBench,BigCodeBench/611,f687e1753c92df69518b79caa2c37d24e1bdb35c8a7d8095e4595a71d9376727,139,106,90,108,True,,,
BigCodeBench,BigCodeBench/612,f32bff8fe8a8d7572be614f3c233a7c59c2d7b3b043eec10f7f47074947e4eb2,208,145,160,147,True,,,
BigCodeBench,BigCodeBench/613,4c30fc877ccf136686836aacbc8b830a78e183756ee08f722a83b6ca2cea6df9,246,181,203,182,True,,,
BigCodeBench,BigCodeBench/614,7b7fdc40e8d196390f86d643f85be68cdbec1d8757cc6f6b904da61e2c1f1822,128,95,103,98,True,,,
BigCodeBench,BigCodeBench/615,6ded673c11a859885a0bb2f2f1828e1a307a95bbbbd01af93488de45a6e61ebe,190,113,118,125,True,,,
BigCodeBench,BigCodeBench/616,738bdbdbaa39f1f04eb374efea97759779bf85e7eb362f17804fdd6dce415d47,247,177,196,190,True,,,
BigCodeBench,BigCodeBench/617,13785747bff8ca3657f79e981228a55572644a8c1c8dab1a6fa718ba7ae6823d,337,243,252,250,True,,,
BigCodeBench,BigCodeBench/618,26ec4e0ff4e76e9b68520c74dc1a20c1a92570871b9a1e5fe9f14a0c7488fd4d,245,168,178,168,True,,,
BigCodeBench,BigCodeBench/619,0a7c8ca4d69e80883b90bf6f18e9c742f5e21f64bc3df1e72b821687b38e877c,218,147,163,158,True,,,
BigCodeBench,BigCodeBench/620,a55339573862935272f99f6867dc824b373eeb747049d7afe7831efb39f0128c,92,69,52,73,True,,,
BigCodeBench,BigCodeBench/621,035c89c858142011d37444c9b23f9baf824b0d7f43ee37cd770d2162324e4e7d,89,70,69,71,True,,,
BigCodeBench,BigCodeBench/622,44e6e42a7b7d9600a01d525d4d5d38c84535fa4a604a9e14cacb9e36b37acb50,155,119,108,121,True,,,
BigCodeBench,BigCodeBench/623,4062751fc50392413b4bf1d51217867ee5f47e1587654a475bcb84891921e142,104,74,67,77,True,,,
BigCodeBench,BigCodeBench/624,61b6d05acb845a6fb92ccf37e3fe94d2a0350752b8ee436a6e6443f8451d9349,87,65,68,66,True,,,
BigCodeBench,BigCodeBench/625,3d698622c70d4848e897f3051054bb259693cb55d4a5387a028fa2014675ee98,91,66,55,68,True,,,
BigCodeBench,BigCodeBench/626,5f7f1cd2d6ce26a4fab4c48b86adc52e03e79fba89a4fa7865331671629fb09a,139,114,113,114,True,,,
BigCodeBench,BigCodeBench/627,c0e7fdaebb4e7164e8a1eedc6ac31a78776d7009de8e25a63c5a138f4d516959,116,88,68,92,True,,,
BigCodeBench,BigCodeBench/628,12c9b2ee869fcc29324f2241c80b287bc3777f68abbd53941ea5126d1cd795e1,149,117,95,112,True,,,
BigCodeBench,BigCodeBench/629,b72a5d1b1b8f49fb8ebdae3a330882c209af4cd54733bb106b09374e83714106,206,114,87,125,True,,,
BigCodeBench,BigCodeBench/630,510eaaa9de2362ccc9664490117fb173d6a19e3544689472f697aaea482bab10,94,71,56,74,True,,,
BigCodeBench,BigCodeBench/631,9c5d9ec0883a0f353b5448a001a6c30901b21f88e74114d53fa1faae83125b07,87,63,54,66,True,,,
BigCodeBench,BigCodeBench/632,2a443a764846a2443c8d104913735f2aaba3fdf58eb119fdf049d6d5874f10e2,156,100,82,98,True,,,
BigCodeBench,BigCodeBench/633,103fb0ef8f4bb2d646433a2b2da5478192d64a34312cb7bd11be7207fff62380,128,85,68,83,True,,,
BigCodeBench,BigCodeBench/634,5cb1250f8868654d3ac44a7684b02c008d466093a62a6db0411d4029dfa1cf23,84,49,48,50,True,,,
BigCodeBench,BigCodeBench/635,2a0706788b877a01a76b47fff8c765cc38e21c1152d32145d66dfeb28d2d2b8b,374,236,216,242,True,,,
BigCodeBench,BigCodeBench/636,e77dd346b101cd269f7f5af93ff67b3af198197573fd73b24a223cc08d5aabb8,208,121,115,119,True,,,
BigCodeBench,BigCodeBench/637,83c44cc4d5acc2fec2b320792b497874ad895860b6be3a376998578615527b85,247,173,176,179,True,,,
BigCodeBench,BigCodeBench/638,006f1f60a6be78e718a4e52488b628d54ed6ac83d49f5f4cafdf0915abfa826b,107,81,66,88,True,,,
BigCodeBench,BigCodeBench/639,ee9fe5674746e2cb88d140507d297484c4c9e689be39109690a700f37c55e27b,137,100,81,101,True,,,
BigCodeBench,BigCodeBench/640,d61451efe811df7a1cc194cd5f6bb90d159e8243763f6b6f9b5ae1959fe4d0dd,201,166,161,167,True,,,
BigCodeBench,BigCodeBench/641,a7a5ec217b1028bd851928c23a7efa7afa11c57fc4d7941a9a541ec0d898134f,99,74,58,70,True,,,
BigCodeBench,BigCodeBench/642,db84a5840ca5a6de0f44e3d90f9f1a03ea908c0148703a9d64632715a12c51fe,130,104,88,104,True,,,
BigCodeBench,BigCodeBench/643,836c063cdd45d972d7410ac1ee05e01fb22e7c6b81c0a6937f32696c39236a31,98,86,72,90,True,,,
BigCodeBench,BigCodeBench/644,99921c6cfae4145c513ba873fac58bbec1f085816b13e3eaa4608a201e7c7bc2,148,95,63,102,True,,,
BigCodeBench,BigCodeBench/645,c3df3c1167249c160352544f9c5ea20dab2fddd4b157269a2ed7e92d0b9b85de,116,65,48,67,True,,,
BigCodeBench,BigCodeBench/646,e97fc87918430887ab3b057c2b924338f112468cbb35b7616b9f133ea0b0c562,100,89,84,92,True,,,
BigCodeBench,BigCodeBench/647,ba6d2010ebaf97a1c444311613038aca643246df460b19f52eed48d70c4d50a2,203,84,73,84,True,,,
BigCodeBench,BigCodeBench/648,f384c574724ab480eb122c3c3de6c4ec06f4f79ec16bbe0f39d966667cd89f9e,79,49,38,55,True,,,
BigCodeBench,BigCodeBench/649,2b8e747bbd5f8450038f51b8a39589b68501d821dac442110cc1a027ed1dbf5f,103,70,78,73,True,,,
BigCodeBench,BigCodeBench/650,86e2e91849bf748f0e88d865f75d781fd7be126283e4ceb90228b7ca7cac8fb5,130,76,60,78,True,,,
BigCodeBench,BigCodeBench/651,2ef9e48c073e2dc4277654884de2a96de5d60c601702c613ae26e58e24b17278,130,72,64,74,True,,,
BigCodeBench,BigCodeBench/652,381bf49560f0f184c244fea4f55384ba729f5e12edacd0abc9470eeb346954e3,275,177,180,180,True,,,
BigCodeBench,BigCodeBench/653,384e1f01c880bcd6f918021a1ee83a95f09011f15e00e06c991619113e846984,93,64,57,64,True,,,
BigCodeBench,BigCodeBench/654,149cde41f036a6060f2fb71acba49da08c3265ee46594656072d27f3636c7e81,250,151,134,156,True,,,
BigCodeBench,BigCodeBench/655,8dba7e6acd4b9818ea5b9a792c6dc92d159ce5cf661e67fdff5ae00db19af8a2,368,221,219,231,True,,,
BigCodeBench,BigCodeBench/656,6cd4b5baabe48d09f6d0466c589a80efc083e9ca21d77e26fc8313724a03470b,119,99,123,98,True,,,
BigCodeBench,BigCodeBench/657,ae75a8cf5e608f315be20aaa77ebe8b4b105f79f63ac70f68089d8597e96a483,175,126,116,135,True,,,
BigCodeBench,BigCodeBench/658,93994bc56be5184a9858d5fe550939832ebe7b468e24626ee3931ec245fd5f4e,206,137,137,140,True,,,
BigCodeBench,BigCodeBench/659,42b86e9361da7fa0d3c1d29e587773b7ded9c5531c11efba4037e254d462edfc,93,75,58,75,True,,,
BigCodeBench,BigCodeBench/660,b9a72be95cb74b51cb98ff8a17fb7485844089277bcee2d214389d1fc2770a4a,162,80,72,80,True,,,
BigCodeBench,BigCodeBench/661,e2182eb095f1f20d8de0d77c46445b4fc4384116a146179d3ab4a3bff049029b,113,85,76,84,True,,,
BigCodeBench,BigCodeBench/662,22bc330efcad3676af70cf8890439c30e5a56fff5aed19295d5074374a7d6350,107,83,69,83,True,,,
BigCodeBench,BigCodeBench/663,0320f4a3e4ac00e074a1d32337b392c4b46b9577afb3097edd0df9808a825e9c,145,98,81,104,True,,,
BigCodeBench,BigCodeBench/664,6fdd93f0ba28a1b00c1ec49fb4f31db026fd84a4e5171ad8cd6fbcf5174cd702,167,110,104,107,True,,,
BigCodeBench,BigCodeBench/665,2d3dac883728ab6272ea3680e213eafd81e0da9b83db41c589690c6f509db8d0,100,71,55,79,True,,,
BigCodeBench,BigCodeBench/666,3154e505e8cdeb582125b00e1d9ce4b8c7c48250b058b9b0b5d9b0815cc33346,99,67,56,71,True,,,
BigCodeBench,BigCodeBench/667,86260c90305b1979fe81b1fa259d899b56ef12adb13107578e2b0c69c0915286,44,30,27,34,True,,,
BigCodeBench,BigCodeBench/668,40a906e33d1a82bd5190e30f6afa71ebb11a5176b650d5b2856f3b99c87c20ea,98,65,47,70,True,,,
BigCodeBench,BigCodeBench/669,4375fcba3542541861b56d9d7a721a118dbdbf66d7c0f7186ec44479cdbf9fb4,64,50,37,51,True,,,
BigCodeBench,BigCodeBench/670,ad1527becf27d5b82f19d17be61fdaa71324e1e066a9974c1174273c9b63401a,92,61,50,66,True,,,
BigCodeBench,BigCodeBench/671,5e15077d441ce9eb7c13e2f07dc08988fd5b1450975f8ef081da0ae1a9b25d27,92,72,45,79,True,,,
BigCodeBench,BigCodeBench/672,762b65df5222469cf3ddceb820915c0a14e5a73f76bdad319aea5874bb4bc5e4,94,77,56,83,True,,,
BigCodeBench,BigCodeBench/673,06babde210de68fdd6659f50d4328f785853f693b238d685b707253b70927f73,86,70,46,79,True,,,
BigCodeBench,BigCodeBench/674,b5e7a578ce815e211f3726f8e4e70d9c1251219605c6acccc29cea38793b2c8c,99,74,48,80,True,,,
BigCodeBench,BigCodeBench/675,ef818907e0b4c65ceac8383402e28f08de4032541f2ec9d9056e0ec0a587490c,85,69,44,76,True,,,
BigCodeBench,BigCodeBench/676,1cbbf7fd80e3a80dbb65521aec501d1e9514676013a1416fa74eabca6a079b5c,133,95,94,104,True,,,
BigCodeBench,BigCodeBench/677,3330855f49dd5753854f3f6f8bcd646deebf6eccccbc87b13a7b88fb4890f60a,118,68,65,74,True,,,
BigCodeBench,BigCodeBench/678,4062955c0016720b21eaba6ab873733f1b6308b8457bc8c6a4d3f4f34965fc5c,161,108,72,119,True,,,
BigCodeBench,BigCodeBench/679,ff7df95c0a9810bdfd5b1ed18337012ae206a485a150ca733d86df522bfe3e62,68,43,42,47,True,,,
BigCodeBench,BigCodeBench/680,2e2151dbc0df6ca37be46cdcad0ffe4a13fcc49c25556484b1c0f9e84b33432d,146,73,80,82,True,,,
BigCodeBench,BigCodeBench/681,15b9c17d8bd4dfc16ad6dad16c950f410e5774fdc21327a612128d1e04e4bb3a,80,62,43,65,True,,,
BigCodeBench,BigCodeBench/682,8bceabe231d7966113c931d528b2b65f28e24d98eee0430abd00f01b10cd40ed,59,49,33,53,True,,,
BigCodeBench,BigCodeBench/683,7f5ebbe429de657bcdb4ae440737619529cb557dbc56217b2af5139ec11f38ff,76,60,44,65,True,,,
BigCodeBench,BigCodeBench/684,7213ae49cd285864d9cb069442790fd13498acf9ef287c9001e9a09b1bd5b874,114,42,37,44,True,,,
BigCodeBench,BigCodeBench/685,768d5820410825c456a8801eded8f10cffb907f4489a6180f7b7b36e17d4feaf,37,29,30,31,True,,,
BigCodeBench,BigCodeBench/686,6f948bd78418c5fd5a166ab15e7f53b4137bd033a67a76667889ca8ffbc4635c,71,56,50,59,True,,,
BigCodeBench,BigCodeBench/687,8044469e7e714071d659831393b42b4b3df519bd6d044d0e5056d3af7cdf81cc,56,42,32,43,True,,,
BigCodeBench,BigCodeBench/688,5a7bb81e544a78eb357054aa8259f1a693fc9a5c34f87af958709d968ea4aae9,51,33,42,36,True,,,
BigCodeBench,BigCodeBench/689,bdd92ecc749d36497bbb94cfe1549c362180e361407fc197c28b471599c1a1f2,64,43,36,43,True,,,
BigCodeBench,BigCodeBench/690,a41c5415856c8b9e81736f7807b68e9fa7d7dbc3d9b64e98a754e8e813beb0d0,99,51,59,55,True,,,
BigCodeBench,BigCodeBench/691,c194e4ac67c79ef246c908c70fb46351319f5e40689e5c8a66cee0115d21feb9,122,64,70,68,True,,,
BigCodeBench,BigCodeBench/692,db7b0043b93d4736d356bf428df0ccd5fa6130cb339422b0f6b467f842601f59,39,31,27,35,True,,,
BigCodeBench,BigCodeBench/693,a5f67030946759b458ad0cd42b014aa36fa4834f8f3191f4e506ff5fa5c47f89,60,46,52,51,True,,,
BigCodeBench,BigCodeBench/694,def985ff34eaf2c489617e540a74922a72522420ddb0996b0987fb3964cbd7a8,40,24,21,27,True,,,
BigCodeBench,BigCodeBench/695,bf8d88960b139ae44f16c13bb146c1c2aba022577dbe9e2d5a55a4becec276d2,53,40,39,44,True,,,
BigCodeBench,BigCodeBench/696,bcb63c8244b5423ff9951ded5491f2e7b998887e0d9f8435428392a9b10c38d9,94,72,50,72,True,,,
BigCodeBench,BigCodeBench/697,c5359684dc6aa3500b1c0e964ba428345ccfbf81c26dd55aecd751bcdf6cc093,105,70,66,73,True,,,
BigCodeBench,BigCodeBench/698,15f7422d2d5f3403d37c8fdb512ae61a1e4424c540a0d69e1eb833445db39d4c,88,63,58,63,True,,,
BigCodeBench,BigCodeBench/699,0237ff3ff2f02659e2353ee8e80f86b0ac88efa31042f88355f583ea881fe8a2,78,63,61,68,True,,,
BigCodeBench,BigCodeBench/700,409dbefc2c67e0ccefdf12b060675a7413c8a0b1fc9e6f7725c1a5f629ce7692,62,43,32,46,True,,,
BigCodeBench,BigCodeBench/701,2490348093017704a2bd0c97c90a976af46a21e888b7cda12c79745356de9793,65,49,58,54,True,,,
BigCodeBench,BigCodeBench/702,d162a312c6973d7a10824f597b9cc1ed933b8a665335642ecf2dee82491bb023,63,43,42,46,True,,,
BigCodeBench,BigCodeBench/703,3e667790e1a6e768237bbf3b3fe0a2c729ff79bcda66538e26225867372524f9,61,50,46,51,True,,,
BigCodeBench,BigCodeBench/704,40ab9837c0e0785f41c211e296f50bc96cec3e9977cb055f33090823868efa7f,135,94,77,99,True,,,
BigCodeBench,BigCodeBench/705,1fc46750ba48c8c779883c5f30238da2e11038064b8818206d654e9d3197d0a7,98,59,55,68,True,,,
BigCodeBench,BigCodeBench/706,cf9297a262f7ecb9de28b701282a72bd988ff49d4a2ba0bca8ec70527588c229,170,120,128,127,True,,,
BigCodeBench,BigCodeBench/707,fb8d03e1304d0c2529f0ed6628ae48dbdff426ff4accf3c4bf5b265b4a1e1932,87,51,39,51,True,,,
BigCodeBench,BigCodeBench/708,fc4be69a6db23a1afdb61b7d274964fba72978fdfa7c873446f0dc2f22114e7e,151,90,65,98,True,,,
BigCodeBench,BigCodeBench/709,607d223d7789541f898ddad80bfe1b02b820f9984db01a9ead9bad3fe9be0cc6,127,62,47,66,True,,,
BigCodeBench,BigCodeBench/710,a4be8bfc2c56106f3bbc1050e91761d07e3f9a751e65ca204874b29adaa87047,65,50,50,53,True,,,
BigCodeBench,BigCodeBench/711,8867243381304693e3ac6e027d3fa0b3a9912c26daf244357bb528426680c262,70,57,45,59,True,,,
BigCodeBench,BigCodeBench/712,5c5dbac20963ef3c59aa9ff33a19d39dc8a377abe07460d2e90525dd19e1fcdc,62,47,35,53,True,,,
BigCodeBench,BigCodeBench/713,e1b56d42e1452ceb7b9a4af06afa8759d23f7b770e9f1220bdb505d4fce86610,179,138,104,137,True,,,
BigCodeBench,BigCodeBench/714,bf37a0297c0cf56499752b1bb6b2bc3b1ef7e541bac03594f6f806948bf5c199,82,52,59,52,True,,,
BigCodeBench,BigCodeBench/715,cf4ee79e73fbb208b4eee79527dbb9e5a807c9be48cbba2f0953b92e7b00f499,73,63,71,67,True,,,
BigCodeBench,BigCodeBench/716,bae8dc5dd3e98d51d56560bec2c44fa868249fe7dcf98fe41c2e1aa15a7fdefe,118,93,87,93,True,,,
BigCodeBench,BigCodeBench/717,1dbe95b4b3c3bcbc6858946ed8a2a08da3f4dbd8f46d7e95eba1e10f58ca92e5,184,144,124,138,True,,,
BigCodeBench,BigCodeBench/718,769a642919f75b50bf51b7428247b2793163607cde0fc5d7685e2ef324ce9bdf,126,85,62,91,True,,,
BigCodeBench,BigCodeBench/719,2098906e48781e21c4e5d5c8ac3fcdcc34194e3073f5b2679c3453f4e649534e,111,76,49,83,True,,,
BigCodeBench,BigCodeBench/720,90dd416463b3288f7fffabd9427881e7ecc51222e57d832516a9f2d8df88686a,205,115,91,118,True,,,
BigCodeBench,BigCodeBench/721,3e404ffc6cded57c5c5823186a268c11609a9b1cbe4f8c6ed6b692700dafaeaf,121,85,55,94,True,,,
BigCodeBench,BigCodeBench/722,127f4dacae3c2f02eb0089d5b636f5c8a9332041aa40d57582ea0588489597d3,107,75,64,78,True,,,
BigCodeBench,BigCodeBench/723,6e0c3a793676f067b9147a054bafbbac1872bde09838ce8f9f94745f97c65edb,168,138,105,141,True,,,
BigCodeBench,BigCodeBench/724,18622cece0a88253c41b41b2ca271d0a165987440679352f583974fa2210b1df,62,48,37,47,True,,,
BigCodeBench,BigCodeBench/725,364e8812f7b8e832b4b2af8be64a0dbf075f5fd6b32933f487fad14f1f82db5e,95,79,70,81,True,,,
BigCodeBench,BigCodeBench/726,6154b0ab431d843b3aaef1e3c787535c9656a4fd546b255a4279a752d78526cd,130,81,87,83,True,,,
BigCodeBench,BigCodeBench/727,b122fb4ef92242735a6be994144672545befa8c398e8ad34064028552ebfe2d3,91,71,81,69,True,,,
BigCodeBench,BigCodeBench/728,2cfd5d73abeaa8c74da757b7adc98977b0459a1307c666f53e100aa1876ba5dd,182,128,101,139,True,,,
BigCodeBench,BigCodeBench/729,0a7f648220d563fbe21cbdd4bfeb512ab6a9c1feddf8a1a93518907cccddeabc,112,76,54,83,True,,,
BigCodeBench,BigCodeBench/730,9bd1b6a64e4fbca8efc2d3b3f38332201a11d927bfccf3c42aee922bd85c4ba5,71,51,38,53,True,,,
BigCodeBench,BigCodeBench/731,978a5256a3ca6982d30c7748ee8f1317bd78347a21bc1cd6bc5aab4cf030de4c,130,102,90,103,True,,,
BigCodeBench,BigCodeBench/732,79dab106c8479e66ac5f43bd6e20591f6f88274e7d169c836f6b40fc0d7aa677,99,84,78,89,True,,,
BigCodeBench,BigCodeBench/733,2c2a7708fa3df27eee61e4d5e7308290f00b76307910c787a69744ea84a99524,415,277,286,277,True,,,
BigCodeBench,BigCodeBench/734,3038669eeaa74c373d78e7ee041fcfcc665f280e661775a363f7613679ad6f44,104,57,57,61,True,,,
BigCodeBench,BigCodeBench/735,7b457f131916fc1987ac812b24e1c0651f02d4bf98d70e92b39c6714f4f816a5,57,43,33,44,True,,,
BigCodeBench,BigCodeBench/736,bc8036072baa529d97c11782c4e996dbb11568c0c41e973e2140be994ee43b6d,39,28,25,32,True,,,
BigCodeBench,BigCodeBench/737,a648781dd1c49a9e49cbf8a15962122aed949ea9abab9bd5de332e7c644b9772,230,111,74,118,True,,,
BigCodeBench,BigCodeBench/738,e07d107d8677b722445adea7d6e3c64b4761823dd6df6398d64c529f8a5e2295,43,28,25,31,True,,,
BigCodeBench,BigCodeBench/739,ed0ecaeefaabc1d0e764680aec25ae1efda2e26f983f3deb36990be817e22c70,101,75,76,82,True,,,
BigCodeBench,BigCodeBench/740,af39cb954a1b6b92de161482e8ff145df4927d712cc7a42d88419781e15be6f0,58,39,56,42,True,,,
BigCodeBench,BigCodeBench/741,c23ee71dcc8955e448dacde3d60be07a80ca11500aacc7fd40129342950f282d,106,72,58,75,True,,,
BigCodeBench,BigCodeBench/742,2aeff861de82fd1fbea96be57d9ad512384a469c2a576fc717d01e825e68efd3,109,93,88,99,True,,,
BigCodeBench,BigCodeBench/743,f7eef776c98266609023d473d91e881932634d35a0a68be901614d59b0ef85a3,113,90,68,100,True,,,
BigCodeBench,BigCodeBench/744,5db1abd326980bd8db87a929b41a16fe8babfb5fc45f068c512aacf15cfca7e6,112,92,84,95,True,,,
BigCodeBench,BigCodeBench/745,8588c31cb8bcb6780077128e8d73c4073064db3a9708a48de86fae8730eb627b,92,56,54,59,True,,,
BigCodeBench,BigCodeBench/746,de9ac5158ee71b05b93ad3e6bd4b2ab82dd87687cf983a96642d71fe45b8bd78,180,150,126,158,True,,,
BigCodeBench,BigCodeBench/747,5d745a847631eb6e32704f4970ca527267b2a56b83d6635b56fb7eaf74f9af73,79,49,33,50,True,,,
BigCodeBench,BigCodeBench/748,96fc96194c9913074a7dafa91a617f99ab98070fb53369c6396a63a86f81b957,102,61,66,63,True,,,
BigCodeBench,BigCodeBench/749,4c6924c869190f615a681d52ae73a549143b31323ad2ebd3ffad991196fa8246,57,47,48,49,True,,,
BigCodeBench,BigCodeBench/750,0df912c11ba71a740ee382b98fee5e70566c42ea4b085835fddf51f8f889a925,167,102,96,89,True,,,
BigCodeBench,BigCodeBench/751,56576a6d98c3dca2a65e7e10e3700c5caca89813b2a2d4872172e4a17887861d,48,36,33,42,True,,,
BigCodeBench,BigCodeBench/752,d696270c77176b623f8049991a8c0f69796a9c2b16f7e44ecfed85c0ffaf34fd,279,223,188,232,True,,,
BigCodeBench,BigCodeBench/753,28e444015a1b948c6d9e4736aa104eb2ba1f292159c6ee84482b04b85366396f,105,77,63,78,True,,,
BigCodeBench,BigCodeBench/754,8351712d726484ad29bab1725b12f7b8eabcbad647a801c6aff66b9fbfa7de28,252,171,134,190,True,,,
BigCodeBench,BigCodeBench/755,2003ef0b516d0cb8d0ca66dcba2841908a3759184693f35365027cac6d49afd5,82,59,38,63,True,,,
BigCodeBench,BigCodeBench/756,c2e9b566c5b299223cb51cea74b7c4f287c6d79a7f939635fa516f21dbf10e63,125,104,82,108,True,,,
BigCodeBench,BigCodeBench/757,91e4001e191c72c609810f7556ff4824004a275c03e6d0c98d0450a7f25f2024,49,37,30,36,True,,,
BigCodeBench,BigCodeBench/758,0cab4c6ad54340bb4a89665e8e0994c9ce9b8f62309b1ff460710c33fe3e2607,174,132,148,142,True,,,
BigCodeBench,BigCodeBench/759,b6dfb8653e998ffb4baf6d664d61f7d1a7ed651f446e5203b92de5f9f0b13c99,80,64,50,66,True,,,
BigCodeBench,BigCodeBench/760,aa52a8ebf5a8f5299c4d08a60b9d7bd0ecb0dacaeee671969ce212d2e2b7f22c,322,221,197,231,True,,,
BigCodeBench,BigCodeBench/761,affaf9c39b97941447755b4e42287dcc5dc6a65e5734414c38a5b91790a57b9a,142,91,73,99,True,,,
BigCodeBench,BigCodeBench/762,265a4b21c96c4b25685c587da4cb6ab2495715308fbbf328a0130ec36a767077,168,132,108,136,True,,,
BigCodeBench,BigCodeBench/763,4258073ee934879734c8e83fd78573657dab1b1bbe4a8076b25ccf9ae6dff846,180,145,109,154,True,,,
BigCodeBench,BigCodeBench/764,92aa30ff9d3bbbcc0a094f39c17f688da533ddce7a79c1991de27c6c48023d19,263,208,199,234,True,,,
BigCodeBench,BigCodeBench/765,1719b281f171699a138a89ba1c822d78e3db34d32ae890f066c51c67aba999b3,113,78,57,83,True,,,
BigCodeBench,BigCodeBench/766,50ec02dd530598e8dedf4182078754bed2144a14b2789b14e10719f8e13bba88,133,105,77,110,True,,,
BigCodeBench,BigCodeBench/767,729b8282398222fadb7b0fdda745077121e36930e585acf589ab65b21c88cf67,55,43,43,44,True,,,
BigCodeBench,BigCodeBench/768,99522f5569e7df3e136b1cd0055d25bf4a01b785b24c319633f45915ea07e6c0,139,95,63,100,True,,,
BigCodeBench,BigCodeBench/769,e2717186f713356e77faec0f1944c1fa33ae81fac88c5dc441ad40c7f989c040,57,48,37,49,True,,,
BigCodeBench,BigCodeBench/770,a7c3b5d81fe92e8fbfa27ffa54f74cbd326568052a770cf7ca4e935de5e3c462,197,144,146,154,True,,,
BigCodeBench,BigCodeBench/771,7e7ee6cba9ce073cda0a4b55adeade729d24413f6c9779fa5abce01eaba56574,163,116,90,121,True,,,
BigCodeBench,BigCodeBench/772,1be616fc66f01a9ba0dc99a7d88b935f0f5fa664fc7f106d77cd5d80a270dd12,102,77,83,87,True,,,
BigCodeBench,BigCodeBench/773,70bb0a44430a723c2db5bd73f9f4aa1304946f4c3027021a71cb76eebd20eaa6,148,107,89,112,True,,,
BigCodeBench,BigCodeBench/774,1458b79cf53f32ad652d1713d71f10599deb857b0b9f40f4e5c35b9046e0bafe,154,124,124,131,True,,,
BigCodeBench,BigCodeBench/775,1655c22eba6c096ab1b6e29e845d84c9060d1a486cff96a9e64e9db3fc5fbcd8,199,102,89,108,True,,,
BigCodeBench,BigCodeBench/776,bed0b232cb19d86b1778269a4e737e1310f8c2977b64c4458c2120f6998d9894,181,148,134,166,True,,,
BigCodeBench,BigCodeBench/777,0150c0c38753d2b8a787b706aace7a8ff19e5106338ae3ea8d9903e1588b023b,164,97,67,107,True,,,
BigCodeBench,BigCodeBench/778,5f9f03a02b928843d973aa3e529cca82182e28049442852e600add81ecdcd833,129,111,102,117,True,,,
BigCodeBench,BigCodeBench/779,449d20b147033db9ad9d6af312bdda074c6ddcd2b468960bfccca80b882c1b12,313,226,156,240,True,,,
BigCodeBench,BigCodeBench/780,dc5dab32180f87974925cd9a4643b0af587f7823edf93d0a62a42b7729a4c81b,239,200,174,198,True,,,
BigCodeBench,BigCodeBench/781,087115ad31d82cc4f33ebce274973f0076c462dc07081f3c2a333ae084bd3346,98,80,46,81,True,,,
BigCodeBench,BigCodeBench/782,de26a9c85c8a229905cc632914de4ec4705a126d3c6602cd99c9ff8fd131fac7,154,121,110,126,True,,,
BigCodeBench,BigCodeBench/783,2a2082f35596dc847fd178e8195f77ee6b44bec2de5c18ef1477bee1bf53155e,76,56,41,61,True,,,
BigCodeBench,BigCodeBench/784,ad48ad8f1d6c0d7957a4bb02362c3dc462ebe5afbed92a7154c0f88a8b6a634a,264,190,209,203,True,,,
BigCodeBench,BigCodeBench/785,a7dc10c5af221377cd1de06cb531e197517605c65d867a46c586ebe0e89f33c5,214,118,92,119,True,,,
BigCodeBench,BigCodeBench/786,5fc1ca7e1c640baa7bb4538cd3a53cc5dde32a9f7554a50d205b7d0b2d01c1ab,222,147,137,157,True,,,
BigCodeBench,BigCodeBench/787,29e9bf2ec425b35b2d8f1095c14fc41f7b42baa760f10234d13397c60072182f,117,86,64,94,True,,,
BigCodeBench,BigCodeBench/788,b69832770aeb6bd596d45548b2b79add0502cdf8eaaef64a97cd8ef5c7b1f3a7,207,129,106,134,True,,,
BigCodeBench,BigCodeBench/789,b4c6e3eaf8fd31c0fe9b6d7f290dc135f6bca08256562c190d7116bfee4e4ea0,88,56,54,59,True,,,
BigCodeBench,BigCodeBench/790,b0838f662dbba1a05fa0cf9096e19c49be23bf42acebf571dc94f8a56cbd5451,155,118,113,123,True,,,
BigCodeBench,BigCodeBench/791,24bab04b803dc925830f96c356dad284beb9b294ecb88eff8055740f4a6e0ade,146,98,81,97,True,,,
BigCodeBench,BigCodeBench/792,b8da191eedb999929ef26489e154cc84aacc4041731224a5349f723bd3a33270,147,110,99,117,True,,,
BigCodeBench,BigCodeBench/793,dbf10c985a1e169d16f93732ce2ee39806b5ababd2a499a34100605a7cd2550f,104,65,57,69,True,,,
BigCodeBench,BigCodeBench/794,c2ec61b6d35cb154517c4712c80dffa0567a590700e50233a665c78be6bb2ff4,54,45,44,41,True,,,
BigCodeBench,BigCodeBench/795,b1ddc4c8909a7a616f100d8af8d0767fce642c2e57b7b0ed5e77e768d5a40f45,110,67,53,68,True,,,
BigCodeBench,BigCodeBench/796,e1e6d5ef4ffa66b3e4cdc64226700463455a3c16ec02bcdb4bf3b406253616c4,85,51,36,54,True,,,
BigCodeBench,BigCodeBench/797,b25c12bf71c3403c70df037bdae4e5a6daf45f5451958475505427bc81b14ac6,82,68,60,56,True,,,
BigCodeBench,BigCodeBench/798,6647f05f46181be72f41323b1c9f15a397028f734d255bddd276a0b21c1399b5,141,111,86,117,True,,,
BigCodeBench,BigCodeBench/799,bc6a9469ab3b4e24bba9036067d2cf6e6180449a82470fc89ec09611cc63c248,208,121,111,125,True,,,
BigCodeBench,BigCodeBench/800,681a40b284b64b5f2e94b1f692d2d4f6338b9492b2e2f74a13f8f1f2db689915,279,212,201,224,True,,,
BigCodeBench,BigCodeBench/801,77b9104b1e629307d2c060db4c0aece3871c0a1cfe839ba165c413cab7dace97,176,143,93,146,True,,,
BigCodeBench,BigCodeBench/802,605c538485615baf65fb289abbce9e3133660e5de64852db22bb4261b081ef5c,101,70,56,74,True,,,
BigCodeBench,BigCodeBench/803,49a5e09475c0f5d55221c8f445cf31cf794181a70c5c77d400599a59c6bdbef0,98,77,75,78,True,,,
BigCodeBench,BigCodeBench/804,9234150ecd13fcf98a9dd366f2585b1b49db5ca7df8bcd6e57ee2bb0f3fd32b3,149,121,88,140,True,,,
BigCodeBench,BigCodeBench/805,edcf1af9d79d5527723a726a623db17e434c0ac9ea2d1738144dbb4dda5273a9,80,60,48,63,True,,,
BigCodeBench,BigCodeBench/806,79c37f6f6818882fdc1079c9e2e757db81bdf41aa91f590287b89a36e49d263c,154,102,95,106,True,,,
BigCodeBench,BigCodeBench/807,9aee5f56e81d50ccb5d6738e5095f5ca85e1c1441f817f1fa28d83edc3be5858,107,70,55,65,True,,,
BigCodeBench,BigCodeBench/808,69eaf42e714723d93e56c4a276543562ee4aedf02e2d561e70c752442a2cc3c5,117,102,98,106,True,,,
BigCodeBench,BigCodeBench/809,0c3cd215f4a3f898ba48e195897a98deaf0879f5cd8540303eec85321e06699e,65,51,46,59,True,,,
BigCodeBench,BigCodeBench/810,2930e9b7713abbf12a40e07f0f20674956bef68e24b0a4e52ac19e31685c8eeb,114,90,60,93,True,,,
BigCodeBench,BigCodeBench/811,6c529ca8731f96accdb5523c1e6b32a2732a641ba6125301f32feb3a26f26616,141,103,79,124,True,,,
BigCodeBench,BigCodeBench/812,227227d16855b2b152c561b7af9c58c2e823f0d92d708bf51b9b54d3fb10411d,149,124,123,134,True,,,
BigCodeBench,BigCodeBench/813,84abf5cedd065205d8e5deee7ef790128c33b03088bb145c09731f1f25c42498,73,51,46,52,True,,,
BigCodeBench,BigCodeBench/814,f8caf1b2e98c2bc6b21a5e6e6877a821c5be44a4c69b82f296cbc49ad52fe048,133,109,77,116,True,,,
BigCodeBench,BigCodeBench/815,44e0a5a4d5ade0b582ce6403f20e2526b994acc7d36376a93f989929f9cfb37b,103,84,104,87,True,,,
BigCodeBench,BigCodeBench/816,e818f94d9a145d12aaccca11c32555354541ad1a6d27bd9a568a81b111618081,139,105,94,105,True,,,
BigCodeBench,BigCodeBench/817,00e096bf952d4eebe1697aef224f2bdcf591d14039046596ea2a3dba398596b0,208,179,140,178,True,,,
BigCodeBench,BigCodeBench/818,601688c5d3761b16f07e9df7107f04924c8e34319acab08fcaebf483d8ae1b0b,64,47,44,51,True,,,
BigCodeBench,BigCodeBench/819,812d5a4956c1cd0357b8278717b64fe035295ac7fce3f1c169d084e89ecaa9a3,205,159,125,162,True,,,
BigCodeBench,BigCodeBench/820,5cda07d246803901fc697195a8494122c8e3b87b9440885f6cabf12560861d53,95,72,66,80,True,,,
BigCodeBench,BigCodeBench/821,6872b394182b919238fac1222144dd78106285973cadba827b0b6e0fff4dcf84,104,75,62,72,True,,,
BigCodeBench,BigCodeBench/822,a2a2bd4d9a406b187f3b93f1cba8a4552705937d09b0bfe901a44b0405754aca,137,116,104,120,True,,,
BigCodeBench,BigCodeBench/823,5fa54b666bde7d35f19bf16c5af27f69cee7eb7cb5a177cf5d265c4b401e0485,92,61,34,61,True,,,
BigCodeBench,BigCodeBench/824,70298def675bd1358ce51d6ceea4006adaf508ae9a80f9fe8e4a889cd97ec9a7,80,52,42,53,True,,,
BigCodeBench,BigCodeBench/825,ad6ba65d0bd4567dc1c300f503fc34614fa0544c7f897723c824aa757b5c45c7,72,62,57,63,True,,,
BigCodeBench,BigCodeBench/826,f8caf1b2e98c2bc6b21a5e6e6877a821c5be44a4c69b82f296cbc49ad52fe048,133,109,77,116,True,,,
BigCodeBench,BigCodeBench/827,e12af2af3555cbd66536a8a63c1171f842716c351ebefa51f02d3ed3181f0230,57,43,38,46,True,,,
BigCodeBench,BigCodeBench/828,85060db925668769fd825399772ee36edcb3ae944edf9236f11eac3a73eb57d2,140,71,44,80,True,,,
BigCodeBench,BigCodeBench/829,512d0baf690ede46db91c4249824266db667baefd040a6c46c05c614dfd4f32b,106,86,73,85,True,,,
BigCodeBench,BigCodeBench/830,8d3b2378de928ce5dbcda440801adc44f5166302faf32db6d3932eb27133be74,141,71,39,90,True,,,
BigCodeBench,BigCodeBench/831,3241dc0ed256b0afb75e363fd36aa9ea09d616a511e8d6cb5ec130bb125f7121,83,73,55,81,True,,,
BigCodeBench,BigCodeBench/832,111cd340c908e74207a510a4eb46b83132087041bceffb6c1eeafdec9efb7016,93,66,38,75,True,,,
BigCodeBench,BigCodeBench/833,f3c909108e22c111759df261e0777a977c1499fd49820e10063e63d3bb6d231b,92,79,59,81,True,,,
BigCodeBench,BigCodeBench/834,ddb4af603c301982403a0e2527bbf792b32e2bd54ac0bbf870f12a5d8ce4e3f8,95,70,60,73,True,,,
BigCodeBench,BigCodeBench/835,90ceee4574065cfab8a4280989c41f007fa95caae0c8d17404c786c981fa5cb3,90,73,63,79,True,,,
BigCodeBench,BigCodeBench/836,e70e450f529cd3b79398f5c9e002c689ca1bbd22bf76cc0ca04465e7d1ff524a,153,106,80,115,True,,,
BigCodeBench,BigCodeBench/837,a2132bab4760e3631104a090bec6e2c78d6edc627f212d8481a686d158c0c6ff,113,92,89,96,True,,,
BigCodeBench,BigCodeBench/838,5983f35d8031d31110a2059cb9ad0851b6b970d289bf1cf1927f249317d7da8b,117,72,65,78,True,,,
BigCodeBench,BigCodeBench/839,2332ec73c3a782e7de51817c34534943739dbaf82eabdea2506212a9de9c4035,168,127,147,145,True,,,
BigCodeBench,BigCodeBench/840,6d2397ad4549b454a332eb2125f87d0e91e667a9fc6cde245fe223c044a28d4c,82,70,61,75,True,,,
BigCodeBench,BigCodeBench/841,277babfa6cbab3ca113b8a3cfca087af75b71a82f7b545d31933e987d010ba57,146,94,72,94,True,,,
BigCodeBench,BigCodeBench/842,a894135059ee4bb5e731799921a63105cbbcdcaae54b68d505ac1798e119c4c4,179,146,161,148,True,,,
BigCodeBench,BigCodeBench/843,8ade6bc564b84c04bbc2a40408496db8a3342c04cd11ead24206f84c307088a6,189,112,84,112,True,,,
BigCodeBench,BigCodeBench/844,daef5f9ac749b1b7ac3b881a44b9c91033a3bc0a45078fcee9a7f2ed83f6142e,167,132,116,141,True,,,
BigCodeBench,BigCodeBench/845,9924515db45046919a6882f7bb42f548fcaed72ecb9940fb37ed56206e2d62e8,264,172,139,173,True,,,
BigCodeBench,BigCodeBench/846,bdb589bbb9642999cb38d03edad356e650214a1d5708a5cfad108461b661254e,90,71,56,78,True,,,
BigCodeBench,BigCodeBench/847,78dfc6030b39a86775dedde5c79b5c81f8a9441d6c70497f9ddf14d77b76bd5c,114,85,60,88,True,,,
BigCodeBench,BigCodeBench/848,fb90571cbfa7e9d8251d5e9a146d85a646f3a6e1d1817d807f6c3bcc1a3b0641,88,62,44,65,True,,,
BigCodeBench,BigCodeBench/849,bb09c4bfc19a778bb8ecfac3482201997a9455f3a90ac332ea0507d3c268f83b,95,78,72,80,True,,,
BigCodeBench,BigCodeBench/850,eb1a652c7ad9520a06f6daec359cf0b57b50b260518e4b48c7b170d8e45db91c,113,80,72,88,True,,,
BigCodeBench,BigCodeBench/851,d1e8e1c00c8b25db43fc95531844a565fd7cddfda37da0466fcfc6eb5e394cdb,121,57,45,60,True,,,
BigCodeBench,BigCodeBench/852,2f4dd78efcfdab62d244d3480e71a751c14a30cad64d79064d2e99941563338c,158,80,58,87,True,,,
BigCodeBench,BigCodeBench/853,e9d655c24114b78ecedcd3afc0035c4db47d98e7f53257651cf49628b28e0383,202,165,114,168,True,,,
BigCodeBench,BigCodeBench/854,8500085a64ad0a6576dc92c23635ac81785fe24ccf2cb2973c05eec19ea533de,154,124,102,123,True,,,
BigCodeBench,BigCodeBench/855,804d7d94248c5fd8312ce7b4db691ccd3092754152ae88259944439590c765ca,79,63,56,66,True,,,
BigCodeBench,BigCodeBench/856,662862b9d825b762913c63ffd0cb76fa7076dbb6ae6e134d29c051b013f6f4a7,135,107,88,110,True,,,
BigCodeBench,BigCodeBench/857,083784a7107b46a2464ba283378b24c4e30257b2f33096e12c435659f94945c1,144,100,75,103,True,,,
BigCodeBench,BigCodeBench/858,252a61db15c180dcdae92e7ff5f52494c6a6c5ed987dc1ef9b235ccf65559fdb,67,49,44,53,True,,,
BigCodeBench,BigCodeBench/859,58657ea984bcb15a688a29c079bd13066a704007bc4bef4712adde8b346cbf34,200,126,131,130,True,,,
BigCodeBench,BigCodeBench/860,d69eac7da08e44bf21df51a4ce6b1511ddaf416c86dcfc7b7f4908c116e7d7e6,66,47,39,54,True,,,
BigCodeBench,BigCodeBench/861,af6486963707f5c7b47e4b2f00a9b147899584c908a29cc88592657a260e11d6,107,72,72,79,True,,,
BigCodeBench,BigCodeBench/862,3fec9ef21011c377498a3d4c07e78bc9328bc94f1669692f694bd2c12369e68a,68,49,38,51,True,,,
BigCodeBench,BigCodeBench/863,09529c4333966c480aef83d0336df2c220885fd6a8fc3f8744181d77b1ecb9a6,78,60,51,60,True,,,
BigCodeBench,BigCodeBench/864,440becdaf1a1f60af61d7823e5422b9d4159cc8ac02374e937ee9c2ced8fc7d0,185,113,95,115,True,,,
BigCodeBench,BigCodeBench/865,097e31fb29d4b1d26766174258de6a5c7b3b3d01269683743d3be727913098ac,147,80,76,83,True,,,
BigCodeBench,BigCodeBench/866,af73756402fe30573d8d4df74bf81d42976677e2c63f904992ccd7d16bb7bf59,82,59,49,65,True,,,
BigCodeBench,BigCodeBench/867,f51e874530476586a62f7728ce3378a63a06e8ef07542ea6345a4f2137637277,90,49,39,50,True,,,
BigCodeBench,BigCodeBench/868,82d1c5fbf947b89d057b7cdd04630c7bf58d0869e895335ba9dda5297db3e1a6,111,76,71,87,True,,,
BigCodeBench,BigCodeBench/869,e024837af575d70ef8980b4fd3dfacd7307341609a99945f9fc0375c9ed78938,163,125,128,131,True,,,
BigCodeBench,BigCodeBench/870,d3eeed7414e1ad496e927cf09053d81f7a501342727a9715f551ba8964cb871b,257,141,104,146,True,,,
BigCodeBench,BigCodeBench/871,28eb554f111b2e949797c9ec11de1ea675aaaead0d9128fafae49807ed09d849,201,105,68,108,True,,,
BigCodeBench,BigCodeBench/872,08f7333dc3c5331bf03b7978ef70b71a1ad4475cd201dc6904d4d332b0ecbead,104,51,40,55,True,,,
BigCodeBench,BigCodeBench/873,40d293f99b6ab4e74e96c34dc81763cfe48f9677691ad085939296a38f2fe243,103,83,58,93,True,,,
BigCodeBench,BigCodeBench/874,10ab427acc702d98658e7bb907db2818e0bf72d7cb7d0e7cc71ddd7672f3bf09,64,47,43,54,True,,,
BigCodeBench,BigCodeBench/875,edf7ff2b7fa8ea30af44cf0ae1b376396d815ab3b650d58dcc4c591c120bc447,119,98,77,105,True,,,
BigCodeBench,BigCodeBench/876,78ab4632927b320260b7d349d810032748c20f836970940c8172764362a94bb6,143,85,72,95,True,,,
BigCodeBench,BigCodeBench/877,4dbdcae00f8d02967a55134a7ab138f679b76e91543a66f33435b6e15e84d745,156,132,122,139,True,,,
BigCodeBench,BigCodeBench/878,4259e39bf9e24dbdcc2b6c8209d60899100a4067463ae591d36e9b638e1e8d90,195,129,132,142,True,,,
BigCodeBench,BigCodeBench/879,6f8871c6e63c918dd7181a4b51b009a8053fcface664182dc28ad875d0684a5e,324,233,233,236,True,,,
BigCodeBench,BigCodeBench/880,80b8aee6d9ab9aa2b777f770475b257b02a763dd7463bb0c40666e129b349e5b,96,83,75,85,True,,,
BigCodeBench,BigCodeBench/881,e87f9570adb43434c0c7b664a9fe903c4d5ff76504c7e33cebbb8c8d29053eb3,152,90,82,94,True,,,
BigCodeBench,BigCodeBench/882,8433eda0b9f4c557ec3f766113da42382fc7e4ee13e827ae2960c9280705ccf3,136,99,80,105,True,,,
BigCodeBench,BigCodeBench/883,ea771a5e601e0c1c1f67f54f3d387f9799e8417c8f133103f70ec660e3635045,163,89,82,85,True,,,
BigCodeBench,BigCodeBench/884,306e96b92a4d169ab3f5d39c0a902284efc6345a2bd97ca7d290f2bf0c215658,244,147,133,152,True,,,
BigCodeBench,BigCodeBench/885,e3550fc81349f505744787a5259de7fe45451101bba76dd597a415a6f4337485,287,176,172,178,True,,,
BigCodeBench,BigCodeBench/886,8765f7bd1976147510c3e15567c6bcf65f79360b9038a0ce075acd3654af8267,148,99,89,105,True,,,
BigCodeBench,BigCodeBench/887,023a053c40c407de772b7abf8e33276bd825ed48b5298088d7accaded119ebbc,119,88,72,92,True,,,
BigCodeBench,BigCodeBench/888,30f1c5c2321b083b92769950466d84d3a6c60daa3d2699b719c31e9e28ce6b54,80,55,42,52,True,,,
BigCodeBench,BigCodeBench/889,63b613226b18df5f905668cbf9c9a4c15d8810d51ea6c48c67e3afb370fd21ee,113,83,67,82,True,,,
BigCodeBench,BigCodeBench/890,cf7c362108d7a2774053bec98cfb9077cbb9ca590d97e41e4102d57812967103,127,96,80,99,True,,,
BigCodeBench,BigCodeBench/891,80144cb4ba1fc1076bc69ddf1a0559fc0301d351ab6fa1dc699bcbd45735cb0e,131,94,97,100,True,,,
BigCodeBench,BigCodeBench/892,992c4358685715570054c79ed78b8d74b5f1bbd7e2daafe64a752ed45dcff956,64,45,40,50,True,,,
BigCodeBench,BigCodeBench/893,53ef1abd3259cb90a2e08400cb6732a4921b07cdd763025c37edd6274c5a7d4f,174,111,81,115,True,,,
BigCodeBench,BigCodeBench/894,9daf66816902c67a8531b3ac75f15d6300d0fa1c4a8277de0c949832e32b0577,187,152,142,156,True,,,
BigCodeBench,BigCodeBench/895,ae3babe09c89d82ead8011a27e58d86af28118f6e08ea16e865f6da3b2eeb3e7,106,80,70,82,True,,,
BigCodeBench,BigCodeBench/896,d081258745359f679bb09229f346e755a2d5b27ff877820ec5c8ee2b05a7e7dc,75,58,50,61,True,,,
BigCodeBench,BigCodeBench/897,54ebf0431af4cc313fe97b5c7b825351b43dc02b8993d9b2e08d62b33e8b1755,178,116,103,119,True,,,
BigCodeBench,BigCodeBench/898,67cc0476eb87d6243df70943b73c6ddddc283d15771b5460dbbc88b8616ec723,73,56,50,59,True,,,
BigCodeBench,BigCodeBench/899,f8826201706406e6b2b5e4c8b36fc5c80f417477cec5ef0f83cfc6eb8e111f71,89,64,47,71,True,,,
BigCodeBench,BigCodeBench/900,8896b88e98131bfc80cacacb1ac25936f8e53be52d374dd15e98a815007c775c,197,143,101,146,True,,,
BigCodeBench,BigCodeBench/901,e20a5d590f46ea3d322dc74d7f197659665e1ec0170d7cde18603d93d5a5341f,115,64,59,73,True,,,
BigCodeBench,BigCodeBench/902,ddacd635a45f9faea86a4f399bbc0afd6cee257e0c94414ff5cec6be6fa3fb4a,73,60,42,59,True,,,
BigCodeBench,BigCodeBench/903,e1e4ce2123cdefdb2c498b93881060c99fa85586e4fe1132c466bf96c0d81a5d,72,54,57,61,True,,,
BigCodeBench,BigCodeBench/904,58a333be69209cab21bc1cacb2e7da060f18105e6a5f99f575aeaa6e7b6ec760,135,65,53,65,True,,,
BigCodeBench,BigCodeBench/905,98330894998f94197eab2043e06c8d76e05595bfce80a4c8ad16193cbcb36003,84,68,46,70,True,,,
BigCodeBench,BigCodeBench/906,3a187bae2603c66393d57af31c21b6c7a302600e4aef66baeb7e7c8610198fec,156,115,91,115,True,,,
BigCodeBench,BigCodeBench/907,ab42dd636a38701777d2b0a3b9b8d9d19970c305d8ea8071b0ec17d909351e5d,86,63,43,70,True,,,
BigCodeBench,BigCodeBench/908,d0ba8a017004eb34da4a5a39d08c1912e3e27b6278c83b5de9eb28783447ead4,92,70,60,73,True,,,
BigCodeBench,BigCodeBench/909,70b674702985c1795e3e52d702bc506d79a6d28530d8b2c9dd0034f10ce9ef48,129,99,93,108,True,,,
BigCodeBench,BigCodeBench/910,8ce1833f2f86f372cf33cf2f6352ca655e6ac504307b04b4a2f95f301e4fdb88,143,101,97,107,True,,,
BigCodeBench,BigCodeBench/911,06cdd7abb8b288a66a633efa8ff877f56026dc4a87e9256793cdc397a885b847,106,53,46,54,True,,,
BigCodeBench,BigCodeBench/912,90315f12813a1e062490d1f905686a15d0713cb0c8a4448732f13c0118a44fd2,84,43,40,42,True,,,
BigCodeBench,BigCodeBench/913,842e0192e65251cd1e70176d1343020084a9a66ea1f50f8a2857a569604ec204,265,157,128,166,True,,,
BigCodeBench,BigCodeBench/914,58de3ce90cfa5ad7fdd0632bc1c0ecc7a8162ef1c69f6e5ece72548c1a21372d,224,154,133,157,True,,,
BigCodeBench,BigCodeBench/915,82f9319cc3ab656fff2b0ad962bc9b6c40efd14963007adda3a1de49302583cf,190,136,129,140,True,,,
BigCodeBench,BigCodeBench/916,a0fb6dcdd305cde85bf1ebcfb7d9612683faf2e9a7ab295b9f61194de07b3dc0,152,105,100,103,True,,,
BigCodeBench,BigCodeBench/917,5ad82a7a5b3bc0a621e53ef192a58d11ff5982e9b9becaf612b3d5aa8cc89f29,199,145,145,140,True,,,
BigCodeBench,BigCodeBench/918,fbf39488e0be3d3490bd2d75ca96b6ffe1365272279001cfc191ad285c4759e1,95,68,56,71,True,,,
BigCodeBench,BigCodeBench/919,38c7be80bce5267e45564193b1b656d3dc776bc7032ecdef1f77ce923b7bad78,156,97,83,103,True,,,
BigCodeBench,BigCodeBench/920,bc6e47afcad0f55969c87b778a42e0cedb1f34161ce86409da8fad40314ab00f,60,49,48,51,True,,,
BigCodeBench,BigCodeBench/921,dfa4a4b9e330757f873f95c95e1fe6b004c5b5e965a3fb7b0edc60a46de1377a,93,44,47,49,True,,,
BigCodeBench,BigCodeBench/922,59a180389a19d30ad30c6106fb41edfed1b5f2ac6d1f7bfa5f29baf5e3c3a9a3,483,332,357,335,True,,,
BigCodeBench,BigCodeBench/923,1a78a53612c2a5c0af78b10ebe4e44cd1c6d051e321eba6c70b2b3738dadac43,147,103,93,113,True,,,
BigCodeBench,BigCodeBench/924,1eae53476e01b8d3d458f97cc37a0f7d4245b431a5519b99cfab325ab4b12245,131,104,78,102,True,,,
BigCodeBench,BigCodeBench/925,9b55cf1f1227167b22502c324132176bcf54e1785c96e831a5e460477c02b776,101,68,58,73,True,,,
BigCodeBench,BigCodeBench/926,dd2230f65667d9b0f69b2ff5d2d3c287a737e679a047e6f0914c11947ff70688,93,76,65,73,True,,,
BigCodeBench,BigCodeBench/927,faf8fb555fda33354a25313bbcd1bf84bcd3f90376519974d56579f4f298711f,119,69,60,66,True,,,
BigCodeBench,BigCodeBench/928,416965aaeb5dcbc8236dc871a02dcf27ff730e09b2bcc02312356766d7d03c23,165,84,61,83,True,,,
BigCodeBench,BigCodeBench/929,71f5e2909fb413ae41e85a1ab035b83e647d6360dd5c1acce386694e54265865,80,53,37,49,True,,,
BigCodeBench,BigCodeBench/930,2136a615c6b9d63dec7a8a135a1765ae5f9ba6b9f5b64fbcba6c09253d6253b0,126,101,90,107,True,,,
BigCodeBench,BigCodeBench/931,02da5051afe7f1aecd9ab4ec5e3e58859ade531b879b1ee745779ba73fa9e4d0,93,58,38,57,True,,,
BigCodeBench,BigCodeBench/932,4796581dd870b04377206c68681eab07254e642b58fcd533af49d713038a5acd,127,65,41,64,True,,,
BigCodeBench,BigCodeBench/933,5380d888987a523b8dc28516ee074772bef01ab3f47347350f8c9ae413298500,97,59,55,56,True,,,
BigCodeBench,BigCodeBench/934,773c82a803ba6d839eec865e234aae648aac81863d57ad1215e37d99950cbd96,74,50,39,48,True,,,
BigCodeBench,BigCodeBench/935,0e3c453b5585bb04975ea430bf9c2d1ae229ead4cb5eaeacfd72bb505d076c25,116,81,83,94,True,,,
BigCodeBench,BigCodeBench/936,26b3b089f5eeeac2bf31f25934300997954467f223b05c0da245aebdccf72c0c,203,119,124,119,True,,,
BigCodeBench,BigCodeBench/937,0a10630fae4f2d1a355eb85acb498293a5163fec5e180dfe0551a2ed94736302,49,34,27,39,True,,,
BigCodeBench,BigCodeBench/938,e46765e54425c56e3296466ce1c310b3e22175ebd2566a3911f52604be0c2754,113,81,70,92,True,,,
BigCodeBench,BigCodeBench/939,6fc44ed4e4472e50de79e447915c8acd6c4ae368e586c0071ca213ba27802544,103,70,44,72,True,,,
BigCodeBench,BigCodeBench/940,b4fab31da452434b4f947ffc2c19efcf57bcbfa10386fabeaf689be215307b20,60,46,37,50,True,,,
BigCodeBench,BigCodeBench/941,dfeb1652cdb429537d79f66bb9a69b1c78a245bc8cdf7711a1a5e8641891a02b,174,132,118,129,True,,,
BigCodeBench,BigCodeBench/942,b45bf8013f1f6206cd699f1ff95cad2acd5223714d3676d3bdaa53985aa288c0,246,188,194,201,True,,,
BigCodeBench,BigCodeBench/943,8dfd4aafa6b0526cf80a1eed5e9ef68f68e2b3ba6bdb3d41fec58a85e8e36b2e,180,143,121,149,True,,,
BigCodeBench,BigCodeBench/944,6f108ea9df0f2fbb443c0092883007c100024cd700c1cf181a5182e0ecdd29f9,215,157,132,169,True,,,
BigCodeBench,BigCodeBench/945,5f49195c7cad7c92ce42e4ac945d907ad1a735611ff639ab88fa57fd988dba75,190,140,125,154,True,,,
BigCodeBench,BigCodeBench/946,9c9225bdd02d53d73f72aeed82814df2d907fb4d6bd72c73b3c4d4c3f5b7c607,103,85,69,89,True,,,
BigCodeBench,BigCodeBench/947,6af56ee73b6fb18060681884d3c7e8af1eb1a6416196b2b34130fd39eeb4b39d,229,115,92,126,True,,,
BigCodeBench,BigCodeBench/948,9b0059817ae360d65357bdd0dbe58f6e488d16fa1adc13168ab58e8fd67e7ca8,76,51,48,54,True,,,
BigCodeBench,BigCodeBench/949,36f65bd12c12c8d9af5419476002d55b3a6ad75b34da2095041576e194f415c4,54,38,33,45,True,,,
BigCodeBench,BigCodeBench/950,c31e01344b6ad426360acef04d7a3d5524076ba8990d364a74a381d0bfb94e99,63,51,44,52,True,,,
BigCodeBench,BigCodeBench/951,c02038a56186efcbd33ce3cd7fbc5d1a982f015d7ddc40ceec7d999cf7aa30b8,181,133,128,138,True,,,
BigCodeBench,BigCodeBench/952,315d8b15b09c143ea758a036f4f0f2a5c988bb6d2144ab7f568970afe335bd9f,184,129,138,142,True,,,
BigCodeBench,BigCodeBench/953,6627e1976ad57ffb572c04ee352ad1e87222fb971762171bf91870ab0844a84d,152,112,83,123,True,,,
BigCodeBench,BigCodeBench/954,af09e575f58c5e8ebb2234663e0fda44e4ce85101291a98a067de2d127763721,119,98,83,105,True,,,
BigCodeBench,BigCodeBench/955,2a317bb5f67ed4d9dd81923e107bf6fa8c2e0e12a566d6740eacd0c6b9137df5,129,100,82,105,True,,,
BigCodeBench,BigCodeBench/956,cf60db749fb595f7197aafb15282c0a2e922477754328072c74e6b0147d14160,113,87,68,92,True,,,
BigCodeBench,BigCodeBench/957,045892fe7e41033c9155d73a73646b9e2ad6ae08e9625ad5509993407a95fd16,56,44,39,43,True,,,
BigCodeBench,BigCodeBench/958,05c3931bb7fde486aaf8e4738dd789109e2f6d831696c029193df43c76d8af0b,117,76,57,89,True,,,
BigCodeBench,BigCodeBench/959,e4ae0839f6918f78d031370967acbe0d95e10b345550cfeece65d002b29da014,86,67,56,71,True,,,
BigCodeBench,BigCodeBench/960,b89c1c8e559f8525c7db6e411fd61dce277fff688d818f4a75018ed4b819154c,137,92,73,107,True,,,
BigCodeBench,BigCodeBench/961,01a3373f2902252da597bdc8bac6d4c0cf642dd0ff7e54d0d2357148d66b09d0,117,88,67,97,True,,,
BigCodeBench,BigCodeBench/962,a49693eb90aea1a715ba8a72ba6d7eca77512da5dc52a96c969bbee2cd798d71,209,156,115,167,True,,,
BigCodeBench,BigCodeBench/963,3130c328548ec511f30c4428a7c7cd1eb2087cfd3d83bf04aa1299315cf9f3b1,160,131,104,139,True,,,
BigCodeBench,BigCodeBench/964,103d26f920e5d27c0551b97501271d01cf1ee948eac26c22c463e303d0992a19,290,225,178,247,True,,,
BigCodeBench,BigCodeBench/965,ea53e2249f07cb0ddb4d723e33f53e117c9d756c5b4d9b2de9753fa5fa0574d3,141,103,73,109,True,,,
BigCodeBench,BigCodeBench/966,492859e46891bdf6d6b0d7a19f49cb22137b58595d7e486d553be54c1c18b93d,90,69,64,64,True,,,
BigCodeBench,BigCodeBench/967,5e4e5842211bee13de3817c37ef921d64e9d563542fceee991a76d76b8f44799,131,113,97,118,True,,,
BigCodeBench,BigCodeBench/968,1b09f3452161b424ff45060f5ad6d5680bff6436718932b5d62540e6951098d5,72,53,48,56,True,,,
BigCodeBench,BigCodeBench/969,52a3f99131bd2148668f233428cd2dd611e19ebd418b279ce670218a005dbe91,130,103,96,103,True,,,
BigCodeBench,BigCodeBench/970,5bbf22df1764b6cf879d43e843c1739272cfdc63982411e61ac36e3d57ece132,178,137,122,136,True,,,
BigCodeBench,BigCodeBench/971,cde42005250b7d191b10b2d6591ae8f03caa9e2d7f884c20949e228dedcf444a,159,113,96,116,True,,,
BigCodeBench,BigCodeBench/972,d00bedc0cf33187d4a3d7ba42eaf2528860a885164c38327cd0652511fcd4142,111,80,66,76,True,,,
BigCodeBench,BigCodeBench/973,e2ff2aedd59c5950546198442abcb0e6877b52a29c002556314065d572fa5447,173,137,99,144,True,,,
BigCodeBench,BigCodeBench/974,6d82e66a4bdd25c026c12595ba5892ed52d4c52a1da11f1975af1bb3946d254e,120,105,85,105,True,,,
BigCodeBench,BigCodeBench/975,dbbd0a3bf363bfc88b4626f919d225df77c03c1ee9897da2517460957218a9d7,84,64,55,69,True,,,
BigCodeBench,BigCodeBench/976,f4f4071886df3b58725716837851a952ae5cffadeb3e8ecb5235efdd35e3271c,151,118,101,123,True,,,
BigCodeBench,BigCodeBench/977,3fb20c8cc6e168d4da6cd0ceed932cc22b3a52aa7ee43ae553e33ac6fd6640cd,165,129,109,152,True,,,
BigCodeBench,BigCodeBench/978,645f8def68dfffa1c54e712e05dbd550ff79c2c62f39caddfecd72fd9bffe68c,186,135,108,148,True,,,
BigCodeBench,BigCodeBench/979,f988bd4b221862215506fb5f4fd28341ca3bc0123aa9e2c1ce67bd3fd250d022,138,103,96,113,True,,,
BigCodeBench,BigCodeBench/980,8dcce33d26bad2324eec6d7529a9ad2d0faa8c9439ab08b78c90256fd7fea853,116,88,89,89,True,,,
BigCodeBench,BigCodeBench/981,7ee0c94fc6bcd1a8a2a9eb713e0587a04211d18b7cdd61d367dbe6ccd184ee08,230,173,127,174,True,,,
BigCodeBench,BigCodeBench/982,2cf1d5e85afd72e1002530451daa466f6cb0b1687fe86f091abf890a8303747e,180,133,120,146,True,,,
BigCodeBench,BigCodeBench/983,b9f9a8504cc47459526860d34fd56dec89665f599167ea45f192300eb09c4225,100,82,70,82,True,,,
BigCodeBench,BigCodeBench/984,58be49b97c440db16ed792e641f375248bbb7dbe326b3f48aa5d5aa2c2621740,98,75,81,76,True,,,
BigCodeBench,BigCodeBench/985,652c5186b3e330b08043762b954cc5ffb72a496d245dac8ed8ff69999f36a088,305,230,174,238,True,,,
BigCodeBench,BigCodeBench/986,502a0096d2f75c814299085a2c75bc18a1ea8ca2e925d887a77eb39a26cdf874,184,152,128,156,True,,,
BigCodeBench,BigCodeBench/987,a0aaf7fc5c12a19897ec91b5d3baa11d9501d5c9f11ffe9efd8072711760b67e,227,176,163,183,True,,,
BigCodeBench,BigCodeBench/988,849c247aab2b25dab7d270e23f421a3e7aa3d9ece899eb7f85146dacc85ce3a4,231,178,137,178,True,,,
BigCodeBench,BigCodeBench/989,2e70f1a3ad72c20bfa1bae4ac80959820bbf87e51d4d01019434a5811155bedc,221,171,148,176,True,,,
BigCodeBench,BigCodeBench/990,5fb2c86b7fb5a2c048506efe5bee9b58bec875da8e8af054df36d395e9d76576,283,168,140,163,True,,,
BigCodeBench,BigCodeBench/991,c3442bd2a9b8654fe25fab931dbba0f9e18a6b6b4eea78d8c2745a4d8271595f,62,52,48,49,True,,,
BigCodeBench,BigCodeBench/992,8cb4b1cbf8d5b41f5aacaf86d1364a488618d749a2710d40b052c3724cb0e693,113,98,118,98,True,,,
BigCodeBench,BigCodeBench/993,3494335079d33510829a5da6d53a189638ce848d9161458ac4bb1b41cc5051f4,199,124,92,131,True,,,
BigCodeBench,BigCodeBench/994,b31c1c168d417ad22e12e426ee74daf154becd0a7cdf237936192a7814d85e2f,241,196,145,194,True,,,
BigCodeBench,BigCodeBench/995,11a88a169d76c5da61741078bdbefd06c69dcd8444d26425237459d7387a4e88,278,169,141,163,True,,,
BigCodeBench,BigCodeBench/996,3bbc77d5409e1bc9df7125630fc1fce806613b67806f138067770a9c12bf8938,112,86,60,88,True,,,
BigCodeBench,BigCodeBench/997,f66b1417317089a78e60749de1df093109bb52f37d609dc64cfde2c42a95cb5f,138,94,99,95,True,,,
BigCodeBench,BigCodeBench/998,b237fa7dea19cedf993d4f477132d4856bc2baf22ee6975082f2d4dd600131af,206,167,163,173,True,,,
BigCodeBench,BigCodeBench/999,04742a8526947fe36a1870bb613a9b87b478f3eee75313853fe886e36d5527a4,130,111,86,114,True,,,
BigCodeBench,BigCodeBench/1000,a077cd7d5933146336225f27d280762cae2af7d6471158f5f017c69a63a5a38c,79,63,63,65,True,,,
BigCodeBench,BigCodeBench/1001,d3e25b90495440400e461e5e6f23d890e025f3ebc3d5a28be962a81f09ea92d4,214,145,140,134,True,,,
BigCodeBench,BigCodeBench/1002,fde9ca4b8dabe3c0c2aeed74368f4255962e70a8c08a5450de4d91936cf67bf0,124,108,94,106,True,,,
BigCodeBench,BigCodeBench/1003,ef5a140856711f93a4ce58ab8ad4d682117faec6ed6ab3dbcb892da3c0d09997,145,120,86,119,True,,,
BigCodeBench,BigCodeBench/1004,adc603daa863c7ca4c650b808e4e9b9a1f21d614bb3557a6cb2dced97c44457a,139,110,95,113,True,,,
BigCodeBench,BigCodeBench/1005,7d5dc0e9275e57ce6c9b9fb94673d53b8b6afa6a564ea7e2dab8b4a18d37259d,200,120,91,119,True,,,
BigCodeBench,BigCodeBench/1006,dbcff7e9587d5ac3161123046e7e3375aeb347bceb30700d1aead133d39c6448,252,198,137,209,True,,,
BigCodeBench,BigCodeBench/1007,7acc5317ce3da8c104601df7f6b3ec40796feb25d750e6936081f069a7d5d627,126,81,60,79,True,,,
BigCodeBench,BigCodeBench/1008,ab5248a939a4fe832166d949235a90988fbdc145f0c7be23caeea532885abff8,162,111,78,117,True,,,
BigCodeBench,BigCodeBench/1009,a159690094916105607af0a9ac1bb1607c47c2106cf37d26f782b8548fba8a34,130,114,93,116,True,,,
BigCodeBench,BigCodeBench/1010,95ab8648bebaefd724c7fb83b767859b372164bb5a515fc44a7e6a4d512924c5,75,65,50,67,True,,,
BigCodeBench,BigCodeBench/1011,37885e3c8a6cef5c0864dd16970a630d5b436884f18dcc5048428d711565777f,130,110,106,111,True,,,
BigCodeBench,BigCodeBench/1012,5e012e2cd7cbbab559918714505c2cd915bab71f9319bb825c877a033a4ab8de,251,192,166,209,True,,,
BigCodeBench,BigCodeBench/1013,c77fad091a70a521b925efbb0ef9f1dbfb288639e9ed74ffa790e77e7b07b857,170,128,97,130,True,,,
BigCodeBench,BigCodeBench/1014,015dc4746a981cdf56b98ea67564aee32e3e1ac0268356a604005e1430e8fcf1,120,68,44,72,True,,,
BigCodeBench,BigCodeBench/1015,f93e7403bb709849f43f2a61f079691191644c31d732c18cf31bd2231bf39039,283,225,180,236,True,,,
BigCodeBench,BigCodeBench/1016,f3d2b90155b9a7b14d4cfdad4711550f7cb8459653d6d8e9f468e6c0dc02cac7,253,164,133,162,True,,,
BigCodeBench,BigCodeBench/1017,8a54b3e59c34a7da2781dacdfaa5bda71be6a9538dfa3ba9a0a619f3d9fd4989,374,258,216,265,True,,,
BigCodeBench,BigCodeBench/1018,2ec5df383ae448ea9337ada0c0ace7280496f5832d57de2ce95805196887f529,143,109,78,117,True,,,
BigCodeBench,BigCodeBench/1019,9fff38f15e03a37033e3b046078b6bb5acc5fdda883c7830689b70890ea99f5c,200,152,130,171,True,,,
BigCodeBench,BigCodeBench/1020,19ca9b006db51c7942d23bc3add7405f912e6d93beb901ce1b0bf40ee5d36b99,169,109,87,128,True,,,
BigCodeBench,BigCodeBench/1021,0e4e0a7d54dabacb1fcd728af0a7894d59b2b21f8e9f23197b4b4c6e11b6716e,115,87,61,97,True,,,
BigCodeBench,BigCodeBench/1022,7c82d241115bb01d725abad791ece7cb98f92c1b6f78d03fd1fe5729a05be6ba,169,142,120,142,True,,,
BigCodeBench,BigCodeBench/1023,f69fe1955a45593498fcc797845d3b5745092d785e0ad295c1f8a1af5be361ca,347,192,163,189,True,,,
BigCodeBench,BigCodeBench/1024,7d5dfd13f3ce693880d2d58928e8a86019fa953b5a4a26882e7209938aa53b19,145,105,103,106,True,,,
BigCodeBench,BigCodeBench/1025,f93244304dfbdb919bd88b1919264b8561377e51f1f8dc97f6a35847584063c0,123,93,104,92,True,,,
BigCodeBench,BigCodeBench/1026,0df111166ef5ee30adc10700158c97c31972880b0a902ec416dcedde9704d52e,504,296,244,310,True,,,
BigCodeBench,BigCodeBench/1027,f3fb63131a2b2e73fb6f4b6bf69bd87cda26da89fbcc57076fc8b62192011d84,80,69,50,70,True,,,
BigCodeBench,BigCodeBench/1028,22d03ed0269166d8a943a51674b39156ae601534b9833368a693e834d1c18245,376,250,183,264,True,,,
BigCodeBench,BigCodeBench/1029,a6e3fca10348a38adadb84990f0e3dddf6d6bbd67b5504dd9663a5543c1a2ccc,89,56,58,62,True,,,
BigCodeBench,BigCodeBench/1030,9340853d287bbcf704ed612461aaeaee59ceddc0fe5efdcde61e1f7e780417d9,66,46,47,50,True,,,
BigCodeBench,BigCodeBench/1031,2f37c51450f7544446e8205ff4b48549a8f30341565c27c9255d4a46b6bd8a91,173,115,102,119,True,,,
BigCodeBench,BigCodeBench/1032,1adbf12ff75a79ec646d1b8aded27a731d8ca4dcb109cb44d5f690a9f727f10e,206,125,117,129,True,,,
BigCodeBench,BigCodeBench/1033,130a6cbfeae592855ef7a0f5f75f389ccbe9b0f1bd481ed27bd962d7318ff50e,118,69,55,69,True,,,
BigCodeBench,BigCodeBench/1034,d4bb8c71967b60b265eb3bb2bc7eeb6b06e21ea88897a4d5adc1d79bbe568572,196,113,117,114,True,,,
BigCodeBench,BigCodeBench/1035,466fe4aa488debf7a0e490cdf7aedf37746c368958929acef7295cbfd77029d2,327,211,213,207,True,,,
BigCodeBench,BigCodeBench/1036,b1c7de8c5bd1ee4a4e20afc70b517c37bc1ad1c1ad7f7a4787d1b02becacacfc,210,153,135,154,True,,,
BigCodeBench,BigCodeBench/1037,d672ef97fdab31ea73ea986264220e7c95cbf57eb4cf57272b8288ba627620ce,233,178,155,179,True,,,
BigCodeBench,BigCodeBench/1038,96e9a6173b2b8e89834fabaeba68b198e1bad95114a19ff1a2baf4e40828fa4b,73,59,52,63,True,,,
BigCodeBench,BigCodeBench/1039,65d3de187e26e3711750b49a04cdfb84e550f785f656948c29a8e481b75808ce,211,166,120,173,True,,,
BigCodeBench,BigCodeBench/1040,ae7e44fde3271ce2fdbdff65753da85063e52ceddacf16c7144e824d2749c79f,350,267,214,290,True,,,
BigCodeBench,BigCodeBench/1041,b0bc975307d7b65b5d72e118e4dd2428e87c707213f8d026f17cf290cb8936bd,193,150,125,164,True,,,
BigCodeBench,BigCodeBench/1042,21bc7c700b393eee98d7b1418063f58721c16bdc292e08ff7072cc25b1f81fa2,197,174,171,178,True,,,
BigCodeBench,BigCodeBench/1043,cc5dc3f7dd719d1bcc4dace08898099cc278ff8c92e908fe9e79daee3a70c0e8,226,143,127,147,True,,,
BigCodeBench,BigCodeBench/1044,1208c4d720653ad5db54cce4fa8f7e3622ec47e54978bd2d7a45bd018c24413b,205,145,135,153,True,,,
BigCodeBench,BigCodeBench/1045,20ec4d767c33eaf61cbc04181f7a0a9f7aa529ab09146619bd9f9cd21a1b68ee,229,137,125,141,True,,,
BigCodeBench,BigCodeBench/1046,f7bac1b5327f12c82e85e98b694917eb44f36158665b69e00ef6f58f1df46fc2,116,77,88,81,True,,,
BigCodeBench,BigCodeBench/1047,da24493cf5dd96ed579debc8145a4d6b7f2d96a67709d8ece7bd1007448c2954,80,59,45,61,True,,,
BigCodeBench,BigCodeBench/1048,c7c2fb6ac216c227f8b5ffc7e4417c179414ab1209d8506022462093abea2496,108,85,76,89,True,,,
BigCodeBench,BigCodeBench/1049,0ec211bf9a0fc0e8a584fefa6642317954134c85953a167856e1cdccb2d42f65,119,72,53,71,True,,,
BigCodeBench,BigCodeBench/1050,56cdb2febdd215c99739c9a0dc0acdfb14bdacf1071778770a36ce9302199842,140,99,70,107,True,,,
BigCodeBench,BigCodeBench/1051,0ca6b4728eb5ed80a9033fc22f94f3e5259e2a888bb3f758ac5db3aa4fc0791d,188,139,119,135,True,,,
BigCodeBench,BigCodeBench/1052,3951b81054d6a3d908891cbf8118ca5662314e4a8380eeca5453e1d44413a96a,293,203,186,215,True,,,
BigCodeBench,BigCodeBench/1053,1d287e8beb10977948551e096f51870e8a5c4b6edb7e925e40c43a216b9c38f8,333,225,202,240,True,,,
BigCodeBench,BigCodeBench/1054,d741e0ea67ca907d7aed196ca7aaff211a14620f05f7f14f67fdc4f22d200edc,244,188,158,190,True,,,
BigCodeBench,BigCodeBench/1055,5977ebab180f472b90efa223f9e4c4d6315f36747c5a4ef9d08e3488ae335c94,112,83,73,95,True,,,
BigCodeBench,BigCodeBench/1056,486dcac1d2c0bf7bb7088b92f7847cad169ccf942cb4ab664a3ca4d76d9387a6,192,148,159,151,True,,,
BigCodeBench,BigCodeBench/1057,b2b01cc780ff71db1440a7e42fcb5656ee3bbf8b9e91ba5b019848d46029e1d7,212,128,137,145,True,,,
BigCodeBench,BigCodeBench/1058,d6ed6ed3044222cb4d6636ed17f99c83c18bb97bf294a0e5cc5739f8d18c4783,220,147,169,150,True,,,
BigCodeBench,BigCodeBench/1059,3b6dd341e67ccaff56db9899a1315a36b92c186b609de6c4a28c2b1c47e53189,234,123,140,127,True,,,
BigCodeBench,BigCodeBench/1060,7a876a57da88f2b259616d332fa6b0f85c26db7f08754d4ae35c722bd50bb447,260,202,179,191,True,,,
BigCodeBench,BigCodeBench/1061,2aae325668d320d6a3b091fcb537539b251d773f9a2b37ae770e03a4cde7371d,221,134,124,125,True,,,
BigCodeBench,BigCodeBench/1062,e279756cc8863f5aca4f03d1d4faf872addf4163034304201e976d70cfb47867,116,91,81,89,True,,,
BigCodeBench,BigCodeBench/1063,8740aa5f6f2cda943cebc330399ea4bef593b79d19dab255298a2e9f5fc34309,117,92,87,93,True,,,
BigCodeBench,BigCodeBench/1064,68be7cbae7314c58c7bbf1341239d27158d95328584d78f46ed42683b7087a5b,116,66,55,68,True,,,
BigCodeBench,BigCodeBench/1065,2f258b3255fbd844131e6b77ea5b58b9a408eb25497776084d3378d7dd9614ba,72,56,55,57,True,,,
BigCodeBench,BigCodeBench/1066,dfeb618c217b2d3348e1b0981aa5aebdc9433e446e76d9d9edf212d3dc923d81,234,143,137,146,True,,,
BigCodeBench,BigCodeBench/1067,787156200d85b258225dc5acfc2773137858f4a594474a3c082d7f4c192c3507,163,117,96,120,True,,,
BigCodeBench,BigCodeBench/1068,38d8c5dedc8a620b6075235b72ca3616311b6ced87ce5b0e270f3c26bcc2478d,122,104,92,110,True,,,
BigCodeBench,BigCodeBench/1069,3eecd48fdb1c73d1d5a3ef16ff2a8240f87f88fd5faf97242f0f3ea4ad8e9407,125,82,73,87,True,,,
BigCodeBench,BigCodeBench/1070,3dbb5047b8956095f28cc8aeb636a3ff4d85c9ab3851dcc022f1f99d3fb87593,118,83,73,89,True,,,
BigCodeBench,BigCodeBench/1071,1f0b4d568ba7accaf0c974086b360ba36ea527b5eda7b64137735a353bae34f0,113,84,76,84,True,,,
BigCodeBench,BigCodeBench/1072,f19f262fb7e9097b47269b048e67ca9ce57ae6868d61ef588361d746602796bc,73,51,41,52,True,,,
BigCodeBench,BigCodeBench/1073,7961f5d93421543effe4f7545ddbcaf400ff076a33ab3bc1858fbaea8cdb5144,102,84,69,85,True,,,
BigCodeBench,BigCodeBench/1074,26518f8f2ca916360453c7b301d2bd831dbe4ff0553c66234758165354abf3ec,106,88,76,89,True,,,
BigCodeBench,BigCodeBench/1075,54cb9c7c0fa7761d1171ee97d046b40a2038706d5a8e44a9f5e46cc0341d1fe0,137,100,99,101,True,,,
BigCodeBench,BigCodeBench/1076,288cfc4662c843534529bc7b931a3bb0da3bf4ec07317ab5f285fb101b65a0c5,169,116,101,119,True,,,
BigCodeBench,BigCodeBench/1077,d48afffc6b37ce5a30f4026e23457a73f6821fe2ef1fdfa373b8ba57b6a32531,150,110,84,113,True,,,
BigCodeBench,BigCodeBench/1078,d101a64e7c767c9d3909367f5ce2542e5443a312b4d9129690c54a2cdec870ba,104,77,65,78,True,,,
BigCodeBench,BigCodeBench/1079,95484f6d2ae2ee23a17d87f582c38dc0fccc1531d635cf587a9e359d82de6ba7,202,132,130,127,True,,,
BigCodeBench,BigCodeBench/1080,c93b755c92d924d9ece09f923c7c01d55bbc7c526caa4ef63e55d10acf464826,205,131,126,137,True,,,
BigCodeBench,BigCodeBench/1081,73895f002b6873bbf51ad763cb188c4cabcafb7cf0d25747db76bd2f9a28a505,182,126,121,133,True,,,
BigCodeBench,BigCodeBench/1082,8e1d2f99cb8b3ce8d6cda65b4320afffdcc4de80541d87950207882fd793b28e,117,79,85,84,True,,,
BigCodeBench,BigCodeBench/1083,bd309b672519e9c6aefbadcc23d13e2d697471489696037b4bd727642b58f04b,291,187,213,190,True,,,
BigCodeBench,BigCodeBench/1084,d30870121f1ba0b82a0308383a080186ea03f0227e1d7ef97b55a288b435bade,244,153,132,151,True,,,
BigCodeBench,BigCodeBench/1085,384d8c119e631d0aa3116e57e2728e67a9801b26bf0640497d8e69fc75751fcf,131,73,68,73,True,,,
BigCodeBench,BigCodeBench/1086,3a92686725c910b3c7b0bcff98131be7b2da3d2c7bf8998bd63a8c40775178e8,110,77,75,81,True,,,
BigCodeBench,BigCodeBench/1087,26eea2f39c74b5847d5cf4513092859449966c9397266ef4e301ce09309d2ca6,192,131,117,134,True,,,
BigCodeBench,BigCodeBench/1088,0a390d28e551013a89821d32fb93b4e0dfa61a8b2c6136c6ca84e514262c6d4b,94,65,65,73,True,,,
BigCodeBench,BigCodeBench/1089,efa7684353d4350260ce2a5fa28193ecd90f2b6774f7ae0354306275b7def005,74,56,38,60,True,,,
BigCodeBench,BigCodeBench/1090,a17d3f5738255324fe68b5717153db196000d16b7df806ff3de7567c45487ebc,83,59,40,65,True,,,
BigCodeBench,BigCodeBench/1091,bec1cb451c79442bbf856c9cb42d0e7c33b75b0c8471a59ef4f2b5797da6f06e,79,62,42,63,True,,,
BigCodeBench,BigCodeBench/1092,ae2263c963e9c06357814f4bdd2b3dffc92efbe96f067bc3b3eaebec2a0f39af,94,74,48,76,True,,,
BigCodeBench,BigCodeBench/1093,6b50a393328922babadbcca4ca1c97fafcce6076ac900bd8e3beea86efa5c8ec,102,69,54,70,True,,,
BigCodeBench,BigCodeBench/1094,a9f00c10e29a3ac61df99e2e2b115b4becb48ba3f09f08c58a1f74bde695f175,95,78,62,79,True,,,
BigCodeBench,BigCodeBench/1095,ba6d95b113683a49c8971df1e4ec16034ee11887230a23682aa2cab6112d3891,123,94,83,95,True,,,
BigCodeBench,BigCodeBench/1096,31152f9ff6fd15ecd3782053c69db01b6251d9ccdff90c860ae88b5e28c8eeb2,142,112,109,117,True,,,
BigCodeBench,BigCodeBench/1097,32fea9d3d9d82e0bbc28c17e6dd4f5b91b3940fed08e5dcc8852d107350a6eb5,453,285,305,290,True,,,
BigCodeBench,BigCodeBench/1098,5a91b72f8c58279408607f57b12a35826e8ff8f912edc71e85cee77b50a35ae4,92,52,42,58,True,,,
BigCodeBench,BigCodeBench/1099,842faecfa1aa85033378e9760578e78e9b3d9accea05a53f5a2aec5a8961be0b,443,280,300,286,True,,,
BigCodeBench,BigCodeBench/1100,c481c2a20595b0209b27e7286f67ba55bb36768f3c3691727c9005aa7c509161,157,94,81,100,True,,,
BigCodeBench,BigCodeBench/1101,34469c364ca6d6f41a864cbebed44168b226fd592d49bcca2af1c3d20a70c58d,90,60,41,63,True,,,
BigCodeBench,BigCodeBench/1102,8dfc167074db63077743b7c0b91e222b4550b81e9e654a49ef73ea8e7d5556eb,131,94,77,96,True,,,
BigCodeBench,BigCodeBench/1103,9cc08a1eae7d7a313cbfae8a1b254601b5d775c1ef92a620510f76fecdd72568,107,80,67,85,True,,,
BigCodeBench,BigCodeBench/1104,134a9e6b6523a1dc152da112a6d9976b6be452b5e87a64d8b61648c3851636ab,101,81,80,85,True,,,
BigCodeBench,BigCodeBench/1105,86d7a420897bc76734a8d1c6ff3cf9e6a25f17f7db6d6c4c39cc4000c046d626,209,103,93,99,True,,,
BigCodeBench,BigCodeBench/1106,bbb30fdd431527bdcc52c098de0773c193596f0ff3caefebbc11a64dc18f8071,94,74,55,78,True,,,
BigCodeBench,BigCodeBench/1107,5acc5f7970c231ef8d59fb25295fa6e51238b95536c6721a202afc9dda203c11,133,69,58,72,True,,,
BigCodeBench,BigCodeBench/1108,c9e55029c9d74d0ab4e9dd1237f636d50ce017aa972c843f5778121836251f98,239,173,112,176,True,,,
BigCodeBench,BigCodeBench/1109,94024a123e9a38ed408a43a7940b3655c9a3e5671ec72e46faf052aa8aeb7897,73,64,42,64,True,,,
BigCodeBench,BigCodeBench/1110,1d27e14713338b9a3f15dde1d55b5bd55ea0f068ed7f7a68303c62e112b492f5,69,52,48,55,True,,,
BigCodeBench,BigCodeBench/1111,4d9d8ddd7d277e2d46c59899244e98e12cce286aee25134c082fc0ca344d2a2f,147,104,108,109,True,,,
BigCodeBench,BigCodeBench/1112,a2e8acdf723591f02faf32e0f954224dfc2a34e0c423f4147e69a31c62a51754,154,112,104,134,True,,,
BigCodeBench,BigCodeBench/1113,ec9d57b4c0786fc6aa2c2e0e74bb0122f80d6b2498ba682bdc73327fa05a3966,114,94,73,104,True,,,
BigCodeBench,BigCodeBench/1114,681b2422126ec7a7c3efd8d1ed6706acffa844111d8db611a061bcb6886fe97e,85,60,48,67,True,,,
BigCodeBench,BigCodeBench/1115,84e6932f1044026d2f53f04066e4c721c2ed8dc2d0bf02f6af9a2850c99cff1a,78,60,44,62,True,,,
BigCodeBench,BigCodeBench/1116,aedd83beea0302c51ff61c0d87b06441ead06962199e10a0aa339134bdef24e7,149,89,68,92,True,,,
BigCodeBench,BigCodeBench/1117,76236c01f5825aeff796863776837ad6447dfe4631fc7d3f15eb70140d8787d2,118,85,79,89,True,,,
BigCodeBench,BigCodeBench/1118,81256144f3dc1146fa8cbdb19a820748ece0920f0d4ef124522392d10d9c3aec,122,95,81,97,True,,,
BigCodeBench,BigCodeBench/1119,9826fb7219ac6d93f01cb34f7dec823d958c094e7c97bd22bf0322a58e251dfb,110,87,69,92,True,,,
BigCodeBench,BigCodeBench/1120,48056b68fc41362cd7cac82bb468f13b6ae37fcc8933b033ef899fa3a7c6ba4f,101,82,64,84,True,,,
BigCodeBench,BigCodeBench/1121,48056b68fc41362cd7cac82bb468f13b6ae37fcc8933b033ef899fa3a7c6ba4f,101,82,64,84,True,,,
BigCodeBench,BigCodeBench/1122,115f2262b74b3153604d12d2be47910325afabfd04b12c0c772e0d3cb07169c1,101,72,52,75,True,,,
BigCodeBench,BigCodeBench/1123,ccb8cdbe8117f380a4f7469a8c4e3bb3dbfba4eb77c2d75fbc9fba1bb0d0be8d,144,105,80,111,True,,,
BigCodeBench,BigCodeBench/1124,7292edcae04146439ef1630f581c62e55693a29f99968b2ecfb6c708378607a4,201,139,112,141,True,,,
BigCodeBench,BigCodeBench/1125,2c52c759fa4bd5e529bdc0ce365de047e54a0f69dbe0dd4be80633da2cd2d9ad,83,66,54,68,True,,,
BigCodeBench,BigCodeBench/1126,11e23baf0fe0769656158a25898d079542e53820f3b6dd91a47144c010e20749,50,37,27,41,True,,,
BigCodeBench,BigCodeBench/1127,cc2b1a3c01843eb9a57034a4b7b20a28f5c0d64dc7488deaab0529e53450e9b8,106,76,52,85,True,,,
BigCodeBench,BigCodeBench/1128,5d59aebef4d6952989c38e696e72e8683ea95c0832ad1d147f04b4ef6953be83,148,108,73,113,True,,,
BigCodeBench,BigCodeBench/1129,2932801f2213c262254e1f8abc7c11853e0ad3f44ecbc60a00736d8d32bc90b3,145,97,73,102,True,,,
BigCodeBench,BigCodeBench/1130,48e21f48b7a4ea8df96f6fe19c90a25364931a4dc399f56250c04a60d5b05ab0,152,99,76,106,True,,,
BigCodeBench,BigCodeBench/1131,a388fe131bed7464499fa0dc789fbd6fbc6046e84279458cc3c4c06187667642,148,116,88,118,True,,,
BigCodeBench,BigCodeBench/1132,bdc9e123920c3a3a86f26548098798aca7c6da10bbcfeea44644f4e562279340,88,68,61,72,True,,,
BigCodeBench,BigCodeBench/1133,114419e53eaeaa3faf4a6f7b07894a4382de67619c1c96be9f6de430e6a94a00,104,79,57,80,True,,,
BigCodeBench,BigCodeBench/1134,4b58a67f78b2fc7b394794b7abfbe62d1985e0ba6a4b051bd9cb219ce03f7a83,176,134,89,141,True,,,
BigCodeBench,BigCodeBench/1135,987524b1f7a9e0484f4d505634eefc8844eee91188c6773e868c41b20035fc9e,95,78,54,77,True,,,
BigCodeBench,BigCodeBench/1136,037b36a863930f1e500f5bccd6768ec1b9ed18303ec7027e5ccde99ccdfbcfca,168,139,122,148,True,,,
BigCodeBench,BigCodeBench/1137,a67b3b5fd3b8967c5d59d65d2ba4eddf94c0b97bfde70aa730114e5d2ea415c5,194,150,107,151,True,,,
BigCodeBench,BigCodeBench/1138,f1225c92c9933283b53dd57574474a0147d3114096e6ccc55bff293eb2ad82c0,46,30,28,32,True,,,
BigCodeBench,BigCodeBench/1139,63241d93c8fe6981e9355e3fae792a68f98e60dd23d5721d663cd8cdaa647276,132,91,93,93,True,,,
Toke public pairs,task-a-0001,a29056db352036ab0940d1fdfb8c11b0864e4d01f8ed3ec4386141acd883f83c,38,34,33,33,True,b773b5d4e4bf81fb211986cd1bb07fce355b2c17c92ba7f7e0314ab5c7a3a6b2,72,46
Toke public pairs,task-a-0002,26e757f921eb08354bc2fe8dca68f6b388656add10fb7119046452a1ba79ee31,62,54,54,51,True,b38e19e841e8945c7102f556fad052b85dace23944e35a7278ebe68711efcb8a,72,46
Toke public pairs,task-a-0003,8a5f59efdd7c539dba6aa3cf481d9cf58bde46cf9521100c9dd356a8a9074c5d,38,34,33,33,True,9bcf64685bafc0d43d047a3ef25d8295d4ea115d2bdcf42acff3eae5de0044c8,82,69
Toke public pairs,task-a-0004,3453fa3f54246ff014bb40a72476b26e424d013fdf6f2ce0a011f080fd6306b0,38,34,33,33,True,9e99da9c1aa8a0132bc1d05506cd3ec9c120565b3a1d79b977dfb54fd8a6f847,86,67
Toke public pairs,task-a-0005,c08d982c72342311fc33e1d8c0552c3a0d731fd32bb678dbb8e815c170991529,42,37,38,36,True,eb8c6319c54eed4c8893be33a9b330ceb38e4ebf6aa4f94f053712b680b2220a,84,52
Toke public pairs,task-a-0006,92bb328becdd65d5d277b8b1c6e9c24de9f2e09bb8b7b026431a33ac6eddd402,71,59,60,55,True,bf049666fded1f44adb53ae30abd098bd1b61446c962e01e75b77da578d95df9,91,67
Toke public pairs,task-a-0007,b5d62461e3c4f12ede0257ef3b0badd54c14d3e5929a4d3282318653ee250dbd,69,56,57,54,True,9c00dd3c88ca1cb1fc1edbf93875c95e5776b18192a4dcb21eefb411c1f39ab4,73,46
Toke public pairs,task-a-0008,ad13af94da18ed41bcaadd5a1f4e47d80e1315e67c2cf05ab38e8bca9ce8fa68,76,62,63,59,True,d54e8b27541bf589044d1cd207a947ee379d424efc4c23063e15f4c58adc83a2,112,67
Toke public pairs,task-a-0009,d73fe8d06a6f9ce57fec481ddff3cb0afd42a0f60da28744729ce08e98d42f61,99,78,73,75,True,cbd5bd0a457b3977af383f1665f7a1d9cec2d7d6bd51bea5d704b56e7d5719e3,140,88
Toke public pairs,task-a-0010,916b97b130a02531b5852b9d6210737c2566ec462dc1f9f9b8ca416486853a1c,125,88,68,96,True,fb7aea3f5d0f5366cd36f5ce622dce6328b81ba10cad85957d853ec03802977f,94,55
Toke public pairs,task-a-0011,9c767650d53b93510a572523e6a7ddebde2fb7ab43df74a8eebf08ae96c4e957,81,62,51,61,True,27c2bc97f22c534a0c034f3dca05e0ec4e49be78a17a8e557d14e357ece7e1b9,129,53
Toke public pairs,task-a-0012,935705f215f775fa21f8d06dd7e8058f6247fa5750a77815ab728e24016b5def,41,38,34,36,True,623e6cdf6bb474ab9b1ee6540455345b717f7a1eafd8137da7c697390d7600de,74,42
Toke public pairs,task-a-0013,0ed3b9b713de6b4413fe311a23ac9f56106ad74746d63447a3416e6f426b6744,36,33,28,32,True,7a806cf7d8c8938234aac0a52d75074990c528d7728e3a3cb7d579d60f2be0eb,61,39
Toke public pairs,task-a-0014,ae3602bafe38c292e62fc08f6e3bfd6fb6b11b2dcb74901f12ec5cec3812ad37,37,34,28,32,True,163b36b4844c69668d1120385cba9d34b0f975183693d4ecd56678e066182ca7,55,37
Toke public pairs,task-a-0015,39b5a4b3aac1979ee30558b53bfac17522c02360adb549a565521be4c6aa79f2,42,38,33,37,True,be6ef5b96fc14c92ddafd0ba2ba784d8825560df2033ac5f14f7f6ee61693bdb,922,366
Toke public pairs,task-a-0016,d6aec1a18296702eff60457c67345218fc3fcad8b06f3baed40bca6afa56a25b,96,76,72,76,True,90806b3bed08215916ab15f3f9be41abed3800b572e5e52c9e503e6e463b64f5,97,70
Toke public pairs,task-a-0017,93ad2ed4b6d07f7864e1acfc3f42c75adcc8ae5113884669d700e9203464010e,49,43,43,42,True,16971c9157753d92b1f19dc7388b0c8820a6ffb29f17722c2161fc25e4d57413,94,58
Toke public pairs,task-a-0018,452b91d1074aacbbbe1034944a958e6085928283b0652ee6817fcb6c6d18f0c1,51,45,43,44,True,f087b7f419911e1d20b7516259a8d25868e82cf592927615abb6ee1ed955b63d,93,55
Toke public pairs,task-a-0019,0b14b42e4690bb5a54875e00cf9f7d7869e1cf3e6125f0fe5a0ed99e857359c1,51,45,42,44,True,8d98bb48e06533f909174a73ade6e22fda42c21d5155b281620fe71b21163436,93,52
Toke public pairs,task-a-0020,fd774b169f53e2e151bb9ea21c37d79a761585fc554b97ff6152ec55076bb19a,48,42,42,41,True,380e6321f8e28f08f224091179f6eef4f9b107754026324690323c2b606c63e5,82,52
Toke public pairs,task-a-0021,938b30eab75e6d9a811a8a6897d264f10b7d28dc8f398bf1ec7ce1ac6f702c56,48,43,40,42,True,4296e85ddfd14cd6f62896350727a4ebd4fc92f3bdfcca2c411566e0baf04f73,78,47
Toke public pairs,task-a-0022,e69ddd2a476eb75f0c2b9484eb2cac424234991610774f09cf308175eb312f61,48,43,40,42,True,2cef2276aae84c8f7c3b6b222243cdc97ad5aba2a0f96585b1878d9131ad5dcd,78,47
Toke public pairs,task-a-0023,6e5159d34ddc1a11b273217abf39c37ab18cd37a5599da2f4a99da7d59590f89,44,39,39,38,True,a10573136a228f79c831273796e5fd43f3f55fbb4697a7e66d21d6edada6a0e9,128,85
Toke public pairs,task-a-0024,a332f108f66d388417bfcdf9bdaf09cf302d475db39880aed8ea0bbafb79c56c,51,44,45,43,True,5a30894bebf3b0792ce9a369217071243b5ff394bd2e1c521f09256f56a37c14,93,57
Toke public pairs,task-a-0025,a1a930f6770204a62be88c312ee1f0651bf9a40724dac6996200b03052583619,70,57,58,54,True,4b93c3950ada55266fb5e4b6a468daa8c9971459db55d1384bd8d591f072844a,62,53
Toke public pairs,task-a-0026,267a09cbcb36eba2371367df4276c3a870917f46ae82eadf3950327fcf6d7607,71,59,62,56,True,368ff6fd9a660aaa6d4a24216328938a3987c58da8152af7b39296b934039b46,92,60
Toke public pairs,task-a-0027,c2b6193a1ae19448d102098829806e0ca2fa288ec192c2aeae11c326b0a23980,36,31,30,31,True,ab6f34f44b6b2f3d5466b5587238e1be69367a434a05a09a54b73e8dd9b46862,56,37
Toke public pairs,task-a-0028,6ed0fdce27a076fa112eeb2d5d3b7d788c3add7cec373f07c0fb81c74b14f315,38,32,30,32,True,e72aec5636c86ad19b64446ac1bfe24b0401c08defc787d29c69f44839bb02e8,60,40
Toke public pairs,task-a-0029,c80334615ec5b7fed1a72b258ad027977074a5405d9c3674fed97f63a4e5e11a,69,56,56,53,True,84c97694ad7fd86a7fb9477776bc440309887479e1e02da2c96cd637490ed21b,71,46
Toke public pairs,task-a-0030,31e6c81f9b64c7013eb3c4165cf78780b8a986c6aa4dfc76c74c1fb7422f688d,70,57,59,54,True,591023232a11c60f5fc137885bc7b21ab7e37a0eb8ee3cab8fb0b4b1f4776c0e,52,46
Toke public pairs,task-a-0031,d4415ac4df67e7c53dfc5f8ce954197f33cb90fd2b1fb832220915427a34c278,42,36,31,36,True,fca86509a2cc5abfd185b6ad3bb1d73d19c8583fcc43036d194797183ce01615,65,38
Toke public pairs,task-a-0032,fea89602494a1499f4c5e249fe6e2c779dff6fb36c88156057022b61ee7917c9,42,36,30,36,True,6983c545dd3c46d26470444d62ab213ea80f071bde6fe64285552a2e5ff6a7cd,68,39
Toke public pairs,task-a-0033,fbe19bd468d694b646efd4a08e53d24fdd293298bc421e0352eb75b8e4b82bc5,76,62,62,59,True,3d69281ae35c515bae5ee3e283a9f6d4185a34894ae981fd72ecdf11bc83e072,107,63
Toke public pairs,task-a-0034,9dfea8fd987a9b2a6fce969e7bb62dc78a716040b441407eda5261aebb7b3d04,74,61,61,58,True,6bce5d2a14a8b1873f1e85eef5c1b8955cfd18ed8b16249148e53bdb6229cbab,76,55
Toke public pairs,task-a-0035,967a06579131ec2a2ceb77b9941545c5086fcffdd8aeab7dc2d25f473fc4343e,74,61,61,58,True,2dd141fa15aa728dd16dc5138b80d4ed98890d611acf2023c54778404a973522,76,57
Toke public pairs,task-a-0036,e19ff5f8ed9f207ce90923077f578c49f66d155413d828a3e32f1de32c8b6e06,36,32,31,31,True,7db94540644e679ae3afdb07e98075db40f413e1128c6a5c978b7c6e73b33f86,75,40
Toke public pairs,task-a-0037,f7fe07434b55e8e64764d8499578ad63d6539f8cd87fbd7a032e7a8914a10494,64,54,47,51,True,156922503fe3ddc42110cbe515f7a4475a1537d34bc69e6dd06c1703112224b1,89,56
Toke public pairs,task-a-0038,71098fac968b230ddd6ee060a891584ff723d6a3d760be6333fefb1977c9b534,83,68,68,65,True,b224b563078b2849da959fd3185c5b30eb678f33c21c5a37cd07aef6d57ea60f,94,66
Toke public pairs,task-a-0039,0aa0fb031a62daaa98dd99bd66ad4b8e50738e31cb7603cd761ec336e53cc829,48,43,38,42,True,8953b0b9ea5efefca5c4619340f89a3f23a8d1cd0c4b52e2263d41518d5c8778,78,49
Toke public pairs,task-a-0040,b9dd7a727884b56d6ea99a999908f50f299cdaa30e9fca7416373a061c87de8b,45,40,37,39,True,08813f6ee3083d82a2e34e796ba38a87f8ef47d48cac5d0292f63991cb74792c,102,62
Toke public pairs,task-a-0041,b189b15d89d15d4dc6a333dfb51ec76c2f7d766c9e4199327fab0418d95b1efb,59,53,48,52,True,686a1ae91ab9a0506ec6ef8f52a0ce02e1debe875719b5c0732c5d541e36176e,92,55
Toke public pairs,task-a-0042,e91853a1ae1b15fb4bca1993bdc1979378841903ad7c020125b2f7fbafbfe5fb,39,36,37,33,True,1e18ab505c5d64be2ed86903c4195cee7cb9f8fc1abd6711d7147fc0511f454b,129,85
Toke public pairs,task-a-0043,b908c45f804d5e65417eef05e3eb53ea70870faf71b78ea2788b61f9cf190493,42,39,38,36,True,a1cf97be06893507f2523360ff323acbc0d897b5d9369c57a73a71ceb9ade10c,130,85
Toke public pairs,task-a-0044,dc66fc994de531f73f2a210d81cf37b231e27ea29014ce73ec22533ddbe3b64f,41,38,39,35,True,0d1b76c534d689f0951a4cf9678bac2607c49f22d2fb4724343fe302377a45b8,79,52
Toke public pairs,task-a-0045,ba57176b8681737bbdcff69cef1a39d97445b243dbb5c0862d2f6aa1dc7a22c3,48,43,42,40,True,36f3f7552007915f6c67da263db37079417601c97e46de3d83375b5285560d97,84,57
Toke public pairs,task-a-0046,a8102705999b2cfa838a1e405b4e1e497468543d86acc6f49e6a490026c5a081,48,43,42,40,True,ef92c5c18da44168815246e45610225584d419f80038c9cea5b9daad282281a7,83,55
Toke public pairs,task-a-0047,aa4f0813108071853f067b144465df0ca3d2af3db517ea004d2aef3b96b57aaa,51,45,45,42,True,eda493914656c2cd586cba0672422b8c1b321335343f0f8f8cba6110a39c82d1,94,60
Toke public pairs,task-a-0048,6bf32c17fff9753fa5b1f0bccca83fa7ff1b64c4d28c0ba96d1cb489d3994e4e,51,45,44,42,True,73d812c8823e8828c2da863895366443d99d480b8c0aeb1134c70dba19850ff7,94,60
Toke public pairs,task-a-0049,bb4dedee01c8c4f1347e126d1d1cd2090e7057541ef5783bfbabb98d3358a43c,46,41,41,38,True,91c1129526c54799bebfec05ebd843038658e60461be3d992ff39e6da260c49c,101,72
Toke public pairs,task-a-0050,050be53f5c8ff936fd5fa6ee36e0889342229bf2f0efb15819ad9f640773a572,45,40,45,37,True,255341e814eb71c85fe488736a887124f231c933a08dd48247b12398492f8dd1,83,57
Toke public pairs,task-a-0051,4984eef0fdf18c73a96538736a1903d7a1c9868c0486b5f1f4056f05e041d58c,45,43,43,39,True,a761b25fe3c9bdb083c68da5531b039c67b16995d68c210ac20a5382bd1520fb,142,92
Toke public pairs,task-a-0052,b6856a6e766aeb8874f4da034e6c4518dfa3dfdd99ba082f14e4980b0d584b83,76,62,60,59,True,d8f27955e11b3d32846053336baba726b85a42e375e416e43e49465b275d273e,78,56
Toke public pairs,task-a-0053,1e2ce83f034e94a14cbdc517cf63ce287acde4962876aff7f97a1b1f6ffae43a,79,66,59,57,True,a90e3f411626ff13cbbe8dd7d7ac48475768d8648570488bff40af03d77fa37d,141,81
Toke public pairs,task-a-0054,0abc08ac9ef3a0b9fd4034142f7bf7760823d82b0b7eb775bedf07cba42041f7,92,75,68,72,True,41576582cf11d411b5dac1021b19f728149a98709dbc0f17ea6f4af42581e869,104,70
Toke public pairs,task-a-0055,be6c2f59efb4a2f600f0c12190ad9082da90f96bab262c9f51a8578aa3105c2e,99,81,73,79,True,41576582cf11d411b5dac1021b19f728149a98709dbc0f17ea6f4af42581e869,104,70
Toke public pairs,task-a-0056,980f1fc1940ae1856d1f9f61395f0d1b3e1a4ffc6735159438d99a3f44ebc61e,55,48,42,41,True,da942f9c305d91c8540b78010887952ed7c78d28e28664ecd19d5accd7503779,107,78
Toke public pairs,task-a-0057,972a5759178418c22c1d644d24b973a4a8b6831118519f35128a8930feee86f1,93,77,69,71,True,5bd26d59bb7cc11860fa8784b8fe5e3363b200ff4b352863deb9931ac5ce21f1,153,114
Toke public pairs,task-a-0058,5da1a175715a938931aff6abcb4ca168833110569add1f1c28379a1b183dbe00,99,83,74,77,True,5431dadd23b8979ae9fa6f8204abe97c10da9750a28f629c227c5bd7c9331b99,169,110
Toke public pairs,task-a-0059,7274896198f067b12911b6d3f17c90bb2f79d4f20a621dce5f699c1b257a0744,99,83,75,78,True,a966497a53e6461a8bdb5da8ca2f6d4260f68a88e11c054e403ead9a2728d08c,123,84
Toke public pairs,task-a-0060,a35a80cbea69fab6f14dd90d9d748a06308acbbf7692dd0511ed0b641412fc88,39,36,33,34,True,6537d55087a3f317ff1c06bf1ba4cbdc91e1e167d06e03933c58b0735d0d2916,51,43
