dataset,task_id,representation,transform_ok,parse_ok,ast_equal,python_cl100k,representation_cl100k,python_o200k,representation_o200k,error_stage,error_message
HumanEval+,HumanEval/0,python,True,True,True,66,66,67,67,,
HumanEval+,HumanEval/0,kern,True,True,True,66,51,67,53,,
HumanEval+,HumanEval/0,kern_compact,True,True,True,66,47,67,49,,
HumanEval+,HumanEval/0,python_minifier,True,True,,66,43,67,43,,
HumanEval+,HumanEval/1,python,True,True,True,95,95,96,96,,
HumanEval+,HumanEval/1,kern,True,True,True,95,73,96,74,,
HumanEval+,HumanEval/1,kern_compact,True,True,True,95,71,96,72,,
HumanEval+,HumanEval/1,python_minifier,True,True,,95,75,96,76,,
HumanEval+,HumanEval/2,python,True,True,True,18,18,18,18,,
HumanEval+,HumanEval/2,kern,True,True,True,18,12,18,12,,
HumanEval+,HumanEval/2,kern_compact,True,True,True,18,12,18,12,,
HumanEval+,HumanEval/2,python_minifier,True,True,,18,14,18,14,,
HumanEval+,HumanEval/3,python,True,True,True,49,49,49,49,,
HumanEval+,HumanEval/3,kern,True,True,True,49,35,49,36,,
HumanEval+,HumanEval/3,kern_compact,True,True,True,49,35,49,36,,
HumanEval+,HumanEval/3,python_minifier,True,True,,49,35,49,35,,
HumanEval+,HumanEval/4,python,True,True,True,45,45,46,46,,
HumanEval+,HumanEval/4,kern,True,True,True,45,37,46,39,,
HumanEval+,HumanEval/4,kern_compact,True,True,True,45,37,46,39,,
HumanEval+,HumanEval/4,python_minifier,True,True,,45,37,46,37,,
HumanEval+,HumanEval/5,python,True,True,True,61,61,63,63,,
HumanEval+,HumanEval/5,kern,True,True,True,61,48,63,50,,
HumanEval+,HumanEval/5,kern_compact,True,True,True,61,47,63,49,,
HumanEval+,HumanEval/5,python_minifier,True,True,,61,47,63,49,,
HumanEval+,HumanEval/6,python,True,True,True,107,107,107,107,,
HumanEval+,HumanEval/6,kern,True,True,True,107,82,107,82,,
HumanEval+,HumanEval/6,kern_compact,True,True,True,107,76,107,76,,
HumanEval+,HumanEval/6,python_minifier,True,True,,107,77,107,77,,
HumanEval+,HumanEval/7,python,True,True,True,36,36,36,36,,
HumanEval+,HumanEval/7,kern,True,True,True,36,32,36,32,,
HumanEval+,HumanEval/7,kern_compact,True,True,True,36,32,36,32,,
HumanEval+,HumanEval/7,python_minifier,True,True,,36,26,36,26,,
HumanEval+,HumanEval/8,python,True,True,True,54,54,54,54,,
HumanEval+,HumanEval/8,kern,True,True,True,54,38,54,38,,
HumanEval+,HumanEval/8,kern_compact,True,True,True,54,38,54,38,,
HumanEval+,HumanEval/8,python_minifier,True,True,,54,34,54,34,,
HumanEval+,HumanEval/9,python,True,True,True,38,38,38,38,,
HumanEval+,HumanEval/9,kern,True,True,True,38,31,38,33,,
HumanEval+,HumanEval/9,kern_compact,True,True,True,38,31,38,33,,
HumanEval+,HumanEval/9,python_minifier,True,True,,38,31,38,32,,
HumanEval+,HumanEval/10,python,True,True,True,70,70,70,70,,
HumanEval+,HumanEval/10,kern,True,True,True,70,56,70,56,,
HumanEval+,HumanEval/10,kern_compact,True,True,True,70,56,70,56,,
HumanEval+,HumanEval/10,python_minifier,True,True,,70,61,70,61,,
HumanEval+,HumanEval/11,python,True,True,True,40,40,41,41,,
HumanEval+,HumanEval/11,kern,True,True,True,40,33,41,34,,
HumanEval+,HumanEval/11,kern_compact,True,True,True,40,33,41,34,,
HumanEval+,HumanEval/11,python_minifier,True,True,,40,31,41,32,,
HumanEval+,HumanEval/12,python,True,True,True,57,57,59,59,,
HumanEval+,HumanEval/12,kern,True,True,True,57,47,59,49,,
HumanEval+,HumanEval/12,kern_compact,True,True,True,57,45,59,47,,
HumanEval+,HumanEval/12,python_minifier,True,True,,57,43,59,43,,
HumanEval+,HumanEval/13,python,True,True,True,61,61,61,61,,
HumanEval+,HumanEval/13,kern,True,True,True,61,42,61,41,,
HumanEval+,HumanEval/13,kern_compact,True,True,True,61,36,61,35,,
HumanEval+,HumanEval/13,python_minifier,True,True,,61,31,61,30,,
HumanEval+,HumanEval/14,python,True,True,True,36,36,36,36,,
HumanEval+,HumanEval/14,kern,True,True,True,36,27,36,29,,
HumanEval+,HumanEval/14,kern_compact,True,True,True,36,27,36,29,,
HumanEval+,HumanEval/14,python_minifier,True,True,,36,29,36,30,,
HumanEval+,HumanEval/15,python,True,True,True,25,25,25,25,,
HumanEval+,HumanEval/15,kern,True,True,True,25,17,25,17,,
HumanEval+,HumanEval/15,kern_compact,True,True,True,25,17,25,17,,
HumanEval+,HumanEval/15,python_minifier,True,True,,25,17,25,17,,
HumanEval+,HumanEval/16,python,True,True,True,20,20,21,21,,
HumanEval+,HumanEval/16,kern,True,True,True,20,13,21,14,,
HumanEval+,HumanEval/16,kern_compact,True,True,True,20,13,21,14,,
HumanEval+,HumanEval/16,python_minifier,True,True,,20,13,21,14,,
HumanEval+,HumanEval/17,python,True,True,True,87,87,87,87,,
HumanEval+,HumanEval/17,kern,True,True,True,87,69,87,69,,
HumanEval+,HumanEval/17,kern_compact,True,True,True,87,65,87,65,,
HumanEval+,HumanEval/17,python_minifier,True,True,,87,73,87,73,,
HumanEval+,HumanEval/18,python,True,True,True,55,55,52,52,,
HumanEval+,HumanEval/18,kern,True,True,True,55,41,52,38,,
HumanEval+,HumanEval/18,kern_compact,True,True,True,55,35,52,35,,
HumanEval+,HumanEval/18,python_minifier,True,True,,55,38,52,38,,
HumanEval+,HumanEval/19,python,True,True,True,106,106,106,106,,
HumanEval+,HumanEval/19,kern,True,True,True,106,79,106,80,,
HumanEval+,HumanEval/19,kern_compact,True,True,True,106,79,106,80,,
HumanEval+,HumanEval/19,python_minifier,True,True,,106,77,106,78,,
HumanEval+,HumanEval/20,python,True,True,True,91,91,93,93,,
HumanEval+,HumanEval/20,kern,True,True,True,91,68,93,71,,
HumanEval+,HumanEval/20,kern_compact,True,True,True,91,60,93,63,,
HumanEval+,HumanEval/20,python_minifier,True,True,,91,62,93,64,,
HumanEval+,HumanEval/21,python,True,True,True,58,58,60,60,,
HumanEval+,HumanEval/21,kern,True,True,True,58,49,60,49,,
HumanEval+,HumanEval/21,kern_compact,True,True,True,58,46,60,48,,
HumanEval+,HumanEval/21,python_minifier,True,True,,58,43,60,43,,
HumanEval+,HumanEval/22,python,True,True,True,35,35,36,36,,
HumanEval+,HumanEval/22,kern,True,True,True,35,30,36,31,,
HumanEval+,HumanEval/22,kern_compact,True,True,True,35,30,36,31,,
HumanEval+,HumanEval/22,python_minifier,True,True,,35,25,36,26,,
HumanEval+,HumanEval/23,python,True,True,True,15,15,15,15,,
HumanEval+,HumanEval/23,kern,True,True,True,15,8,15,8,,
HumanEval+,HumanEval/23,kern_compact,True,True,True,15,8,15,8,,
HumanEval+,HumanEval/23,python_minifier,True,True,,15,8,15,8,,
HumanEval+,HumanEval/24,python,True,True,True,41,41,41,41,,
HumanEval+,HumanEval/24,kern,True,True,True,41,28,41,28,,
HumanEval+,HumanEval/24,kern_compact,True,True,True,41,28,41,28,,
HumanEval+,HumanEval/24,python_minifier,True,True,,41,28,41,28,,
HumanEval+,HumanEval/25,python,True,True,True,87,87,88,88,,
HumanEval+,HumanEval/25,kern,True,True,True,87,62,88,62,,
HumanEval+,HumanEval/25,kern_compact,True,True,True,87,63,88,63,,
HumanEval+,HumanEval/25,python_minifier,True,True,,87,60,88,60,,
HumanEval+,HumanEval/26,python,True,True,True,72,72,72,72,,
HumanEval+,HumanEval/26,kern,True,True,True,72,55,72,55,,
HumanEval+,HumanEval/26,kern_compact,True,True,True,72,50,72,50,,
HumanEval+,HumanEval/26,python_minifier,True,True,,72,51,72,51,,
HumanEval+,HumanEval/27,python,True,True,True,25,25,25,25,,
HumanEval+,HumanEval/27,kern,True,True,True,25,19,25,19,,
HumanEval+,HumanEval/27,kern_compact,True,True,True,25,19,25,19,,
HumanEval+,HumanEval/27,python_minifier,True,True,,25,17,25,17,,
HumanEval+,HumanEval/28,python,True,True,True,21,21,21,21,,
HumanEval+,HumanEval/28,kern,True,True,True,21,18,21,18,,
HumanEval+,HumanEval/28,kern_compact,True,True,True,21,18,21,18,,
HumanEval+,HumanEval/28,python_minifier,True,True,,21,14,21,14,,
HumanEval+,HumanEval/29,python,True,True,True,35,35,35,35,,
HumanEval+,HumanEval/29,kern,True,True,True,35,30,35,30,,
HumanEval+,HumanEval/29,kern_compact,True,True,True,35,30,35,30,,
HumanEval+,HumanEval/29,python_minifier,True,True,,35,24,35,24,,
HumanEval+,HumanEval/30,python,True,True,True,22,22,22,22,,
HumanEval+,HumanEval/30,kern,True,True,True,22,16,22,16,,
HumanEval+,HumanEval/30,kern_compact,True,True,True,22,16,22,16,,
HumanEval+,HumanEval/30,python_minifier,True,True,,22,15,22,15,,
HumanEval+,HumanEval/31,python,True,True,True,73,73,77,77,,
HumanEval+,HumanEval/31,kern,True,True,True,73,48,77,54,,
HumanEval+,HumanEval/31,kern_compact,True,True,True,73,45,77,47,,
HumanEval+,HumanEval/31,python_minifier,True,True,,73,51,77,51,,
HumanEval+,HumanEval/32,python,True,True,True,149,149,149,149,,
HumanEval+,HumanEval/32,kern,True,True,True,149,112,149,113,,
HumanEval+,HumanEval/32,kern_compact,True,True,True,149,101,149,102,,
HumanEval+,HumanEval/32,python_minifier,True,True,,149,107,149,109,,
HumanEval+,HumanEval/33,python,True,True,True,64,64,65,65,,
HumanEval+,HumanEval/33,kern,True,True,True,64,50,65,52,,
HumanEval+,HumanEval/33,kern_compact,True,True,True,64,50,65,52,,
HumanEval+,HumanEval/33,python_minifier,True,True,,64,50,65,52,,
HumanEval+,HumanEval/34,python,True,True,True,13,13,13,13,,
HumanEval+,HumanEval/34,kern,True,True,True,13,8,13,8,,
HumanEval+,HumanEval/34,kern_compact,True,True,True,13,8,13,8,,
HumanEval+,HumanEval/34,python_minifier,True,True,,13,9,13,9,,
HumanEval+,HumanEval/35,python,True,True,True,13,13,13,13,,
HumanEval+,HumanEval/35,kern,True,True,True,13,8,13,8,,
HumanEval+,HumanEval/35,kern_compact,True,True,True,13,8,13,8,,
HumanEval+,HumanEval/35,python_minifier,True,True,,13,9,13,9,,
HumanEval+,HumanEval/36,python,True,True,True,61,61,61,61,,
HumanEval+,HumanEval/36,kern,True,True,True,61,47,61,47,,
HumanEval+,HumanEval/36,kern_compact,True,True,True,61,46,61,46,,
HumanEval+,HumanEval/36,python_minifier,True,True,,61,45,61,45,,
HumanEval+,HumanEval/37,python,True,True,True,64,64,64,64,,
HumanEval+,HumanEval/37,kern,True,True,True,64,50,64,51,,
HumanEval+,HumanEval/37,kern_compact,True,True,True,64,50,64,51,,
HumanEval+,HumanEval/37,python_minifier,True,True,,64,50,64,51,,
HumanEval+,HumanEval/38,python,True,True,True,189,189,191,191,,
HumanEval+,HumanEval/38,kern,True,True,True,189,121,191,125,,
HumanEval+,HumanEval/38,kern_compact,True,True,True,189,121,191,125,,
HumanEval+,HumanEval/38,python_minifier,True,True,,189,121,191,125,,
HumanEval+,HumanEval/39,python,True,True,True,249,249,250,250,,
HumanEval+,HumanEval/39,kern,True,True,True,249,162,250,168,,
HumanEval+,HumanEval/39,kern_compact,True,True,True,249,154,250,160,,
HumanEval+,HumanEval/39,python_minifier,True,True,,249,185,250,186,,
HumanEval+,HumanEval/40,python,True,True,True,71,71,71,71,,
HumanEval+,HumanEval/40,kern,True,True,True,71,57,71,58,,
HumanEval+,HumanEval/40,kern_compact,True,True,True,71,57,71,58,,
HumanEval+,HumanEval/40,python_minifier,True,True,,71,59,71,59,,
HumanEval+,HumanEval/41,python,True,True,True,17,17,18,18,,
HumanEval+,HumanEval/41,kern,True,True,True,17,9,18,10,,
HumanEval+,HumanEval/41,kern_compact,True,True,True,17,9,18,10,,
HumanEval+,HumanEval/41,python_minifier,True,True,,17,10,18,11,,
HumanEval+,HumanEval/42,python,True,True,True,20,20,20,20,,
HumanEval+,HumanEval/42,kern,True,True,True,20,14,20,15,,
HumanEval+,HumanEval/42,kern_compact,True,True,True,20,14,20,15,,
HumanEval+,HumanEval/42,python_minifier,True,True,,20,14,20,14,,
HumanEval+,HumanEval/43,python,True,True,True,49,49,49,49,,
HumanEval+,HumanEval/43,kern,True,True,True,49,36,49,37,,
HumanEval+,HumanEval/43,kern_compact,True,True,True,49,36,49,37,,
HumanEval+,HumanEval/43,python_minifier,True,True,,49,40,49,40,,
HumanEval+,HumanEval/44,python,True,True,True,55,55,56,56,,
HumanEval+,HumanEval/44,kern,True,True,True,55,36,56,36,,
HumanEval+,HumanEval/44,kern_compact,True,True,True,55,36,56,36,,
HumanEval+,HumanEval/44,python_minifier,True,True,,55,34,56,34,,
HumanEval+,HumanEval/45,python,True,True,True,18,18,18,18,,
HumanEval+,HumanEval/45,kern,True,True,True,18,9,18,9,,
HumanEval+,HumanEval/45,kern_compact,True,True,True,18,9,18,9,,
HumanEval+,HumanEval/45,python_minifier,True,True,,18,11,18,11,,
HumanEval+,HumanEval/46,python,True,True,True,121,121,121,121,,
HumanEval+,HumanEval/46,kern,True,True,True,121,72,121,76,,
HumanEval+,HumanEval/46,kern_compact,True,True,True,121,72,121,76,,
HumanEval+,HumanEval/46,python_minifier,True,True,,121,79,121,79,,
HumanEval+,HumanEval/47,python,True,True,True,70,70,70,70,,
HumanEval+,HumanEval/47,kern,True,True,True,70,45,70,46,,
HumanEval+,HumanEval/47,kern_compact,True,True,True,70,41,70,42,,
HumanEval+,HumanEval/47,python_minifier,True,True,,70,40,70,40,,
HumanEval+,HumanEval/48,python,True,True,True,17,17,17,17,,
HumanEval+,HumanEval/48,kern,True,True,True,17,12,17,12,,
HumanEval+,HumanEval/48,kern_compact,True,True,True,17,12,17,12,,
HumanEval+,HumanEval/48,python_minifier,True,True,,17,13,17,13,,
HumanEval+,HumanEval/49,python,True,True,True,71,71,72,72,,
HumanEval+,HumanEval/49,kern,True,True,True,71,40,72,43,,
HumanEval+,HumanEval/49,kern_compact,True,True,True,71,39,72,42,,
HumanEval+,HumanEval/49,python_minifier,True,True,,71,42,72,45,,
HumanEval+,HumanEval/50,python,True,True,True,83,83,83,83,,
HumanEval+,HumanEval/50,kern,True,True,True,83,66,83,66,,
HumanEval+,HumanEval/50,kern_compact,True,True,True,83,66,83,66,,
HumanEval+,HumanEval/50,python_minifier,True,True,,83,66,83,66,,
HumanEval+,HumanEval/51,python,True,True,True,29,29,28,28,,
HumanEval+,HumanEval/51,kern,True,True,True,29,27,28,26,,
HumanEval+,HumanEval/51,kern_compact,True,True,True,29,27,28,26,,
HumanEval+,HumanEval/51,python_minifier,True,True,,29,27,28,26,,
HumanEval+,HumanEval/52,python,True,True,True,23,23,23,23,,
HumanEval+,HumanEval/52,kern,True,True,True,23,15,23,15,,
HumanEval+,HumanEval/52,kern_compact,True,True,True,23,15,23,15,,
HumanEval+,HumanEval/52,python_minifier,True,True,,23,15,23,15,,
HumanEval+,HumanEval/53,python,True,True,True,17,17,17,17,,
HumanEval+,HumanEval/53,kern,True,True,True,17,8,17,8,,
HumanEval+,HumanEval/53,kern_compact,True,True,True,17,8,17,8,,
HumanEval+,HumanEval/53,python_minifier,True,True,,17,8,17,8,,
HumanEval+,HumanEval/54,python,True,True,True,25,25,25,25,,
HumanEval+,HumanEval/54,kern,True,True,True,25,17,25,17,,
HumanEval+,HumanEval/54,kern_compact,True,True,True,25,17,25,17,,
HumanEval+,HumanEval/54,python_minifier,True,True,,25,17,25,17,,
HumanEval+,HumanEval/55,python,True,True,True,70,70,70,70,,
HumanEval+,HumanEval/55,kern,True,True,True,70,41,70,43,,
HumanEval+,HumanEval/55,kern_compact,True,True,True,70,41,70,43,,
HumanEval+,HumanEval/55,python_minifier,True,True,,70,45,70,45,,
HumanEval+,HumanEval/56,python,True,True,True,63,63,63,63,,
HumanEval+,HumanEval/56,kern,True,True,True,63,43,63,44,,
HumanEval+,HumanEval/56,kern_compact,True,True,True,63,43,63,44,,
HumanEval+,HumanEval/56,python_minifier,True,True,,63,49,63,49,,
HumanEval+,HumanEval/57,python,True,True,True,67,67,67,67,,
HumanEval+,HumanEval/57,kern,True,True,True,67,47,67,48,,
HumanEval+,HumanEval/57,kern_compact,True,True,True,67,46,67,47,,
HumanEval+,HumanEval/57,python_minifier,True,True,,67,52,67,53,,
HumanEval+,HumanEval/58,python,True,True,True,26,26,26,26,,
HumanEval+,HumanEval/58,kern,True,True,True,26,19,26,19,,
HumanEval+,HumanEval/58,kern_compact,True,True,True,26,19,26,19,,
HumanEval+,HumanEval/58,python_minifier,True,True,,26,19,26,19,,
HumanEval+,HumanEval/59,python,True,True,True,98,98,98,98,,
HumanEval+,HumanEval/59,kern,True,True,True,98,70,98,70,,
HumanEval+,HumanEval/59,kern_compact,True,True,True,98,66,98,66,,
HumanEval+,HumanEval/59,python_minifier,True,True,,98,68,98,68,,
HumanEval+,HumanEval/60,python,True,True,True,24,24,24,24,,
HumanEval+,HumanEval/60,kern,True,True,True,24,13,24,14,,
HumanEval+,HumanEval/60,kern_compact,True,True,True,24,13,24,14,,
HumanEval+,HumanEval/60,python_minifier,True,True,,24,14,24,14,,
HumanEval+,HumanEval/61,python,True,True,True,63,63,63,63,,
HumanEval+,HumanEval/61,kern,True,True,True,63,42,63,43,,
HumanEval+,HumanEval/61,kern_compact,True,True,True,63,42,63,43,,
HumanEval+,HumanEval/61,python_minifier,True,True,,63,48,63,48,,
HumanEval+,HumanEval/62,python,True,True,True,27,27,27,27,,
HumanEval+,HumanEval/62,kern,True,True,True,27,19,27,20,,
HumanEval+,HumanEval/62,kern_compact,True,True,True,27,19,27,20,,
HumanEval+,HumanEval/62,python_minifier,True,True,,27,19,27,20,,
HumanEval+,HumanEval/63,python,True,True,True,88,88,88,88,,
HumanEval+,HumanEval/63,kern,True,True,True,88,53,88,55,,
HumanEval+,HumanEval/63,kern_compact,True,True,True,88,53,88,55,,
HumanEval+,HumanEval/63,python_minifier,True,True,,88,56,88,56,,
HumanEval+,HumanEval/64,python,True,True,True,65,65,65,65,,
HumanEval+,HumanEval/64,kern,True,True,True,65,58,65,57,,
HumanEval+,HumanEval/64,kern_compact,True,True,True,65,58,65,57,,
HumanEval+,HumanEval/64,python_minifier,True,True,,65,56,65,56,,
HumanEval+,HumanEval/65,python,True,True,True,65,65,65,65,,
HumanEval+,HumanEval/65,kern,True,True,True,65,50,65,52,,
HumanEval+,HumanEval/65,kern_compact,True,True,True,65,50,65,52,,
HumanEval+,HumanEval/65,python_minifier,True,True,,65,54,65,54,,
HumanEval+,HumanEval/66,python,True,True,True,23,23,23,23,,
HumanEval+,HumanEval/66,kern,True,True,True,23,19,23,19,,
HumanEval+,HumanEval/66,kern_compact,True,True,True,23,19,23,19,,
HumanEval+,HumanEval/66,python_minifier,True,True,,23,21,23,21,,
HumanEval+,HumanEval/67,python,True,True,True,66,66,66,66,,
HumanEval+,HumanEval/67,kern,True,True,True,66,42,66,43,,
HumanEval+,HumanEval/67,kern_compact,True,True,True,66,36,66,37,,
HumanEval+,HumanEval/67,python_minifier,True,True,,66,37,66,38,,
HumanEval+,HumanEval/68,python,True,True,True,68,68,68,68,,
HumanEval+,HumanEval/68,kern,True,True,True,68,51,68,51,,
HumanEval+,HumanEval/68,kern_compact,True,True,True,68,48,68,48,,
HumanEval+,HumanEval/68,python_minifier,True,True,,68,52,68,52,,
HumanEval+,HumanEval/69,python,True,True,True,73,73,73,73,,
HumanEval+,HumanEval/69,kern,True,True,True,73,50,73,50,,
HumanEval+,HumanEval/69,kern_compact,True,True,True,73,47,73,47,,
HumanEval+,HumanEval/69,python_minifier,True,True,,73,53,73,53,,
HumanEval+,HumanEval/70,python,True,True,True,81,81,81,81,,
HumanEval+,HumanEval/70,kern,True,True,True,81,59,81,60,,
HumanEval+,HumanEval/70,kern_compact,True,True,True,81,53,81,54,,
HumanEval+,HumanEval/70,python_minifier,True,True,,81,53,81,53,,
HumanEval+,HumanEval/71,python,True,True,True,81,81,81,81,,
HumanEval+,HumanEval/71,kern,True,True,True,81,52,81,52,,
HumanEval+,HumanEval/71,kern_compact,True,True,True,81,52,81,52,,
HumanEval+,HumanEval/71,python_minifier,True,True,,81,54,81,54,,
HumanEval+,HumanEval/72,python,True,True,True,24,24,24,24,,
HumanEval+,HumanEval/72,kern,True,True,True,24,18,24,18,,
HumanEval+,HumanEval/72,kern_compact,True,True,True,24,18,24,18,,
HumanEval+,HumanEval/72,python_minifier,True,True,,24,20,24,20,,
HumanEval+,HumanEval/73,python,True,True,True,53,53,53,53,,
HumanEval+,HumanEval/73,kern,True,True,True,53,40,53,40,,
HumanEval+,HumanEval/73,kern_compact,True,True,True,53,35,53,35,,
HumanEval+,HumanEval/73,python_minifier,True,True,,53,40,53,40,,
HumanEval+,HumanEval/74,python,True,True,True,53,53,53,53,,
HumanEval+,HumanEval/74,kern,True,True,True,53,46,53,48,,
HumanEval+,HumanEval/74,kern_compact,True,True,True,53,42,53,44,,
HumanEval+,HumanEval/74,python_minifier,True,True,,53,41,53,43,,
HumanEval+,HumanEval/75,python,True,True,True,129,129,131,131,,
HumanEval+,HumanEval/75,kern,True,True,True,129,91,131,93,,
HumanEval+,HumanEval/75,kern_compact,True,True,True,129,87,131,89,,
HumanEval+,HumanEval/75,python_minifier,True,True,,129,94,131,95,,
HumanEval+,HumanEval/76,python,True,True,True,94,94,94,94,,
HumanEval+,HumanEval/76,kern,True,True,True,94,58,94,63,,
HumanEval+,HumanEval/76,kern_compact,True,True,True,94,58,94,63,,
HumanEval+,HumanEval/76,python_minifier,True,True,,94,67,94,67,,
HumanEval+,HumanEval/77,python,True,True,True,31,31,31,31,,
HumanEval+,HumanEval/77,kern,True,True,True,31,24,31,25,,
HumanEval+,HumanEval/77,kern_compact,True,True,True,31,24,31,25,,
HumanEval+,HumanEval/77,python_minifier,True,True,,31,23,31,24,,
HumanEval+,HumanEval/78,python,True,True,True,24,24,24,24,,
HumanEval+,HumanEval/78,kern,True,True,True,24,19,24,19,,
HumanEval+,HumanEval/78,kern_compact,True,True,True,24,19,24,19,,
HumanEval+,HumanEval/78,python_minifier,True,True,,24,20,24,20,,
HumanEval+,HumanEval/79,python,True,True,True,23,23,23,23,,
HumanEval+,HumanEval/79,kern,True,True,True,23,16,23,16,,
HumanEval+,HumanEval/79,kern_compact,True,True,True,23,16,23,16,,
HumanEval+,HumanEval/79,python_minifier,True,True,,23,18,23,18,,
HumanEval+,HumanEval/80,python,True,True,True,76,76,76,76,,
HumanEval+,HumanEval/80,kern,True,True,True,76,55,76,56,,
HumanEval+,HumanEval/80,kern_compact,True,True,True,76,55,76,56,,
HumanEval+,HumanEval/80,python_minifier,True,True,,76,61,76,61,,
HumanEval+,HumanEval/81,python,True,True,True,214,214,214,214,,
HumanEval+,HumanEval/81,kern,True,True,True,214,152,214,152,,
HumanEval+,HumanEval/81,kern_compact,True,True,True,214,152,214,152,,
HumanEval+,HumanEval/81,python_minifier,True,True,,214,150,214,153,,
HumanEval+,HumanEval/82,python,True,True,True,54,54,54,54,,
HumanEval+,HumanEval/82,kern,True,True,True,54,39,54,39,,
HumanEval+,HumanEval/82,kern_compact,True,True,True,54,37,54,37,,
HumanEval+,HumanEval/82,python_minifier,True,True,,54,39,54,39,,
HumanEval+,HumanEval/83,python,True,True,True,33,33,34,34,,
HumanEval+,HumanEval/83,kern,True,True,True,33,21,34,24,,
HumanEval+,HumanEval/83,kern_compact,True,True,True,33,21,34,24,,
HumanEval+,HumanEval/83,python_minifier,True,True,,33,24,34,26,,
HumanEval+,HumanEval/84,python,True,True,True,27,27,27,27,,
HumanEval+,HumanEval/84,kern,True,True,True,27,21,27,21,,
HumanEval+,HumanEval/84,kern_compact,True,True,True,27,21,27,21,,
HumanEval+,HumanEval/84,python_minifier,True,True,,27,21,27,21,,
HumanEval+,HumanEval/85,python,True,True,True,48,48,48,48,,
HumanEval+,HumanEval/85,kern,True,True,True,48,32,48,32,,
HumanEval+,HumanEval/85,kern_compact,True,True,True,48,32,48,32,,
HumanEval+,HumanEval/85,python_minifier,True,True,,48,38,48,38,,
HumanEval+,HumanEval/86,python,True,True,True,36,36,36,36,,
HumanEval+,HumanEval/86,kern,True,True,True,36,32,36,33,,
HumanEval+,HumanEval/86,kern_compact,True,True,True,36,32,36,33,,
HumanEval+,HumanEval/86,python_minifier,True,True,,36,31,36,32,,
HumanEval+,HumanEval/87,python,True,True,True,58,58,58,58,,
HumanEval+,HumanEval/87,kern,True,True,True,58,42,58,42,,
HumanEval+,HumanEval/87,kern_compact,True,True,True,58,41,58,41,,
HumanEval+,HumanEval/87,python_minifier,True,True,,58,44,58,44,,
HumanEval+,HumanEval/88,python,True,True,True,37,37,37,37,,
HumanEval+,HumanEval/88,kern,True,True,True,37,30,37,30,,
HumanEval+,HumanEval/88,kern_compact,True,True,True,37,30,37,30,,
HumanEval+,HumanEval/88,python_minifier,True,True,,37,34,37,34,,
HumanEval+,HumanEval/89,python,True,True,True,50,50,50,50,,
HumanEval+,HumanEval/89,kern,True,True,True,50,41,50,42,,
HumanEval+,HumanEval/89,kern_compact,True,True,True,50,41,50,42,,
HumanEval+,HumanEval/89,python_minifier,True,True,,50,40,50,41,,
HumanEval+,HumanEval/90,python,True,True,True,46,46,46,46,,
HumanEval+,HumanEval/90,kern,True,True,True,46,35,46,36,,
HumanEval+,HumanEval/90,kern_compact,True,True,True,46,32,46,33,,
HumanEval+,HumanEval/90,python_minifier,True,True,,46,33,46,33,,
HumanEval+,HumanEval/91,python,True,True,True,48,48,48,48,,
HumanEval+,HumanEval/91,kern,True,True,True,48,43,48,43,,
HumanEval+,HumanEval/91,kern_compact,True,True,True,48,42,48,42,,
HumanEval+,HumanEval/91,python_minifier,True,True,,48,47,48,47,,
HumanEval+,HumanEval/92,python,True,True,True,53,53,53,53,,
HumanEval+,HumanEval/92,kern,True,True,True,53,39,53,42,,
HumanEval+,HumanEval/92,kern_compact,True,True,True,53,39,53,42,,
HumanEval+,HumanEval/92,python_minifier,True,True,,53,40,53,42,,
HumanEval+,HumanEval/93,python,True,True,True,122,122,122,122,,
HumanEval+,HumanEval/93,kern,True,True,True,122,94,122,95,,
HumanEval+,HumanEval/93,kern_compact,True,True,True,122,87,122,88,,
HumanEval+,HumanEval/93,python_minifier,True,True,,122,99,122,99,,
HumanEval+,HumanEval/94,python,True,True,True,87,87,86,86,,
HumanEval+,HumanEval/94,kern,True,True,True,87,68,86,68,,
HumanEval+,HumanEval/94,kern_compact,True,True,True,87,64,86,64,,
HumanEval+,HumanEval/94,python_minifier,True,True,,87,66,86,65,,
HumanEval+,HumanEval/95,python,True,True,True,84,84,84,84,,
HumanEval+,HumanEval/95,kern,True,True,True,84,60,84,63,,
HumanEval+,HumanEval/95,kern_compact,True,True,True,84,58,84,61,,
HumanEval+,HumanEval/95,python_minifier,True,True,,84,67,84,69,,
HumanEval+,HumanEval/96,python,True,True,True,72,72,72,72,,
HumanEval+,HumanEval/96,kern,True,True,True,72,50,72,50,,
HumanEval+,HumanEval/96,kern_compact,True,True,True,72,47,72,47,,
HumanEval+,HumanEval/96,python_minifier,True,True,,72,52,72,52,,
HumanEval+,HumanEval/97,python,True,True,True,22,22,24,24,,
HumanEval+,HumanEval/97,kern,True,True,True,22,16,24,18,,
HumanEval+,HumanEval/97,kern_compact,True,True,True,22,16,24,18,,
HumanEval+,HumanEval/97,python_minifier,True,True,,22,18,24,20,,
HumanEval+,HumanEval/98,python,True,True,True,47,47,47,47,,
HumanEval+,HumanEval/98,kern,True,True,True,47,34,47,34,,
HumanEval+,HumanEval/98,kern_compact,True,True,True,47,34,47,34,,
HumanEval+,HumanEval/98,python_minifier,True,True,,47,37,47,37,,
HumanEval+,HumanEval/99,python,True,True,True,65,65,65,65,,
HumanEval+,HumanEval/99,kern,True,True,True,65,43,65,46,,
HumanEval+,HumanEval/99,kern_compact,True,True,True,65,41,65,44,,
HumanEval+,HumanEval/99,python_minifier,True,True,,65,51,65,52,,
HumanEval+,HumanEval/100,python,True,True,True,39,39,39,39,,
HumanEval+,HumanEval/100,kern,True,True,True,39,26,39,26,,
HumanEval+,HumanEval/100,kern_compact,True,True,True,39,26,39,26,,
HumanEval+,HumanEval/100,python_minifier,True,True,,39,28,39,28,,
HumanEval+,HumanEval/101,python,True,True,True,31,31,31,31,,
HumanEval+,HumanEval/101,kern,True,True,True,31,22,31,22,,
HumanEval+,HumanEval/101,kern_compact,True,True,True,31,22,31,22,,
HumanEval+,HumanEval/101,python_minifier,True,True,,31,23,31,23,,
HumanEval+,HumanEval/102,python,True,True,True,56,56,56,56,,
HumanEval+,HumanEval/102,kern,True,True,True,56,39,56,41,,
HumanEval+,HumanEval/102,kern_compact,True,True,True,56,39,56,41,,
HumanEval+,HumanEval/102,python_minifier,True,True,,56,41,56,42,,
HumanEval+,HumanEval/103,python,True,True,True,37,37,37,37,,
HumanEval+,HumanEval/103,kern,True,True,True,37,25,37,26,,
HumanEval+,HumanEval/103,kern_compact,True,True,True,37,25,37,26,,
HumanEval+,HumanEval/103,python_minifier,True,True,,37,26,37,27,,
HumanEval+,HumanEval/104,python,True,True,True,49,49,49,49,,
HumanEval+,HumanEval/104,kern,True,True,True,49,32,49,33,,
HumanEval+,HumanEval/104,kern_compact,True,True,True,49,31,49,32,,
HumanEval+,HumanEval/104,python_minifier,True,True,,49,38,49,38,,
HumanEval+,HumanEval/105,python,True,True,True,162,162,162,162,,
HumanEval+,HumanEval/105,kern,True,True,True,162,115,162,115,,
HumanEval+,HumanEval/105,kern_compact,True,True,True,162,109,162,109,,
HumanEval+,HumanEval/105,python_minifier,True,True,,162,118,162,118,,
HumanEval+,HumanEval/106,python,True,True,True,113,113,113,113,,
HumanEval+,HumanEval/106,kern,True,True,True,113,79,113,79,,
HumanEval+,HumanEval/106,kern_compact,True,True,True,113,77,113,77,,
HumanEval+,HumanEval/106,python_minifier,True,True,,113,80,113,80,,
HumanEval+,HumanEval/107,python,True,True,True,82,82,83,83,,
HumanEval+,HumanEval/107,kern,True,True,True,82,60,83,61,,
HumanEval+,HumanEval/107,kern_compact,True,True,True,82,50,83,51,,
HumanEval+,HumanEval/107,python_minifier,True,True,,82,55,83,56,,
HumanEval+,HumanEval/108,python,True,True,True,95,95,95,95,,
HumanEval+,HumanEval/108,kern,True,True,True,95,65,95,67,,
HumanEval+,HumanEval/108,kern_compact,True,True,True,95,64,95,66,,
HumanEval+,HumanEval/108,python_minifier,True,True,,95,70,95,71,,
HumanEval+,HumanEval/109,python,True,True,True,58,58,58,58,,
HumanEval+,HumanEval/109,kern,True,True,True,58,43,58,45,,
HumanEval+,HumanEval/109,kern_compact,True,True,True,58,40,58,42,,
HumanEval+,HumanEval/109,python_minifier,True,True,,58,47,58,47,,
HumanEval+,HumanEval/110,python,True,True,True,67,67,69,69,,
HumanEval+,HumanEval/110,kern,True,True,True,67,54,69,56,,
HumanEval+,HumanEval/110,kern_compact,True,True,True,67,50,69,50,,
HumanEval+,HumanEval/110,python_minifier,True,True,,67,50,69,50,,
HumanEval+,HumanEval/111,python,True,True,True,94,94,94,94,,
HumanEval+,HumanEval/111,kern,True,True,True,94,70,94,69,,
HumanEval+,HumanEval/111,kern_compact,True,True,True,94,67,94,66,,
HumanEval+,HumanEval/111,python_minifier,True,True,,94,72,94,72,,
HumanEval+,HumanEval/112,python,True,True,True,33,33,33,33,,
HumanEval+,HumanEval/112,kern,True,True,True,33,30,33,30,,
HumanEval+,HumanEval/112,kern_compact,True,True,True,33,29,33,29,,
HumanEval+,HumanEval/112,python_minifier,True,True,,33,28,33,28,,
HumanEval+,HumanEval/113,python,True,True,True,72,72,72,72,,
HumanEval+,HumanEval/113,kern,True,True,True,72,59,72,59,,
HumanEval+,HumanEval/113,kern_compact,True,True,True,72,55,72,55,,
HumanEval+,HumanEval/113,python_minifier,True,True,,72,52,72,52,,
HumanEval+,HumanEval/114,python,True,True,True,71,71,71,71,,
HumanEval+,HumanEval/114,kern,True,True,True,71,50,71,50,,
HumanEval+,HumanEval/114,kern_compact,True,True,True,71,49,71,49,,
HumanEval+,HumanEval/114,python_minifier,True,True,,71,58,71,58,,
HumanEval+,HumanEval/115,python,True,True,True,38,38,38,38,,
HumanEval+,HumanEval/115,kern,True,True,True,38,30,38,29,,
HumanEval+,HumanEval/115,kern_compact,True,True,True,38,29,38,28,,
HumanEval+,HumanEval/115,python_minifier,True,True,,38,30,38,29,,
HumanEval+,HumanEval/116,python,True,True,True,97,97,98,98,,
HumanEval+,HumanEval/116,kern,True,True,True,97,77,98,79,,
HumanEval+,HumanEval/116,kern_compact,True,True,True,97,71,98,72,,
HumanEval+,HumanEval/116,python_minifier,True,True,,97,70,98,70,,
HumanEval+,HumanEval/117,python,True,True,True,64,64,64,64,,
HumanEval+,HumanEval/117,kern,True,True,True,64,53,64,53,,
HumanEval+,HumanEval/117,kern_compact,True,True,True,64,50,64,50,,
HumanEval+,HumanEval/117,python_minifier,True,True,,64,52,64,52,,
HumanEval+,HumanEval/118,python,True,True,True,87,87,87,87,,
HumanEval+,HumanEval/118,kern,True,True,True,87,70,87,70,,
HumanEval+,HumanEval/118,kern_compact,True,True,True,87,62,87,62,,
HumanEval+,HumanEval/118,python_minifier,True,True,,87,67,87,67,,
HumanEval+,HumanEval/119,python,True,True,True,105,105,101,101,,
HumanEval+,HumanEval/119,kern,True,True,True,105,81,101,78,,
HumanEval+,HumanEval/119,kern_compact,True,True,True,105,71,101,71,,
HumanEval+,HumanEval/119,python_minifier,True,True,,105,82,101,81,,
HumanEval+,HumanEval/120,python,True,True,True,19,19,19,19,,
HumanEval+,HumanEval/120,kern,True,True,True,19,13,19,13,,
HumanEval+,HumanEval/120,kern_compact,True,True,True,19,13,19,13,,
HumanEval+,HumanEval/120,python_minifier,True,True,,19,15,19,15,,
HumanEval+,HumanEval/121,python,True,True,True,38,38,38,38,,
HumanEval+,HumanEval/121,kern,True,True,True,38,28,38,28,,
HumanEval+,HumanEval/121,kern_compact,True,True,True,38,28,38,28,,
HumanEval+,HumanEval/121,python_minifier,True,True,,38,34,38,34,,
HumanEval+,HumanEval/122,python,True,True,True,62,62,62,62,,
HumanEval+,HumanEval/122,kern,True,True,True,62,44,62,44,,
HumanEval+,HumanEval/122,kern_compact,True,True,True,62,44,62,44,,
HumanEval+,HumanEval/122,python_minifier,True,True,,62,42,62,43,,
HumanEval+,HumanEval/123,python,True,True,True,73,73,74,74,,
HumanEval+,HumanEval/123,kern,True,True,True,73,53,74,54,,
HumanEval+,HumanEval/123,kern_compact,True,True,True,73,52,74,53,,
HumanEval+,HumanEval/123,python_minifier,True,True,,73,55,74,56,,
HumanEval+,HumanEval/124,python,True,True,True,161,161,164,164,,
HumanEval+,HumanEval/124,kern,True,True,True,161,123,164,127,,
HumanEval+,HumanEval/124,kern_compact,True,True,True,161,123,164,127,,
HumanEval+,HumanEval/124,python_minifier,True,True,,161,132,164,135,,
HumanEval+,HumanEval/125,python,True,True,True,86,86,87,87,,
HumanEval+,HumanEval/125,kern,True,True,True,86,70,87,71,,
HumanEval+,HumanEval/125,kern_compact,True,True,True,86,68,87,69,,
HumanEval+,HumanEval/125,python_minifier,True,True,,86,74,87,74,,
HumanEval+,HumanEval/126,python,True,True,True,59,59,59,59,,
HumanEval+,HumanEval/126,kern,True,True,True,59,40,59,41,,
HumanEval+,HumanEval/126,kern_compact,True,True,True,59,39,59,40,,
HumanEval+,HumanEval/126,python_minifier,True,True,,59,49,59,49,,
HumanEval+,HumanEval/127,python,True,True,True,113,113,113,113,,
HumanEval+,HumanEval/127,kern,True,True,True,113,90,113,90,,
HumanEval+,HumanEval/127,kern_compact,True,True,True,113,88,113,88,,
HumanEval+,HumanEval/127,python_minifier,True,True,,113,89,113,89,,
HumanEval+,HumanEval/128,python,True,True,True,68,68,68,68,,
HumanEval+,HumanEval/128,kern,True,True,True,68,48,68,50,,
HumanEval+,HumanEval/128,kern_compact,True,True,True,68,43,68,45,,
HumanEval+,HumanEval/128,python_minifier,True,True,,68,52,68,53,,
HumanEval+,HumanEval/129,python,True,True,True,175,175,175,175,,
HumanEval+,HumanEval/129,kern,True,True,True,175,129,175,129,,
HumanEval+,HumanEval/129,kern_compact,True,True,True,175,121,175,121,,
HumanEval+,HumanEval/129,python_minifier,True,True,,175,127,175,129,,
HumanEval+,HumanEval/130,python,True,True,True,107,107,107,107,,
HumanEval+,HumanEval/130,kern,True,True,True,107,73,107,73,,
HumanEval+,HumanEval/130,kern_compact,True,True,True,107,71,107,71,,
HumanEval+,HumanEval/130,python_minifier,True,True,,107,75,107,75,,
HumanEval+,HumanEval/131,python,True,True,True,59,59,62,62,,
HumanEval+,HumanEval/131,kern,True,True,True,59,42,62,45,,
HumanEval+,HumanEval/131,kern_compact,True,True,True,59,38,62,38,,
HumanEval+,HumanEval/131,python_minifier,True,True,,59,40,62,40,,
HumanEval+,HumanEval/132,python,True,True,True,110,110,110,110,,
HumanEval+,HumanEval/132,kern,True,True,True,110,79,110,81,,
HumanEval+,HumanEval/132,kern_compact,True,True,True,110,69,110,71,,
HumanEval+,HumanEval/132,python_minifier,True,True,,110,84,110,84,,
HumanEval+,HumanEval/133,python,True,True,True,28,28,28,28,,
HumanEval+,HumanEval/133,kern,True,True,True,28,23,28,23,,
HumanEval+,HumanEval/133,kern_compact,True,True,True,28,23,28,23,,
HumanEval+,HumanEval/133,python_minifier,True,True,,28,23,28,23,,
HumanEval+,HumanEval/134,python,True,True,True,54,54,54,54,,
HumanEval+,HumanEval/134,kern,True,True,True,54,40,54,42,,
HumanEval+,HumanEval/134,kern_compact,True,True,True,54,40,54,42,,
HumanEval+,HumanEval/134,python_minifier,True,True,,54,46,54,46,,
HumanEval+,HumanEval/135,python,True,True,True,49,49,49,49,,
HumanEval+,HumanEval/135,kern,True,True,True,49,34,49,34,,
HumanEval+,HumanEval/135,kern_compact,True,True,True,49,34,49,34,,
HumanEval+,HumanEval/135,python_minifier,True,True,,49,40,49,40,,
HumanEval+,HumanEval/136,python,True,True,True,60,60,61,61,,
HumanEval+,HumanEval/136,kern,True,True,True,60,52,61,52,,
HumanEval+,HumanEval/136,kern_compact,True,True,True,60,51,61,51,,
HumanEval+,HumanEval/136,python_minifier,True,True,,60,49,61,50,,
HumanEval+,HumanEval/137,python,True,True,True,57,57,57,57,,
HumanEval+,HumanEval/137,kern,True,True,True,57,46,57,45,,
HumanEval+,HumanEval/137,kern_compact,True,True,True,57,39,57,38,,
HumanEval+,HumanEval/137,python_minifier,True,True,,57,38,57,37,,
HumanEval+,HumanEval/138,python,True,True,True,24,24,24,24,,
HumanEval+,HumanEval/138,kern,True,True,True,24,16,24,16,,
HumanEval+,HumanEval/138,kern_compact,True,True,True,24,16,24,16,,
HumanEval+,HumanEval/138,python_minifier,True,True,,24,18,24,18,,
HumanEval+,HumanEval/139,python,True,True,True,46,46,46,46,,
HumanEval+,HumanEval/139,kern,True,True,True,46,32,46,32,,
HumanEval+,HumanEval/139,kern_compact,True,True,True,46,31,46,31,,
HumanEval+,HumanEval/139,python_minifier,True,True,,46,33,46,33,,
HumanEval+,HumanEval/140,python,True,True,True,45,45,45,45,,
HumanEval+,HumanEval/140,kern,True,True,True,45,35,45,35,,
HumanEval+,HumanEval/140,kern_compact,True,True,True,45,34,45,34,,
HumanEval+,HumanEval/140,python_minifier,True,True,,45,35,45,35,,
HumanEval+,HumanEval/141,python,True,True,True,114,114,115,115,,
HumanEval+,HumanEval/141,kern,True,True,True,114,91,115,93,,
HumanEval+,HumanEval/141,kern_compact,True,True,True,114,86,115,88,,
HumanEval+,HumanEval/141,python_minifier,True,True,,114,89,115,92,,
HumanEval+,HumanEval/142,python,True,True,True,70,70,70,70,,
HumanEval+,HumanEval/142,kern,True,True,True,70,49,70,49,,
HumanEval+,HumanEval/142,kern_compact,True,True,True,70,46,70,46,,
HumanEval+,HumanEval/142,python_minifier,True,True,,70,52,70,52,,
HumanEval+,HumanEval/143,python,True,True,True,69,69,69,69,,
HumanEval+,HumanEval/143,kern,True,True,True,69,53,69,52,,
HumanEval+,HumanEval/143,kern_compact,True,True,True,69,53,69,52,,
HumanEval+,HumanEval/143,python_minifier,True,True,,69,52,69,52,,
HumanEval+,HumanEval/144,python,True,True,True,57,57,57,57,,
HumanEval+,HumanEval/144,kern,True,True,True,57,39,57,39,,
HumanEval+,HumanEval/144,kern_compact,True,True,True,57,31,57,32,,
HumanEval+,HumanEval/144,python_minifier,True,True,,57,31,57,32,,
HumanEval+,HumanEval/145,python,True,True,True,92,92,92,92,,
HumanEval+,HumanEval/145,kern,True,True,True,92,68,92,68,,
HumanEval+,HumanEval/145,kern_compact,True,True,True,92,56,92,56,,
HumanEval+,HumanEval/145,python_minifier,True,True,,92,63,92,63,,
HumanEval+,HumanEval/146,python,True,True,True,68,68,69,69,,
HumanEval+,HumanEval/146,kern,True,True,True,68,51,69,52,,
HumanEval+,HumanEval/146,kern_compact,True,True,True,68,49,69,50,,
HumanEval+,HumanEval/146,python_minifier,True,True,,68,52,69,53,,
HumanEval+,HumanEval/147,python,True,True,True,104,104,104,104,,
HumanEval+,HumanEval/147,kern,True,True,True,104,68,104,69,,
HumanEval+,HumanEval/147,kern_compact,True,True,True,104,58,104,59,,
HumanEval+,HumanEval/147,python_minifier,True,True,,104,59,104,59,,
HumanEval+,HumanEval/148,python,True,True,True,115,115,114,114,,
HumanEval+,HumanEval/148,kern,True,True,True,115,94,114,95,,
HumanEval+,HumanEval/148,kern_compact,True,True,True,115,79,114,79,,
HumanEval+,HumanEval/148,python_minifier,True,True,,115,84,114,83,,
HumanEval+,HumanEval/149,python,True,True,True,83,83,84,84,,
HumanEval+,HumanEval/149,kern,True,True,True,83,63,84,65,,
HumanEval+,HumanEval/149,kern_compact,True,True,True,83,62,84,63,,
HumanEval+,HumanEval/149,python_minifier,True,True,,83,65,84,66,,
HumanEval+,HumanEval/150,python,True,True,True,63,63,63,63,,
HumanEval+,HumanEval/150,kern,True,True,True,63,45,63,45,,
HumanEval+,HumanEval/150,kern_compact,True,True,True,63,43,63,43,,
HumanEval+,HumanEval/150,python_minifier,True,True,,63,45,63,45,,
HumanEval+,HumanEval/151,python,True,True,True,52,52,52,52,,
HumanEval+,HumanEval/151,kern,True,True,True,52,39,52,39,,
HumanEval+,HumanEval/151,kern_compact,True,True,True,52,39,52,39,,
HumanEval+,HumanEval/151,python_minifier,True,True,,52,42,52,42,,
HumanEval+,HumanEval/152,python,True,True,True,27,27,27,27,,
HumanEval+,HumanEval/152,kern,True,True,True,27,20,27,21,,
HumanEval+,HumanEval/152,kern_compact,True,True,True,27,20,27,21,,
HumanEval+,HumanEval/152,python_minifier,True,True,,27,22,27,23,,
HumanEval+,HumanEval/153,python,True,True,True,102,102,102,102,,
HumanEval+,HumanEval/153,kern,True,True,True,102,76,102,76,,
HumanEval+,HumanEval/153,kern_compact,True,True,True,102,71,102,71,,
HumanEval+,HumanEval/153,python_minifier,True,True,,102,81,102,80,,
HumanEval+,HumanEval/154,python,True,True,True,60,60,60,60,,
HumanEval+,HumanEval/154,kern,True,True,True,60,44,60,46,,
HumanEval+,HumanEval/154,kern_compact,True,True,True,60,44,60,46,,
HumanEval+,HumanEval/154,python_minifier,True,True,,60,50,60,50,,
HumanEval+,HumanEval/155,python,True,True,True,57,57,58,58,,
HumanEval+,HumanEval/155,kern,True,True,True,57,43,58,44,,
HumanEval+,HumanEval/155,kern_compact,True,True,True,57,41,58,42,,
HumanEval+,HumanEval/155,python_minifier,True,True,,57,46,58,47,,
HumanEval+,HumanEval/156,python,True,True,True,177,177,178,178,,
HumanEval+,HumanEval/156,kern,True,True,True,177,122,178,124,,
HumanEval+,HumanEval/156,kern_compact,True,True,True,177,116,178,116,,
HumanEval+,HumanEval/156,python_minifier,True,True,,177,123,178,125,,
HumanEval+,HumanEval/157,python,True,True,True,59,59,59,59,,
HumanEval+,HumanEval/157,kern,True,True,True,59,39,59,39,,
HumanEval+,HumanEval/157,kern_compact,True,True,True,59,39,59,39,,
HumanEval+,HumanEval/157,python_minifier,True,True,,59,41,59,41,,
HumanEval+,HumanEval/158,python,True,True,True,70,70,70,70,,
HumanEval+,HumanEval/158,kern,True,True,True,70,55,70,55,,
HumanEval+,HumanEval/158,kern_compact,True,True,True,70,37,70,37,,
HumanEval+,HumanEval/158,python_minifier,True,True,,70,40,70,40,,
HumanEval+,HumanEval/159,python,True,True,True,40,40,40,40,,
HumanEval+,HumanEval/159,kern,True,True,True,40,30,40,30,,
HumanEval+,HumanEval/159,kern_compact,True,True,True,40,30,40,30,,
HumanEval+,HumanEval/159,python_minifier,True,True,,40,37,40,37,,
HumanEval+,HumanEval/160,python,True,True,True,48,48,48,48,,
HumanEval+,HumanEval/160,kern,True,True,True,48,39,48,39,,
HumanEval+,HumanEval/160,kern_compact,True,True,True,48,39,48,39,,
HumanEval+,HumanEval/160,python_minifier,True,True,,48,39,48,39,,
HumanEval+,HumanEval/161,python,True,True,True,58,58,58,58,,
HumanEval+,HumanEval/161,kern,True,True,True,58,45,58,45,,
HumanEval+,HumanEval/161,kern_compact,True,True,True,58,40,58,40,,
HumanEval+,HumanEval/161,python_minifier,True,True,,58,44,58,44,,
HumanEval+,HumanEval/162,python,True,True,True,44,44,44,44,,
HumanEval+,HumanEval/162,kern,True,True,True,44,36,44,36,,
HumanEval+,HumanEval/162,kern_compact,True,True,True,44,36,44,36,,
HumanEval+,HumanEval/162,python_minifier,True,True,,44,37,44,37,,
HumanEval+,HumanEval/163,python,True,True,True,52,52,53,53,,
HumanEval+,HumanEval/163,kern,True,True,True,52,35,53,36,,
HumanEval+,HumanEval/163,kern_compact,True,True,True,52,35,53,36,,
HumanEval+,HumanEval/163,python_minifier,True,True,,52,36,53,37,,
MBPP+,Mbpp/2,python,True,True,True,30,30,30,30,,
MBPP+,Mbpp/2,kern,True,True,True,30,24,30,24,,
MBPP+,Mbpp/2,kern_compact,True,True,True,30,24,30,24,,
MBPP+,Mbpp/2,python_minifier,True,True,,30,26,30,26,,
MBPP+,Mbpp/3,python,True,True,True,53,53,53,53,,
MBPP+,Mbpp/3,kern,True,True,True,53,37,53,39,,
MBPP+,Mbpp/3,kern_compact,True,True,True,53,37,53,39,,
MBPP+,Mbpp/3,python_minifier,True,True,,53,40,53,40,,
MBPP+,Mbpp/4,python,True,True,True,40,40,40,40,,
MBPP+,Mbpp/4,kern,True,True,True,40,30,40,29,,
MBPP+,Mbpp/4,kern_compact,True,True,True,40,28,40,28,,
MBPP+,Mbpp/4,python_minifier,True,True,,40,26,40,26,,
MBPP+,Mbpp/6,python,True,True,True,57,57,63,63,,
MBPP+,Mbpp/6,kern,True,True,True,57,41,63,47,,
MBPP+,Mbpp/6,kern_compact,True,True,True,57,41,63,47,,
MBPP+,Mbpp/6,python_minifier,True,True,,57,41,63,47,,
MBPP+,Mbpp/7,python,True,True,True,28,28,28,28,,
MBPP+,Mbpp/7,kern,True,True,True,28,22,28,22,,
MBPP+,Mbpp/7,kern_compact,True,True,True,28,22,28,22,,
MBPP+,Mbpp/7,python_minifier,True,True,,28,24,28,24,,
MBPP+,Mbpp/8,python,True,True,True,16,16,16,16,,
MBPP+,Mbpp/8,kern,True,True,True,16,13,16,13,,
MBPP+,Mbpp/8,kern_compact,True,True,True,16,13,16,13,,
MBPP+,Mbpp/8,python_minifier,True,True,,16,14,16,14,,
MBPP+,Mbpp/9,python,True,True,True,57,57,57,57,,
MBPP+,Mbpp/9,kern,True,True,True,57,39,57,39,,
MBPP+,Mbpp/9,kern_compact,True,True,True,57,39,57,39,,
MBPP+,Mbpp/9,python_minifier,True,True,,57,42,57,42,,
MBPP+,Mbpp/11,python,True,True,True,41,41,41,41,,
MBPP+,Mbpp/11,kern,True,True,True,41,29,41,29,,
MBPP+,Mbpp/11,kern_compact,True,True,True,41,29,41,29,,
MBPP+,Mbpp/11,python_minifier,True,True,,41,31,41,31,,
MBPP+,Mbpp/12,python,True,True,True,19,19,19,19,,
MBPP+,Mbpp/12,kern,True,True,True,19,12,19,12,,
MBPP+,Mbpp/12,kern_compact,True,True,True,19,12,19,12,,
MBPP+,Mbpp/12,python_minifier,True,True,,19,14,19,14,,
MBPP+,Mbpp/14,python,True,True,True,25,25,26,26,,
MBPP+,Mbpp/14,kern,True,True,True,25,12,26,13,,
MBPP+,Mbpp/14,kern_compact,True,True,True,25,12,26,13,,
MBPP+,Mbpp/14,python_minifier,True,True,,25,14,26,15,,
MBPP+,Mbpp/16,python,True,True,True,30,30,31,31,,
MBPP+,Mbpp/16,kern,True,True,True,30,26,31,27,,
MBPP+,Mbpp/16,kern_compact,True,True,True,30,26,31,27,,
MBPP+,Mbpp/16,python_minifier,True,True,,30,28,31,29,,
MBPP+,Mbpp/17,python,True,True,True,13,13,13,13,,
MBPP+,Mbpp/17,kern,True,True,True,13,7,13,7,,
MBPP+,Mbpp/17,kern_compact,True,True,True,13,7,13,7,,
MBPP+,Mbpp/17,python_minifier,True,True,,13,10,13,10,,
MBPP+,Mbpp/18,python,True,True,True,28,28,28,28,,
MBPP+,Mbpp/18,kern,True,True,True,28,22,28,22,,
MBPP+,Mbpp/18,kern_compact,True,True,True,28,22,28,22,,
MBPP+,Mbpp/18,python_minifier,True,True,,28,26,28,26,,
MBPP+,Mbpp/19,python,True,True,True,19,19,19,19,,
MBPP+,Mbpp/19,kern,True,True,True,19,14,19,14,,
MBPP+,Mbpp/19,kern_compact,True,True,True,19,14,19,14,,
MBPP+,Mbpp/19,python_minifier,True,True,,19,18,19,18,,
MBPP+,Mbpp/20,python,True,True,True,98,98,98,98,,
MBPP+,Mbpp/20,kern,True,True,True,98,59,98,62,,
MBPP+,Mbpp/20,kern_compact,True,True,True,98,59,98,62,,
MBPP+,Mbpp/20,python_minifier,True,True,,98,73,98,73,,
MBPP+,Mbpp/56,python,True,True,True,24,24,24,24,,
MBPP+,Mbpp/56,kern,True,True,True,24,15,24,15,,
MBPP+,Mbpp/56,kern_compact,True,True,True,24,15,24,15,,
MBPP+,Mbpp/56,python_minifier,True,True,,24,17,24,17,,
MBPP+,Mbpp/57,python,True,True,True,26,26,27,27,,
MBPP+,Mbpp/57,kern,True,True,True,26,19,27,20,,
MBPP+,Mbpp/57,kern_compact,True,True,True,26,19,27,20,,
MBPP+,Mbpp/57,python_minifier,True,True,,26,20,27,21,,
MBPP+,Mbpp/58,python,True,True,True,22,22,21,21,,
MBPP+,Mbpp/58,kern,True,True,True,22,13,21,12,,
MBPP+,Mbpp/58,kern_compact,True,True,True,22,13,21,12,,
MBPP+,Mbpp/58,python_minifier,True,True,,22,14,21,13,,
MBPP+,Mbpp/59,python,True,True,True,21,21,21,21,,
MBPP+,Mbpp/59,kern,True,True,True,21,11,21,11,,
MBPP+,Mbpp/59,kern_compact,True,True,True,21,11,21,11,,
MBPP+,Mbpp/59,python_minifier,True,True,,21,14,21,14,,
MBPP+,Mbpp/61,python,True,True,True,95,95,95,95,,
MBPP+,Mbpp/61,kern,True,True,True,95,68,95,69,,
MBPP+,Mbpp/61,kern_compact,True,True,True,95,66,95,67,,
MBPP+,Mbpp/61,python_minifier,True,True,,95,70,95,71,,
MBPP+,Mbpp/62,python,True,True,True,24,24,24,24,,
MBPP+,Mbpp/62,kern,True,True,True,24,18,24,18,,
MBPP+,Mbpp/62,kern_compact,True,True,True,24,18,24,18,,
MBPP+,Mbpp/62,python_minifier,True,True,,24,18,24,18,,
MBPP+,Mbpp/63,python,True,True,True,23,23,23,23,,
MBPP+,Mbpp/63,kern,True,True,True,23,17,23,17,,
MBPP+,Mbpp/63,kern_compact,True,True,True,23,17,23,17,,
MBPP+,Mbpp/63,python_minifier,True,True,,23,20,23,20,,
MBPP+,Mbpp/64,python,True,True,True,53,53,53,53,,
MBPP+,Mbpp/64,kern,True,True,True,53,19,53,20,,
MBPP+,Mbpp/64,kern_compact,True,True,True,53,19,53,20,,
MBPP+,Mbpp/64,python_minifier,True,True,,53,22,53,22,,
MBPP+,Mbpp/65,python,True,True,True,51,51,51,51,,
MBPP+,Mbpp/65,kern,True,True,True,51,41,51,41,,
MBPP+,Mbpp/65,kern_compact,True,True,True,51,37,51,37,,
MBPP+,Mbpp/65,python_minifier,True,True,,51,41,51,41,,
MBPP+,Mbpp/66,python,True,True,True,21,21,21,21,,
MBPP+,Mbpp/66,kern,True,True,True,21,16,21,16,,
MBPP+,Mbpp/66,kern_compact,True,True,True,21,16,21,16,,
MBPP+,Mbpp/66,python_minifier,True,True,,21,18,21,18,,
MBPP+,Mbpp/67,python,True,True,True,116,116,116,116,,
MBPP+,Mbpp/67,kern,True,True,True,116,92,116,93,,
MBPP+,Mbpp/67,kern_compact,True,True,True,116,92,116,93,,
MBPP+,Mbpp/67,python_minifier,True,True,,116,95,116,96,,
MBPP+,Mbpp/68,python,True,True,True,47,47,47,47,,
MBPP+,Mbpp/68,kern,True,True,True,47,38,47,38,,
MBPP+,Mbpp/68,kern_compact,True,True,True,47,38,47,38,,
MBPP+,Mbpp/68,python_minifier,True,True,,47,42,47,42,,
MBPP+,Mbpp/69,python,True,True,True,43,43,44,44,,
MBPP+,Mbpp/69,kern,True,True,True,43,38,44,39,,
MBPP+,Mbpp/69,kern_compact,True,True,True,43,38,44,39,,
MBPP+,Mbpp/69,python_minifier,True,True,,43,39,44,40,,
MBPP+,Mbpp/70,python,True,True,True,22,22,22,22,,
MBPP+,Mbpp/70,kern,True,True,True,22,15,22,16,,
MBPP+,Mbpp/70,kern_compact,True,True,True,22,15,22,16,,
MBPP+,Mbpp/70,python_minifier,True,True,,22,17,22,18,,
MBPP+,Mbpp/71,python,True,True,True,113,113,113,113,,
MBPP+,Mbpp/71,kern,True,True,True,113,88,113,88,,
MBPP+,Mbpp/71,kern_compact,True,True,True,113,77,113,77,,
MBPP+,Mbpp/71,python_minifier,True,True,,113,87,113,88,,
MBPP+,Mbpp/72,python,True,True,True,44,44,44,44,,
MBPP+,Mbpp/72,kern,True,True,True,44,10,44,10,,
MBPP+,Mbpp/72,kern_compact,True,True,True,44,10,44,10,,
MBPP+,Mbpp/72,python_minifier,True,True,,44,12,44,12,,
MBPP+,Mbpp/74,python,True,True,True,78,78,78,78,,
MBPP+,Mbpp/74,kern,True,True,True,78,66,78,65,,
MBPP+,Mbpp/74,kern_compact,True,True,True,78,57,78,56,,
MBPP+,Mbpp/74,python_minifier,True,True,,78,64,78,64,,
MBPP+,Mbpp/75,python,True,True,True,36,36,37,37,,
MBPP+,Mbpp/75,kern,True,True,True,36,27,37,28,,
MBPP+,Mbpp/75,kern_compact,True,True,True,36,27,37,28,,
MBPP+,Mbpp/75,python_minifier,True,True,,36,29,37,31,,
MBPP+,Mbpp/77,python,True,True,True,18,18,18,18,,
MBPP+,Mbpp/77,kern,True,True,True,18,10,18,10,,
MBPP+,Mbpp/77,kern_compact,True,True,True,18,10,18,10,,
MBPP+,Mbpp/77,python_minifier,True,True,,18,12,18,12,,
MBPP+,Mbpp/79,python,True,True,True,19,19,19,19,,
MBPP+,Mbpp/79,kern,True,True,True,19,10,19,10,,
MBPP+,Mbpp/79,kern_compact,True,True,True,19,10,19,10,,
MBPP+,Mbpp/79,python_minifier,True,True,,19,12,19,12,,
MBPP+,Mbpp/80,python,True,True,True,30,30,29,29,,
MBPP+,Mbpp/80,kern,True,True,True,30,17,29,17,,
MBPP+,Mbpp/80,kern_compact,True,True,True,30,17,29,17,,
MBPP+,Mbpp/80,python_minifier,True,True,,30,19,29,18,,
MBPP+,Mbpp/82,python,True,True,True,25,25,26,26,,
MBPP+,Mbpp/82,kern,True,True,True,25,19,26,21,,
MBPP+,Mbpp/82,kern_compact,True,True,True,25,19,26,21,,
MBPP+,Mbpp/82,python_minifier,True,True,,25,19,26,20,,
MBPP+,Mbpp/84,python,True,True,True,87,87,90,90,,
MBPP+,Mbpp/84,kern,True,True,True,87,65,90,67,,
MBPP+,Mbpp/84,kern_compact,True,True,True,87,63,90,65,,
MBPP+,Mbpp/84,python_minifier,True,True,,87,65,90,65,,
MBPP+,Mbpp/85,python,True,True,True,23,23,24,24,,
MBPP+,Mbpp/85,kern,True,True,True,23,14,24,16,,
MBPP+,Mbpp/85,kern_compact,True,True,True,23,14,24,16,,
MBPP+,Mbpp/85,python_minifier,True,True,,23,17,24,19,,
MBPP+,Mbpp/86,python,True,True,True,25,25,25,25,,
MBPP+,Mbpp/86,kern,True,True,True,25,15,25,15,,
MBPP+,Mbpp/86,kern_compact,True,True,True,25,15,25,15,,
MBPP+,Mbpp/86,python_minifier,True,True,,25,17,25,17,,
MBPP+,Mbpp/87,python,True,True,True,43,43,44,44,,
MBPP+,Mbpp/87,kern,True,True,True,43,35,44,36,,
MBPP+,Mbpp/87,kern_compact,True,True,True,43,34,44,35,,
MBPP+,Mbpp/87,python_minifier,True,True,,43,36,44,37,,
MBPP+,Mbpp/88,python,True,True,True,24,24,24,24,,
MBPP+,Mbpp/88,kern,True,True,True,24,17,24,17,,
MBPP+,Mbpp/88,kern_compact,True,True,True,24,16,24,16,,
MBPP+,Mbpp/88,python_minifier,True,True,,24,18,24,18,,
MBPP+,Mbpp/89,python,True,True,True,14,14,14,14,,
MBPP+,Mbpp/89,kern,True,True,True,14,7,14,7,,
MBPP+,Mbpp/89,kern_compact,True,True,True,14,7,14,7,,
MBPP+,Mbpp/89,python_minifier,True,True,,14,9,14,9,,
MBPP+,Mbpp/90,python,True,True,True,19,19,19,19,,
MBPP+,Mbpp/90,kern,True,True,True,19,15,19,15,,
MBPP+,Mbpp/90,kern_compact,True,True,True,19,15,19,15,,
MBPP+,Mbpp/90,python_minifier,True,True,,19,17,19,17,,
MBPP+,Mbpp/91,python,True,True,True,24,24,24,24,,
MBPP+,Mbpp/91,kern,True,True,True,24,20,24,20,,
MBPP+,Mbpp/91,kern_compact,True,True,True,24,20,24,20,,
MBPP+,Mbpp/91,python_minifier,True,True,,24,22,24,22,,
MBPP+,Mbpp/92,python,True,True,True,54,54,56,56,,
MBPP+,Mbpp/92,kern,True,True,True,54,45,56,49,,
MBPP+,Mbpp/92,kern_compact,True,True,True,54,43,56,45,,
MBPP+,Mbpp/92,python_minifier,True,True,,54,45,56,45,,
MBPP+,Mbpp/93,python,True,True,True,12,12,12,12,,
MBPP+,Mbpp/93,kern,True,True,True,12,7,12,7,,
MBPP+,Mbpp/93,kern_compact,True,True,True,12,7,12,7,,
MBPP+,Mbpp/93,python_minifier,True,True,,12,9,12,9,,
MBPP+,Mbpp/94,python,True,True,True,35,35,36,36,,
MBPP+,Mbpp/94,kern,True,True,True,35,24,36,25,,
MBPP+,Mbpp/94,kern_compact,True,True,True,35,24,36,25,,
MBPP+,Mbpp/94,python_minifier,True,True,,35,26,36,27,,
MBPP+,Mbpp/95,python,True,True,True,24,24,26,26,,
MBPP+,Mbpp/95,kern,True,True,True,24,17,26,17,,
MBPP+,Mbpp/95,kern_compact,True,True,True,24,16,26,16,,
MBPP+,Mbpp/95,python_minifier,True,True,,24,18,26,18,,
MBPP+,Mbpp/96,python,True,True,True,30,30,30,30,,
MBPP+,Mbpp/96,kern,True,True,True,30,23,30,23,,
MBPP+,Mbpp/96,kern_compact,True,True,True,30,23,30,23,,
MBPP+,Mbpp/96,python_minifier,True,True,,30,24,30,24,,
MBPP+,Mbpp/97,python,True,True,True,39,39,41,41,,
MBPP+,Mbpp/97,kern,True,True,True,39,32,41,34,,
MBPP+,Mbpp/97,kern_compact,True,True,True,39,32,41,32,,
MBPP+,Mbpp/97,python_minifier,True,True,,39,34,41,34,,
MBPP+,Mbpp/98,python,True,True,True,31,31,31,31,,
MBPP+,Mbpp/98,kern,True,True,True,31,23,31,23,,
MBPP+,Mbpp/98,kern_compact,True,True,True,31,25,31,25,,
MBPP+,Mbpp/98,python_minifier,True,True,,31,28,31,28,,
MBPP+,Mbpp/99,python,True,True,True,20,20,20,20,,
MBPP+,Mbpp/99,kern,True,True,True,20,14,20,14,,
MBPP+,Mbpp/99,kern_compact,True,True,True,20,14,20,14,,
MBPP+,Mbpp/99,python_minifier,True,True,,20,16,20,16,,
MBPP+,Mbpp/100,python,True,True,True,337,337,338,338,,
MBPP+,Mbpp/100,kern,True,True,True,337,210,338,212,,
MBPP+,Mbpp/100,kern_compact,True,True,True,337,198,338,199,,
MBPP+,Mbpp/100,python_minifier,True,True,,337,217,338,219,,
MBPP+,Mbpp/101,python,True,True,True,16,16,15,15,,
MBPP+,Mbpp/101,kern,True,True,True,16,11,15,11,,
MBPP+,Mbpp/101,kern_compact,True,True,True,16,11,15,11,,
MBPP+,Mbpp/101,python_minifier,True,True,,16,13,15,12,,
MBPP+,Mbpp/102,python,True,True,True,24,24,24,24,,
MBPP+,Mbpp/102,kern,True,True,True,24,22,24,22,,
MBPP+,Mbpp/102,kern_compact,True,True,True,24,22,24,22,,
MBPP+,Mbpp/102,python_minifier,True,True,,24,23,24,23,,
MBPP+,Mbpp/103,python,True,True,True,78,78,81,81,,
MBPP+,Mbpp/103,kern,True,True,True,78,52,81,54,,
MBPP+,Mbpp/103,kern_compact,True,True,True,78,52,81,54,,
MBPP+,Mbpp/103,python_minifier,True,True,,78,55,81,56,,
MBPP+,Mbpp/104,python,True,True,True,20,20,21,21,,
MBPP+,Mbpp/104,kern,True,True,True,20,16,21,17,,
MBPP+,Mbpp/104,kern_compact,True,True,True,20,16,21,17,,
MBPP+,Mbpp/104,python_minifier,True,True,,20,18,21,19,,
MBPP+,Mbpp/105,python,True,True,True,12,12,12,12,,
MBPP+,Mbpp/105,kern,True,True,True,12,6,12,6,,
MBPP+,Mbpp/105,kern_compact,True,True,True,12,6,12,6,,
MBPP+,Mbpp/105,python_minifier,True,True,,12,8,12,8,,
MBPP+,Mbpp/106,python,True,True,True,21,21,21,21,,
MBPP+,Mbpp/106,kern,True,True,True,21,16,21,16,,
MBPP+,Mbpp/106,kern_compact,True,True,True,21,16,21,16,,
MBPP+,Mbpp/106,python_minifier,True,True,,21,18,21,18,,
MBPP+,Mbpp/108,python,True,True,True,27,27,28,28,,
MBPP+,Mbpp/108,kern,True,True,True,27,23,28,24,,
MBPP+,Mbpp/108,kern_compact,True,True,True,27,23,28,24,,
MBPP+,Mbpp/108,python_minifier,True,True,,27,25,28,26,,
MBPP+,Mbpp/109,python,True,True,True,48,48,47,47,,
MBPP+,Mbpp/109,kern,True,True,True,48,31,47,30,,
MBPP+,Mbpp/109,kern_compact,True,True,True,48,31,47,30,,
MBPP+,Mbpp/109,python_minifier,True,True,,48,34,47,33,,
MBPP+,Mbpp/111,python,True,True,True,22,22,23,23,,
MBPP+,Mbpp/111,kern,True,True,True,22,18,23,19,,
MBPP+,Mbpp/111,kern_compact,True,True,True,22,18,23,19,,
MBPP+,Mbpp/111,python_minifier,True,True,,22,20,23,21,,
MBPP+,Mbpp/113,python,True,True,True,47,47,48,48,,
MBPP+,Mbpp/113,kern,True,True,True,47,37,48,39,,
MBPP+,Mbpp/113,kern_compact,True,True,True,47,37,48,39,,
MBPP+,Mbpp/113,python_minifier,True,True,,47,41,48,42,,
MBPP+,Mbpp/116,python,True,True,True,18,18,18,18,,
MBPP+,Mbpp/116,kern,True,True,True,18,14,18,14,,
MBPP+,Mbpp/116,kern_compact,True,True,True,18,14,18,14,,
MBPP+,Mbpp/116,python_minifier,True,True,,18,16,18,16,,
MBPP+,Mbpp/118,python,True,True,True,14,14,14,14,,
MBPP+,Mbpp/118,kern,True,True,True,14,9,14,9,,
MBPP+,Mbpp/118,kern_compact,True,True,True,14,9,14,9,,
MBPP+,Mbpp/118,python_minifier,True,True,,14,11,14,11,,
MBPP+,Mbpp/119,python,True,True,True,39,39,39,39,,
MBPP+,Mbpp/119,kern,True,True,True,39,29,39,29,,
MBPP+,Mbpp/119,kern_compact,True,True,True,39,25,39,25,,
MBPP+,Mbpp/119,python_minifier,True,True,,39,26,39,26,,
MBPP+,Mbpp/120,python,True,True,True,24,24,24,24,,
MBPP+,Mbpp/120,kern,True,True,True,24,18,24,18,,
MBPP+,Mbpp/120,kern_compact,True,True,True,24,18,24,18,,
MBPP+,Mbpp/120,python_minifier,True,True,,24,21,24,22,,
MBPP+,Mbpp/123,python,True,True,True,157,157,153,153,,
MBPP+,Mbpp/123,kern,True,True,True,157,119,153,118,,
MBPP+,Mbpp/123,kern_compact,True,True,True,157,102,153,102,,
MBPP+,Mbpp/123,python_minifier,True,True,,157,116,153,116,,
MBPP+,Mbpp/124,python,True,True,True,23,23,23,23,,
MBPP+,Mbpp/124,kern,True,True,True,23,17,23,17,,
MBPP+,Mbpp/124,kern_compact,True,True,True,23,17,23,17,,
MBPP+,Mbpp/124,python_minifier,True,True,,23,19,23,19,,
MBPP+,Mbpp/125,python,True,True,True,73,73,73,73,,
MBPP+,Mbpp/125,kern,True,True,True,73,52,73,52,,
MBPP+,Mbpp/125,kern_compact,True,True,True,73,42,73,42,,
MBPP+,Mbpp/125,python_minifier,True,True,,73,48,73,48,,
MBPP+,Mbpp/126,python,True,True,True,87,87,87,87,,
MBPP+,Mbpp/126,kern,True,True,True,87,55,87,55,,
MBPP+,Mbpp/126,kern_compact,True,True,True,87,54,87,54,,
MBPP+,Mbpp/126,python_minifier,True,True,,87,62,87,62,,
MBPP+,Mbpp/127,python,True,True,True,14,14,14,14,,
MBPP+,Mbpp/127,kern,True,True,True,14,7,14,7,,
MBPP+,Mbpp/127,kern_compact,True,True,True,14,7,14,7,,
MBPP+,Mbpp/127,python_minifier,True,True,,14,9,14,9,,
MBPP+,Mbpp/128,python,True,True,True,26,26,26,26,,
MBPP+,Mbpp/128,kern,True,True,True,26,20,26,21,,
MBPP+,Mbpp/128,kern_compact,True,True,True,26,20,26,21,,
MBPP+,Mbpp/128,python_minifier,True,True,,26,20,26,21,,
MBPP+,Mbpp/129,python,True,True,True,143,143,143,143,,
MBPP+,Mbpp/129,kern,True,True,True,143,102,143,104,,
MBPP+,Mbpp/129,kern_compact,True,True,True,143,102,143,104,,
MBPP+,Mbpp/129,python_minifier,True,True,,143,104,143,104,,
MBPP+,Mbpp/130,python,True,True,True,41,41,41,41,,
MBPP+,Mbpp/130,kern,True,True,True,41,31,41,32,,
MBPP+,Mbpp/130,kern_compact,True,True,True,41,31,41,32,,
MBPP+,Mbpp/130,python_minifier,True,True,,41,32,41,33,,
MBPP+,Mbpp/131,python,True,True,True,68,68,67,67,,
MBPP+,Mbpp/131,kern,True,True,True,68,61,67,61,,
MBPP+,Mbpp/131,kern_compact,True,True,True,68,61,67,61,,
MBPP+,Mbpp/131,python_minifier,True,True,,68,58,67,58,,
MBPP+,Mbpp/132,python,True,True,True,16,16,16,16,,
MBPP+,Mbpp/132,kern,True,True,True,16,14,16,14,,
MBPP+,Mbpp/132,kern_compact,True,True,True,16,14,16,14,,
MBPP+,Mbpp/132,python_minifier,True,True,,16,14,16,14,,
MBPP+,Mbpp/133,python,True,True,True,23,23,22,22,,
MBPP+,Mbpp/133,kern,True,True,True,23,18,22,17,,
MBPP+,Mbpp/133,kern_compact,True,True,True,23,18,22,17,,
MBPP+,Mbpp/133,python_minifier,True,True,,23,20,22,19,,
MBPP+,Mbpp/135,python,True,True,True,20,20,20,20,,
MBPP+,Mbpp/135,kern,True,True,True,20,12,20,12,,
MBPP+,Mbpp/135,kern_compact,True,True,True,20,12,20,12,,
MBPP+,Mbpp/135,python_minifier,True,True,,20,14,20,14,,
MBPP+,Mbpp/137,python,True,True,True,47,47,47,47,,
MBPP+,Mbpp/137,kern,True,True,True,47,38,47,38,,
MBPP+,Mbpp/137,kern_compact,True,True,True,47,38,47,38,,
MBPP+,Mbpp/137,python_minifier,True,True,,47,43,47,43,,
MBPP+,Mbpp/138,python,True,True,True,28,28,31,31,,
MBPP+,Mbpp/138,kern,True,True,True,28,19,31,22,,
MBPP+,Mbpp/138,kern_compact,True,True,True,28,19,31,22,,
MBPP+,Mbpp/138,python_minifier,True,True,,28,21,31,24,,
MBPP+,Mbpp/139,python,True,True,True,22,22,22,22,,
MBPP+,Mbpp/139,kern,True,True,True,22,14,22,15,,
MBPP+,Mbpp/139,kern_compact,True,True,True,22,14,22,15,,
MBPP+,Mbpp/139,python_minifier,True,True,,22,17,22,18,,
MBPP+,Mbpp/140,python,True,True,True,23,23,25,25,,
MBPP+,Mbpp/140,kern,True,True,True,23,19,25,21,,
MBPP+,Mbpp/140,kern_compact,True,True,True,23,19,25,19,,
MBPP+,Mbpp/140,python_minifier,True,True,,23,21,25,21,,
MBPP+,Mbpp/141,python,True,True,True,82,82,83,83,,
MBPP+,Mbpp/141,kern,True,True,True,82,66,83,72,,
MBPP+,Mbpp/141,kern_compact,True,True,True,82,57,83,63,,
MBPP+,Mbpp/141,python_minifier,True,True,,82,59,83,63,,
MBPP+,Mbpp/142,python,True,True,True,35,35,35,35,,
MBPP+,Mbpp/142,kern,True,True,True,35,29,35,29,,
MBPP+,Mbpp/142,kern_compact,True,True,True,35,29,35,29,,
MBPP+,Mbpp/142,python_minifier,True,True,,35,32,35,32,,
MBPP+,Mbpp/145,python,True,True,True,19,19,19,19,,
MBPP+,Mbpp/145,kern,True,True,True,19,13,19,13,,
MBPP+,Mbpp/145,kern_compact,True,True,True,19,13,19,13,,
MBPP+,Mbpp/145,python_minifier,True,True,,19,15,19,15,,
MBPP+,Mbpp/160,python,True,True,True,66,66,66,66,,
MBPP+,Mbpp/160,kern,True,True,True,66,39,66,40,,
MBPP+,Mbpp/160,kern_compact,True,True,True,66,39,66,40,,
MBPP+,Mbpp/160,python_minifier,True,True,,66,40,66,40,,
MBPP+,Mbpp/161,python,True,True,True,26,26,26,26,,
MBPP+,Mbpp/161,kern,True,True,True,26,21,26,21,,
MBPP+,Mbpp/161,kern_compact,True,True,True,26,21,26,21,,
MBPP+,Mbpp/161,python_minifier,True,True,,26,22,26,22,,
MBPP+,Mbpp/162,python,True,True,True,39,39,39,39,,
MBPP+,Mbpp/162,kern,True,True,True,39,27,39,28,,
MBPP+,Mbpp/162,kern_compact,True,True,True,39,27,39,28,,
MBPP+,Mbpp/162,python_minifier,True,True,,39,29,39,29,,
MBPP+,Mbpp/165,python,True,True,True,32,32,32,32,,
MBPP+,Mbpp/165,kern,True,True,True,32,25,32,26,,
MBPP+,Mbpp/165,kern_compact,True,True,True,32,25,32,26,,
MBPP+,Mbpp/165,python_minifier,True,True,,32,28,32,29,,
MBPP+,Mbpp/166,python,True,True,True,54,54,54,54,,
MBPP+,Mbpp/166,kern,True,True,True,54,38,54,40,,
MBPP+,Mbpp/166,kern_compact,True,True,True,54,38,54,40,,
MBPP+,Mbpp/166,python_minifier,True,True,,54,41,54,42,,
MBPP+,Mbpp/167,python,True,True,True,58,58,58,58,,
MBPP+,Mbpp/167,kern,True,True,True,58,40,58,41,,
MBPP+,Mbpp/167,kern_compact,True,True,True,58,40,58,41,,
MBPP+,Mbpp/167,python_minifier,True,True,,58,40,58,40,,
MBPP+,Mbpp/168,python,True,True,True,13,13,13,13,,
MBPP+,Mbpp/168,kern,True,True,True,13,8,13,8,,
MBPP+,Mbpp/168,kern_compact,True,True,True,13,8,13,8,,
MBPP+,Mbpp/168,python_minifier,True,True,,13,10,13,10,,
MBPP+,Mbpp/170,python,True,True,True,27,27,27,27,,
MBPP+,Mbpp/170,kern,True,True,True,27,16,27,16,,
MBPP+,Mbpp/170,kern_compact,True,True,True,27,16,27,16,,
MBPP+,Mbpp/170,python_minifier,True,True,,27,18,27,18,,
MBPP+,Mbpp/171,python,True,True,True,15,15,15,15,,
MBPP+,Mbpp/171,kern,True,True,True,15,9,15,9,,
MBPP+,Mbpp/171,kern_compact,True,True,True,15,9,15,9,,
MBPP+,Mbpp/171,python_minifier,True,True,,15,11,15,11,,
MBPP+,Mbpp/172,python,True,True,True,15,15,15,15,,
MBPP+,Mbpp/172,kern,True,True,True,15,11,15,11,,
MBPP+,Mbpp/172,kern_compact,True,True,True,15,11,15,11,,
MBPP+,Mbpp/172,python_minifier,True,True,,15,13,15,13,,
MBPP+,Mbpp/222,python,True,True,True,25,25,26,26,,
MBPP+,Mbpp/222,kern,True,True,True,25,20,26,21,,
MBPP+,Mbpp/222,kern_compact,True,True,True,25,20,26,21,,
MBPP+,Mbpp/222,python_minifier,True,True,,25,24,26,25,,
MBPP+,Mbpp/223,python,True,True,True,61,61,61,61,,
MBPP+,Mbpp/223,kern,True,True,True,61,48,61,50,,
MBPP+,Mbpp/223,kern_compact,True,True,True,61,48,61,50,,
MBPP+,Mbpp/223,python_minifier,True,True,,61,54,61,55,,
MBPP+,Mbpp/224,python,True,True,True,20,20,20,20,,
MBPP+,Mbpp/224,kern,True,True,True,20,15,20,15,,
MBPP+,Mbpp/224,kern_compact,True,True,True,20,15,20,15,,
MBPP+,Mbpp/224,python_minifier,True,True,,20,17,20,17,,
MBPP+,Mbpp/226,python,True,True,True,30,30,30,30,,
MBPP+,Mbpp/226,kern,True,True,True,30,25,30,25,,
MBPP+,Mbpp/226,kern_compact,True,True,True,30,25,30,25,,
MBPP+,Mbpp/226,python_minifier,True,True,,30,26,30,26,,
MBPP+,Mbpp/227,python,True,True,True,19,19,19,19,,
MBPP+,Mbpp/227,kern,True,True,True,19,12,19,12,,
MBPP+,Mbpp/227,kern_compact,True,True,True,19,12,19,12,,
MBPP+,Mbpp/227,python_minifier,True,True,,19,14,19,14,,
MBPP+,Mbpp/230,python,True,True,True,18,18,18,18,,
MBPP+,Mbpp/230,kern,True,True,True,18,13,18,13,,
MBPP+,Mbpp/230,kern_compact,True,True,True,18,13,18,13,,
MBPP+,Mbpp/230,python_minifier,True,True,,18,15,18,15,,
MBPP+,Mbpp/232,python,True,True,True,23,23,24,24,,
MBPP+,Mbpp/232,kern,True,True,True,23,19,24,19,,
MBPP+,Mbpp/232,kern_compact,True,True,True,23,19,24,19,,
MBPP+,Mbpp/232,python_minifier,True,True,,23,20,24,21,,
MBPP+,Mbpp/233,python,True,True,True,27,27,27,27,,
MBPP+,Mbpp/233,kern,True,True,True,27,17,27,18,,
MBPP+,Mbpp/233,kern_compact,True,True,True,27,17,27,18,,
MBPP+,Mbpp/233,python_minifier,True,True,,27,20,27,21,,
MBPP+,Mbpp/234,python,True,True,True,13,13,13,13,,
MBPP+,Mbpp/234,kern,True,True,True,13,7,13,7,,
MBPP+,Mbpp/234,kern_compact,True,True,True,13,7,13,7,,
MBPP+,Mbpp/234,python_minifier,True,True,,13,9,13,9,,
MBPP+,Mbpp/235,python,True,True,True,36,36,36,36,,
MBPP+,Mbpp/235,kern,True,True,True,36,23,36,25,,
MBPP+,Mbpp/235,kern_compact,True,True,True,36,23,36,25,,
MBPP+,Mbpp/235,python_minifier,True,True,,36,25,36,26,,
MBPP+,Mbpp/237,python,True,True,True,29,29,29,29,,
MBPP+,Mbpp/237,kern,True,True,True,29,25,29,25,,
MBPP+,Mbpp/237,kern_compact,True,True,True,29,25,29,25,,
MBPP+,Mbpp/237,python_minifier,True,True,,29,27,29,27,,
MBPP+,Mbpp/238,python,True,True,True,33,33,33,33,,
MBPP+,Mbpp/238,kern,True,True,True,33,23,33,23,,
MBPP+,Mbpp/238,kern_compact,True,True,True,33,20,33,20,,
MBPP+,Mbpp/238,python_minifier,True,True,,33,21,33,21,,
MBPP+,Mbpp/239,python,True,True,True,142,142,143,143,,
MBPP+,Mbpp/239,kern,True,True,True,142,107,143,109,,
MBPP+,Mbpp/239,kern_compact,True,True,True,142,107,143,109,,
MBPP+,Mbpp/239,python_minifier,True,True,,142,113,143,113,,
MBPP+,Mbpp/240,python,True,True,True,21,21,21,21,,
MBPP+,Mbpp/240,kern,True,True,True,21,14,21,14,,
MBPP+,Mbpp/240,kern_compact,True,True,True,21,14,21,14,,
MBPP+,Mbpp/240,python_minifier,True,True,,21,16,21,16,,
MBPP+,Mbpp/242,python,True,True,True,14,14,14,14,,
MBPP+,Mbpp/242,kern,True,True,True,14,10,14,10,,
MBPP+,Mbpp/242,kern_compact,True,True,True,14,10,14,10,,
MBPP+,Mbpp/242,python_minifier,True,True,,14,12,14,12,,
MBPP+,Mbpp/244,python,True,True,True,47,47,47,47,,
MBPP+,Mbpp/244,kern,True,True,True,47,34,47,35,,
MBPP+,Mbpp/244,kern_compact,True,True,True,47,30,47,31,,
MBPP+,Mbpp/244,python_minifier,True,True,,47,32,47,32,,
MBPP+,Mbpp/245,python,True,True,True,211,211,211,211,,
MBPP+,Mbpp/245,kern,True,True,True,211,164,211,165,,
MBPP+,Mbpp/245,kern_compact,True,True,True,211,134,211,135,,
MBPP+,Mbpp/245,python_minifier,True,True,,211,138,211,140,,
MBPP+,Mbpp/247,python,True,True,True,134,134,134,134,,
MBPP+,Mbpp/247,kern,True,True,True,134,105,134,106,,
MBPP+,Mbpp/247,kern_compact,True,True,True,134,104,134,105,,
MBPP+,Mbpp/247,python_minifier,True,True,,134,110,134,110,,
MBPP+,Mbpp/250,python,True,True,True,16,16,16,16,,
MBPP+,Mbpp/250,kern,True,True,True,16,11,16,11,,
MBPP+,Mbpp/250,kern_compact,True,True,True,16,11,16,11,,
MBPP+,Mbpp/250,python_minifier,True,True,,16,12,16,12,,
MBPP+,Mbpp/251,python,True,True,True,33,33,33,33,,
MBPP+,Mbpp/251,kern,True,True,True,33,25,33,25,,
MBPP+,Mbpp/251,kern_compact,True,True,True,33,24,33,24,,
MBPP+,Mbpp/251,python_minifier,True,True,,33,27,33,28,,
MBPP+,Mbpp/252,python,True,True,True,19,19,19,19,,
MBPP+,Mbpp/252,kern,True,True,True,19,12,19,12,,
MBPP+,Mbpp/252,kern_compact,True,True,True,19,12,19,12,,
MBPP+,Mbpp/252,python_minifier,True,True,,19,15,19,15,,
MBPP+,Mbpp/253,python,True,True,True,21,21,22,22,,
MBPP+,Mbpp/253,kern,True,True,True,21,16,22,17,,
MBPP+,Mbpp/253,kern_compact,True,True,True,21,16,22,17,,
MBPP+,Mbpp/253,python_minifier,True,True,,21,18,22,19,,
MBPP+,Mbpp/255,python,True,True,True,28,28,28,28,,
MBPP+,Mbpp/255,kern,True,True,True,28,23,28,23,,
MBPP+,Mbpp/255,kern_compact,True,True,True,28,23,28,23,,
MBPP+,Mbpp/255,python_minifier,True,True,,28,24,28,24,,
MBPP+,Mbpp/256,python,True,True,True,36,36,36,36,,
MBPP+,Mbpp/256,kern,True,True,True,36,29,36,29,,
MBPP+,Mbpp/256,kern_compact,True,True,True,36,29,36,29,,
MBPP+,Mbpp/256,python_minifier,True,True,,36,30,36,30,,
MBPP+,Mbpp/257,python,True,True,True,14,14,14,14,,
MBPP+,Mbpp/257,kern,True,True,True,14,8,14,9,,
MBPP+,Mbpp/257,kern_compact,True,True,True,14,8,14,9,,
MBPP+,Mbpp/257,python_minifier,True,True,,14,9,14,9,,
MBPP+,Mbpp/259,python,True,True,True,51,51,51,51,,
MBPP+,Mbpp/259,kern,True,True,True,51,41,51,40,,
MBPP+,Mbpp/259,kern_compact,True,True,True,51,41,51,40,,
MBPP+,Mbpp/259,python_minifier,True,True,,51,42,51,42,,
MBPP+,Mbpp/260,python,True,True,True,75,75,75,75,,
MBPP+,Mbpp/260,kern,True,True,True,75,46,75,47,,
MBPP+,Mbpp/260,kern_compact,True,True,True,75,46,75,47,,
MBPP+,Mbpp/260,python_minifier,True,True,,75,54,75,54,,
MBPP+,Mbpp/261,python,True,True,True,40,40,40,40,,
MBPP+,Mbpp/261,kern,True,True,True,40,34,40,34,,
MBPP+,Mbpp/261,kern_compact,True,True,True,40,28,40,28,,
MBPP+,Mbpp/261,python_minifier,True,True,,40,31,40,31,,
MBPP+,Mbpp/262,python,True,True,True,21,21,21,21,,
MBPP+,Mbpp/262,kern,True,True,True,21,16,21,18,,
MBPP+,Mbpp/262,kern_compact,True,True,True,21,16,21,18,,
MBPP+,Mbpp/262,python_minifier,True,True,,21,20,21,20,,
MBPP+,Mbpp/264,python,True,True,True,50,50,50,50,,
MBPP+,Mbpp/264,kern,True,True,True,50,35,50,35,,
MBPP+,Mbpp/264,kern_compact,True,True,True,50,32,50,32,,
MBPP+,Mbpp/264,python_minifier,True,True,,50,34,50,34,,
MBPP+,Mbpp/265,python,True,True,True,22,22,22,22,,
MBPP+,Mbpp/265,kern,True,True,True,22,18,22,18,,
MBPP+,Mbpp/265,kern_compact,True,True,True,22,18,22,18,,
MBPP+,Mbpp/265,python_minifier,True,True,,22,19,22,19,,
MBPP+,Mbpp/266,python,True,True,True,17,17,17,17,,
MBPP+,Mbpp/266,kern,True,True,True,17,9,17,9,,
MBPP+,Mbpp/266,kern_compact,True,True,True,17,9,17,9,,
MBPP+,Mbpp/266,python_minifier,True,True,,17,12,17,12,,
MBPP+,Mbpp/267,python,True,True,True,26,26,26,26,,
MBPP+,Mbpp/267,kern,True,True,True,26,14,26,14,,
MBPP+,Mbpp/267,kern_compact,True,True,True,26,14,26,14,,
MBPP+,Mbpp/267,python_minifier,True,True,,26,16,26,16,,
MBPP+,Mbpp/268,python,True,True,True,24,24,24,24,,
MBPP+,Mbpp/268,kern,True,True,True,24,13,24,13,,
MBPP+,Mbpp/268,kern_compact,True,True,True,24,13,24,13,,
MBPP+,Mbpp/268,python_minifier,True,True,,24,16,24,16,,
MBPP+,Mbpp/269,python,True,True,True,11,11,11,11,,
MBPP+,Mbpp/269,kern,True,True,True,11,7,11,7,,
MBPP+,Mbpp/269,kern_compact,True,True,True,11,7,11,7,,
MBPP+,Mbpp/269,python_minifier,True,True,,11,9,11,9,,
MBPP+,Mbpp/270,python,True,True,True,31,31,31,31,,
MBPP+,Mbpp/270,kern,True,True,True,31,24,31,24,,
MBPP+,Mbpp/270,kern_compact,True,True,True,31,24,31,24,,
MBPP+,Mbpp/270,python_minifier,True,True,,31,26,31,26,,
MBPP+,Mbpp/271,python,True,True,True,35,35,35,35,,
MBPP+,Mbpp/271,kern,True,True,True,35,25,35,25,,
MBPP+,Mbpp/271,kern_compact,True,True,True,35,25,35,25,,
MBPP+,Mbpp/271,python_minifier,True,True,,35,27,35,27,,
MBPP+,Mbpp/272,python,True,True,True,20,20,20,20,,
MBPP+,Mbpp/272,kern,True,True,True,20,16,20,16,,
MBPP+,Mbpp/272,kern_compact,True,True,True,20,16,20,16,,
MBPP+,Mbpp/272,python_minifier,True,True,,20,17,20,17,,
MBPP+,Mbpp/273,python,True,True,True,37,37,37,37,,
MBPP+,Mbpp/273,kern,True,True,True,37,29,37,29,,
MBPP+,Mbpp/273,kern_compact,True,True,True,37,29,37,29,,
MBPP+,Mbpp/273,python_minifier,True,True,,37,32,37,32,,
MBPP+,Mbpp/274,python,True,True,True,27,27,28,28,,
MBPP+,Mbpp/274,kern,True,True,True,27,17,28,18,,
MBPP+,Mbpp/274,kern_compact,True,True,True,27,17,28,18,,
MBPP+,Mbpp/274,python_minifier,True,True,,27,20,28,21,,
MBPP+,Mbpp/276,python,True,True,True,22,22,22,22,,
MBPP+,Mbpp/276,kern,True,True,True,22,14,22,14,,
MBPP+,Mbpp/276,kern_compact,True,True,True,22,14,22,14,,
MBPP+,Mbpp/276,python_minifier,True,True,,22,16,22,16,,
MBPP+,Mbpp/277,python,True,True,True,31,31,31,31,,
MBPP+,Mbpp/277,kern,True,True,True,31,22,31,22,,
MBPP+,Mbpp/277,kern_compact,True,True,True,31,22,31,22,,
MBPP+,Mbpp/277,python_minifier,True,True,,31,25,31,25,,
MBPP+,Mbpp/278,python,True,True,True,34,34,34,34,,
MBPP+,Mbpp/278,kern,True,True,True,34,26,34,26,,
MBPP+,Mbpp/278,kern_compact,True,True,True,34,25,34,25,,
MBPP+,Mbpp/278,python_minifier,True,True,,34,29,34,29,,
MBPP+,Mbpp/279,python,True,True,True,22,22,22,22,,
MBPP+,Mbpp/279,kern,True,True,True,22,12,22,12,,
MBPP+,Mbpp/279,kern_compact,True,True,True,22,12,22,12,,
MBPP+,Mbpp/279,python_minifier,True,True,,22,15,22,15,,
MBPP+,Mbpp/280,python,True,True,True,31,31,31,31,,
MBPP+,Mbpp/280,kern,True,True,True,31,24,31,26,,
MBPP+,Mbpp/280,kern_compact,True,True,True,31,24,31,26,,
MBPP+,Mbpp/280,python_minifier,True,True,,31,29,31,29,,
MBPP+,Mbpp/281,python,True,True,True,19,19,19,19,,
MBPP+,Mbpp/281,kern,True,True,True,19,14,19,14,,
MBPP+,Mbpp/281,kern_compact,True,True,True,19,14,19,14,,
MBPP+,Mbpp/281,python_minifier,True,True,,19,18,19,18,,
MBPP+,Mbpp/282,python,True,True,True,32,32,32,32,,
MBPP+,Mbpp/282,kern,True,True,True,32,26,32,26,,
MBPP+,Mbpp/282,kern_compact,True,True,True,32,22,32,22,,
MBPP+,Mbpp/282,python_minifier,True,True,,32,24,32,24,,
MBPP+,Mbpp/283,python,True,True,True,36,36,36,36,,
MBPP+,Mbpp/283,kern,True,True,True,36,30,36,31,,
MBPP+,Mbpp/283,kern_compact,True,True,True,36,27,36,28,,
MBPP+,Mbpp/283,python_minifier,True,True,,36,28,36,29,,
MBPP+,Mbpp/284,python,True,True,True,21,21,21,21,,
MBPP+,Mbpp/284,kern,True,True,True,21,17,21,17,,
MBPP+,Mbpp/284,kern_compact,True,True,True,21,17,21,17,,
MBPP+,Mbpp/284,python_minifier,True,True,,21,19,21,19,,
MBPP+,Mbpp/285,python,True,True,True,34,34,34,34,,
MBPP+,Mbpp/285,kern,True,True,True,34,25,34,25,,
MBPP+,Mbpp/285,kern_compact,True,True,True,34,24,34,24,,
MBPP+,Mbpp/285,python_minifier,True,True,,34,28,34,27,,
MBPP+,Mbpp/286,python,True,True,True,70,70,70,70,,
MBPP+,Mbpp/286,kern,True,True,True,70,47,70,47,,
MBPP+,Mbpp/286,kern_compact,True,True,True,70,40,70,40,,
MBPP+,Mbpp/286,python_minifier,True,True,,70,41,70,41,,
MBPP+,Mbpp/287,python,True,True,True,33,33,33,33,,
MBPP+,Mbpp/287,kern,True,True,True,33,18,33,18,,
MBPP+,Mbpp/287,kern_compact,True,True,True,33,18,33,18,,
MBPP+,Mbpp/287,python_minifier,True,True,,33,21,33,21,,
MBPP+,Mbpp/290,python,True,True,True,30,30,30,30,,
MBPP+,Mbpp/290,kern,True,True,True,30,26,30,26,,
MBPP+,Mbpp/290,kern_compact,True,True,True,30,26,30,26,,
MBPP+,Mbpp/290,python_minifier,True,True,,30,27,30,27,,
MBPP+,Mbpp/292,python,True,True,True,13,13,13,13,,
MBPP+,Mbpp/292,kern,True,True,True,13,7,13,7,,
MBPP+,Mbpp/292,kern_compact,True,True,True,13,7,13,7,,
MBPP+,Mbpp/292,python_minifier,True,True,,13,9,13,9,,
MBPP+,Mbpp/293,python,True,True,True,24,24,24,24,,
MBPP+,Mbpp/293,kern,True,True,True,24,17,24,17,,
MBPP+,Mbpp/293,kern_compact,True,True,True,24,17,24,17,,
MBPP+,Mbpp/293,python_minifier,True,True,,24,19,24,19,,
MBPP+,Mbpp/294,python,True,True,True,30,30,30,30,,
MBPP+,Mbpp/294,kern,True,True,True,30,20,30,20,,
MBPP+,Mbpp/294,kern_compact,True,True,True,30,19,30,19,,
MBPP+,Mbpp/294,python_minifier,True,True,,30,21,30,21,,
MBPP+,Mbpp/296,python,True,True,True,77,77,77,77,,
MBPP+,Mbpp/296,kern,True,True,True,77,42,77,42,,
MBPP+,Mbpp/296,kern_compact,True,True,True,77,39,77,39,,
MBPP+,Mbpp/296,python_minifier,True,True,,77,47,77,47,,
MBPP+,Mbpp/297,python,True,True,True,42,42,42,42,,
MBPP+,Mbpp/297,kern,True,True,True,42,32,42,33,,
MBPP+,Mbpp/297,kern_compact,True,True,True,42,32,42,32,,
MBPP+,Mbpp/297,python_minifier,True,True,,42,35,42,35,,
MBPP+,Mbpp/299,python,True,True,True,49,49,49,49,,
MBPP+,Mbpp/299,kern,True,True,True,49,42,49,43,,
MBPP+,Mbpp/299,kern_compact,True,True,True,49,40,49,41,,
MBPP+,Mbpp/299,python_minifier,True,True,,49,41,49,42,,
MBPP+,Mbpp/300,python,True,True,True,63,63,63,63,,
MBPP+,Mbpp/300,kern,True,True,True,63,44,63,44,,
MBPP+,Mbpp/300,kern_compact,True,True,True,63,39,63,39,,
MBPP+,Mbpp/300,python_minifier,True,True,,63,41,63,41,,
MBPP+,Mbpp/301,python,True,True,True,52,52,52,52,,
MBPP+,Mbpp/301,kern,True,True,True,52,40,52,40,,
MBPP+,Mbpp/301,kern_compact,True,True,True,52,40,52,40,,
MBPP+,Mbpp/301,python_minifier,True,True,,52,45,52,45,,
MBPP+,Mbpp/305,python,True,True,True,43,43,44,44,,
MBPP+,Mbpp/305,kern,True,True,True,43,36,44,37,,
MBPP+,Mbpp/305,kern_compact,True,True,True,43,36,44,37,,
MBPP+,Mbpp/305,python_minifier,True,True,,43,39,44,39,,
MBPP+,Mbpp/306,python,True,True,True,192,192,192,192,,
MBPP+,Mbpp/306,kern,True,True,True,192,156,192,158,,
MBPP+,Mbpp/306,kern_compact,True,True,True,192,153,192,155,,
MBPP+,Mbpp/306,python_minifier,True,True,,192,161,192,161,,
MBPP+,Mbpp/308,python,True,True,True,39,39,40,40,,
MBPP+,Mbpp/308,kern,True,True,True,39,32,40,33,,
MBPP+,Mbpp/308,kern_compact,True,True,True,39,32,40,33,,
MBPP+,Mbpp/308,python_minifier,True,True,,39,34,40,36,,
MBPP+,Mbpp/309,python,True,True,True,14,14,14,14,,
MBPP+,Mbpp/309,kern,True,True,True,14,8,14,8,,
MBPP+,Mbpp/309,kern_compact,True,True,True,14,8,14,8,,
MBPP+,Mbpp/309,python_minifier,True,True,,14,10,14,10,,
MBPP+,Mbpp/310,python,True,True,True,29,29,30,30,,
MBPP+,Mbpp/310,kern,True,True,True,29,22,30,23,,
MBPP+,Mbpp/310,kern_compact,True,True,True,29,22,30,23,,
MBPP+,Mbpp/310,python_minifier,True,True,,29,24,30,25,,
MBPP+,Mbpp/311,python,True,True,True,86,86,88,88,,
MBPP+,Mbpp/311,kern,True,True,True,86,55,88,57,,
MBPP+,Mbpp/311,kern_compact,True,True,True,86,55,88,57,,
MBPP+,Mbpp/311,python_minifier,True,True,,86,55,88,57,,
MBPP+,Mbpp/312,python,True,True,True,31,31,31,31,,
MBPP+,Mbpp/312,kern,True,True,True,31,19,31,20,,
MBPP+,Mbpp/312,kern_compact,True,True,True,31,19,31,20,,
MBPP+,Mbpp/312,python_minifier,True,True,,31,20,31,21,,
MBPP+,Mbpp/388,python,True,True,True,45,45,45,45,,
MBPP+,Mbpp/388,kern,True,True,True,45,29,45,29,,
MBPP+,Mbpp/388,kern_compact,True,True,True,45,29,45,29,,
MBPP+,Mbpp/388,python_minifier,True,True,,45,31,45,31,,
MBPP+,Mbpp/389,python,True,True,True,53,53,56,56,,
MBPP+,Mbpp/389,kern,True,True,True,53,33,56,38,,
MBPP+,Mbpp/389,kern_compact,True,True,True,53,33,56,38,,
MBPP+,Mbpp/389,python_minifier,True,True,,53,37,56,40,,
MBPP+,Mbpp/390,python,True,True,True,22,22,22,22,,
MBPP+,Mbpp/390,kern,True,True,True,22,16,22,16,,
MBPP+,Mbpp/390,kern_compact,True,True,True,22,16,22,16,,
MBPP+,Mbpp/390,python_minifier,True,True,,22,17,22,17,,
MBPP+,Mbpp/391,python,True,True,True,48,48,48,48,,
MBPP+,Mbpp/391,kern,True,True,True,48,33,48,32,,
MBPP+,Mbpp/391,kern_compact,True,True,True,48,33,48,32,,
MBPP+,Mbpp/391,python_minifier,True,True,,48,35,48,36,,
MBPP+,Mbpp/392,python,True,True,True,117,117,117,117,,
MBPP+,Mbpp/392,kern,True,True,True,117,48,117,48,,
MBPP+,Mbpp/392,kern_compact,True,True,True,117,48,117,48,,
MBPP+,Mbpp/392,python_minifier,True,True,,117,49,117,49,,
MBPP+,Mbpp/394,python,True,True,True,23,23,23,23,,
MBPP+,Mbpp/394,kern,True,True,True,23,18,23,18,,
MBPP+,Mbpp/394,kern_compact,True,True,True,23,18,23,18,,
MBPP+,Mbpp/394,python_minifier,True,True,,23,21,23,21,,
MBPP+,Mbpp/395,python,True,True,True,36,36,36,36,,
MBPP+,Mbpp/395,kern,True,True,True,36,25,36,26,,
MBPP+,Mbpp/395,kern_compact,True,True,True,36,25,36,26,,
MBPP+,Mbpp/395,python_minifier,True,True,,36,25,36,25,,
MBPP+,Mbpp/397,python,True,True,True,18,18,18,18,,
MBPP+,Mbpp/397,kern,True,True,True,18,14,18,14,,
MBPP+,Mbpp/397,kern_compact,True,True,True,18,14,18,14,,
MBPP+,Mbpp/397,python_minifier,True,True,,18,16,18,16,,
MBPP+,Mbpp/398,python,True,True,True,27,27,28,28,,
MBPP+,Mbpp/398,kern,True,True,True,27,23,28,24,,
MBPP+,Mbpp/398,kern_compact,True,True,True,27,23,28,24,,
MBPP+,Mbpp/398,python_minifier,True,True,,27,25,28,26,,
MBPP+,Mbpp/404,python,True,True,True,13,13,13,13,,
MBPP+,Mbpp/404,kern,True,True,True,13,8,13,8,,
MBPP+,Mbpp/404,kern_compact,True,True,True,13,8,13,8,,
MBPP+,Mbpp/404,python_minifier,True,True,,13,10,13,10,,
MBPP+,Mbpp/405,python,True,True,True,20,20,20,20,,
MBPP+,Mbpp/405,kern,True,True,True,20,14,20,14,,
MBPP+,Mbpp/405,kern_compact,True,True,True,20,14,20,14,,
MBPP+,Mbpp/405,python_minifier,True,True,,20,16,20,16,,
MBPP+,Mbpp/406,python,True,True,True,18,18,18,18,,
MBPP+,Mbpp/406,kern,True,True,True,18,10,18,10,,
MBPP+,Mbpp/406,kern_compact,True,True,True,18,10,18,10,,
MBPP+,Mbpp/406,python_minifier,True,True,,18,12,18,12,,
MBPP+,Mbpp/409,python,True,True,True,22,22,22,22,,
MBPP+,Mbpp/409,kern,True,True,True,22,16,22,16,,
MBPP+,Mbpp/409,kern_compact,True,True,True,22,16,22,16,,
MBPP+,Mbpp/409,python_minifier,True,True,,22,19,22,20,,
MBPP+,Mbpp/410,python,True,True,True,29,29,29,29,,
MBPP+,Mbpp/410,kern,True,True,True,29,20,29,20,,
MBPP+,Mbpp/410,kern_compact,True,True,True,29,19,29,19,,
MBPP+,Mbpp/410,python_minifier,True,True,,29,21,29,21,,
MBPP+,Mbpp/412,python,True,True,True,23,23,24,24,,
MBPP+,Mbpp/412,kern,True,True,True,23,17,24,18,,
MBPP+,Mbpp/412,kern_compact,True,True,True,23,17,24,18,,
MBPP+,Mbpp/412,python_minifier,True,True,,23,18,24,19,,
MBPP+,Mbpp/413,python,True,True,True,22,22,23,23,,
MBPP+,Mbpp/413,kern,True,True,True,22,17,23,18,,
MBPP+,Mbpp/413,kern_compact,True,True,True,22,17,23,18,,
MBPP+,Mbpp/413,python_minifier,True,True,,22,18,23,19,,
MBPP+,Mbpp/414,python,True,True,True,22,22,22,22,,
MBPP+,Mbpp/414,kern,True,True,True,22,18,22,18,,
MBPP+,Mbpp/414,kern_compact,True,True,True,22,18,22,18,,
MBPP+,Mbpp/414,python_minifier,True,True,,22,19,22,19,,
MBPP+,Mbpp/415,python,True,True,True,47,47,47,47,,
MBPP+,Mbpp/415,kern,True,True,True,47,39,47,39,,
MBPP+,Mbpp/415,kern_compact,True,True,True,47,38,47,38,,
MBPP+,Mbpp/415,python_minifier,True,True,,47,38,47,38,,
MBPP+,Mbpp/418,python,True,True,True,16,16,16,16,,
MBPP+,Mbpp/418,kern,True,True,True,16,9,16,9,,
MBPP+,Mbpp/418,kern_compact,True,True,True,16,9,16,9,,
MBPP+,Mbpp/418,python_minifier,True,True,,16,11,16,11,,
MBPP+,Mbpp/419,python,True,True,True,31,31,31,31,,
MBPP+,Mbpp/419,kern,True,True,True,31,24,31,24,,
MBPP+,Mbpp/419,kern_compact,True,True,True,31,24,31,24,,
MBPP+,Mbpp/419,python_minifier,True,True,,31,27,31,27,,
MBPP+,Mbpp/420,python,True,True,True,30,30,30,30,,
MBPP+,Mbpp/420,kern,True,True,True,30,15,30,15,,
MBPP+,Mbpp/420,kern_compact,True,True,True,30,15,30,15,,
MBPP+,Mbpp/420,python_minifier,True,True,,30,18,30,18,,
MBPP+,Mbpp/421,python,True,True,True,51,51,51,51,,
MBPP+,Mbpp/421,kern,True,True,True,51,42,51,44,,
MBPP+,Mbpp/421,kern_compact,True,True,True,51,39,51,41,,
MBPP+,Mbpp/421,python_minifier,True,True,,51,39,51,41,,
MBPP+,Mbpp/422,python,True,True,True,35,35,36,36,,
MBPP+,Mbpp/422,kern,True,True,True,35,25,36,26,,
MBPP+,Mbpp/422,kern_compact,True,True,True,35,25,36,26,,
MBPP+,Mbpp/422,python_minifier,True,True,,35,27,36,28,,
MBPP+,Mbpp/424,python,True,True,True,21,21,21,21,,
MBPP+,Mbpp/424,kern,True,True,True,21,17,21,17,,
MBPP+,Mbpp/424,kern_compact,True,True,True,21,17,21,17,,
MBPP+,Mbpp/424,python_minifier,True,True,,21,18,21,18,,
MBPP+,Mbpp/425,python,True,True,True,24,24,26,26,,
MBPP+,Mbpp/425,kern,True,True,True,24,18,26,20,,
MBPP+,Mbpp/425,kern_compact,True,True,True,24,18,26,18,,
MBPP+,Mbpp/425,python_minifier,True,True,,24,20,26,20,,
MBPP+,Mbpp/426,python,True,True,True,24,24,25,25,,
MBPP+,Mbpp/426,kern,True,True,True,24,18,25,19,,
MBPP+,Mbpp/426,kern_compact,True,True,True,24,18,25,19,,
MBPP+,Mbpp/426,python_minifier,True,True,,24,19,25,20,,
MBPP+,Mbpp/427,python,True,True,True,49,49,49,49,,
MBPP+,Mbpp/427,kern,True,True,True,49,44,49,44,,
MBPP+,Mbpp/427,kern_compact,True,True,True,49,44,49,44,,
MBPP+,Mbpp/427,python_minifier,True,True,,49,46,49,46,,
MBPP+,Mbpp/428,python,True,True,True,103,103,104,104,,
MBPP+,Mbpp/428,kern,True,True,True,103,75,104,75,,
MBPP+,Mbpp/428,kern_compact,True,True,True,103,71,104,71,,
MBPP+,Mbpp/428,python_minifier,True,True,,103,73,104,73,,
MBPP+,Mbpp/429,python,True,True,True,36,36,37,37,,
MBPP+,Mbpp/429,kern,True,True,True,36,29,37,30,,
MBPP+,Mbpp/429,kern_compact,True,True,True,36,29,37,30,,
MBPP+,Mbpp/429,python_minifier,True,True,,36,31,37,32,,
MBPP+,Mbpp/430,python,True,True,True,36,36,35,35,,
MBPP+,Mbpp/430,kern,True,True,True,36,20,35,20,,
MBPP+,Mbpp/430,kern_compact,True,True,True,36,20,35,20,,
MBPP+,Mbpp/430,python_minifier,True,True,,36,22,35,21,,
MBPP+,Mbpp/432,python,True,True,True,27,27,27,27,,
MBPP+,Mbpp/432,kern,True,True,True,27,19,27,20,,
MBPP+,Mbpp/432,kern_compact,True,True,True,27,19,27,20,,
MBPP+,Mbpp/432,python_minifier,True,True,,27,21,27,21,,
MBPP+,Mbpp/433,python,True,True,True,19,19,20,20,,
MBPP+,Mbpp/433,kern,True,True,True,19,14,20,16,,
MBPP+,Mbpp/433,kern_compact,True,True,True,19,13,20,15,,
MBPP+,Mbpp/433,python_minifier,True,True,,19,15,20,17,,
MBPP+,Mbpp/435,python,True,True,True,29,29,29,29,,
MBPP+,Mbpp/435,kern,True,True,True,29,17,29,17,,
MBPP+,Mbpp/435,kern_compact,True,True,True,29,17,29,17,,
MBPP+,Mbpp/435,python_minifier,True,True,,29,18,29,18,,
MBPP+,Mbpp/436,python,True,True,True,23,23,23,23,,
MBPP+,Mbpp/436,kern,True,True,True,23,18,23,18,,
MBPP+,Mbpp/436,kern_compact,True,True,True,23,18,23,18,,
MBPP+,Mbpp/436,python_minifier,True,True,,23,19,23,19,,
MBPP+,Mbpp/437,python,True,True,True,16,16,17,17,,
MBPP+,Mbpp/437,kern,True,True,True,16,12,17,13,,
MBPP+,Mbpp/437,kern_compact,True,True,True,16,12,17,13,,
MBPP+,Mbpp/437,python_minifier,True,True,,16,14,17,15,,
MBPP+,Mbpp/439,python,True,True,True,17,17,17,17,,
MBPP+,Mbpp/439,kern,True,True,True,17,13,17,13,,
MBPP+,Mbpp/439,kern_compact,True,True,True,17,13,17,13,,
MBPP+,Mbpp/439,python_minifier,True,True,,17,15,17,15,,
MBPP+,Mbpp/440,python,True,True,True,40,40,40,40,,
MBPP+,Mbpp/440,kern,True,True,True,40,34,40,34,,
MBPP+,Mbpp/440,kern_compact,True,True,True,40,34,40,34,,
MBPP+,Mbpp/440,python_minifier,True,True,,40,35,40,35,,
MBPP+,Mbpp/441,python,True,True,True,16,16,16,16,,
MBPP+,Mbpp/441,kern,True,True,True,16,8,16,8,,
MBPP+,Mbpp/441,kern_compact,True,True,True,16,8,16,8,,
MBPP+,Mbpp/441,python_minifier,True,True,,16,11,16,11,,
MBPP+,Mbpp/445,python,True,True,True,54,54,55,55,,
MBPP+,Mbpp/445,kern,True,True,True,54,45,55,46,,
MBPP+,Mbpp/445,kern_compact,True,True,True,54,38,55,39,,
MBPP+,Mbpp/445,python_minifier,True,True,,54,42,55,44,,
MBPP+,Mbpp/446,python,True,True,True,30,30,30,30,,
MBPP+,Mbpp/446,kern,True,True,True,30,25,30,25,,
MBPP+,Mbpp/446,kern_compact,True,True,True,30,25,30,25,,
MBPP+,Mbpp/446,python_minifier,True,True,,30,27,30,27,,
MBPP+,Mbpp/447,python,True,True,True,17,17,17,17,,
MBPP+,Mbpp/447,kern,True,True,True,17,13,17,13,,
MBPP+,Mbpp/447,kern_compact,True,True,True,17,13,17,13,,
MBPP+,Mbpp/447,python_minifier,True,True,,17,14,17,14,,
MBPP+,Mbpp/448,python,True,True,True,114,114,114,114,,
MBPP+,Mbpp/448,kern,True,True,True,114,60,114,63,,
MBPP+,Mbpp/448,kern_compact,True,True,True,114,60,114,63,,
MBPP+,Mbpp/448,python_minifier,True,True,,114,73,114,72,,
MBPP+,Mbpp/450,python,True,True,True,26,26,26,26,,
MBPP+,Mbpp/450,kern,True,True,True,26,19,26,19,,
MBPP+,Mbpp/450,kern_compact,True,True,True,26,19,26,19,,
MBPP+,Mbpp/450,python_minifier,True,True,,26,20,26,20,,
MBPP+,Mbpp/451,python,True,True,True,20,20,20,20,,
MBPP+,Mbpp/451,kern,True,True,True,20,16,20,16,,
MBPP+,Mbpp/451,kern_compact,True,True,True,20,16,20,16,,
MBPP+,Mbpp/451,python_minifier,True,True,,20,18,20,18,,
MBPP+,Mbpp/453,python,True,True,True,63,63,63,63,,
MBPP+,Mbpp/453,kern,True,True,True,63,43,63,44,,
MBPP+,Mbpp/453,kern_compact,True,True,True,63,43,63,44,,
MBPP+,Mbpp/453,python_minifier,True,True,,63,45,63,45,,
MBPP+,Mbpp/454,python,True,True,True,19,19,19,19,,
MBPP+,Mbpp/454,kern,True,True,True,19,14,19,14,,
MBPP+,Mbpp/454,kern_compact,True,True,True,19,14,19,14,,
MBPP+,Mbpp/454,python_minifier,True,True,,19,15,19,14,,
MBPP+,Mbpp/455,python,True,True,True,38,38,38,38,,
MBPP+,Mbpp/455,kern,True,True,True,38,28,38,28,,
MBPP+,Mbpp/455,kern_compact,True,True,True,38,28,38,28,,
MBPP+,Mbpp/455,python_minifier,True,True,,38,30,38,30,,
MBPP+,Mbpp/456,python,True,True,True,21,21,21,21,,
MBPP+,Mbpp/456,kern,True,True,True,21,17,21,17,,
MBPP+,Mbpp/456,kern_compact,True,True,True,21,17,21,17,,
MBPP+,Mbpp/456,python_minifier,True,True,,21,18,21,18,,
MBPP+,Mbpp/457,python,True,True,True,16,16,16,16,,
MBPP+,Mbpp/457,kern,True,True,True,16,9,16,9,,
MBPP+,Mbpp/457,kern_compact,True,True,True,16,9,16,9,,
MBPP+,Mbpp/457,python_minifier,True,True,,16,11,16,11,,
MBPP+,Mbpp/458,python,True,True,True,13,13,13,13,,
MBPP+,Mbpp/458,kern,True,True,True,13,7,13,7,,
MBPP+,Mbpp/458,kern_compact,True,True,True,13,7,13,7,,
MBPP+,Mbpp/458,python_minifier,True,True,,13,9,13,9,,
MBPP+,Mbpp/459,python,True,True,True,23,23,23,23,,
MBPP+,Mbpp/459,kern,True,True,True,23,20,23,20,,
MBPP+,Mbpp/459,kern_compact,True,True,True,23,20,23,20,,
MBPP+,Mbpp/459,python_minifier,True,True,,23,21,23,21,,
MBPP+,Mbpp/460,python,True,True,True,19,19,19,19,,
MBPP+,Mbpp/460,kern,True,True,True,19,13,19,13,,
MBPP+,Mbpp/460,kern_compact,True,True,True,19,13,19,13,,
MBPP+,Mbpp/460,python_minifier,True,True,,19,14,19,14,,
MBPP+,Mbpp/462,python,True,True,True,55,55,55,55,,
MBPP+,Mbpp/462,kern,True,True,True,55,45,55,45,,
MBPP+,Mbpp/462,kern_compact,True,True,True,55,44,55,44,,
MBPP+,Mbpp/462,python_minifier,True,True,,55,44,55,44,,
MBPP+,Mbpp/463,python,True,True,True,89,89,90,90,,
MBPP+,Mbpp/463,kern,True,True,True,89,70,90,70,,
MBPP+,Mbpp/463,kern_compact,True,True,True,89,44,90,44,,
MBPP+,Mbpp/463,python_minifier,True,True,,89,46,90,46,,
MBPP+,Mbpp/465,python,True,True,True,36,36,36,36,,
MBPP+,Mbpp/465,kern,True,True,True,36,23,36,23,,
MBPP+,Mbpp/465,kern_compact,True,True,True,36,23,36,23,,
MBPP+,Mbpp/465,python_minifier,True,True,,36,30,36,30,,
MBPP+,Mbpp/468,python,True,True,True,183,183,184,184,,
MBPP+,Mbpp/468,kern,True,True,True,183,131,184,133,,
MBPP+,Mbpp/468,kern_compact,True,True,True,183,101,184,103,,
MBPP+,Mbpp/468,python_minifier,True,True,,183,107,184,108,,
MBPP+,Mbpp/470,python,True,True,True,32,32,32,32,,
MBPP+,Mbpp/470,kern,True,True,True,32,25,32,25,,
MBPP+,Mbpp/470,kern_compact,True,True,True,32,25,32,25,,
MBPP+,Mbpp/470,python_minifier,True,True,,32,29,32,29,,
MBPP+,Mbpp/471,python,True,True,True,33,33,33,33,,
MBPP+,Mbpp/471,kern,True,True,True,33,23,33,23,,
MBPP+,Mbpp/471,kern_compact,True,True,True,33,25,33,25,,
MBPP+,Mbpp/471,python_minifier,True,True,,33,24,33,25,,
MBPP+,Mbpp/472,python,True,True,True,25,25,26,26,,
MBPP+,Mbpp/472,kern,True,True,True,25,18,26,19,,
MBPP+,Mbpp/472,kern_compact,True,True,True,25,18,26,19,,
MBPP+,Mbpp/472,python_minifier,True,True,,25,20,26,21,,
MBPP+,Mbpp/473,python,True,True,True,41,41,42,42,,
MBPP+,Mbpp/473,kern,True,True,True,41,36,42,37,,
MBPP+,Mbpp/473,kern_compact,True,True,True,41,36,42,37,,
MBPP+,Mbpp/473,python_minifier,True,True,,41,38,42,39,,
MBPP+,Mbpp/474,python,True,True,True,22,22,22,22,,
MBPP+,Mbpp/474,kern,True,True,True,22,15,22,15,,
MBPP+,Mbpp/474,kern_compact,True,True,True,22,15,22,15,,
MBPP+,Mbpp/474,python_minifier,True,True,,22,17,22,17,,
MBPP+,Mbpp/475,python,True,True,True,24,24,24,24,,
MBPP+,Mbpp/475,kern,True,True,True,24,21,24,21,,
MBPP+,Mbpp/475,kern_compact,True,True,True,24,21,24,21,,
MBPP+,Mbpp/475,python_minifier,True,True,,24,22,24,22,,
MBPP+,Mbpp/476,python,True,True,True,15,15,15,15,,
MBPP+,Mbpp/476,kern,True,True,True,15,10,15,10,,
MBPP+,Mbpp/476,kern_compact,True,True,True,15,10,15,10,,
MBPP+,Mbpp/476,python_minifier,True,True,,15,12,15,12,,
MBPP+,Mbpp/477,python,True,True,True,11,11,11,11,,
MBPP+,Mbpp/477,kern,True,True,True,11,7,11,7,,
MBPP+,Mbpp/477,kern_compact,True,True,True,11,7,11,7,,
MBPP+,Mbpp/477,python_minifier,True,True,,11,9,11,9,,
MBPP+,Mbpp/478,python,True,True,True,22,22,23,23,,
MBPP+,Mbpp/478,kern,True,True,True,22,18,23,20,,
MBPP+,Mbpp/478,kern_compact,True,True,True,22,18,23,20,,
MBPP+,Mbpp/478,python_minifier,True,True,,22,20,23,22,,
MBPP+,Mbpp/479,python,True,True,True,17,17,17,17,,
MBPP+,Mbpp/479,kern,True,True,True,17,11,17,11,,
MBPP+,Mbpp/479,kern_compact,True,True,True,17,11,17,11,,
MBPP+,Mbpp/479,python_minifier,True,True,,17,13,17,13,,
MBPP+,Mbpp/554,python,True,True,True,23,23,23,23,,
MBPP+,Mbpp/554,kern,True,True,True,23,16,23,16,,
MBPP+,Mbpp/554,kern_compact,True,True,True,23,16,23,16,,
MBPP+,Mbpp/554,python_minifier,True,True,,23,16,23,16,,
MBPP+,Mbpp/555,python,True,True,True,37,37,37,37,,
MBPP+,Mbpp/555,kern,True,True,True,37,20,37,20,,
MBPP+,Mbpp/555,kern_compact,True,True,True,37,20,37,20,,
MBPP+,Mbpp/555,python_minifier,True,True,,37,22,37,22,,
MBPP+,Mbpp/556,python,True,True,True,71,71,71,71,,
MBPP+,Mbpp/556,kern,True,True,True,71,50,71,50,,
MBPP+,Mbpp/556,kern_compact,True,True,True,71,46,71,46,,
MBPP+,Mbpp/556,python_minifier,True,True,,71,49,71,49,,
MBPP+,Mbpp/557,python,True,True,True,11,11,11,11,,
MBPP+,Mbpp/557,kern,True,True,True,11,8,11,8,,
MBPP+,Mbpp/557,kern_compact,True,True,True,11,8,11,8,,
MBPP+,Mbpp/557,python_minifier,True,True,,11,10,11,10,,
MBPP+,Mbpp/558,python,True,True,True,42,42,42,42,,
MBPP+,Mbpp/558,kern,True,True,True,42,35,42,35,,
MBPP+,Mbpp/558,kern_compact,True,True,True,42,31,42,31,,
MBPP+,Mbpp/558,python_minifier,True,True,,42,34,42,34,,
MBPP+,Mbpp/559,python,True,True,True,98,98,98,98,,
MBPP+,Mbpp/559,kern,True,True,True,98,73,98,73,,
MBPP+,Mbpp/559,kern_compact,True,True,True,98,43,98,43,,
MBPP+,Mbpp/559,python_minifier,True,True,,98,48,98,48,,
MBPP+,Mbpp/560,python,True,True,True,29,29,29,29,,
MBPP+,Mbpp/560,kern,True,True,True,29,24,29,24,,
MBPP+,Mbpp/560,kern_compact,True,True,True,29,24,29,24,,
MBPP+,Mbpp/560,python_minifier,True,True,,29,26,29,26,,
MBPP+,Mbpp/562,python,True,True,True,18,18,18,18,,
MBPP+,Mbpp/562,kern,True,True,True,18,11,18,11,,
MBPP+,Mbpp/562,kern_compact,True,True,True,18,11,18,11,,
MBPP+,Mbpp/562,python_minifier,True,True,,18,13,18,13,,
MBPP+,Mbpp/563,python,True,True,True,22,22,20,20,,
MBPP+,Mbpp/563,kern,True,True,True,22,17,20,15,,
MBPP+,Mbpp/563,kern_compact,True,True,True,22,17,20,15,,
MBPP+,Mbpp/563,python_minifier,True,True,,22,19,20,17,,
MBPP+,Mbpp/564,python,True,True,True,59,59,59,59,,
MBPP+,Mbpp/564,kern,True,True,True,59,37,59,37,,
MBPP+,Mbpp/564,kern_compact,True,True,True,59,37,59,37,,
MBPP+,Mbpp/564,python_minifier,True,True,,59,41,59,41,,
MBPP+,Mbpp/565,python,True,True,True,11,11,11,11,,
MBPP+,Mbpp/565,kern,True,True,True,11,6,11,6,,
MBPP+,Mbpp/565,kern_compact,True,True,True,11,6,11,6,,
MBPP+,Mbpp/565,python_minifier,True,True,,11,8,11,8,,
MBPP+,Mbpp/566,python,True,True,True,15,15,15,15,,
MBPP+,Mbpp/566,kern,True,True,True,15,10,15,10,,
MBPP+,Mbpp/566,kern_compact,True,True,True,15,10,15,10,,
MBPP+,Mbpp/566,python_minifier,True,True,,15,12,15,12,,
MBPP+,Mbpp/567,python,True,True,True,29,29,29,29,,
MBPP+,Mbpp/567,kern,True,True,True,29,23,29,23,,
MBPP+,Mbpp/567,kern_compact,True,True,True,29,23,29,23,,
MBPP+,Mbpp/567,python_minifier,True,True,,29,28,29,28,,
MBPP+,Mbpp/568,python,True,True,True,15,15,14,14,,
MBPP+,Mbpp/568,kern,True,True,True,15,12,14,12,,
MBPP+,Mbpp/568,kern_compact,True,True,True,15,12,14,12,,
MBPP+,Mbpp/568,python_minifier,True,True,,15,14,14,14,,
MBPP+,Mbpp/569,python,True,True,True,17,17,18,18,,
MBPP+,Mbpp/569,kern,True,True,True,17,12,18,13,,
MBPP+,Mbpp/569,kern_compact,True,True,True,17,12,18,13,,
MBPP+,Mbpp/569,python_minifier,True,True,,17,14,18,15,,
MBPP+,Mbpp/572,python,True,True,True,22,22,22,22,,
MBPP+,Mbpp/572,kern,True,True,True,22,18,22,18,,
MBPP+,Mbpp/572,kern_compact,True,True,True,22,18,22,18,,
MBPP+,Mbpp/572,python_minifier,True,True,,22,19,22,19,,
MBPP+,Mbpp/573,python,True,True,True,28,28,28,28,,
MBPP+,Mbpp/573,kern,True,True,True,28,23,28,23,,
MBPP+,Mbpp/573,kern_compact,True,True,True,28,25,28,25,,
MBPP+,Mbpp/573,python_minifier,True,True,,28,24,28,24,,
MBPP+,Mbpp/576,python,True,True,True,71,71,71,71,,
MBPP+,Mbpp/576,kern,True,True,True,71,45,71,45,,
MBPP+,Mbpp/576,kern_compact,True,True,True,71,45,71,45,,
MBPP+,Mbpp/576,python_minifier,True,True,,71,53,71,53,,
MBPP+,Mbpp/577,python,True,True,True,75,75,75,75,,
MBPP+,Mbpp/577,kern,True,True,True,75,39,75,44,,
MBPP+,Mbpp/577,kern_compact,True,True,True,75,39,75,44,,
MBPP+,Mbpp/577,python_minifier,True,True,,75,44,75,44,,
MBPP+,Mbpp/578,python,True,True,True,36,36,36,36,,
MBPP+,Mbpp/578,kern,True,True,True,36,28,36,28,,
MBPP+,Mbpp/578,kern_compact,True,True,True,36,28,36,28,,
MBPP+,Mbpp/578,python_minifier,True,True,,36,29,36,29,,
MBPP+,Mbpp/579,python,True,True,True,32,32,32,32,,
MBPP+,Mbpp/579,kern,True,True,True,32,26,32,26,,
MBPP+,Mbpp/579,kern_compact,True,True,True,32,26,32,26,,
MBPP+,Mbpp/579,python_minifier,True,True,,32,28,32,28,,
MBPP+,Mbpp/580,python,True,True,True,73,73,73,73,,
MBPP+,Mbpp/580,kern,True,True,True,73,52,73,52,,
MBPP+,Mbpp/580,kern_compact,True,True,True,73,51,73,51,,
MBPP+,Mbpp/580,python_minifier,True,True,,73,55,73,55,,
MBPP+,Mbpp/581,python,True,True,True,24,24,24,24,,
MBPP+,Mbpp/581,kern,True,True,True,24,15,24,15,,
MBPP+,Mbpp/581,kern_compact,True,True,True,24,15,24,15,,
MBPP+,Mbpp/581,python_minifier,True,True,,24,18,24,18,,
MBPP+,Mbpp/583,python,True,True,True,58,58,58,58,,
MBPP+,Mbpp/583,kern,True,True,True,58,45,58,46,,
MBPP+,Mbpp/583,kern_compact,True,True,True,58,42,58,43,,
MBPP+,Mbpp/583,python_minifier,True,True,,58,46,58,46,,
MBPP+,Mbpp/585,python,True,True,True,35,35,36,36,,
MBPP+,Mbpp/585,kern,True,True,True,35,30,36,30,,
MBPP+,Mbpp/585,kern_compact,True,True,True,35,28,36,28,,
MBPP+,Mbpp/585,python_minifier,True,True,,35,28,36,28,,
MBPP+,Mbpp/586,python,True,True,True,19,19,19,19,,
MBPP+,Mbpp/586,kern,True,True,True,19,14,19,14,,
MBPP+,Mbpp/586,kern_compact,True,True,True,19,14,19,14,,
MBPP+,Mbpp/586,python_minifier,True,True,,19,16,19,16,,
MBPP+,Mbpp/587,python,True,True,True,13,13,13,13,,
MBPP+,Mbpp/587,kern,True,True,True,13,9,13,9,,
MBPP+,Mbpp/587,kern_compact,True,True,True,13,9,13,9,,
MBPP+,Mbpp/587,python_minifier,True,True,,13,11,13,11,,
MBPP+,Mbpp/588,python,True,True,True,15,15,15,15,,
MBPP+,Mbpp/588,kern,True,True,True,15,10,15,10,,
MBPP+,Mbpp/588,kern_compact,True,True,True,15,10,15,10,,
MBPP+,Mbpp/588,python_minifier,True,True,,15,12,15,12,,
MBPP+,Mbpp/589,python,True,True,True,71,71,71,71,,
MBPP+,Mbpp/589,kern,True,True,True,71,51,71,51,,
MBPP+,Mbpp/589,kern_compact,True,True,True,71,51,71,51,,
MBPP+,Mbpp/589,python_minifier,True,True,,71,51,71,51,,
MBPP+,Mbpp/590,python,True,True,True,46,46,46,46,,
MBPP+,Mbpp/590,kern,True,True,True,46,36,46,35,,
MBPP+,Mbpp/590,kern_compact,True,True,True,46,33,46,32,,
MBPP+,Mbpp/590,python_minifier,True,True,,46,33,46,33,,
MBPP+,Mbpp/591,python,True,True,True,26,26,29,29,,
MBPP+,Mbpp/591,kern,True,True,True,26,23,29,23,,
MBPP+,Mbpp/591,kern_compact,True,True,True,26,23,29,23,,
MBPP+,Mbpp/591,python_minifier,True,True,,26,26,29,26,,
MBPP+,Mbpp/592,python,True,True,True,116,116,119,119,,
MBPP+,Mbpp/592,kern,True,True,True,116,74,119,77,,
MBPP+,Mbpp/592,kern_compact,True,True,True,116,74,119,77,,
MBPP+,Mbpp/592,python_minifier,True,True,,116,78,119,81,,
MBPP+,Mbpp/593,python,True,True,True,21,21,21,21,,
MBPP+,Mbpp/593,kern,True,True,True,21,18,21,18,,
MBPP+,Mbpp/593,kern_compact,True,True,True,21,18,21,18,,
MBPP+,Mbpp/593,python_minifier,True,True,,21,20,21,20,,
MBPP+,Mbpp/594,python,True,True,True,61,61,64,64,,
MBPP+,Mbpp/594,kern,True,True,True,61,53,64,56,,
MBPP+,Mbpp/594,kern_compact,True,True,True,61,49,64,50,,
MBPP+,Mbpp/594,python_minifier,True,True,,61,52,64,53,,
MBPP+,Mbpp/596,python,True,True,True,18,18,18,18,,
MBPP+,Mbpp/596,kern,True,True,True,18,14,18,14,,
MBPP+,Mbpp/596,kern_compact,True,True,True,18,14,18,14,,
MBPP+,Mbpp/596,python_minifier,True,True,,18,16,18,16,,
MBPP+,Mbpp/597,python,True,True,True,26,26,26,26,,
MBPP+,Mbpp/597,kern,True,True,True,26,20,26,21,,
MBPP+,Mbpp/597,kern_compact,True,True,True,26,20,26,21,,
MBPP+,Mbpp/597,python_minifier,True,True,,26,22,26,23,,
MBPP+,Mbpp/598,python,True,True,True,32,32,32,32,,
MBPP+,Mbpp/598,kern,True,True,True,32,25,32,25,,
MBPP+,Mbpp/598,kern_compact,True,True,True,32,25,32,25,,
MBPP+,Mbpp/598,python_minifier,True,True,,32,30,32,30,,
MBPP+,Mbpp/599,python,True,True,True,32,32,32,32,,
MBPP+,Mbpp/599,kern,True,True,True,32,23,32,24,,
MBPP+,Mbpp/599,kern_compact,True,True,True,32,21,32,22,,
MBPP+,Mbpp/599,python_minifier,True,True,,32,25,32,25,,
MBPP+,Mbpp/600,python,True,True,True,19,19,19,19,,
MBPP+,Mbpp/600,kern,True,True,True,19,10,19,10,,
MBPP+,Mbpp/600,kern_compact,True,True,True,19,10,19,10,,
MBPP+,Mbpp/600,python_minifier,True,True,,19,12,19,12,,
MBPP+,Mbpp/602,python,True,True,True,44,44,44,44,,
MBPP+,Mbpp/602,kern,True,True,True,44,31,44,32,,
MBPP+,Mbpp/602,kern_compact,True,True,True,44,31,44,32,,
MBPP+,Mbpp/602,python_minifier,True,True,,44,32,44,32,,
MBPP+,Mbpp/603,python,True,True,True,113,113,113,113,,
MBPP+,Mbpp/603,kern,True,True,True,113,96,113,96,,
MBPP+,Mbpp/603,kern_compact,True,True,True,113,62,113,62,,
MBPP+,Mbpp/603,python_minifier,True,True,,113,68,113,66,,
MBPP+,Mbpp/604,python,True,True,True,15,15,15,15,,
MBPP+,Mbpp/604,kern,True,True,True,15,12,15,12,,
MBPP+,Mbpp/604,kern_compact,True,True,True,15,12,15,12,,
MBPP+,Mbpp/604,python_minifier,True,True,,15,14,15,14,,
MBPP+,Mbpp/605,python,True,True,True,54,54,54,54,,
MBPP+,Mbpp/605,kern,True,True,True,54,36,54,38,,
MBPP+,Mbpp/605,kern_compact,True,True,True,54,36,54,38,,
MBPP+,Mbpp/605,python_minifier,True,True,,54,45,54,45,,
MBPP+,Mbpp/606,python,True,True,True,21,21,21,21,,
MBPP+,Mbpp/606,kern,True,True,True,21,14,21,15,,
MBPP+,Mbpp/606,kern_compact,True,True,True,21,14,21,15,,
MBPP+,Mbpp/606,python_minifier,True,True,,21,16,21,17,,
MBPP+,Mbpp/607,python,True,True,True,53,53,53,53,,
MBPP+,Mbpp/607,kern,True,True,True,53,36,53,36,,
MBPP+,Mbpp/607,kern_compact,True,True,True,53,34,53,34,,
MBPP+,Mbpp/607,python_minifier,True,True,,53,36,53,36,,
MBPP+,Mbpp/608,python,True,True,True,114,114,114,114,,
MBPP+,Mbpp/608,kern,True,True,True,114,92,114,93,,
MBPP+,Mbpp/608,kern_compact,True,True,True,114,92,114,93,,
MBPP+,Mbpp/608,python_minifier,True,True,,114,95,114,96,,
MBPP+,Mbpp/610,python,True,True,True,25,25,25,25,,
MBPP+,Mbpp/610,kern,True,True,True,25,19,25,19,,
MBPP+,Mbpp/610,kern_compact,True,True,True,25,19,25,19,,
MBPP+,Mbpp/610,python_minifier,True,True,,25,23,25,23,,
MBPP+,Mbpp/611,python,True,True,True,23,23,24,24,,
MBPP+,Mbpp/611,kern,True,True,True,23,18,24,19,,
MBPP+,Mbpp/611,kern_compact,True,True,True,23,18,24,19,,
MBPP+,Mbpp/611,python_minifier,True,True,,23,20,24,21,,
MBPP+,Mbpp/612,python,True,True,True,21,21,22,22,,
MBPP+,Mbpp/612,kern,True,True,True,21,15,22,16,,
MBPP+,Mbpp/612,kern_compact,True,True,True,21,15,22,16,,
MBPP+,Mbpp/612,python_minifier,True,True,,21,16,22,17,,
MBPP+,Mbpp/614,python,True,True,True,18,18,18,18,,
MBPP+,Mbpp/614,kern,True,True,True,18,13,18,13,,
MBPP+,Mbpp/614,kern_compact,True,True,True,18,13,18,13,,
MBPP+,Mbpp/614,python_minifier,True,True,,18,15,18,15,,
MBPP+,Mbpp/615,python,True,True,True,28,28,28,28,,
MBPP+,Mbpp/615,kern,True,True,True,28,20,28,20,,
MBPP+,Mbpp/615,kern_compact,True,True,True,28,20,28,20,,
MBPP+,Mbpp/615,python_minifier,True,True,,28,22,28,23,,
MBPP+,Mbpp/616,python,True,True,True,49,49,49,49,,
MBPP+,Mbpp/616,kern,True,True,True,49,38,49,38,,
MBPP+,Mbpp/616,kern_compact,True,True,True,49,32,49,32,,
MBPP+,Mbpp/616,python_minifier,True,True,,49,35,49,35,,
MBPP+,Mbpp/618,python,True,True,True,34,34,34,34,,
MBPP+,Mbpp/618,kern,True,True,True,34,28,34,28,,
MBPP+,Mbpp/618,kern_compact,True,True,True,34,28,34,28,,
MBPP+,Mbpp/618,python_minifier,True,True,,34,28,34,28,,
MBPP+,Mbpp/619,python,True,True,True,48,48,50,50,,
MBPP+,Mbpp/619,kern,True,True,True,48,42,50,44,,
MBPP+,Mbpp/619,kern_compact,True,True,True,48,37,50,39,,
MBPP+,Mbpp/619,python_minifier,True,True,,48,40,50,42,,
MBPP+,Mbpp/620,python,True,True,True,116,116,116,116,,
MBPP+,Mbpp/620,kern,True,True,True,116,89,116,89,,
MBPP+,Mbpp/620,kern_compact,True,True,True,116,82,116,82,,
MBPP+,Mbpp/620,python_minifier,True,True,,116,87,116,87,,
MBPP+,Mbpp/622,python,True,True,True,176,176,177,177,,
MBPP+,Mbpp/622,kern,True,True,True,176,121,177,123,,
MBPP+,Mbpp/622,kern_compact,True,True,True,176,111,177,113,,
MBPP+,Mbpp/622,python_minifier,True,True,,176,117,177,123,,
MBPP+,Mbpp/623,python,True,True,True,26,26,26,26,,
MBPP+,Mbpp/623,kern,True,True,True,26,19,26,19,,
MBPP+,Mbpp/623,kern_compact,True,True,True,26,18,26,18,,
MBPP+,Mbpp/623,python_minifier,True,True,,26,19,26,19,,
MBPP+,Mbpp/624,python,True,True,True,11,11,11,11,,
MBPP+,Mbpp/624,kern,True,True,True,11,7,11,7,,
MBPP+,Mbpp/624,kern_compact,True,True,True,11,7,11,7,,
MBPP+,Mbpp/624,python_minifier,True,True,,11,9,11,9,,
MBPP+,Mbpp/626,python,True,True,True,26,26,26,26,,
MBPP+,Mbpp/626,kern,True,True,True,26,14,26,15,,
MBPP+,Mbpp/626,kern_compact,True,True,True,26,14,26,15,,
MBPP+,Mbpp/626,python_minifier,True,True,,26,14,26,14,,
MBPP+,Mbpp/628,python,True,True,True,15,15,15,15,,
MBPP+,Mbpp/628,kern,True,True,True,15,11,15,11,,
MBPP+,Mbpp/628,kern_compact,True,True,True,15,11,15,11,,
MBPP+,Mbpp/628,python_minifier,True,True,,15,13,15,13,,
MBPP+,Mbpp/629,python,True,True,True,23,23,23,23,,
MBPP+,Mbpp/629,kern,True,True,True,23,16,23,16,,
MBPP+,Mbpp/629,kern_compact,True,True,True,23,16,23,16,,
MBPP+,Mbpp/629,python_minifier,True,True,,23,17,23,17,,
MBPP+,Mbpp/630,python,True,True,True,83,83,83,83,,
MBPP+,Mbpp/630,kern,True,True,True,83,63,83,63,,
MBPP+,Mbpp/630,kern_compact,True,True,True,83,63,83,63,,
MBPP+,Mbpp/630,python_minifier,True,True,,83,67,83,67,,
MBPP+,Mbpp/631,python,True,True,True,32,32,32,32,,
MBPP+,Mbpp/631,kern,True,True,True,32,26,32,26,,
MBPP+,Mbpp/631,kern_compact,True,True,True,32,26,32,26,,
MBPP+,Mbpp/631,python_minifier,True,True,,32,28,32,28,,
MBPP+,Mbpp/632,python,True,True,True,42,42,42,42,,
MBPP+,Mbpp/632,kern,True,True,True,42,32,42,32,,
MBPP+,Mbpp/632,kern_compact,True,True,True,42,31,42,31,,
MBPP+,Mbpp/632,python_minifier,True,True,,42,34,42,34,,
MBPP+,Mbpp/633,python,True,True,True,59,59,60,60,,
MBPP+,Mbpp/633,kern,True,True,True,59,40,60,41,,
MBPP+,Mbpp/633,kern_compact,True,True,True,59,39,60,40,,
MBPP+,Mbpp/633,python_minifier,True,True,,59,41,60,42,,
MBPP+,Mbpp/635,python,True,True,True,39,39,40,40,,
MBPP+,Mbpp/635,kern,True,True,True,39,33,40,35,,
MBPP+,Mbpp/635,kern_compact,True,True,True,39,33,40,35,,
MBPP+,Mbpp/635,python_minifier,True,True,,39,37,40,39,,
MBPP+,Mbpp/637,python,True,True,True,23,23,23,23,,
MBPP+,Mbpp/637,kern,True,True,True,23,17,23,17,,
MBPP+,Mbpp/637,kern_compact,True,True,True,23,17,23,17,,
MBPP+,Mbpp/637,python_minifier,True,True,,23,19,23,19,,
MBPP+,Mbpp/638,python,True,True,True,68,68,70,70,,
MBPP+,Mbpp/638,kern,True,True,True,68,50,70,52,,
MBPP+,Mbpp/638,kern_compact,True,True,True,68,45,70,47,,
MBPP+,Mbpp/638,python_minifier,True,True,,68,46,70,48,,
MBPP+,Mbpp/639,python,True,True,True,43,43,43,43,,
MBPP+,Mbpp/639,kern,True,True,True,43,40,43,40,,
MBPP+,Mbpp/639,kern_compact,True,True,True,43,40,43,40,,
MBPP+,Mbpp/639,python_minifier,True,True,,43,42,43,42,,
MBPP+,Mbpp/641,python,True,True,True,25,25,25,25,,
MBPP+,Mbpp/641,kern,True,True,True,25,15,25,15,,
MBPP+,Mbpp/641,kern_compact,True,True,True,25,15,25,15,,
MBPP+,Mbpp/641,python_minifier,True,True,,25,17,25,17,,
MBPP+,Mbpp/643,python,True,True,True,29,29,29,29,,
MBPP+,Mbpp/643,kern,True,True,True,29,20,29,20,,
MBPP+,Mbpp/643,kern_compact,True,True,True,29,20,29,20,,
MBPP+,Mbpp/643,python_minifier,True,True,,29,25,29,24,,
MBPP+,Mbpp/644,python,True,True,True,25,25,25,25,,
MBPP+,Mbpp/644,kern,True,True,True,25,18,25,18,,
MBPP+,Mbpp/644,kern_compact,True,True,True,25,18,25,18,,
MBPP+,Mbpp/644,python_minifier,True,True,,25,20,25,20,,
MBPP+,Mbpp/720,python,True,True,True,24,24,24,24,,
MBPP+,Mbpp/720,kern,True,True,True,24,17,24,17,,
MBPP+,Mbpp/720,kern_compact,True,True,True,24,17,24,17,,
MBPP+,Mbpp/720,python_minifier,True,True,,24,19,24,19,,
MBPP+,Mbpp/721,python,True,True,True,209,209,209,209,,
MBPP+,Mbpp/721,kern,True,True,True,209,151,209,152,,
MBPP+,Mbpp/721,kern_compact,True,True,True,209,151,209,152,,
MBPP+,Mbpp/721,python_minifier,True,True,,209,157,209,158,,
MBPP+,Mbpp/722,python,True,True,True,38,38,38,38,,
MBPP+,Mbpp/722,kern,True,True,True,38,30,38,30,,
MBPP+,Mbpp/722,kern_compact,True,True,True,38,30,38,30,,
MBPP+,Mbpp/722,python_minifier,True,True,,38,33,38,33,,
MBPP+,Mbpp/723,python,True,True,True,33,33,33,33,,
MBPP+,Mbpp/723,kern,True,True,True,33,26,33,26,,
MBPP+,Mbpp/723,kern_compact,True,True,True,33,26,33,26,,
MBPP+,Mbpp/723,python_minifier,True,True,,33,28,33,28,,
MBPP+,Mbpp/724,python,True,True,True,26,26,26,26,,
MBPP+,Mbpp/724,kern,True,True,True,26,22,26,22,,
MBPP+,Mbpp/724,kern_compact,True,True,True,26,22,26,22,,
MBPP+,Mbpp/724,python_minifier,True,True,,26,24,26,24,,
MBPP+,Mbpp/725,python,True,True,True,25,25,23,23,,
MBPP+,Mbpp/725,kern,True,True,True,25,20,23,18,,
MBPP+,Mbpp/725,kern_compact,True,True,True,25,20,23,18,,
MBPP+,Mbpp/725,python_minifier,True,True,,25,22,23,20,,
MBPP+,Mbpp/726,python,True,True,True,31,31,31,31,,
MBPP+,Mbpp/726,kern,True,True,True,31,24,31,24,,
MBPP+,Mbpp/726,kern_compact,True,True,True,31,24,31,24,,
MBPP+,Mbpp/726,python_minifier,True,True,,31,28,31,29,,
MBPP+,Mbpp/728,python,True,True,True,29,29,29,29,,
MBPP+,Mbpp/728,kern,True,True,True,29,22,29,22,,
MBPP+,Mbpp/728,kern_compact,True,True,True,29,22,29,22,,
MBPP+,Mbpp/728,python_minifier,True,True,,29,24,29,24,,
MBPP+,Mbpp/730,python,True,True,True,26,26,26,26,,
MBPP+,Mbpp/730,kern,True,True,True,26,21,26,21,,
MBPP+,Mbpp/730,kern_compact,True,True,True,26,21,26,21,,
MBPP+,Mbpp/730,python_minifier,True,True,,26,22,26,22,,
MBPP+,Mbpp/731,python,True,True,True,36,36,36,36,,
MBPP+,Mbpp/731,kern,True,True,True,36,25,36,25,,
MBPP+,Mbpp/731,kern_compact,True,True,True,36,25,36,25,,
MBPP+,Mbpp/731,python_minifier,True,True,,36,26,36,26,,
MBPP+,Mbpp/732,python,True,True,True,21,21,20,20,,
MBPP+,Mbpp/732,kern,True,True,True,21,18,20,18,,
MBPP+,Mbpp/732,kern_compact,True,True,True,21,18,20,18,,
MBPP+,Mbpp/732,python_minifier,True,True,,21,20,20,20,,
MBPP+,Mbpp/733,python,True,True,True,101,101,101,101,,
MBPP+,Mbpp/733,kern,True,True,True,101,67,101,67,,
MBPP+,Mbpp/733,kern_compact,True,True,True,101,62,101,62,,
MBPP+,Mbpp/733,python_minifier,True,True,,101,69,101,69,,
MBPP+,Mbpp/734,python,True,True,True,66,66,68,68,,
MBPP+,Mbpp/734,kern,True,True,True,66,39,68,40,,
MBPP+,Mbpp/734,kern_compact,True,True,True,66,38,68,39,,
MBPP+,Mbpp/734,python_minifier,True,True,,66,43,68,44,,
MBPP+,Mbpp/735,python,True,True,True,62,62,62,62,,
MBPP+,Mbpp/735,kern,True,True,True,62,55,62,55,,
MBPP+,Mbpp/735,kern_compact,True,True,True,62,52,62,52,,
MBPP+,Mbpp/735,python_minifier,True,True,,62,53,62,53,,
MBPP+,Mbpp/736,python,True,True,True,25,25,25,25,,
MBPP+,Mbpp/736,kern,True,True,True,25,19,25,19,,
MBPP+,Mbpp/736,kern_compact,True,True,True,25,19,25,19,,
MBPP+,Mbpp/736,python_minifier,True,True,,25,21,25,21,,
MBPP+,Mbpp/737,python,True,True,True,37,37,37,37,,
MBPP+,Mbpp/737,kern,True,True,True,37,31,37,31,,
MBPP+,Mbpp/737,kern_compact,True,True,True,37,31,37,31,,
MBPP+,Mbpp/737,python_minifier,True,True,,37,32,37,32,,
MBPP+,Mbpp/739,python,True,True,True,33,33,33,33,,
MBPP+,Mbpp/739,kern,True,True,True,33,25,33,26,,
MBPP+,Mbpp/739,kern_compact,True,True,True,33,25,33,26,,
MBPP+,Mbpp/739,python_minifier,True,True,,33,26,33,27,,
MBPP+,Mbpp/740,python,True,True,True,37,37,37,37,,
MBPP+,Mbpp/740,kern,True,True,True,37,30,37,30,,
MBPP+,Mbpp/740,kern_compact,True,True,True,37,29,37,29,,
MBPP+,Mbpp/740,python_minifier,True,True,,37,32,37,32,,
MBPP+,Mbpp/741,python,True,True,True,26,26,26,26,,
MBPP+,Mbpp/741,kern,True,True,True,26,21,26,22,,
MBPP+,Mbpp/741,kern_compact,True,True,True,26,21,26,22,,
MBPP+,Mbpp/741,python_minifier,True,True,,26,23,26,24,,
MBPP+,Mbpp/742,python,True,True,True,24,24,22,22,,
MBPP+,Mbpp/742,kern,True,True,True,24,20,22,18,,
MBPP+,Mbpp/742,kern_compact,True,True,True,24,20,22,18,,
MBPP+,Mbpp/742,python_minifier,True,True,,24,22,22,20,,
MBPP+,Mbpp/743,python,True,True,True,19,19,19,19,,
MBPP+,Mbpp/743,kern,True,True,True,19,14,19,14,,
MBPP+,Mbpp/743,kern_compact,True,True,True,19,14,19,14,,
MBPP+,Mbpp/743,python_minifier,True,True,,19,16,19,16,,
MBPP+,Mbpp/744,python,True,True,True,21,21,21,21,,
MBPP+,Mbpp/744,kern,True,True,True,21,16,21,16,,
MBPP+,Mbpp/744,kern_compact,True,True,True,21,16,21,16,,
MBPP+,Mbpp/744,python_minifier,True,True,,21,19,21,19,,
MBPP+,Mbpp/745,python,True,True,True,56,56,56,56,,
MBPP+,Mbpp/745,kern,True,True,True,56,45,56,45,,
MBPP+,Mbpp/745,kern_compact,True,True,True,56,45,56,45,,
MBPP+,Mbpp/745,python_minifier,True,True,,56,43,56,43,,
MBPP+,Mbpp/748,python,True,True,True,34,34,34,34,,
MBPP+,Mbpp/748,kern,True,True,True,34,28,34,28,,
MBPP+,Mbpp/748,kern_compact,True,True,True,34,28,34,28,,
MBPP+,Mbpp/748,python_minifier,True,True,,34,30,34,30,,
MBPP+,Mbpp/749,python,True,True,True,21,21,21,21,,
MBPP+,Mbpp/749,kern,True,True,True,21,17,21,17,,
MBPP+,Mbpp/749,kern_compact,True,True,True,21,17,21,17,,
MBPP+,Mbpp/749,python_minifier,True,True,,21,19,21,19,,
MBPP+,Mbpp/750,python,True,True,True,21,21,21,21,,
MBPP+,Mbpp/750,kern,True,True,True,21,16,21,16,,
MBPP+,Mbpp/750,kern_compact,True,True,True,21,16,21,16,,
MBPP+,Mbpp/750,python_minifier,True,True,,21,18,21,18,,
MBPP+,Mbpp/751,python,True,True,True,135,135,135,135,,
MBPP+,Mbpp/751,kern,True,True,True,135,97,135,98,,
MBPP+,Mbpp/751,kern_compact,True,True,True,135,94,135,94,,
MBPP+,Mbpp/751,python_minifier,True,True,,135,101,135,101,,
MBPP+,Mbpp/752,python,True,True,True,77,77,77,77,,
MBPP+,Mbpp/752,kern,True,True,True,77,56,77,56,,
MBPP+,Mbpp/752,kern_compact,True,True,True,77,55,77,55,,
MBPP+,Mbpp/752,python_minifier,True,True,,77,56,77,56,,
MBPP+,Mbpp/753,python,True,True,True,34,34,34,34,,
MBPP+,Mbpp/753,kern,True,True,True,34,23,34,23,,
MBPP+,Mbpp/753,kern_compact,True,True,True,34,23,34,23,,
MBPP+,Mbpp/753,python_minifier,True,True,,34,24,34,24,,
MBPP+,Mbpp/754,python,True,True,True,42,42,42,42,,
MBPP+,Mbpp/754,kern,True,True,True,42,32,42,32,,
MBPP+,Mbpp/754,kern_compact,True,True,True,42,32,42,32,,
MBPP+,Mbpp/754,python_minifier,True,True,,42,34,42,34,,
MBPP+,Mbpp/755,python,True,True,True,36,36,36,36,,
MBPP+,Mbpp/755,kern,True,True,True,36,27,36,28,,
MBPP+,Mbpp/755,kern_compact,True,True,True,36,24,36,25,,
MBPP+,Mbpp/755,python_minifier,True,True,,36,24,36,24,,
MBPP+,Mbpp/757,python,True,True,True,31,31,31,31,,
MBPP+,Mbpp/757,kern,True,True,True,31,26,31,26,,
MBPP+,Mbpp/757,kern_compact,True,True,True,31,26,31,26,,
MBPP+,Mbpp/757,python_minifier,True,True,,31,31,31,31,,
MBPP+,Mbpp/758,python,True,True,True,25,25,26,26,,
MBPP+,Mbpp/758,kern,True,True,True,25,21,26,22,,
MBPP+,Mbpp/758,kern_compact,True,True,True,25,21,26,22,,
MBPP+,Mbpp/758,python_minifier,True,True,,25,25,26,26,,
MBPP+,Mbpp/759,python,True,True,True,48,48,49,49,,
MBPP+,Mbpp/759,kern,True,True,True,48,37,49,38,,
MBPP+,Mbpp/759,kern_compact,True,True,True,48,36,49,36,,
MBPP+,Mbpp/759,python_minifier,True,True,,48,38,49,37,,
MBPP+,Mbpp/760,python,True,True,True,18,18,18,18,,
MBPP+,Mbpp/760,kern,True,True,True,18,13,18,14,,
MBPP+,Mbpp/760,kern_compact,True,True,True,18,13,18,14,,
MBPP+,Mbpp/760,python_minifier,True,True,,18,19,18,20,,
MBPP+,Mbpp/762,python,True,True,True,36,36,36,36,,
MBPP+,Mbpp/762,kern,True,True,True,36,31,36,31,,
MBPP+,Mbpp/762,kern_compact,True,True,True,36,31,36,31,,
MBPP+,Mbpp/762,python_minifier,True,True,,36,31,36,31,,
MBPP+,Mbpp/763,python,True,True,True,66,66,66,66,,
MBPP+,Mbpp/763,kern,True,True,True,66,48,66,48,,
MBPP+,Mbpp/763,kern_compact,True,True,True,66,47,66,47,,
MBPP+,Mbpp/763,python_minifier,True,True,,66,52,66,52,,
MBPP+,Mbpp/764,python,True,True,True,17,17,18,18,,
MBPP+,Mbpp/764,kern,True,True,True,17,13,18,14,,
MBPP+,Mbpp/764,kern_compact,True,True,True,17,13,18,14,,
MBPP+,Mbpp/764,python_minifier,True,True,,17,15,18,16,,
MBPP+,Mbpp/765,python,True,True,True,40,40,40,40,,
MBPP+,Mbpp/765,kern,True,True,True,40,29,40,29,,
MBPP+,Mbpp/765,kern_compact,True,True,True,40,29,40,29,,
MBPP+,Mbpp/765,python_minifier,True,True,,40,30,40,30,,
MBPP+,Mbpp/766,python,True,True,True,21,21,21,21,,
MBPP+,Mbpp/766,kern,True,True,True,21,16,21,16,,
MBPP+,Mbpp/766,kern_compact,True,True,True,21,16,21,16,,
MBPP+,Mbpp/766,python_minifier,True,True,,21,18,21,18,,
MBPP+,Mbpp/767,python,True,True,True,54,54,54,54,,
MBPP+,Mbpp/767,kern,True,True,True,54,38,54,38,,
MBPP+,Mbpp/767,kern_compact,True,True,True,54,37,54,37,,
MBPP+,Mbpp/767,python_minifier,True,True,,54,41,54,41,,
MBPP+,Mbpp/769,python,True,True,True,31,31,31,31,,
MBPP+,Mbpp/769,kern,True,True,True,31,25,31,25,,
MBPP+,Mbpp/769,kern_compact,True,True,True,31,25,31,25,,
MBPP+,Mbpp/769,python_minifier,True,True,,31,27,31,27,,
MBPP+,Mbpp/770,python,True,True,True,61,61,61,61,,
MBPP+,Mbpp/770,kern,True,True,True,61,39,61,39,,
MBPP+,Mbpp/770,kern_compact,True,True,True,61,38,61,38,,
MBPP+,Mbpp/770,python_minifier,True,True,,61,40,61,40,,
MBPP+,Mbpp/771,python,True,True,True,136,136,136,136,,
MBPP+,Mbpp/771,kern,True,True,True,136,106,136,110,,
MBPP+,Mbpp/771,kern_compact,True,True,True,136,106,136,109,,
MBPP+,Mbpp/771,python_minifier,True,True,,136,120,136,120,,
MBPP+,Mbpp/772,python,True,True,True,30,30,30,30,,
MBPP+,Mbpp/772,kern,True,True,True,30,24,30,24,,
MBPP+,Mbpp/772,kern_compact,True,True,True,30,24,30,24,,
MBPP+,Mbpp/772,python_minifier,True,True,,30,26,30,26,,
MBPP+,Mbpp/773,python,True,True,True,49,49,49,49,,
MBPP+,Mbpp/773,kern,True,True,True,49,40,49,39,,
MBPP+,Mbpp/773,kern_compact,True,True,True,49,38,49,37,,
MBPP+,Mbpp/773,python_minifier,True,True,,49,36,49,36,,
MBPP+,Mbpp/775,python,True,True,True,24,24,24,24,,
MBPP+,Mbpp/775,kern,True,True,True,24,19,24,19,,
MBPP+,Mbpp/775,kern_compact,True,True,True,24,19,24,19,,
MBPP+,Mbpp/775,python_minifier,True,True,,24,21,24,21,,
MBPP+,Mbpp/777,python,True,True,True,13,13,13,13,,
MBPP+,Mbpp/777,kern,True,True,True,13,8,13,8,,
MBPP+,Mbpp/777,kern_compact,True,True,True,13,8,13,8,,
MBPP+,Mbpp/777,python_minifier,True,True,,13,10,13,10,,
MBPP+,Mbpp/778,python,True,True,True,30,30,30,30,,
MBPP+,Mbpp/778,kern,True,True,True,30,26,30,26,,
MBPP+,Mbpp/778,kern_compact,True,True,True,30,26,30,26,,
MBPP+,Mbpp/778,python_minifier,True,True,,30,28,30,28,,
MBPP+,Mbpp/780,python,True,True,True,34,34,34,34,,
MBPP+,Mbpp/780,kern,True,True,True,34,29,34,29,,
MBPP+,Mbpp/780,kern_compact,True,True,True,34,29,34,29,,
MBPP+,Mbpp/780,python_minifier,True,True,,34,31,34,31,,
MBPP+,Mbpp/781,python,True,True,True,92,92,93,93,,
MBPP+,Mbpp/781,kern,True,True,True,92,56,93,57,,
MBPP+,Mbpp/781,kern_compact,True,True,True,92,52,93,53,,
MBPP+,Mbpp/781,python_minifier,True,True,,92,57,93,58,,
MBPP+,Mbpp/782,python,True,True,True,88,88,88,88,,
MBPP+,Mbpp/782,kern,True,True,True,88,41,88,41,,
MBPP+,Mbpp/782,kern_compact,True,True,True,88,39,88,39,,
MBPP+,Mbpp/782,python_minifier,True,True,,88,42,88,42,,
MBPP+,Mbpp/784,python,True,True,True,61,61,64,64,,
MBPP+,Mbpp/784,kern,True,True,True,61,54,64,57,,
MBPP+,Mbpp/784,kern_compact,True,True,True,61,49,64,50,,
MBPP+,Mbpp/784,python_minifier,True,True,,61,52,64,53,,
MBPP+,Mbpp/785,python,True,True,True,34,34,34,34,,
MBPP+,Mbpp/785,kern,True,True,True,34,32,34,32,,
MBPP+,Mbpp/785,kern_compact,True,True,True,34,32,34,32,,
MBPP+,Mbpp/785,python_minifier,True,True,,34,34,34,34,,
MBPP+,Mbpp/786,python,True,True,True,25,25,25,25,,
MBPP+,Mbpp/786,kern,True,True,True,25,19,25,19,,
MBPP+,Mbpp/786,kern_compact,True,True,True,25,19,25,19,,
MBPP+,Mbpp/786,python_minifier,True,True,,25,21,25,21,,
MBPP+,Mbpp/787,python,True,True,True,29,29,29,29,,
MBPP+,Mbpp/787,kern,True,True,True,29,22,29,22,,
MBPP+,Mbpp/787,kern_compact,True,True,True,29,21,29,21,,
MBPP+,Mbpp/787,python_minifier,True,True,,29,22,29,22,,
MBPP+,Mbpp/788,python,True,True,True,20,20,20,20,,
MBPP+,Mbpp/788,kern,True,True,True,20,14,20,14,,
MBPP+,Mbpp/788,kern_compact,True,True,True,20,14,20,14,,
MBPP+,Mbpp/788,python_minifier,True,True,,20,16,20,16,,
MBPP+,Mbpp/790,python,True,True,True,23,23,23,23,,
MBPP+,Mbpp/790,kern,True,True,True,23,20,23,20,,
MBPP+,Mbpp/790,kern_compact,True,True,True,23,20,23,20,,
MBPP+,Mbpp/790,python_minifier,True,True,,23,22,23,22,,
MBPP+,Mbpp/791,python,True,True,True,25,25,25,25,,
MBPP+,Mbpp/791,kern,True,True,True,25,21,25,21,,
MBPP+,Mbpp/791,kern_compact,True,True,True,25,21,25,21,,
MBPP+,Mbpp/791,python_minifier,True,True,,25,23,25,23,,
MBPP+,Mbpp/792,python,True,True,True,22,22,23,23,,
MBPP+,Mbpp/792,kern,True,True,True,22,16,23,17,,
MBPP+,Mbpp/792,kern_compact,True,True,True,22,16,23,17,,
MBPP+,Mbpp/792,python_minifier,True,True,,22,18,23,19,,
MBPP+,Mbpp/793,python,True,True,True,22,22,22,22,,
MBPP+,Mbpp/793,kern,True,True,True,22,15,22,15,,
MBPP+,Mbpp/793,kern_compact,True,True,True,22,15,22,15,,
MBPP+,Mbpp/793,python_minifier,True,True,,22,17,22,17,,
MBPP+,Mbpp/794,python,True,True,True,32,32,32,32,,
MBPP+,Mbpp/794,kern,True,True,True,32,25,32,25,,
MBPP+,Mbpp/794,kern_compact,True,True,True,32,24,32,24,,
MBPP+,Mbpp/794,python_minifier,True,True,,32,25,32,25,,
MBPP+,Mbpp/796,python,True,True,True,12,12,12,12,,
MBPP+,Mbpp/796,kern,True,True,True,12,8,12,8,,
MBPP+,Mbpp/796,kern_compact,True,True,True,12,8,12,8,,
MBPP+,Mbpp/796,python_minifier,True,True,,12,10,12,10,,
MBPP+,Mbpp/797,python,True,True,True,55,55,58,58,,
MBPP+,Mbpp/797,kern,True,True,True,55,36,58,39,,
MBPP+,Mbpp/797,kern_compact,True,True,True,55,33,58,36,,
MBPP+,Mbpp/797,python_minifier,True,True,,55,38,58,41,,
MBPP+,Mbpp/798,python,True,True,True,12,12,12,12,,
MBPP+,Mbpp/798,kern,True,True,True,12,6,12,6,,
MBPP+,Mbpp/798,kern_compact,True,True,True,12,6,12,6,,
MBPP+,Mbpp/798,python_minifier,True,True,,12,9,12,9,,
MBPP+,Mbpp/799,python,True,True,True,31,31,31,31,,
MBPP+,Mbpp/799,kern,True,True,True,31,20,31,20,,
MBPP+,Mbpp/799,kern_compact,True,True,True,31,18,31,18,,
MBPP+,Mbpp/799,python_minifier,True,True,,31,19,31,19,,
MBPP+,Mbpp/800,python,True,True,True,13,13,13,13,,
MBPP+,Mbpp/800,kern,True,True,True,13,10,13,10,,
MBPP+,Mbpp/800,kern_compact,True,True,True,13,10,13,10,,
MBPP+,Mbpp/800,python_minifier,True,True,,13,12,13,12,,
MBPP+,Mbpp/801,python,True,True,True,54,54,54,54,,
MBPP+,Mbpp/801,kern,True,True,True,54,33,54,36,,
MBPP+,Mbpp/801,kern_compact,True,True,True,54,33,54,36,,
MBPP+,Mbpp/801,python_minifier,True,True,,54,37,54,37,,
MBPP+,Mbpp/803,python,True,True,True,36,36,38,38,,
MBPP+,Mbpp/803,kern,True,True,True,36,27,38,30,,
MBPP+,Mbpp/803,kern_compact,True,True,True,36,27,38,30,,
MBPP+,Mbpp/803,python_minifier,True,True,,36,28,38,30,,
MBPP+,Mbpp/804,python,True,True,True,23,23,23,23,,
MBPP+,Mbpp/804,kern,True,True,True,23,16,23,16,,
MBPP+,Mbpp/804,kern_compact,True,True,True,23,16,23,16,,
MBPP+,Mbpp/804,python_minifier,True,True,,23,18,23,18,,
MBPP+,Mbpp/805,python,True,True,True,16,16,16,16,,
MBPP+,Mbpp/805,kern,True,True,True,16,12,16,12,,
MBPP+,Mbpp/805,kern_compact,True,True,True,16,12,16,12,,
MBPP+,Mbpp/805,python_minifier,True,True,,16,14,16,14,,
MBPP+,Mbpp/806,python,True,True,True,86,86,86,86,,
MBPP+,Mbpp/806,kern,True,True,True,86,65,86,65,,
MBPP+,Mbpp/806,kern_compact,True,True,True,86,63,86,63,,
MBPP+,Mbpp/806,python_minifier,True,True,,86,65,86,65,,
MBPP+,Mbpp/807,python,True,True,True,31,31,34,34,,
MBPP+,Mbpp/807,kern,True,True,True,31,24,34,26,,
MBPP+,Mbpp/807,kern_compact,True,True,True,31,23,34,24,,
MBPP+,Mbpp/807,python_minifier,True,True,,31,25,34,26,,
MBPP+,Mbpp/808,python,True,True,True,18,18,18,18,,
MBPP+,Mbpp/808,kern,True,True,True,18,12,18,12,,
MBPP+,Mbpp/808,kern_compact,True,True,True,18,12,18,12,,
MBPP+,Mbpp/808,python_minifier,True,True,,18,14,18,14,,
MBPP+,Mbpp/809,python,True,True,True,37,37,37,37,,
MBPP+,Mbpp/809,kern,True,True,True,37,29,37,30,,
MBPP+,Mbpp/809,kern_compact,True,True,True,37,29,37,30,,
MBPP+,Mbpp/809,python_minifier,True,True,,37,32,37,32,,
BigCodeBench,BigCodeBench/0,python,True,True,True,111,111,115,115,,
BigCodeBench,BigCodeBench/0,kern,True,True,True,111,91,115,95,,
BigCodeBench,BigCodeBench/0,kern_compact,True,True,True,111,74,115,76,,
BigCodeBench,BigCodeBench/0,python_minifier,True,True,,111,75,115,78,,
BigCodeBench,BigCodeBench/1,python,True,True,True,62,62,68,68,,
BigCodeBench,BigCodeBench/1,kern,True,True,True,62,54,68,60,,
BigCodeBench,BigCodeBench/1,kern_compact,True,True,True,62,47,68,53,,
BigCodeBench,BigCodeBench/1,python_minifier,True,True,,62,51,68,57,,
BigCodeBench,BigCodeBench/2,python,True,True,True,74,74,75,75,,
BigCodeBench,BigCodeBench/2,kern,True,True,True,74,64,75,65,,
BigCodeBench,BigCodeBench/2,kern_compact,True,True,True,74,60,75,61,,
BigCodeBench,BigCodeBench/2,python_minifier,True,True,,74,61,75,62,,
BigCodeBench,BigCodeBench/3,python,True,True,True,73,73,74,74,,
BigCodeBench,BigCodeBench/3,kern,True,True,True,73,61,74,62,,
BigCodeBench,BigCodeBench/3,kern_compact,True,True,True,73,57,74,58,,
BigCodeBench,BigCodeBench/3,python_minifier,True,True,,73,61,74,62,,
BigCodeBench,BigCodeBench/4,python,True,True,True,33,33,33,33,,
BigCodeBench,BigCodeBench/4,kern,True,True,True,33,30,33,30,,
BigCodeBench,BigCodeBench/4,kern_compact,True,True,True,33,28,33,28,,
BigCodeBench,BigCodeBench/4,python_minifier,True,True,,33,29,33,29,,
BigCodeBench,BigCodeBench/5,python,True,True,True,110,110,111,111,,
BigCodeBench,BigCodeBench/5,kern,True,True,True,110,89,111,91,,
BigCodeBench,BigCodeBench/5,kern_compact,True,True,True,110,85,111,87,,
BigCodeBench,BigCodeBench/5,python_minifier,True,True,,110,89,111,91,,
BigCodeBench,BigCodeBench/6,python,True,True,True,84,84,84,84,,
BigCodeBench,BigCodeBench/6,kern,True,True,True,84,77,84,78,,
BigCodeBench,BigCodeBench/6,kern_compact,True,True,True,84,69,84,70,,
BigCodeBench,BigCodeBench/6,python_minifier,True,True,,84,70,84,72,,
BigCodeBench,BigCodeBench/7,python,True,True,True,113,113,113,113,,
BigCodeBench,BigCodeBench/7,kern,True,True,True,113,87,113,87,,
BigCodeBench,BigCodeBench/7,kern_compact,True,True,True,113,76,113,77,,
BigCodeBench,BigCodeBench/7,python_minifier,True,True,,113,80,113,80,,
BigCodeBench,BigCodeBench/8,python,True,True,True,91,91,91,91,,
BigCodeBench,BigCodeBench/8,kern,True,True,True,91,80,91,80,,
BigCodeBench,BigCodeBench/8,kern_compact,True,True,True,91,68,91,69,,
BigCodeBench,BigCodeBench/8,python_minifier,True,True,,91,70,91,71,,
BigCodeBench,BigCodeBench/9,python,True,True,True,83,83,86,86,,
BigCodeBench,BigCodeBench/9,kern,True,True,True,83,72,86,76,,
BigCodeBench,BigCodeBench/9,kern_compact,True,True,True,83,71,86,74,,
BigCodeBench,BigCodeBench/9,python_minifier,True,True,,83,75,86,78,,
BigCodeBench,BigCodeBench/10,python,True,True,True,130,130,131,131,,
BigCodeBench,BigCodeBench/10,kern,True,True,True,130,112,131,113,,
BigCodeBench,BigCodeBench/10,kern_compact,True,True,True,130,93,131,95,,
BigCodeBench,BigCodeBench/10,python_minifier,True,True,,130,94,131,96,,
BigCodeBench,BigCodeBench/11,python,True,True,True,130,130,130,130,,
BigCodeBench,BigCodeBench/11,kern,True,True,True,130,108,130,108,,
BigCodeBench,BigCodeBench/11,kern_compact,True,True,True,130,86,130,87,,
BigCodeBench,BigCodeBench/11,python_minifier,True,True,,130,87,130,88,,
BigCodeBench,BigCodeBench/12,python,True,True,True,198,198,202,202,,
BigCodeBench,BigCodeBench/12,kern,True,True,True,198,172,202,176,,
BigCodeBench,BigCodeBench/12,kern_compact,True,True,True,198,156,202,160,,
BigCodeBench,BigCodeBench/12,python_minifier,True,True,,198,149,202,153,,
BigCodeBench,BigCodeBench/13,python,True,True,True,315,315,314,314,,
BigCodeBench,BigCodeBench/13,kern,True,True,True,315,257,314,256,,
BigCodeBench,BigCodeBench/13,kern_compact,True,True,True,315,237,314,236,,
BigCodeBench,BigCodeBench/13,python_minifier,True,True,,315,240,314,239,,
BigCodeBench,BigCodeBench/14,python,True,True,True,154,154,160,160,,
BigCodeBench,BigCodeBench/14,kern,True,True,True,154,130,160,135,,
BigCodeBench,BigCodeBench/14,kern_compact,True,True,True,154,117,160,122,,
BigCodeBench,BigCodeBench/14,python_minifier,True,True,,154,117,160,122,,
BigCodeBench,BigCodeBench/15,python,True,True,True,232,232,235,235,,
BigCodeBench,BigCodeBench/15,kern,True,False,False,232,171,235,175,parse,"SyntaxError: unterminated string literal (detected at line 18) (<unknown>, line 18)"
BigCodeBench,BigCodeBench/15,kern_compact,True,False,False,232,159,235,163,parse,"SyntaxError: unterminated string literal (detected at line 16) (<unknown>, line 16)"
BigCodeBench,BigCodeBench/15,python_minifier,True,True,,232,164,235,168,,
BigCodeBench,BigCodeBench/16,python,True,True,True,138,138,141,141,,
BigCodeBench,BigCodeBench/16,kern,True,True,True,138,121,141,125,,
BigCodeBench,BigCodeBench/16,kern_compact,True,True,True,138,113,141,117,,
BigCodeBench,BigCodeBench/16,python_minifier,True,True,,138,117,141,121,,
BigCodeBench,BigCodeBench/17,python,True,True,True,141,141,142,142,,
BigCodeBench,BigCodeBench/17,kern,True,True,True,141,107,142,107,,
BigCodeBench,BigCodeBench/17,kern_compact,True,True,True,141,102,142,102,,
BigCodeBench,BigCodeBench/17,python_minifier,True,True,,141,100,142,101,,
BigCodeBench,BigCodeBench/18,python,True,True,True,201,201,199,199,,
BigCodeBench,BigCodeBench/18,kern,True,True,True,201,157,199,158,,
BigCodeBench,BigCodeBench/18,kern_compact,True,True,True,201,147,199,148,,
BigCodeBench,BigCodeBench/18,python_minifier,True,True,,201,157,199,158,,
BigCodeBench,BigCodeBench/19,python,True,True,True,119,119,124,124,,
BigCodeBench,BigCodeBench/19,kern,True,True,True,119,102,124,109,,
BigCodeBench,BigCodeBench/19,kern_compact,True,True,True,119,92,124,98,,
BigCodeBench,BigCodeBench/19,python_minifier,True,True,,119,97,124,101,,
BigCodeBench,BigCodeBench/20,python,True,True,True,91,91,95,95,,
BigCodeBench,BigCodeBench/20,kern,True,True,True,91,69,95,73,,
BigCodeBench,BigCodeBench/20,kern_compact,True,True,True,91,68,95,70,,
BigCodeBench,BigCodeBench/20,python_minifier,True,True,,91,69,95,70,,
BigCodeBench,BigCodeBench/21,python,True,True,True,87,87,87,87,,
BigCodeBench,BigCodeBench/21,kern,True,True,True,87,76,87,76,,
BigCodeBench,BigCodeBench/21,kern_compact,True,True,True,87,65,87,65,,
BigCodeBench,BigCodeBench/21,python_minifier,True,True,,87,66,87,66,,
BigCodeBench,BigCodeBench/22,python,True,True,True,76,76,76,76,,
BigCodeBench,BigCodeBench/22,kern,True,True,True,76,63,76,63,,
BigCodeBench,BigCodeBench/22,kern_compact,True,True,True,76,62,76,62,,
BigCodeBench,BigCodeBench/22,python_minifier,True,True,,76,66,76,66,,
BigCodeBench,BigCodeBench/23,python,True,True,True,89,89,90,90,,
BigCodeBench,BigCodeBench/23,kern,True,True,True,89,74,90,75,,
BigCodeBench,BigCodeBench/23,kern_compact,True,True,True,89,68,90,68,,
BigCodeBench,BigCodeBench/23,python_minifier,True,True,,89,71,90,71,,
BigCodeBench,BigCodeBench/24,python,True,True,True,84,84,86,86,,
BigCodeBench,BigCodeBench/24,kern,True,True,True,84,75,86,77,,
BigCodeBench,BigCodeBench/24,kern_compact,True,True,True,84,70,86,72,,
BigCodeBench,BigCodeBench/24,python_minifier,True,True,,84,74,86,76,,
BigCodeBench,BigCodeBench/25,python,True,True,True,46,46,48,48,,
BigCodeBench,BigCodeBench/25,kern,True,True,True,46,41,48,42,,
BigCodeBench,BigCodeBench/25,kern_compact,True,True,True,46,35,48,35,,
BigCodeBench,BigCodeBench/25,python_minifier,True,True,,46,36,48,36,,
BigCodeBench,BigCodeBench/26,python,True,True,True,62,62,63,63,,
BigCodeBench,BigCodeBench/26,kern,True,True,True,62,57,63,59,,
BigCodeBench,BigCodeBench/26,kern_compact,True,True,True,62,51,63,53,,
BigCodeBench,BigCodeBench/26,python_minifier,True,True,,62,52,63,54,,
BigCodeBench,BigCodeBench/27,python,True,True,True,116,116,116,116,,
BigCodeBench,BigCodeBench/27,kern,True,True,True,116,72,116,72,,
BigCodeBench,BigCodeBench/27,kern_compact,True,True,True,116,68,116,68,,
BigCodeBench,BigCodeBench/27,python_minifier,True,True,,116,68,116,68,,
BigCodeBench,BigCodeBench/28,python,True,True,True,69,69,69,69,,
BigCodeBench,BigCodeBench/28,kern,True,True,True,69,59,69,59,,
BigCodeBench,BigCodeBench/28,kern_compact,True,True,True,69,52,69,52,,
BigCodeBench,BigCodeBench/28,python_minifier,True,True,,69,56,69,56,,
BigCodeBench,BigCodeBench/29,python,True,True,True,77,77,77,77,,
BigCodeBench,BigCodeBench/29,kern,True,True,True,77,70,77,70,,
BigCodeBench,BigCodeBench/29,kern_compact,True,True,True,77,54,77,54,,
BigCodeBench,BigCodeBench/29,python_minifier,True,True,,77,58,77,58,,
BigCodeBench,BigCodeBench/30,python,True,True,True,261,261,266,266,,
BigCodeBench,BigCodeBench/30,kern,True,True,True,261,216,266,229,,
BigCodeBench,BigCodeBench/30,kern_compact,True,True,True,261,213,266,226,,
BigCodeBench,BigCodeBench/30,python_minifier,True,True,,261,237,266,244,,
BigCodeBench,BigCodeBench/31,python,True,True,True,148,148,152,152,,
BigCodeBench,BigCodeBench/31,kern,True,True,True,148,109,152,114,,
BigCodeBench,BigCodeBench/31,kern_compact,True,True,True,148,102,152,108,,
BigCodeBench,BigCodeBench/31,python_minifier,True,True,,148,103,152,108,,
BigCodeBench,BigCodeBench/32,python,True,True,True,53,53,55,55,,
BigCodeBench,BigCodeBench/32,kern,True,True,True,53,47,55,49,,
BigCodeBench,BigCodeBench/32,kern_compact,True,True,True,53,43,55,44,,
BigCodeBench,BigCodeBench/32,python_minifier,True,True,,53,44,55,45,,
BigCodeBench,BigCodeBench/33,python,True,True,True,56,56,56,56,,
BigCodeBench,BigCodeBench/33,kern,True,True,True,56,47,56,47,,
BigCodeBench,BigCodeBench/33,kern_compact,True,True,True,56,43,56,43,,
BigCodeBench,BigCodeBench/33,python_minifier,True,True,,56,45,56,45,,
BigCodeBench,BigCodeBench/34,python,True,True,True,134,134,135,135,,
BigCodeBench,BigCodeBench/34,kern,True,True,True,134,84,135,87,,
BigCodeBench,BigCodeBench/34,kern_compact,True,True,True,134,81,135,84,,
BigCodeBench,BigCodeBench/34,python_minifier,True,True,,134,85,135,87,,
BigCodeBench,BigCodeBench/35,python,True,True,True,90,90,93,93,,
BigCodeBench,BigCodeBench/35,kern,True,True,True,90,78,93,82,,
BigCodeBench,BigCodeBench/35,kern_compact,True,True,True,90,76,93,81,,
BigCodeBench,BigCodeBench/35,python_minifier,True,True,,90,79,93,83,,
BigCodeBench,BigCodeBench/36,python,True,True,True,265,265,266,266,,
BigCodeBench,BigCodeBench/36,kern,True,False,False,265,182,266,187,parse,"SyntaxError: invalid decimal literal (<unknown>, line 6)"
BigCodeBench,BigCodeBench/36,kern_compact,True,False,False,265,156,266,161,parse,"SyntaxError: invalid decimal literal (<unknown>, line 6)"
BigCodeBench,BigCodeBench/36,python_minifier,True,True,,265,162,266,165,,
BigCodeBench,BigCodeBench/37,python,True,True,True,148,148,151,151,,
BigCodeBench,BigCodeBench/37,kern,True,True,True,148,127,151,130,,
BigCodeBench,BigCodeBench/37,kern_compact,True,True,True,148,120,151,124,,
BigCodeBench,BigCodeBench/37,python_minifier,True,True,,148,123,151,130,,
BigCodeBench,BigCodeBench/38,python,True,True,True,131,131,132,132,,
BigCodeBench,BigCodeBench/38,kern,True,True,True,131,113,132,114,,
BigCodeBench,BigCodeBench/38,kern_compact,True,True,True,131,105,132,106,,
BigCodeBench,BigCodeBench/38,python_minifier,True,True,,131,108,132,109,,
BigCodeBench,BigCodeBench/39,python,True,True,True,172,172,176,176,,
BigCodeBench,BigCodeBench/39,kern,True,True,True,172,145,176,153,,
BigCodeBench,BigCodeBench/39,kern_compact,True,True,True,172,127,176,132,,
BigCodeBench,BigCodeBench/39,python_minifier,True,True,,172,130,176,136,,
BigCodeBench,BigCodeBench/40,python,True,True,True,116,116,119,119,,
BigCodeBench,BigCodeBench/40,kern,True,True,True,116,102,119,106,,
BigCodeBench,BigCodeBench/40,kern_compact,True,True,True,116,93,119,95,,
BigCodeBench,BigCodeBench/40,python_minifier,True,True,,116,96,119,98,,
BigCodeBench,BigCodeBench/41,python,True,True,True,87,87,89,89,,
BigCodeBench,BigCodeBench/41,kern,True,True,True,87,80,89,83,,
BigCodeBench,BigCodeBench/41,kern_compact,True,True,True,87,75,89,79,,
BigCodeBench,BigCodeBench/41,python_minifier,True,True,,87,77,89,81,,
BigCodeBench,BigCodeBench/42,python,True,True,True,144,144,147,147,,
BigCodeBench,BigCodeBench/42,kern,True,True,True,144,127,147,129,,
BigCodeBench,BigCodeBench/42,kern_compact,True,True,True,144,115,147,118,,
BigCodeBench,BigCodeBench/42,python_minifier,True,True,,144,117,147,120,,
BigCodeBench,BigCodeBench/43,python,True,True,True,76,76,77,77,,
BigCodeBench,BigCodeBench/43,kern,True,True,True,76,65,77,66,,
BigCodeBench,BigCodeBench/43,kern_compact,True,True,True,76,65,77,64,,
BigCodeBench,BigCodeBench/43,python_minifier,True,True,,76,68,77,67,,
BigCodeBench,BigCodeBench/44,python,True,True,True,82,82,83,83,,
BigCodeBench,BigCodeBench/44,kern,True,True,True,82,73,83,75,,
BigCodeBench,BigCodeBench/44,kern_compact,True,True,True,82,71,83,73,,
BigCodeBench,BigCodeBench/44,python_minifier,True,True,,82,78,83,80,,
BigCodeBench,BigCodeBench/45,python,True,True,True,170,170,172,172,,
BigCodeBench,BigCodeBench/45,kern,True,True,True,170,128,172,128,,
BigCodeBench,BigCodeBench/45,kern_compact,True,True,True,170,108,172,112,,
BigCodeBench,BigCodeBench/45,python_minifier,True,True,,170,106,172,111,,
BigCodeBench,BigCodeBench/46,python,True,True,True,95,95,96,96,,
BigCodeBench,BigCodeBench/46,kern,True,True,True,95,60,96,61,,
BigCodeBench,BigCodeBench/46,kern_compact,True,True,True,95,59,96,60,,
BigCodeBench,BigCodeBench/46,python_minifier,True,True,,95,62,96,63,,
BigCodeBench,BigCodeBench/47,python,True,True,True,87,87,91,91,,
BigCodeBench,BigCodeBench/47,kern,True,True,True,87,79,91,83,,
BigCodeBench,BigCodeBench/47,kern_compact,True,True,True,87,75,91,78,,
BigCodeBench,BigCodeBench/47,python_minifier,True,True,,87,79,91,82,,
BigCodeBench,BigCodeBench/48,python,True,True,True,127,127,127,127,,
BigCodeBench,BigCodeBench/48,kern,True,True,True,127,107,127,108,,
BigCodeBench,BigCodeBench/48,kern_compact,True,True,True,127,103,127,105,,
BigCodeBench,BigCodeBench/48,python_minifier,True,True,,127,105,127,108,,
BigCodeBench,BigCodeBench/49,python,True,True,True,114,114,116,116,,
BigCodeBench,BigCodeBench/49,kern,True,True,True,114,98,116,103,,
BigCodeBench,BigCodeBench/49,kern_compact,True,True,True,114,94,116,100,,
BigCodeBench,BigCodeBench/49,python_minifier,True,True,,114,100,116,105,,
BigCodeBench,BigCodeBench/50,python,True,True,True,197,197,195,195,,
BigCodeBench,BigCodeBench/50,kern,True,True,True,197,163,195,161,,
BigCodeBench,BigCodeBench/50,kern_compact,True,True,True,197,157,195,156,,
BigCodeBench,BigCodeBench/50,python_minifier,True,True,,197,155,195,156,,
BigCodeBench,BigCodeBench/51,python,True,True,True,217,217,219,219,,
BigCodeBench,BigCodeBench/51,kern,True,True,True,217,147,219,150,,
BigCodeBench,BigCodeBench/51,kern_compact,True,True,True,217,134,219,137,,
BigCodeBench,BigCodeBench/51,python_minifier,True,True,,217,133,219,135,,
BigCodeBench,BigCodeBench/52,python,True,True,True,89,89,89,89,,
BigCodeBench,BigCodeBench/52,kern,True,True,True,89,70,89,70,,
BigCodeBench,BigCodeBench/52,kern_compact,True,True,True,89,68,89,68,,
BigCodeBench,BigCodeBench/52,python_minifier,True,True,,89,70,89,70,,
BigCodeBench,BigCodeBench/53,python,True,True,True,138,138,140,140,,
BigCodeBench,BigCodeBench/53,kern,True,True,True,138,117,140,119,,
BigCodeBench,BigCodeBench/53,kern_compact,True,True,True,138,116,140,118,,
BigCodeBench,BigCodeBench/53,python_minifier,True,True,,138,121,140,122,,
BigCodeBench,BigCodeBench/54,python,True,True,True,94,94,98,98,,
BigCodeBench,BigCodeBench/54,kern,True,True,True,94,84,98,89,,
BigCodeBench,BigCodeBench/54,kern_compact,True,True,True,94,73,98,78,,
BigCodeBench,BigCodeBench/54,python_minifier,True,True,,94,75,98,80,,
BigCodeBench,BigCodeBench/55,python,True,True,True,128,128,128,128,,
BigCodeBench,BigCodeBench/55,kern,True,True,True,128,103,128,104,,
BigCodeBench,BigCodeBench/55,kern_compact,True,True,True,128,95,128,96,,
BigCodeBench,BigCodeBench/55,python_minifier,True,True,,128,100,128,101,,
BigCodeBench,BigCodeBench/56,python,True,True,True,103,103,105,105,,
BigCodeBench,BigCodeBench/56,kern,True,True,True,103,73,105,75,,
BigCodeBench,BigCodeBench/56,kern_compact,True,True,True,103,72,105,74,,
BigCodeBench,BigCodeBench/56,python_minifier,True,True,,103,75,105,77,,
BigCodeBench,BigCodeBench/57,python,True,True,True,91,91,94,94,,
BigCodeBench,BigCodeBench/57,kern,True,True,True,91,78,94,81,,
BigCodeBench,BigCodeBench/57,kern_compact,True,True,True,91,77,94,79,,
BigCodeBench,BigCodeBench/57,python_minifier,True,True,,91,76,94,78,,
BigCodeBench,BigCodeBench/58,python,True,True,True,131,131,132,132,,
BigCodeBench,BigCodeBench/58,kern,True,True,True,131,107,132,111,,
BigCodeBench,BigCodeBench/58,kern_compact,True,True,True,131,103,132,107,,
BigCodeBench,BigCodeBench/58,python_minifier,True,True,,131,106,132,110,,
BigCodeBench,BigCodeBench/59,python,True,True,True,102,102,103,103,,
BigCodeBench,BigCodeBench/59,kern,True,True,True,102,88,103,90,,
BigCodeBench,BigCodeBench/59,kern_compact,True,True,True,102,86,103,88,,
BigCodeBench,BigCodeBench/59,python_minifier,True,True,,102,87,103,89,,
BigCodeBench,BigCodeBench/60,python,True,True,True,84,84,85,85,,
BigCodeBench,BigCodeBench/60,kern,True,True,True,84,62,85,63,,
BigCodeBench,BigCodeBench/60,kern_compact,True,True,True,84,61,85,62,,
BigCodeBench,BigCodeBench/60,python_minifier,True,True,,84,63,85,64,,
BigCodeBench,BigCodeBench/61,python,True,True,True,225,225,226,226,,
BigCodeBench,BigCodeBench/61,kern,True,True,True,225,156,226,159,,
BigCodeBench,BigCodeBench/61,kern_compact,True,True,True,225,138,226,142,,
BigCodeBench,BigCodeBench/61,python_minifier,True,True,,225,139,226,143,,
BigCodeBench,BigCodeBench/62,python,True,True,True,90,90,91,91,,
BigCodeBench,BigCodeBench/62,kern,True,True,True,90,76,91,77,,
BigCodeBench,BigCodeBench/62,kern_compact,True,True,True,90,72,91,72,,
BigCodeBench,BigCodeBench/62,python_minifier,True,True,,90,72,91,73,,
BigCodeBench,BigCodeBench/63,python,True,True,True,131,131,133,133,,
BigCodeBench,BigCodeBench/63,kern,True,True,True,131,95,133,99,,
BigCodeBench,BigCodeBench/63,kern_compact,True,True,True,131,88,133,93,,
BigCodeBench,BigCodeBench/63,python_minifier,True,True,,131,91,133,96,,
BigCodeBench,BigCodeBench/64,python,True,True,True,120,120,124,124,,
BigCodeBench,BigCodeBench/64,kern,True,True,True,120,109,124,113,,
BigCodeBench,BigCodeBench/64,kern_compact,True,True,True,120,97,124,100,,
BigCodeBench,BigCodeBench/64,python_minifier,True,True,,120,98,124,101,,
BigCodeBench,BigCodeBench/65,python,True,True,True,137,137,138,138,,
BigCodeBench,BigCodeBench/65,kern,True,True,True,137,118,138,122,,
BigCodeBench,BigCodeBench/65,kern_compact,True,True,True,137,107,138,112,,
BigCodeBench,BigCodeBench/65,python_minifier,True,True,,137,108,138,113,,
BigCodeBench,BigCodeBench/66,python,True,True,True,86,86,88,88,,
BigCodeBench,BigCodeBench/66,kern,True,True,True,86,76,88,78,,
BigCodeBench,BigCodeBench/66,kern_compact,True,True,True,86,70,88,70,,
BigCodeBench,BigCodeBench/66,python_minifier,True,True,,86,71,88,71,,
BigCodeBench,BigCodeBench/67,python,True,True,True,86,86,87,87,,
BigCodeBench,BigCodeBench/67,kern,True,True,True,86,72,87,73,,
BigCodeBench,BigCodeBench/67,kern_compact,True,True,True,86,66,87,67,,
BigCodeBench,BigCodeBench/67,python_minifier,True,True,,86,69,87,70,,
BigCodeBench,BigCodeBench/68,python,True,True,True,81,81,81,81,,
BigCodeBench,BigCodeBench/68,kern,True,True,True,81,61,81,63,,
BigCodeBench,BigCodeBench/68,kern_compact,True,True,True,81,61,81,61,,
BigCodeBench,BigCodeBench/68,python_minifier,True,True,,81,62,81,62,,
BigCodeBench,BigCodeBench/69,python,True,True,True,136,136,138,138,,
BigCodeBench,BigCodeBench/69,kern,True,True,True,136,113,138,116,,
BigCodeBench,BigCodeBench/69,kern_compact,True,True,True,136,101,138,102,,
BigCodeBench,BigCodeBench/69,python_minifier,True,True,,136,104,138,105,,
BigCodeBench,BigCodeBench/70,python,True,True,True,135,135,138,138,,
BigCodeBench,BigCodeBench/70,kern,True,True,True,135,110,138,114,,
BigCodeBench,BigCodeBench/70,kern_compact,True,True,True,135,102,138,106,,
BigCodeBench,BigCodeBench/70,python_minifier,True,True,,135,111,138,113,,
BigCodeBench,BigCodeBench/71,python,True,True,True,108,108,108,108,,
BigCodeBench,BigCodeBench/71,kern,True,True,True,108,95,108,96,,
BigCodeBench,BigCodeBench/71,kern_compact,True,True,True,108,93,108,92,,
BigCodeBench,BigCodeBench/71,python_minifier,True,True,,108,95,108,94,,
BigCodeBench,BigCodeBench/72,python,True,True,True,180,180,182,182,,
BigCodeBench,BigCodeBench/72,kern,True,True,True,180,146,182,149,,
BigCodeBench,BigCodeBench/72,kern_compact,True,True,True,180,140,182,143,,
BigCodeBench,BigCodeBench/72,python_minifier,True,True,,180,158,182,162,,
BigCodeBench,BigCodeBench/73,python,True,True,True,138,138,139,139,,
BigCodeBench,BigCodeBench/73,kern,True,True,True,138,120,139,121,,
BigCodeBench,BigCodeBench/73,kern_compact,True,True,True,138,115,139,117,,
BigCodeBench,BigCodeBench/73,python_minifier,True,True,,138,122,139,123,,
BigCodeBench,BigCodeBench/74,python,True,True,True,134,134,136,136,,
BigCodeBench,BigCodeBench/74,kern,True,True,True,134,104,136,107,,
BigCodeBench,BigCodeBench/74,kern_compact,True,True,True,134,98,136,101,,
BigCodeBench,BigCodeBench/74,python_minifier,True,True,,134,102,136,104,,
BigCodeBench,BigCodeBench/75,python,True,True,True,298,298,303,303,,
BigCodeBench,BigCodeBench/75,kern,True,True,True,298,237,303,243,,
BigCodeBench,BigCodeBench/75,kern_compact,True,True,True,298,227,303,233,,
BigCodeBench,BigCodeBench/75,python_minifier,True,True,,298,254,303,261,,
BigCodeBench,BigCodeBench/76,python,True,True,True,130,130,138,138,,
BigCodeBench,BigCodeBench/76,kern,True,True,True,130,118,138,127,,
BigCodeBench,BigCodeBench/76,kern_compact,True,True,True,130,107,138,116,,
BigCodeBench,BigCodeBench/76,python_minifier,True,True,,130,107,138,116,,
BigCodeBench,BigCodeBench/77,python,True,True,True,133,133,141,141,,
BigCodeBench,BigCodeBench/77,kern,True,True,True,133,114,141,123,,
BigCodeBench,BigCodeBench/77,kern_compact,True,True,True,133,110,141,119,,
BigCodeBench,BigCodeBench/77,python_minifier,True,True,,133,112,141,118,,
BigCodeBench,BigCodeBench/78,python,True,True,True,91,91,93,93,,
BigCodeBench,BigCodeBench/78,kern,True,True,True,91,79,93,82,,
BigCodeBench,BigCodeBench/78,kern_compact,True,True,True,91,74,93,77,,
BigCodeBench,BigCodeBench/78,python_minifier,True,True,,91,75,93,78,,
BigCodeBench,BigCodeBench/79,python,True,True,True,132,132,136,136,,
BigCodeBench,BigCodeBench/79,kern,True,True,True,132,105,136,109,,
BigCodeBench,BigCodeBench/79,kern_compact,True,True,True,132,94,136,98,,
BigCodeBench,BigCodeBench/79,python_minifier,True,True,,132,95,136,99,,
BigCodeBench,BigCodeBench/80,python,True,True,True,88,88,89,89,,
BigCodeBench,BigCodeBench/80,kern,True,True,True,88,75,89,77,,
BigCodeBench,BigCodeBench/80,kern_compact,True,True,True,88,74,89,76,,
BigCodeBench,BigCodeBench/80,python_minifier,True,True,,88,79,89,81,,
BigCodeBench,BigCodeBench/81,python,True,True,True,87,87,87,87,,
BigCodeBench,BigCodeBench/81,kern,True,True,True,87,73,87,73,,
BigCodeBench,BigCodeBench/81,kern_compact,True,True,True,87,71,87,71,,
BigCodeBench,BigCodeBench/81,python_minifier,True,True,,87,77,87,77,,
BigCodeBench,BigCodeBench/82,python,True,True,True,391,391,396,396,,
BigCodeBench,BigCodeBench/82,kern,True,True,True,391,320,396,328,,
BigCodeBench,BigCodeBench/82,kern_compact,True,True,True,391,319,396,327,,
BigCodeBench,BigCodeBench/82,python_minifier,True,True,,391,345,396,351,,
BigCodeBench,BigCodeBench/83,python,True,True,True,171,171,171,171,,
BigCodeBench,BigCodeBench/83,kern,True,True,True,171,147,171,147,,
BigCodeBench,BigCodeBench/83,kern_compact,True,True,True,171,147,171,147,,
BigCodeBench,BigCodeBench/83,python_minifier,True,True,,171,151,171,151,,
BigCodeBench,BigCodeBench/84,python,True,True,True,347,347,355,355,,
BigCodeBench,BigCodeBench/84,kern,True,True,True,347,299,355,312,,
BigCodeBench,BigCodeBench/84,kern_compact,True,True,True,347,295,355,309,,
BigCodeBench,BigCodeBench/84,python_minifier,True,True,,347,305,355,314,,
BigCodeBench,BigCodeBench/85,python,True,True,True,192,192,192,192,,
BigCodeBench,BigCodeBench/85,kern,True,True,True,192,160,192,161,,
BigCodeBench,BigCodeBench/85,kern_compact,True,True,True,192,152,192,154,,
BigCodeBench,BigCodeBench/85,python_minifier,True,True,,192,165,192,169,,
BigCodeBench,BigCodeBench/86,python,True,True,True,119,119,120,120,,
BigCodeBench,BigCodeBench/86,kern,True,True,True,119,103,120,104,,
BigCodeBench,BigCodeBench/86,kern_compact,True,True,True,119,99,120,100,,
BigCodeBench,BigCodeBench/86,python_minifier,True,True,,119,101,120,102,,
BigCodeBench,BigCodeBench/87,python,True,True,True,107,107,110,110,,
BigCodeBench,BigCodeBench/87,kern,True,True,True,107,86,110,90,,
BigCodeBench,BigCodeBench/87,kern_compact,True,True,True,107,82,110,83,,
BigCodeBench,BigCodeBench/87,python_minifier,True,True,,107,83,110,84,,
BigCodeBench,BigCodeBench/88,python,True,True,True,120,120,121,121,,
BigCodeBench,BigCodeBench/88,kern,True,True,True,120,103,121,104,,
BigCodeBench,BigCodeBench/88,kern_compact,True,True,True,120,100,121,101,,
BigCodeBench,BigCodeBench/88,python_minifier,True,True,,120,104,121,105,,
BigCodeBench,BigCodeBench/89,python,True,True,True,277,277,284,284,,
BigCodeBench,BigCodeBench/89,kern,True,True,True,277,186,284,187,,
BigCodeBench,BigCodeBench/89,kern_compact,True,True,True,277,153,284,156,,
BigCodeBench,BigCodeBench/89,python_minifier,True,True,,277,154,284,157,,
BigCodeBench,BigCodeBench/90,python,True,True,True,264,264,272,272,,
BigCodeBench,BigCodeBench/90,kern,True,True,True,264,207,272,217,,
BigCodeBench,BigCodeBench/90,kern_compact,True,True,True,264,180,272,190,,
BigCodeBench,BigCodeBench/90,python_minifier,True,True,,264,178,272,185,,
BigCodeBench,BigCodeBench/91,python,True,True,True,156,156,158,158,,
BigCodeBench,BigCodeBench/91,kern,True,True,True,156,131,158,134,,
BigCodeBench,BigCodeBench/91,kern_compact,True,True,True,156,117,158,120,,
BigCodeBench,BigCodeBench/91,python_minifier,True,True,,156,129,158,132,,
BigCodeBench,BigCodeBench/92,python,True,True,True,232,232,238,238,,
BigCodeBench,BigCodeBench/92,kern,True,True,True,232,202,238,207,,
BigCodeBench,BigCodeBench/92,kern_compact,True,True,True,232,191,238,197,,
BigCodeBench,BigCodeBench/92,python_minifier,True,True,,232,198,238,205,,
BigCodeBench,BigCodeBench/93,python,True,True,True,136,136,140,140,,
BigCodeBench,BigCodeBench/93,kern,True,True,True,136,122,140,125,,
BigCodeBench,BigCodeBench/93,kern_compact,True,True,True,136,109,140,113,,
BigCodeBench,BigCodeBench/93,python_minifier,True,True,,136,113,140,117,,
BigCodeBench,BigCodeBench/94,python,True,True,True,158,158,158,158,,
BigCodeBench,BigCodeBench/94,kern,True,True,True,158,127,158,129,,
BigCodeBench,BigCodeBench/94,kern_compact,True,True,True,158,122,158,125,,
BigCodeBench,BigCodeBench/94,python_minifier,True,True,,158,128,158,130,,
BigCodeBench,BigCodeBench/95,python,True,True,True,244,244,246,246,,
BigCodeBench,BigCodeBench/95,kern,True,True,True,244,184,246,188,,
BigCodeBench,BigCodeBench/95,kern_compact,True,True,True,244,177,246,181,,
BigCodeBench,BigCodeBench/95,python_minifier,True,True,,244,197,246,201,,
BigCodeBench,BigCodeBench/96,python,True,True,True,94,94,94,94,,
BigCodeBench,BigCodeBench/96,kern,True,True,True,94,81,94,81,,
BigCodeBench,BigCodeBench/96,kern_compact,True,True,True,94,76,94,76,,
BigCodeBench,BigCodeBench/96,python_minifier,True,True,,94,79,94,79,,
BigCodeBench,BigCodeBench/97,python,True,True,True,84,84,84,84,,
BigCodeBench,BigCodeBench/97,kern,True,True,True,84,71,84,72,,
BigCodeBench,BigCodeBench/97,kern_compact,True,True,True,84,63,84,63,,
BigCodeBench,BigCodeBench/97,python_minifier,True,True,,84,67,84,67,,
BigCodeBench,BigCodeBench/98,python,True,True,True,75,75,80,80,,
BigCodeBench,BigCodeBench/98,kern,True,True,True,75,63,80,68,,
BigCodeBench,BigCodeBench/98,kern_compact,True,True,True,75,55,80,59,,
BigCodeBench,BigCodeBench/98,python_minifier,True,True,,75,57,80,61,,
BigCodeBench,BigCodeBench/99,python,True,True,True,145,145,148,148,,
BigCodeBench,BigCodeBench/99,kern,True,True,True,145,106,148,109,,
BigCodeBench,BigCodeBench/99,kern_compact,True,True,True,145,96,148,97,,
BigCodeBench,BigCodeBench/99,python_minifier,True,True,,145,99,148,100,,
BigCodeBench,BigCodeBench/100,python,True,True,True,151,151,152,152,,
BigCodeBench,BigCodeBench/100,kern,True,True,True,151,131,152,134,,
BigCodeBench,BigCodeBench/100,kern_compact,True,True,True,151,126,152,129,,
BigCodeBench,BigCodeBench/100,python_minifier,True,True,,151,127,152,130,,
BigCodeBench,BigCodeBench/101,python,True,True,True,369,369,378,378,,
BigCodeBench,BigCodeBench/101,kern,True,True,True,369,216,378,221,,
BigCodeBench,BigCodeBench/101,kern_compact,True,True,True,369,206,378,210,,
BigCodeBench,BigCodeBench/101,python_minifier,True,True,,369,210,378,215,,
BigCodeBench,BigCodeBench/102,python,True,True,True,107,107,107,107,,
BigCodeBench,BigCodeBench/102,kern,True,True,True,107,91,107,91,,
BigCodeBench,BigCodeBench/102,kern_compact,True,True,True,107,71,107,72,,
BigCodeBench,BigCodeBench/102,python_minifier,True,True,,107,72,107,73,,
BigCodeBench,BigCodeBench/103,python,True,True,True,164,164,165,165,,
BigCodeBench,BigCodeBench/103,kern,True,True,True,164,139,165,141,,
BigCodeBench,BigCodeBench/103,kern_compact,True,True,True,164,137,165,139,,
BigCodeBench,BigCodeBench/103,python_minifier,True,True,,164,139,165,142,,
BigCodeBench,BigCodeBench/104,python,True,True,True,210,210,212,212,,
BigCodeBench,BigCodeBench/104,kern,True,True,True,210,187,212,191,,
BigCodeBench,BigCodeBench/104,kern_compact,True,True,True,210,178,212,183,,
BigCodeBench,BigCodeBench/104,python_minifier,True,True,,210,180,212,184,,
BigCodeBench,BigCodeBench/105,python,True,True,True,210,210,218,218,,
BigCodeBench,BigCodeBench/105,kern,True,True,True,210,187,218,198,,
BigCodeBench,BigCodeBench/105,kern_compact,True,True,True,210,174,218,183,,
BigCodeBench,BigCodeBench/105,python_minifier,True,True,,210,179,218,186,,
BigCodeBench,BigCodeBench/106,python,True,True,True,198,198,201,201,,
BigCodeBench,BigCodeBench/106,kern,True,True,True,198,171,201,176,,
BigCodeBench,BigCodeBench/106,kern_compact,True,True,True,198,166,201,171,,
BigCodeBench,BigCodeBench/106,python_minifier,True,True,,198,173,201,180,,
BigCodeBench,BigCodeBench/107,python,True,True,True,230,230,233,233,,
BigCodeBench,BigCodeBench/107,kern,True,True,True,230,204,233,210,,
BigCodeBench,BigCodeBench/107,kern_compact,True,True,True,230,196,233,202,,
BigCodeBench,BigCodeBench/107,python_minifier,True,True,,230,202,233,209,,
BigCodeBench,BigCodeBench/108,python,True,True,True,302,302,312,312,,
BigCodeBench,BigCodeBench/108,kern,True,True,True,302,244,312,253,,
BigCodeBench,BigCodeBench/108,kern_compact,True,True,True,302,240,312,250,,
BigCodeBench,BigCodeBench/108,python_minifier,True,True,,302,252,312,261,,
BigCodeBench,BigCodeBench/109,python,True,True,True,176,176,180,180,,
BigCodeBench,BigCodeBench/109,kern,True,True,True,176,153,180,158,,
BigCodeBench,BigCodeBench/109,kern_compact,True,True,True,176,148,180,154,,
BigCodeBench,BigCodeBench/109,python_minifier,True,True,,176,161,180,167,,
BigCodeBench,BigCodeBench/110,python,True,True,True,164,164,168,168,,
BigCodeBench,BigCodeBench/110,kern,True,True,True,164,143,168,149,,
BigCodeBench,BigCodeBench/110,kern_compact,True,True,True,164,134,168,141,,
BigCodeBench,BigCodeBench/110,python_minifier,True,True,,164,139,168,144,,
BigCodeBench,BigCodeBench/111,python,True,True,True,148,148,154,154,,
BigCodeBench,BigCodeBench/111,kern,True,True,True,148,131,154,138,,
BigCodeBench,BigCodeBench/111,kern_compact,True,True,True,148,128,154,133,,
BigCodeBench,BigCodeBench/111,python_minifier,True,True,,148,139,154,145,,
BigCodeBench,BigCodeBench/112,python,True,True,True,102,102,105,105,,
BigCodeBench,BigCodeBench/112,kern,True,True,True,102,91,105,96,,
BigCodeBench,BigCodeBench/112,kern_compact,True,True,True,102,86,105,92,,
BigCodeBench,BigCodeBench/112,python_minifier,True,True,,102,89,105,95,,
BigCodeBench,BigCodeBench/113,python,True,True,True,163,163,164,164,,
BigCodeBench,BigCodeBench/113,kern,True,False,False,163,138,164,139,parse,"SyntaxError: unterminated string literal (detected at line 16) (<unknown>, line 16)"
BigCodeBench,BigCodeBench/113,kern_compact,True,False,False,163,125,164,126,parse,"SyntaxError: unterminated string literal (detected at line 16) (<unknown>, line 16)"
BigCodeBench,BigCodeBench/113,python_minifier,True,True,,163,128,164,129,,
BigCodeBench,BigCodeBench/114,python,True,True,True,87,87,90,90,,
BigCodeBench,BigCodeBench/114,kern,True,True,True,87,75,90,79,,
BigCodeBench,BigCodeBench/114,kern_compact,True,True,True,87,70,90,72,,
BigCodeBench,BigCodeBench/114,python_minifier,True,True,,87,73,90,75,,
BigCodeBench,BigCodeBench/115,python,True,True,True,96,96,97,97,,
BigCodeBench,BigCodeBench/115,kern,True,True,True,96,83,97,84,,
BigCodeBench,BigCodeBench/115,kern_compact,True,True,True,96,75,97,76,,
BigCodeBench,BigCodeBench/115,python_minifier,True,True,,96,78,97,79,,
BigCodeBench,BigCodeBench/116,python,True,True,True,99,99,99,99,,
BigCodeBench,BigCodeBench/116,kern,True,True,True,99,73,99,74,,
BigCodeBench,BigCodeBench/116,kern_compact,True,True,True,99,72,99,74,,
BigCodeBench,BigCodeBench/116,python_minifier,True,True,,99,73,99,75,,
BigCodeBench,BigCodeBench/117,python,True,True,True,231,231,232,232,,
BigCodeBench,BigCodeBench/117,kern,True,True,True,231,191,232,193,,
BigCodeBench,BigCodeBench/117,kern_compact,True,True,True,231,188,232,190,,
BigCodeBench,BigCodeBench/117,python_minifier,True,True,,231,197,232,198,,
BigCodeBench,BigCodeBench/118,python,True,True,True,90,90,90,90,,
BigCodeBench,BigCodeBench/118,kern,True,True,True,90,79,90,81,,
BigCodeBench,BigCodeBench/118,kern_compact,True,True,True,90,72,90,72,,
BigCodeBench,BigCodeBench/118,python_minifier,True,True,,90,76,90,76,,
BigCodeBench,BigCodeBench/119,python,True,True,True,78,78,78,78,,
BigCodeBench,BigCodeBench/119,kern,True,True,True,78,63,78,63,,
BigCodeBench,BigCodeBench/119,kern_compact,True,True,True,78,62,78,63,,
BigCodeBench,BigCodeBench/119,python_minifier,True,True,,78,63,78,64,,
BigCodeBench,BigCodeBench/120,python,True,True,True,159,159,163,163,,
BigCodeBench,BigCodeBench/120,kern,True,True,False,159,139,163,144,ast,normalized AST differs
BigCodeBench,BigCodeBench/120,kern_compact,True,True,False,159,136,163,141,ast,normalized AST differs
BigCodeBench,BigCodeBench/120,python_minifier,True,True,,159,140,163,144,,
BigCodeBench,BigCodeBench/121,python,True,True,True,188,188,191,191,,
BigCodeBench,BigCodeBench/121,kern,True,True,True,188,159,191,162,,
BigCodeBench,BigCodeBench/121,kern_compact,True,True,True,188,148,191,151,,
BigCodeBench,BigCodeBench/121,python_minifier,True,True,,188,152,191,156,,
BigCodeBench,BigCodeBench/122,python,True,True,True,53,53,53,53,,
BigCodeBench,BigCodeBench/122,kern,True,True,True,53,41,53,41,,
BigCodeBench,BigCodeBench/122,kern_compact,True,True,True,53,37,53,37,,
BigCodeBench,BigCodeBench/122,python_minifier,True,True,,53,41,53,41,,
BigCodeBench,BigCodeBench/123,python,True,True,True,140,140,146,146,,
BigCodeBench,BigCodeBench/123,kern,True,True,True,140,124,146,129,,
BigCodeBench,BigCodeBench/123,kern_compact,True,True,True,140,115,146,120,,
BigCodeBench,BigCodeBench/123,python_minifier,True,True,,140,122,146,126,,
BigCodeBench,BigCodeBench/124,python,True,True,True,193,193,196,196,,
BigCodeBench,BigCodeBench/124,kern,True,True,True,193,165,196,171,,
BigCodeBench,BigCodeBench/124,kern_compact,True,True,True,193,154,196,161,,
BigCodeBench,BigCodeBench/124,python_minifier,True,True,,193,155,196,161,,
BigCodeBench,BigCodeBench/125,python,True,True,True,107,107,108,108,,
BigCodeBench,BigCodeBench/125,kern,True,True,True,107,89,108,91,,
BigCodeBench,BigCodeBench/125,kern_compact,True,True,True,107,80,108,82,,
BigCodeBench,BigCodeBench/125,python_minifier,True,True,,107,82,108,84,,
BigCodeBench,BigCodeBench/126,python,True,True,True,176,176,176,176,,
BigCodeBench,BigCodeBench/126,kern,True,True,True,176,147,176,148,,
BigCodeBench,BigCodeBench/126,kern_compact,True,True,True,176,133,176,134,,
BigCodeBench,BigCodeBench/126,python_minifier,True,True,,176,136,176,137,,
BigCodeBench,BigCodeBench/127,python,True,True,True,128,128,129,129,,
BigCodeBench,BigCodeBench/127,kern,True,True,True,128,114,129,114,,
BigCodeBench,BigCodeBench/127,kern_compact,True,True,True,128,104,129,105,,
BigCodeBench,BigCodeBench/127,python_minifier,True,True,,128,110,129,111,,
BigCodeBench,BigCodeBench/128,python,True,True,True,184,184,187,187,,
BigCodeBench,BigCodeBench/128,kern,True,True,True,184,144,187,154,,
BigCodeBench,BigCodeBench/128,kern_compact,True,True,True,184,138,187,149,,
BigCodeBench,BigCodeBench/128,python_minifier,True,True,,184,143,187,156,,
BigCodeBench,BigCodeBench/129,python,True,True,True,284,284,290,290,,
BigCodeBench,BigCodeBench/129,kern,True,True,True,284,214,290,221,,
BigCodeBench,BigCodeBench/129,kern_compact,True,True,True,284,214,290,222,,
BigCodeBench,BigCodeBench/129,python_minifier,True,True,,284,221,290,228,,
BigCodeBench,BigCodeBench/130,python,True,True,True,91,91,92,92,,
BigCodeBench,BigCodeBench/130,kern,True,True,True,91,82,92,84,,
BigCodeBench,BigCodeBench/130,kern_compact,True,True,True,91,72,92,73,,
BigCodeBench,BigCodeBench/130,python_minifier,True,True,,91,72,92,74,,
BigCodeBench,BigCodeBench/131,python,True,True,True,91,91,92,92,,
BigCodeBench,BigCodeBench/131,kern,True,True,True,91,82,92,84,,
BigCodeBench,BigCodeBench/131,kern_compact,True,True,True,91,72,92,73,,
BigCodeBench,BigCodeBench/131,python_minifier,True,True,,91,72,92,74,,
BigCodeBench,BigCodeBench/132,python,True,True,True,164,164,166,166,,
BigCodeBench,BigCodeBench/132,kern,True,True,True,164,146,166,149,,
BigCodeBench,BigCodeBench/132,kern_compact,True,True,True,164,127,166,131,,
BigCodeBench,BigCodeBench/132,python_minifier,True,True,,164,128,166,131,,
BigCodeBench,BigCodeBench/133,python,True,True,True,157,157,160,160,,
BigCodeBench,BigCodeBench/133,kern,True,True,True,157,138,160,144,,
BigCodeBench,BigCodeBench/133,kern_compact,True,True,True,157,114,160,121,,
BigCodeBench,BigCodeBench/133,python_minifier,True,True,,157,119,160,126,,
BigCodeBench,BigCodeBench/134,python,True,True,True,111,111,114,114,,
BigCodeBench,BigCodeBench/134,kern,True,True,True,111,97,114,102,,
BigCodeBench,BigCodeBench/134,kern_compact,True,True,True,111,89,114,95,,
BigCodeBench,BigCodeBench/134,python_minifier,True,True,,111,92,114,97,,
BigCodeBench,BigCodeBench/135,python,True,True,True,152,152,156,156,,
BigCodeBench,BigCodeBench/135,kern,True,True,True,152,136,156,142,,
BigCodeBench,BigCodeBench/135,kern_compact,True,True,True,152,125,156,132,,
BigCodeBench,BigCodeBench/135,python_minifier,True,True,,152,130,156,136,,
BigCodeBench,BigCodeBench/136,python,True,True,True,160,160,171,171,,
BigCodeBench,BigCodeBench/136,kern,True,True,True,160,147,171,154,,
BigCodeBench,BigCodeBench/136,kern_compact,True,True,True,160,132,171,139,,
BigCodeBench,BigCodeBench/136,python_minifier,True,True,,160,124,171,133,,
BigCodeBench,BigCodeBench/137,python,True,True,True,77,77,81,81,,
BigCodeBench,BigCodeBench/137,kern,True,True,True,77,59,81,63,,
BigCodeBench,BigCodeBench/137,kern_compact,True,True,True,77,55,81,59,,
BigCodeBench,BigCodeBench/137,python_minifier,True,True,,77,58,81,61,,
BigCodeBench,BigCodeBench/138,python,True,True,True,117,117,120,120,,
BigCodeBench,BigCodeBench/138,kern,True,True,True,117,106,120,109,,
BigCodeBench,BigCodeBench/138,kern_compact,True,True,True,117,102,120,106,,
BigCodeBench,BigCodeBench/138,python_minifier,True,True,,117,103,120,107,,
BigCodeBench,BigCodeBench/139,python,True,True,True,136,136,141,141,,
BigCodeBench,BigCodeBench/139,kern,True,True,True,136,116,141,124,,
BigCodeBench,BigCodeBench/139,kern_compact,True,True,True,136,110,141,119,,
BigCodeBench,BigCodeBench/139,python_minifier,True,True,,136,112,141,119,,
BigCodeBench,BigCodeBench/140,python,True,True,True,124,124,130,130,,
BigCodeBench,BigCodeBench/140,kern,True,True,True,124,112,130,121,,
BigCodeBench,BigCodeBench/140,kern_compact,True,True,True,124,110,130,119,,
BigCodeBench,BigCodeBench/140,python_minifier,True,True,,124,117,130,123,,
BigCodeBench,BigCodeBench/141,python,True,True,True,152,152,155,155,,
BigCodeBench,BigCodeBench/141,kern,True,True,True,152,120,155,124,,
BigCodeBench,BigCodeBench/141,kern_compact,True,True,True,152,113,155,117,,
BigCodeBench,BigCodeBench/141,python_minifier,True,True,,152,124,155,127,,
BigCodeBench,BigCodeBench/142,python,True,True,True,151,151,151,151,,
BigCodeBench,BigCodeBench/142,kern,True,True,True,151,139,151,130,,
BigCodeBench,BigCodeBench/142,kern_compact,True,True,True,151,121,151,123,,
BigCodeBench,BigCodeBench/142,python_minifier,True,True,,151,122,151,124,,
BigCodeBench,BigCodeBench/143,python,True,True,True,204,204,204,204,,
BigCodeBench,BigCodeBench/143,kern,True,True,True,204,131,204,133,,
BigCodeBench,BigCodeBench/143,kern_compact,True,True,True,204,126,204,129,,
BigCodeBench,BigCodeBench/143,python_minifier,True,True,,204,123,204,126,,
BigCodeBench,BigCodeBench/144,python,True,True,True,116,116,119,119,,
BigCodeBench,BigCodeBench/144,kern,True,True,True,116,93,119,96,,
BigCodeBench,BigCodeBench/144,kern_compact,True,True,True,116,90,119,93,,
BigCodeBench,BigCodeBench/144,python_minifier,True,True,,116,94,119,97,,
BigCodeBench,BigCodeBench/145,python,True,True,True,87,87,89,89,,
BigCodeBench,BigCodeBench/145,kern,True,True,True,87,73,89,76,,
BigCodeBench,BigCodeBench/145,kern_compact,True,True,True,87,72,89,74,,
BigCodeBench,BigCodeBench/145,python_minifier,True,True,,87,80,89,82,,
BigCodeBench,BigCodeBench/146,python,True,True,True,82,82,82,82,,
BigCodeBench,BigCodeBench/146,kern,True,True,True,82,73,82,72,,
BigCodeBench,BigCodeBench/146,kern_compact,True,True,True,82,68,82,67,,
BigCodeBench,BigCodeBench/146,python_minifier,True,True,,82,71,82,71,,
BigCodeBench,BigCodeBench/147,python,True,True,True,147,147,148,148,,
BigCodeBench,BigCodeBench/147,kern,True,True,True,147,125,148,127,,
BigCodeBench,BigCodeBench/147,kern_compact,True,True,True,147,115,148,117,,
BigCodeBench,BigCodeBench/147,python_minifier,True,True,,147,118,148,120,,
BigCodeBench,BigCodeBench/148,python,True,True,True,51,51,53,53,,
BigCodeBench,BigCodeBench/148,kern,True,True,True,51,43,53,45,,
BigCodeBench,BigCodeBench/148,kern_compact,True,True,True,51,43,53,45,,
BigCodeBench,BigCodeBench/148,python_minifier,True,True,,51,40,53,40,,
BigCodeBench,BigCodeBench/149,python,True,True,True,127,127,128,128,,
BigCodeBench,BigCodeBench/149,kern,True,True,True,127,95,128,97,,
BigCodeBench,BigCodeBench/149,kern_compact,True,True,True,127,80,128,82,,
BigCodeBench,BigCodeBench/149,python_minifier,True,True,,127,98,128,99,,
BigCodeBench,BigCodeBench/150,python,True,True,True,203,203,204,204,,
BigCodeBench,BigCodeBench/150,kern,True,True,True,203,146,204,147,,
BigCodeBench,BigCodeBench/150,kern_compact,True,True,True,203,137,204,137,,
BigCodeBench,BigCodeBench/150,python_minifier,True,True,,203,139,204,141,,
BigCodeBench,BigCodeBench/151,python,True,True,True,187,187,191,191,,
BigCodeBench,BigCodeBench/151,kern,True,True,True,187,128,191,133,,
BigCodeBench,BigCodeBench/151,kern_compact,True,True,True,187,114,191,120,,
BigCodeBench,BigCodeBench/151,python_minifier,True,True,,187,119,191,125,,
BigCodeBench,BigCodeBench/152,python,True,True,True,169,169,168,168,,
BigCodeBench,BigCodeBench/152,kern,True,True,True,169,131,168,130,,
BigCodeBench,BigCodeBench/152,kern_compact,True,True,True,169,123,168,123,,
BigCodeBench,BigCodeBench/152,python_minifier,True,True,,169,122,168,122,,
BigCodeBench,BigCodeBench/153,python,True,True,True,49,49,50,50,,
BigCodeBench,BigCodeBench/153,kern,True,True,True,49,41,50,42,,
BigCodeBench,BigCodeBench/153,kern_compact,True,True,True,49,40,50,41,,
BigCodeBench,BigCodeBench/153,python_minifier,True,True,,49,42,50,43,,
BigCodeBench,BigCodeBench/154,python,True,True,True,81,81,84,84,,
BigCodeBench,BigCodeBench/154,kern,True,True,True,81,68,84,70,,
BigCodeBench,BigCodeBench/154,kern_compact,True,True,True,81,60,84,61,,
BigCodeBench,BigCodeBench/154,python_minifier,True,True,,81,62,84,63,,
BigCodeBench,BigCodeBench/155,python,True,True,True,121,121,122,122,,
BigCodeBench,BigCodeBench/155,kern,True,True,True,121,78,122,80,,
BigCodeBench,BigCodeBench/155,kern_compact,True,True,True,121,75,122,78,,
BigCodeBench,BigCodeBench/155,python_minifier,True,True,,121,77,122,80,,
BigCodeBench,BigCodeBench/156,python,True,True,True,116,116,117,117,,
BigCodeBench,BigCodeBench/156,kern,True,True,True,116,96,117,99,,
BigCodeBench,BigCodeBench/156,kern_compact,True,True,True,116,86,117,90,,
BigCodeBench,BigCodeBench/156,python_minifier,True,True,,116,89,117,93,,
BigCodeBench,BigCodeBench/157,python,True,True,True,122,122,128,128,,
BigCodeBench,BigCodeBench/157,kern,True,True,True,122,81,128,87,,
BigCodeBench,BigCodeBench/157,kern_compact,True,True,True,122,79,128,83,,
BigCodeBench,BigCodeBench/157,python_minifier,True,True,,122,84,128,87,,
BigCodeBench,BigCodeBench/158,python,True,True,True,77,77,77,77,,
BigCodeBench,BigCodeBench/158,kern,True,True,True,77,66,77,65,,
BigCodeBench,BigCodeBench/158,kern_compact,True,True,True,77,61,77,58,,
BigCodeBench,BigCodeBench/158,python_minifier,True,True,,77,64,77,61,,
BigCodeBench,BigCodeBench/159,python,True,True,True,61,61,62,62,,
BigCodeBench,BigCodeBench/159,kern,True,True,True,61,54,62,55,,
BigCodeBench,BigCodeBench/159,kern_compact,True,True,True,61,51,62,52,,
BigCodeBench,BigCodeBench/159,python_minifier,True,True,,61,54,62,55,,
BigCodeBench,BigCodeBench/160,python,True,True,True,162,162,165,165,,
BigCodeBench,BigCodeBench/160,kern,True,True,True,162,118,165,122,,
BigCodeBench,BigCodeBench/160,kern_compact,True,True,True,162,118,165,120,,
BigCodeBench,BigCodeBench/160,python_minifier,True,True,,162,118,165,119,,
BigCodeBench,BigCodeBench/161,python,True,True,True,241,241,245,245,,
BigCodeBench,BigCodeBench/161,kern,True,True,True,241,207,245,214,,
BigCodeBench,BigCodeBench/161,kern_compact,True,True,True,241,190,245,198,,
BigCodeBench,BigCodeBench/161,python_minifier,True,True,,241,193,245,198,,
BigCodeBench,BigCodeBench/162,python,True,True,True,179,179,179,179,,
BigCodeBench,BigCodeBench/162,kern,True,True,True,179,106,179,107,,
BigCodeBench,BigCodeBench/162,kern_compact,True,True,True,179,98,179,100,,
BigCodeBench,BigCodeBench/162,python_minifier,True,True,,179,99,179,101,,
BigCodeBench,BigCodeBench/163,python,True,True,True,130,130,132,132,,
BigCodeBench,BigCodeBench/163,kern,True,True,True,130,112,132,114,,
BigCodeBench,BigCodeBench/163,kern_compact,True,True,True,130,110,132,112,,
BigCodeBench,BigCodeBench/163,python_minifier,True,True,,130,114,132,116,,
BigCodeBench,BigCodeBench/164,python,True,True,True,112,112,113,113,,
BigCodeBench,BigCodeBench/164,kern,True,True,True,112,97,113,100,,
BigCodeBench,BigCodeBench/164,kern_compact,True,True,True,112,95,113,99,,
BigCodeBench,BigCodeBench/164,python_minifier,True,True,,112,100,113,105,,
BigCodeBench,BigCodeBench/165,python,True,True,True,107,107,108,108,,
BigCodeBench,BigCodeBench/165,kern,True,True,True,107,92,108,94,,
BigCodeBench,BigCodeBench/165,kern_compact,True,True,True,107,91,108,95,,
BigCodeBench,BigCodeBench/165,python_minifier,True,True,,107,94,108,99,,
BigCodeBench,BigCodeBench/166,python,True,True,True,150,150,152,152,,
BigCodeBench,BigCodeBench/166,kern,True,True,True,150,129,152,133,,
BigCodeBench,BigCodeBench/166,kern_compact,True,True,True,150,128,152,132,,
BigCodeBench,BigCodeBench/166,python_minifier,True,True,,150,128,152,131,,
BigCodeBench,BigCodeBench/167,python,True,True,True,107,107,108,108,,
BigCodeBench,BigCodeBench/167,kern,True,True,True,107,95,108,98,,
BigCodeBench,BigCodeBench/167,kern_compact,True,True,True,107,91,108,96,,
BigCodeBench,BigCodeBench/167,python_minifier,True,True,,107,95,108,99,,
BigCodeBench,BigCodeBench/168,python,True,True,True,152,152,153,153,,
BigCodeBench,BigCodeBench/168,kern,True,True,True,152,100,153,103,,
BigCodeBench,BigCodeBench/168,kern_compact,True,True,True,152,94,153,98,,
BigCodeBench,BigCodeBench/168,python_minifier,True,True,,152,102,153,106,,
BigCodeBench,BigCodeBench/169,python,True,True,True,150,150,154,154,,
BigCodeBench,BigCodeBench/169,kern,True,True,True,150,133,154,140,,
BigCodeBench,BigCodeBench/169,kern_compact,True,True,True,150,127,154,135,,
BigCodeBench,BigCodeBench/169,python_minifier,True,True,,150,136,154,142,,
BigCodeBench,BigCodeBench/170,python,True,True,True,83,83,84,84,,
BigCodeBench,BigCodeBench/170,kern,True,True,True,83,62,84,63,,
BigCodeBench,BigCodeBench/170,kern_compact,True,True,True,83,58,84,59,,
BigCodeBench,BigCodeBench/170,python_minifier,True,True,,83,60,84,61,,
BigCodeBench,BigCodeBench/171,python,True,True,True,160,160,162,162,,
BigCodeBench,BigCodeBench/171,kern,True,True,True,160,127,162,129,,
BigCodeBench,BigCodeBench/171,kern_compact,True,True,True,160,111,162,113,,
BigCodeBench,BigCodeBench/171,python_minifier,True,True,,160,115,162,117,,
BigCodeBench,BigCodeBench/172,python,True,True,True,120,120,122,122,,
BigCodeBench,BigCodeBench/172,kern,True,True,True,120,62,122,64,,
BigCodeBench,BigCodeBench/172,kern_compact,True,True,True,120,58,122,60,,
BigCodeBench,BigCodeBench/172,python_minifier,True,True,,120,58,122,60,,
BigCodeBench,BigCodeBench/173,python,True,True,True,107,107,105,105,,
BigCodeBench,BigCodeBench/173,kern,True,True,True,107,89,105,87,,
BigCodeBench,BigCodeBench/173,kern_compact,True,True,True,107,78,105,78,,
BigCodeBench,BigCodeBench/173,python_minifier,True,True,,107,80,105,80,,
BigCodeBench,BigCodeBench/174,python,True,True,True,78,78,81,81,,
BigCodeBench,BigCodeBench/174,kern,True,True,True,78,63,81,66,,
BigCodeBench,BigCodeBench/174,kern_compact,True,True,True,78,60,81,63,,
BigCodeBench,BigCodeBench/174,python_minifier,True,True,,78,64,81,67,,
BigCodeBench,BigCodeBench/175,python,True,True,True,195,195,204,204,,
BigCodeBench,BigCodeBench/175,kern,True,True,True,195,162,204,173,,
BigCodeBench,BigCodeBench/175,kern_compact,True,True,True,195,147,204,150,,
BigCodeBench,BigCodeBench/175,python_minifier,True,True,,195,147,204,151,,
BigCodeBench,BigCodeBench/176,python,True,True,True,106,106,106,106,,
BigCodeBench,BigCodeBench/176,kern,True,True,True,106,88,106,88,,
BigCodeBench,BigCodeBench/176,kern_compact,True,True,True,106,80,106,80,,
BigCodeBench,BigCodeBench/176,python_minifier,True,True,,106,80,106,80,,
BigCodeBench,BigCodeBench/177,python,True,True,True,173,173,178,178,,
BigCodeBench,BigCodeBench/177,kern,True,True,True,173,140,178,145,,
BigCodeBench,BigCodeBench/177,kern_compact,True,True,True,173,128,178,133,,
BigCodeBench,BigCodeBench/177,python_minifier,True,True,,173,133,178,137,,
BigCodeBench,BigCodeBench/178,python,True,True,True,92,92,92,92,,
BigCodeBench,BigCodeBench/178,kern,True,True,True,92,73,92,74,,
BigCodeBench,BigCodeBench/178,kern_compact,True,True,True,92,70,92,71,,
BigCodeBench,BigCodeBench/178,python_minifier,True,True,,92,74,92,74,,
BigCodeBench,BigCodeBench/179,python,True,True,True,204,204,212,212,,
BigCodeBench,BigCodeBench/179,kern,True,True,True,204,155,212,165,,
BigCodeBench,BigCodeBench/179,kern_compact,True,True,True,204,140,212,151,,
BigCodeBench,BigCodeBench/179,python_minifier,True,True,,204,145,212,155,,
BigCodeBench,BigCodeBench/180,python,True,True,True,183,183,189,189,,
BigCodeBench,BigCodeBench/180,kern,True,True,True,183,155,189,165,,
BigCodeBench,BigCodeBench/180,kern_compact,True,True,True,183,139,189,147,,
BigCodeBench,BigCodeBench/180,python_minifier,True,True,,183,137,189,145,,
BigCodeBench,BigCodeBench/181,python,True,True,True,74,74,76,76,,
BigCodeBench,BigCodeBench/181,kern,True,True,True,74,49,76,52,,
BigCodeBench,BigCodeBench/181,kern_compact,True,True,True,74,47,76,50,,
BigCodeBench,BigCodeBench/181,python_minifier,True,True,,74,49,76,52,,
BigCodeBench,BigCodeBench/182,python,True,True,True,121,121,125,125,,
BigCodeBench,BigCodeBench/182,kern,True,True,True,121,108,125,112,,
BigCodeBench,BigCodeBench/182,kern_compact,True,True,True,121,98,125,102,,
BigCodeBench,BigCodeBench/182,python_minifier,True,True,,121,97,125,101,,
BigCodeBench,BigCodeBench/183,python,True,True,True,63,63,65,65,,
BigCodeBench,BigCodeBench/183,kern,True,True,True,63,40,65,43,,
BigCodeBench,BigCodeBench/183,kern_compact,True,True,True,63,38,65,41,,
BigCodeBench,BigCodeBench/183,python_minifier,True,True,,63,39,65,42,,
BigCodeBench,BigCodeBench/184,python,True,True,True,450,450,452,452,,
BigCodeBench,BigCodeBench/184,kern,True,True,True,450,328,452,331,,
BigCodeBench,BigCodeBench/184,kern_compact,True,True,True,450,313,452,316,,
BigCodeBench,BigCodeBench/184,python_minifier,True,True,,450,322,452,325,,
BigCodeBench,BigCodeBench/185,python,True,True,True,251,251,252,252,,
BigCodeBench,BigCodeBench/185,kern,True,True,True,251,225,252,228,,
BigCodeBench,BigCodeBench/185,kern_compact,True,True,True,251,212,252,213,,
BigCodeBench,BigCodeBench/185,python_minifier,True,True,,251,226,252,226,,
BigCodeBench,BigCodeBench/186,python,True,True,True,189,189,192,192,,
BigCodeBench,BigCodeBench/186,kern,True,True,True,189,175,192,179,,
BigCodeBench,BigCodeBench/186,kern_compact,True,True,True,189,162,192,164,,
BigCodeBench,BigCodeBench/186,python_minifier,True,True,,189,168,192,169,,
BigCodeBench,BigCodeBench/187,python,True,True,True,207,207,205,205,,
BigCodeBench,BigCodeBench/187,kern,True,True,True,207,183,205,183,,
BigCodeBench,BigCodeBench/187,kern_compact,True,True,True,207,171,205,169,,
BigCodeBench,BigCodeBench/187,python_minifier,True,True,,207,186,205,184,,
BigCodeBench,BigCodeBench/188,python,True,True,True,287,287,288,288,,
BigCodeBench,BigCodeBench/188,kern,True,True,True,287,234,288,235,,
BigCodeBench,BigCodeBench/188,kern_compact,True,True,True,287,198,288,199,,
BigCodeBench,BigCodeBench/188,python_minifier,True,True,,287,194,288,195,,
BigCodeBench,BigCodeBench/189,python,True,True,True,90,90,89,89,,
BigCodeBench,BigCodeBench/189,kern,True,True,True,90,73,89,73,,
BigCodeBench,BigCodeBench/189,kern_compact,True,True,True,90,68,89,68,,
BigCodeBench,BigCodeBench/189,python_minifier,True,True,,90,67,89,67,,
BigCodeBench,BigCodeBench/190,python,True,True,True,246,246,250,250,,
BigCodeBench,BigCodeBench/190,kern,True,False,False,246,187,250,189,parse,"SyntaxError: f-string: unmatched '[' (<unknown>, line 17)"
BigCodeBench,BigCodeBench/190,kern_compact,True,False,False,246,180,250,182,parse,"SyntaxError: f-string: unmatched '[' (<unknown>, line 15)"
BigCodeBench,BigCodeBench/190,python_minifier,True,True,,246,183,250,185,,
BigCodeBench,BigCodeBench/191,python,True,True,True,82,82,81,81,,
BigCodeBench,BigCodeBench/191,kern,True,True,True,82,67,81,66,,
BigCodeBench,BigCodeBench/191,kern_compact,True,True,True,82,62,81,61,,
BigCodeBench,BigCodeBench/191,python_minifier,True,True,,82,66,81,65,,
BigCodeBench,BigCodeBench/192,python,True,True,True,281,281,282,282,,
BigCodeBench,BigCodeBench/192,kern,True,True,True,281,232,282,234,,
BigCodeBench,BigCodeBench/192,kern_compact,True,True,True,281,229,282,230,,
BigCodeBench,BigCodeBench/192,python_minifier,True,True,,281,234,282,235,,
BigCodeBench,BigCodeBench/193,python,True,True,True,345,345,346,346,,
BigCodeBench,BigCodeBench/193,kern,True,True,True,345,285,346,294,,
BigCodeBench,BigCodeBench/193,kern_compact,True,True,True,345,276,346,285,,
BigCodeBench,BigCodeBench/193,python_minifier,True,True,,345,284,346,289,,
BigCodeBench,BigCodeBench/194,python,True,True,True,103,103,103,103,,
BigCodeBench,BigCodeBench/194,kern,True,True,True,103,80,103,80,,
BigCodeBench,BigCodeBench/194,kern_compact,True,True,True,103,79,103,80,,
BigCodeBench,BigCodeBench/194,python_minifier,True,True,,103,80,103,81,,
BigCodeBench,BigCodeBench/195,python,True,True,True,106,106,106,106,,
BigCodeBench,BigCodeBench/195,kern,True,True,True,106,68,106,68,,
BigCodeBench,BigCodeBench/195,kern_compact,True,True,True,106,64,106,64,,
BigCodeBench,BigCodeBench/195,python_minifier,True,True,,106,67,106,67,,
BigCodeBench,BigCodeBench/196,python,True,True,True,121,121,122,122,,
BigCodeBench,BigCodeBench/196,kern,True,True,True,121,101,122,104,,
BigCodeBench,BigCodeBench/196,kern_compact,True,True,True,121,96,122,97,,
BigCodeBench,BigCodeBench/196,python_minifier,True,True,,121,99,122,100,,
BigCodeBench,BigCodeBench/197,python,True,True,True,101,101,103,103,,
BigCodeBench,BigCodeBench/197,kern,True,True,True,101,94,103,94,,
BigCodeBench,BigCodeBench/197,kern_compact,True,True,True,101,80,103,83,,
BigCodeBench,BigCodeBench/197,python_minifier,True,True,,101,79,103,83,,
BigCodeBench,BigCodeBench/198,python,True,True,True,120,120,122,122,,
BigCodeBench,BigCodeBench/198,kern,True,True,True,120,92,122,95,,
BigCodeBench,BigCodeBench/198,kern_compact,True,True,True,120,80,122,82,,
BigCodeBench,BigCodeBench/198,python_minifier,True,True,,120,84,122,85,,
BigCodeBench,BigCodeBench/199,python,True,True,True,307,307,304,304,,
BigCodeBench,BigCodeBench/199,kern,True,True,True,307,253,304,252,,
BigCodeBench,BigCodeBench/199,kern_compact,True,True,True,307,240,304,239,,
BigCodeBench,BigCodeBench/199,python_minifier,True,True,,307,266,304,266,,
BigCodeBench,BigCodeBench/200,python,True,True,True,130,130,132,132,,
BigCodeBench,BigCodeBench/200,kern,True,True,True,130,96,132,100,,
BigCodeBench,BigCodeBench/200,kern_compact,True,True,True,130,85,132,88,,
BigCodeBench,BigCodeBench/200,python_minifier,True,True,,130,85,132,87,,
BigCodeBench,BigCodeBench/201,python,True,True,True,148,148,153,153,,
BigCodeBench,BigCodeBench/201,kern,True,True,True,148,116,153,121,,
BigCodeBench,BigCodeBench/201,kern_compact,True,True,True,148,105,153,108,,
BigCodeBench,BigCodeBench/201,python_minifier,True,True,,148,113,153,116,,
BigCodeBench,BigCodeBench/202,python,True,True,True,238,238,249,249,,
BigCodeBench,BigCodeBench/202,kern,True,True,True,238,224,249,237,,
BigCodeBench,BigCodeBench/202,kern_compact,True,True,True,238,222,249,232,,
BigCodeBench,BigCodeBench/202,python_minifier,True,True,,238,229,249,239,,
BigCodeBench,BigCodeBench/203,python,True,True,True,231,231,234,234,,
BigCodeBench,BigCodeBench/203,kern,True,True,True,231,184,234,185,,
BigCodeBench,BigCodeBench/203,kern_compact,True,True,True,231,177,234,179,,
BigCodeBench,BigCodeBench/203,python_minifier,True,True,,231,183,234,184,,
BigCodeBench,BigCodeBench/204,python,True,True,True,119,119,121,121,,
BigCodeBench,BigCodeBench/204,kern,True,True,True,119,100,121,102,,
BigCodeBench,BigCodeBench/204,kern_compact,True,True,True,119,98,121,100,,
BigCodeBench,BigCodeBench/204,python_minifier,True,True,,119,99,121,101,,
BigCodeBench,BigCodeBench/205,python,True,True,True,92,92,92,92,,
BigCodeBench,BigCodeBench/205,kern,True,True,True,92,70,92,70,,
BigCodeBench,BigCodeBench/205,kern_compact,True,True,True,92,68,92,68,,
BigCodeBench,BigCodeBench/205,python_minifier,True,True,,92,71,92,71,,
BigCodeBench,BigCodeBench/206,python,True,True,True,110,110,113,113,,
BigCodeBench,BigCodeBench/206,kern,True,True,True,110,92,113,96,,
BigCodeBench,BigCodeBench/206,kern_compact,True,True,True,110,81,113,85,,
BigCodeBench,BigCodeBench/206,python_minifier,True,True,,110,84,113,87,,
BigCodeBench,BigCodeBench/207,python,True,True,True,39,39,39,39,,
BigCodeBench,BigCodeBench/207,kern,True,True,True,39,35,39,35,,
BigCodeBench,BigCodeBench/207,kern_compact,True,True,True,39,34,39,34,,
BigCodeBench,BigCodeBench/207,python_minifier,True,True,,39,35,39,35,,
BigCodeBench,BigCodeBench/208,python,True,True,True,144,144,147,147,,
BigCodeBench,BigCodeBench/208,kern,True,True,True,144,121,147,125,,
BigCodeBench,BigCodeBench/208,kern_compact,True,True,True,144,113,147,117,,
BigCodeBench,BigCodeBench/208,python_minifier,True,True,,144,118,147,121,,
BigCodeBench,BigCodeBench/209,python,True,True,True,122,122,122,122,,
BigCodeBench,BigCodeBench/209,kern,True,True,True,122,103,122,106,,
BigCodeBench,BigCodeBench/209,kern_compact,True,True,True,122,97,122,98,,
BigCodeBench,BigCodeBench/209,python_minifier,True,True,,122,98,122,99,,
BigCodeBench,BigCodeBench/210,python,True,True,True,155,155,156,156,,
BigCodeBench,BigCodeBench/210,kern,True,True,True,155,131,156,133,,
BigCodeBench,BigCodeBench/210,kern_compact,True,True,True,155,115,156,117,,
BigCodeBench,BigCodeBench/210,python_minifier,True,True,,155,116,156,118,,
BigCodeBench,BigCodeBench/211,python,True,True,True,126,126,128,128,,
BigCodeBench,BigCodeBench/211,kern,True,True,True,126,97,128,100,,
BigCodeBench,BigCodeBench/211,kern_compact,True,True,True,126,88,128,89,,
BigCodeBench,BigCodeBench/211,python_minifier,True,True,,126,97,128,97,,
BigCodeBench,BigCodeBench/212,python,True,True,True,132,132,132,132,,
BigCodeBench,BigCodeBench/212,kern,True,True,True,132,111,132,112,,
BigCodeBench,BigCodeBench/212,kern_compact,True,True,True,132,102,132,103,,
BigCodeBench,BigCodeBench/212,python_minifier,True,True,,132,103,132,104,,
BigCodeBench,BigCodeBench/213,python,True,True,True,136,136,132,132,,
BigCodeBench,BigCodeBench/213,kern,True,True,True,136,111,132,111,,
BigCodeBench,BigCodeBench/213,kern_compact,True,True,True,136,101,132,102,,
BigCodeBench,BigCodeBench/213,python_minifier,True,True,,136,101,132,102,,
BigCodeBench,BigCodeBench/214,python,True,True,True,175,175,177,177,,
BigCodeBench,BigCodeBench/214,kern,True,True,True,175,151,177,158,,
BigCodeBench,BigCodeBench/214,kern_compact,True,True,True,175,146,177,155,,
BigCodeBench,BigCodeBench/214,python_minifier,True,True,,175,154,177,160,,
BigCodeBench,BigCodeBench/215,python,True,True,True,113,113,116,116,,
BigCodeBench,BigCodeBench/215,kern,True,True,True,113,90,116,94,,
BigCodeBench,BigCodeBench/215,kern_compact,True,True,True,113,86,116,88,,
BigCodeBench,BigCodeBench/215,python_minifier,True,True,,113,86,116,88,,
BigCodeBench,BigCodeBench/216,python,True,True,True,110,110,110,110,,
BigCodeBench,BigCodeBench/216,kern,True,True,True,110,93,110,94,,
BigCodeBench,BigCodeBench/216,kern_compact,True,True,True,110,87,110,88,,
BigCodeBench,BigCodeBench/216,python_minifier,True,True,,110,90,110,91,,
BigCodeBench,BigCodeBench/217,python,True,True,True,193,193,194,194,,
BigCodeBench,BigCodeBench/217,kern,True,True,True,193,163,194,165,,
BigCodeBench,BigCodeBench/217,kern_compact,True,True,True,193,159,194,161,,
BigCodeBench,BigCodeBench/217,python_minifier,True,True,,193,161,194,163,,
BigCodeBench,BigCodeBench/218,python,True,True,True,224,224,232,232,,
BigCodeBench,BigCodeBench/218,kern,True,True,True,224,155,232,164,,
BigCodeBench,BigCodeBench/218,kern_compact,True,True,True,224,147,232,156,,
BigCodeBench,BigCodeBench/218,python_minifier,True,True,,224,150,232,157,,
BigCodeBench,BigCodeBench/219,python,True,True,True,132,132,136,136,,
BigCodeBench,BigCodeBench/219,kern,True,True,True,132,118,136,123,,
BigCodeBench,BigCodeBench/219,kern_compact,True,True,True,132,98,136,103,,
BigCodeBench,BigCodeBench/219,python_minifier,True,True,,132,100,136,105,,
BigCodeBench,BigCodeBench/220,python,True,True,True,86,86,86,86,,
BigCodeBench,BigCodeBench/220,kern,True,True,True,86,74,86,74,,
BigCodeBench,BigCodeBench/220,kern_compact,True,True,True,86,72,86,72,,
BigCodeBench,BigCodeBench/220,python_minifier,True,True,,86,76,86,76,,
BigCodeBench,BigCodeBench/221,python,True,True,True,169,169,170,170,,
BigCodeBench,BigCodeBench/221,kern,True,True,True,169,118,170,117,,
BigCodeBench,BigCodeBench/221,kern_compact,True,True,True,169,111,170,112,,
BigCodeBench,BigCodeBench/221,python_minifier,True,True,,169,114,170,114,,
BigCodeBench,BigCodeBench/222,python,True,True,True,105,105,104,104,,
BigCodeBench,BigCodeBench/222,kern,True,True,True,105,84,104,84,,
BigCodeBench,BigCodeBench/222,kern_compact,True,True,True,105,75,104,77,,
BigCodeBench,BigCodeBench/222,python_minifier,True,True,,105,75,104,77,,
BigCodeBench,BigCodeBench/223,python,True,True,True,152,152,156,156,,
BigCodeBench,BigCodeBench/223,kern,True,True,True,152,99,156,103,,
BigCodeBench,BigCodeBench/223,kern_compact,True,True,True,152,99,156,103,,
BigCodeBench,BigCodeBench/223,python_minifier,True,True,,152,112,156,116,,
BigCodeBench,BigCodeBench/224,python,True,True,True,248,248,251,251,,
BigCodeBench,BigCodeBench/224,kern,True,True,True,248,204,251,209,,
BigCodeBench,BigCodeBench/224,kern_compact,True,True,True,248,181,251,187,,
BigCodeBench,BigCodeBench/224,python_minifier,True,True,,248,186,251,192,,
BigCodeBench,BigCodeBench/225,python,True,True,True,123,123,127,127,,
BigCodeBench,BigCodeBench/225,kern,True,True,True,123,91,127,94,,
BigCodeBench,BigCodeBench/225,kern_compact,True,True,True,123,82,127,86,,
BigCodeBench,BigCodeBench/225,python_minifier,True,True,,123,88,127,92,,
BigCodeBench,BigCodeBench/226,python,True,True,True,138,138,138,138,,
BigCodeBench,BigCodeBench/226,kern,True,True,True,138,120,138,121,,
BigCodeBench,BigCodeBench/226,kern_compact,True,True,True,138,109,138,111,,
BigCodeBench,BigCodeBench/226,python_minifier,True,True,,138,111,138,113,,
BigCodeBench,BigCodeBench/227,python,True,True,True,247,247,250,250,,
BigCodeBench,BigCodeBench/227,kern,True,True,True,247,166,250,167,,
BigCodeBench,BigCodeBench/227,kern_compact,True,True,True,247,158,250,159,,
BigCodeBench,BigCodeBench/227,python_minifier,True,True,,247,161,250,162,,
BigCodeBench,BigCodeBench/228,python,True,True,True,120,120,125,125,,
BigCodeBench,BigCodeBench/228,kern,True,True,True,120,86,125,90,,
BigCodeBench,BigCodeBench/228,kern_compact,True,True,True,120,81,125,85,,
BigCodeBench,BigCodeBench/228,python_minifier,True,True,,120,85,125,89,,
BigCodeBench,BigCodeBench/229,python,True,True,True,193,193,195,195,,
BigCodeBench,BigCodeBench/229,kern,True,True,True,193,156,195,158,,
BigCodeBench,BigCodeBench/229,kern_compact,True,True,True,193,147,195,149,,
BigCodeBench,BigCodeBench/229,python_minifier,True,True,,193,152,195,154,,
BigCodeBench,BigCodeBench/230,python,True,True,True,173,173,175,175,,
BigCodeBench,BigCodeBench/230,kern,True,True,True,173,139,175,142,,
BigCodeBench,BigCodeBench/230,kern_compact,True,True,True,173,139,175,140,,
BigCodeBench,BigCodeBench/230,python_minifier,True,True,,173,150,175,151,,
BigCodeBench,BigCodeBench/231,python,True,True,True,274,274,277,277,,
BigCodeBench,BigCodeBench/231,kern,True,True,True,274,193,277,198,,
BigCodeBench,BigCodeBench/231,kern_compact,True,True,True,274,184,277,190,,
BigCodeBench,BigCodeBench/231,python_minifier,True,True,,274,187,277,193,,
BigCodeBench,BigCodeBench/232,python,True,True,True,93,93,96,96,,
BigCodeBench,BigCodeBench/232,kern,True,True,True,93,81,96,84,,
BigCodeBench,BigCodeBench/232,kern_compact,True,True,True,93,76,96,79,,
BigCodeBench,BigCodeBench/232,python_minifier,True,True,,93,80,96,83,,
BigCodeBench,BigCodeBench/233,python,True,True,True,161,161,162,162,,
BigCodeBench,BigCodeBench/233,kern,True,True,True,161,115,162,118,,
BigCodeBench,BigCodeBench/233,kern_compact,True,True,True,161,111,162,115,,
BigCodeBench,BigCodeBench/233,python_minifier,True,True,,161,121,162,125,,
BigCodeBench,BigCodeBench/234,python,True,True,True,181,181,184,184,,
BigCodeBench,BigCodeBench/234,kern,True,True,True,181,160,184,165,,
BigCodeBench,BigCodeBench/234,kern_compact,True,True,True,181,154,184,158,,
BigCodeBench,BigCodeBench/234,python_minifier,True,True,,181,157,184,162,,
BigCodeBench,BigCodeBench/235,python,True,True,True,261,261,262,262,,
BigCodeBench,BigCodeBench/235,kern,True,True,True,261,198,262,202,,
BigCodeBench,BigCodeBench/235,kern_compact,True,True,True,261,191,262,196,,
BigCodeBench,BigCodeBench/235,python_minifier,True,True,,261,195,262,197,,
BigCodeBench,BigCodeBench/236,python,True,True,True,166,166,171,171,,
BigCodeBench,BigCodeBench/236,kern,True,True,True,166,136,171,141,,
BigCodeBench,BigCodeBench/236,kern_compact,True,True,True,166,126,171,131,,
BigCodeBench,BigCodeBench/236,python_minifier,True,True,,166,137,171,141,,
BigCodeBench,BigCodeBench/237,python,True,True,True,169,169,173,173,,
BigCodeBench,BigCodeBench/237,kern,True,True,True,169,137,173,141,,
BigCodeBench,BigCodeBench/237,kern_compact,True,True,True,169,115,173,119,,
BigCodeBench,BigCodeBench/237,python_minifier,True,True,,169,123,173,125,,
BigCodeBench,BigCodeBench/238,python,True,True,True,128,128,128,128,,
BigCodeBench,BigCodeBench/238,kern,True,True,True,128,110,128,111,,
BigCodeBench,BigCodeBench/238,kern_compact,True,True,True,128,106,128,108,,
BigCodeBench,BigCodeBench/238,python_minifier,True,True,,128,113,128,115,,
BigCodeBench,BigCodeBench/239,python,True,True,True,215,215,215,215,,
BigCodeBench,BigCodeBench/239,kern,True,True,True,215,153,215,155,,
BigCodeBench,BigCodeBench/239,kern_compact,True,True,True,215,141,215,144,,
BigCodeBench,BigCodeBench/239,python_minifier,True,True,,215,149,215,152,,
BigCodeBench,BigCodeBench/240,python,True,True,True,81,81,82,82,,
BigCodeBench,BigCodeBench/240,kern,True,True,True,81,65,82,67,,
BigCodeBench,BigCodeBench/240,kern_compact,True,True,True,81,64,82,66,,
BigCodeBench,BigCodeBench/240,python_minifier,True,True,,81,66,82,68,,
BigCodeBench,BigCodeBench/241,python,True,True,True,139,139,139,139,,
BigCodeBench,BigCodeBench/241,kern,True,True,True,139,97,139,98,,
BigCodeBench,BigCodeBench/241,kern_compact,True,True,True,139,86,139,88,,
BigCodeBench,BigCodeBench/241,python_minifier,True,True,,139,88,139,90,,
BigCodeBench,BigCodeBench/242,python,True,True,True,214,214,226,226,,
BigCodeBench,BigCodeBench/242,kern,True,True,True,214,189,226,203,,
BigCodeBench,BigCodeBench/242,kern_compact,True,True,True,214,167,226,181,,
BigCodeBench,BigCodeBench/242,python_minifier,True,True,,214,169,226,183,,
BigCodeBench,BigCodeBench/243,python,True,True,True,104,104,106,106,,
BigCodeBench,BigCodeBench/243,kern,True,True,True,104,82,106,86,,
BigCodeBench,BigCodeBench/243,kern_compact,True,True,True,104,80,106,84,,
BigCodeBench,BigCodeBench/243,python_minifier,True,True,,104,87,106,90,,
BigCodeBench,BigCodeBench/244,python,True,True,True,92,92,93,93,,
BigCodeBench,BigCodeBench/244,kern,True,True,True,92,78,93,80,,
BigCodeBench,BigCodeBench/244,kern_compact,True,True,True,92,69,93,71,,
BigCodeBench,BigCodeBench/244,python_minifier,True,True,,92,70,93,72,,
BigCodeBench,BigCodeBench/245,python,True,True,True,126,126,127,127,,
BigCodeBench,BigCodeBench/245,kern,True,True,True,126,107,127,109,,
BigCodeBench,BigCodeBench/245,kern_compact,True,True,True,126,102,127,104,,
BigCodeBench,BigCodeBench/245,python_minifier,True,True,,126,104,127,106,,
BigCodeBench,BigCodeBench/246,python,True,True,True,154,154,154,154,,
BigCodeBench,BigCodeBench/246,kern,True,True,True,154,132,154,136,,
BigCodeBench,BigCodeBench/246,kern_compact,True,True,True,154,108,154,113,,
BigCodeBench,BigCodeBench/246,python_minifier,True,True,,154,109,154,113,,
BigCodeBench,BigCodeBench/247,python,True,True,True,146,146,149,149,,
BigCodeBench,BigCodeBench/247,kern,True,True,True,146,123,149,127,,
BigCodeBench,BigCodeBench/247,kern_compact,True,True,True,146,115,149,119,,
BigCodeBench,BigCodeBench/247,python_minifier,True,True,,146,123,149,128,,
BigCodeBench,BigCodeBench/248,python,True,True,True,107,107,108,108,,
BigCodeBench,BigCodeBench/248,kern,True,True,True,107,91,108,92,,
BigCodeBench,BigCodeBench/248,kern_compact,True,True,True,107,79,108,82,,
BigCodeBench,BigCodeBench/248,python_minifier,True,True,,107,81,108,84,,
BigCodeBench,BigCodeBench/249,python,True,True,True,109,109,110,110,,
BigCodeBench,BigCodeBench/249,kern,True,True,True,109,88,110,90,,
BigCodeBench,BigCodeBench/249,kern_compact,True,True,True,109,81,110,83,,
BigCodeBench,BigCodeBench/249,python_minifier,True,True,,109,83,110,85,,
BigCodeBench,BigCodeBench/250,python,True,True,True,114,114,114,114,,
BigCodeBench,BigCodeBench/250,kern,True,True,True,114,101,114,101,,
BigCodeBench,BigCodeBench/250,kern_compact,True,True,True,114,87,114,88,,
BigCodeBench,BigCodeBench/250,python_minifier,True,True,,114,88,114,89,,
BigCodeBench,BigCodeBench/251,python,True,True,True,133,133,136,136,,
BigCodeBench,BigCodeBench/251,kern,True,True,True,133,113,136,119,,
BigCodeBench,BigCodeBench/251,kern_compact,True,True,True,133,107,136,114,,
BigCodeBench,BigCodeBench/251,python_minifier,True,True,,133,108,136,115,,
BigCodeBench,BigCodeBench/252,python,True,True,True,90,90,91,91,,
BigCodeBench,BigCodeBench/252,kern,True,True,True,90,71,91,72,,
BigCodeBench,BigCodeBench/252,kern_compact,True,True,True,90,70,91,71,,
BigCodeBench,BigCodeBench/252,python_minifier,True,True,,90,72,91,73,,
BigCodeBench,BigCodeBench/253,python,True,True,True,108,108,109,109,,
BigCodeBench,BigCodeBench/253,kern,True,True,True,108,81,109,82,,
BigCodeBench,BigCodeBench/253,kern_compact,True,True,True,108,80,109,81,,
BigCodeBench,BigCodeBench/253,python_minifier,True,True,,108,81,109,82,,
BigCodeBench,BigCodeBench/254,python,True,True,True,66,66,66,66,,
BigCodeBench,BigCodeBench/254,kern,True,True,True,66,35,66,35,,
BigCodeBench,BigCodeBench/254,kern_compact,True,True,True,66,31,66,31,,
BigCodeBench,BigCodeBench/254,python_minifier,True,True,,66,33,66,33,,
BigCodeBench,BigCodeBench/255,python,True,True,True,110,110,111,111,,
BigCodeBench,BigCodeBench/255,kern,True,True,True,110,90,111,92,,
BigCodeBench,BigCodeBench/255,kern_compact,True,True,True,110,89,111,91,,
BigCodeBench,BigCodeBench/255,python_minifier,True,True,,110,95,111,97,,
BigCodeBench,BigCodeBench/256,python,True,True,True,232,232,232,232,,
BigCodeBench,BigCodeBench/256,kern,True,True,False,232,152,232,155,ast,normalized AST differs
BigCodeBench,BigCodeBench/256,kern_compact,True,True,False,232,136,232,139,ast,normalized AST differs
BigCodeBench,BigCodeBench/256,python_minifier,True,True,,232,141,232,144,,
BigCodeBench,BigCodeBench/257,python,True,True,True,67,67,67,67,,
BigCodeBench,BigCodeBench/257,kern,True,True,True,67,52,67,53,,
BigCodeBench,BigCodeBench/257,kern_compact,True,True,True,67,51,67,52,,
BigCodeBench,BigCodeBench/257,python_minifier,True,True,,67,53,67,54,,
BigCodeBench,BigCodeBench/258,python,True,True,True,280,280,275,275,,
BigCodeBench,BigCodeBench/258,kern,True,True,True,280,183,275,188,,
BigCodeBench,BigCodeBench/258,kern_compact,True,True,True,280,180,275,185,,
BigCodeBench,BigCodeBench/258,python_minifier,True,True,,280,213,275,210,,
BigCodeBench,BigCodeBench/259,python,True,True,True,85,85,86,86,,
BigCodeBench,BigCodeBench/259,kern,True,True,True,85,69,86,71,,
BigCodeBench,BigCodeBench/259,kern_compact,True,True,True,85,68,86,70,,
BigCodeBench,BigCodeBench/259,python_minifier,True,True,,85,70,86,72,,
BigCodeBench,BigCodeBench/260,python,True,True,True,119,119,119,119,,
BigCodeBench,BigCodeBench/260,kern,True,True,True,119,95,119,95,,
BigCodeBench,BigCodeBench/260,kern_compact,True,True,True,119,90,119,90,,
BigCodeBench,BigCodeBench/260,python_minifier,True,True,,119,93,119,93,,
BigCodeBench,BigCodeBench/261,python,True,True,True,101,101,103,103,,
BigCodeBench,BigCodeBench/261,kern,True,True,True,101,85,103,87,,
BigCodeBench,BigCodeBench/261,kern_compact,True,True,True,101,84,103,86,,
BigCodeBench,BigCodeBench/261,python_minifier,True,True,,101,88,103,90,,
BigCodeBench,BigCodeBench/262,python,True,True,True,108,108,109,109,,
BigCodeBench,BigCodeBench/262,kern,True,True,True,108,76,109,77,,
BigCodeBench,BigCodeBench/262,kern_compact,True,True,True,108,72,109,72,,
BigCodeBench,BigCodeBench/262,python_minifier,True,True,,108,77,109,77,,
BigCodeBench,BigCodeBench/263,python,True,True,True,140,140,143,143,,
BigCodeBench,BigCodeBench/263,kern,True,True,True,140,116,143,118,,
BigCodeBench,BigCodeBench/263,kern_compact,True,True,True,140,107,143,109,,
BigCodeBench,BigCodeBench/263,python_minifier,True,True,,140,110,143,112,,
BigCodeBench,BigCodeBench/264,python,True,True,True,158,158,160,160,,
BigCodeBench,BigCodeBench/264,kern,True,True,True,158,99,160,103,,
BigCodeBench,BigCodeBench/264,kern_compact,True,True,True,158,96,160,101,,
BigCodeBench,BigCodeBench/264,python_minifier,True,True,,158,106,160,110,,
BigCodeBench,BigCodeBench/265,python,True,True,True,138,138,138,138,,
BigCodeBench,BigCodeBench/265,kern,True,True,True,138,81,138,81,,
BigCodeBench,BigCodeBench/265,kern_compact,True,True,True,138,68,138,68,,
BigCodeBench,BigCodeBench/265,python_minifier,True,True,,138,72,138,72,,
BigCodeBench,BigCodeBench/266,python,True,True,True,145,145,147,147,,
BigCodeBench,BigCodeBench/266,kern,True,True,True,145,124,147,126,,
BigCodeBench,BigCodeBench/266,kern_compact,True,True,True,145,113,147,114,,
BigCodeBench,BigCodeBench/266,python_minifier,True,True,,145,118,147,118,,
BigCodeBench,BigCodeBench/267,python,True,True,True,191,191,192,192,,
BigCodeBench,BigCodeBench/267,kern,True,True,True,191,123,192,125,,
BigCodeBench,BigCodeBench/267,kern_compact,True,True,True,191,119,192,121,,
BigCodeBench,BigCodeBench/267,python_minifier,True,True,,191,120,192,122,,
BigCodeBench,BigCodeBench/268,python,True,True,True,100,100,100,100,,
BigCodeBench,BigCodeBench/268,kern,True,True,True,100,78,100,79,,
BigCodeBench,BigCodeBench/268,kern_compact,True,True,True,100,77,100,78,,
BigCodeBench,BigCodeBench/268,python_minifier,True,True,,100,77,100,78,,
BigCodeBench,BigCodeBench/269,python,True,True,True,236,236,239,239,,
BigCodeBench,BigCodeBench/269,kern,True,True,True,236,162,239,167,,
BigCodeBench,BigCodeBench/269,kern_compact,True,True,True,236,149,239,153,,
BigCodeBench,BigCodeBench/269,python_minifier,True,True,,236,152,239,155,,
BigCodeBench,BigCodeBench/270,python,True,True,True,36,36,36,36,,
BigCodeBench,BigCodeBench/270,kern,True,True,True,36,31,36,31,,
BigCodeBench,BigCodeBench/270,kern_compact,True,True,True,36,31,36,31,,
BigCodeBench,BigCodeBench/270,python_minifier,True,True,,36,32,36,32,,
BigCodeBench,BigCodeBench/271,python,True,True,True,157,157,161,161,,
BigCodeBench,BigCodeBench/271,kern,True,True,False,157,97,161,100,ast,normalized AST differs
BigCodeBench,BigCodeBench/271,kern_compact,True,True,False,157,89,161,92,ast,normalized AST differs
BigCodeBench,BigCodeBench/271,python_minifier,True,True,,157,86,161,89,,
BigCodeBench,BigCodeBench/272,python,True,True,True,287,287,291,291,,
BigCodeBench,BigCodeBench/272,kern,True,True,True,287,198,291,200,,
BigCodeBench,BigCodeBench/272,kern_compact,True,True,True,287,184,291,184,,
BigCodeBench,BigCodeBench/272,python_minifier,True,True,,287,200,291,200,,
BigCodeBench,BigCodeBench/273,python,True,True,True,235,235,239,239,,
BigCodeBench,BigCodeBench/273,kern,True,True,True,235,185,239,188,,
BigCodeBench,BigCodeBench/273,kern_compact,True,True,True,235,178,239,178,,
BigCodeBench,BigCodeBench/273,python_minifier,True,True,,235,202,239,202,,
BigCodeBench,BigCodeBench/274,python,True,True,True,318,318,325,325,,
BigCodeBench,BigCodeBench/274,kern,True,True,True,318,270,325,275,,
BigCodeBench,BigCodeBench/274,kern_compact,True,True,True,318,254,325,256,,
BigCodeBench,BigCodeBench/274,python_minifier,True,True,,318,270,325,273,,
BigCodeBench,BigCodeBench/275,python,True,True,True,60,60,61,61,,
BigCodeBench,BigCodeBench/275,kern,True,True,True,60,47,61,48,,
BigCodeBench,BigCodeBench/275,kern_compact,True,True,True,60,47,61,48,,
BigCodeBench,BigCodeBench/275,python_minifier,True,True,,60,49,61,50,,
BigCodeBench,BigCodeBench/276,python,True,True,True,152,152,151,151,,
BigCodeBench,BigCodeBench/276,kern,True,True,True,152,128,151,132,,
BigCodeBench,BigCodeBench/276,kern_compact,True,True,True,152,109,151,113,,
BigCodeBench,BigCodeBench/276,python_minifier,True,True,,152,110,151,114,,
BigCodeBench,BigCodeBench/277,python,True,True,True,93,93,93,93,,
BigCodeBench,BigCodeBench/277,kern,True,True,True,93,80,93,82,,
BigCodeBench,BigCodeBench/277,kern_compact,True,True,True,93,79,93,81,,
BigCodeBench,BigCodeBench/277,python_minifier,True,True,,93,79,93,81,,
BigCodeBench,BigCodeBench/278,python,True,True,True,133,133,133,133,,
BigCodeBench,BigCodeBench/278,kern,True,True,True,133,112,133,112,,
BigCodeBench,BigCodeBench/278,kern_compact,True,True,True,133,107,133,108,,
BigCodeBench,BigCodeBench/278,python_minifier,True,True,,133,110,133,113,,
BigCodeBench,BigCodeBench/279,python,True,True,True,107,107,107,107,,
BigCodeBench,BigCodeBench/279,kern,True,True,True,107,81,107,81,,
BigCodeBench,BigCodeBench/279,kern_compact,True,True,True,107,74,107,74,,
BigCodeBench,BigCodeBench/279,python_minifier,True,True,,107,76,107,76,,
BigCodeBench,BigCodeBench/280,python,True,True,True,139,139,140,140,,
BigCodeBench,BigCodeBench/280,kern,True,True,True,139,119,140,121,,
BigCodeBench,BigCodeBench/280,kern_compact,True,True,True,139,101,140,104,,
BigCodeBench,BigCodeBench/280,python_minifier,True,True,,139,106,140,109,,
BigCodeBench,BigCodeBench/281,python,True,True,True,118,118,118,118,,
BigCodeBench,BigCodeBench/281,kern,True,True,True,118,105,118,107,,
BigCodeBench,BigCodeBench/281,kern_compact,True,True,True,118,101,118,102,,
BigCodeBench,BigCodeBench/281,python_minifier,True,True,,118,103,118,104,,
BigCodeBench,BigCodeBench/282,python,True,True,True,164,164,169,169,,
BigCodeBench,BigCodeBench/282,kern,True,True,True,164,135,169,140,,
BigCodeBench,BigCodeBench/282,kern_compact,True,True,True,164,131,169,138,,
BigCodeBench,BigCodeBench/282,python_minifier,True,True,,164,133,169,140,,
BigCodeBench,BigCodeBench/283,python,True,True,True,102,102,102,102,,
BigCodeBench,BigCodeBench/283,kern,True,True,True,102,88,102,89,,
BigCodeBench,BigCodeBench/283,kern_compact,True,True,True,102,79,102,79,,
BigCodeBench,BigCodeBench/283,python_minifier,True,True,,102,84,102,84,,
BigCodeBench,BigCodeBench/284,python,True,True,True,75,75,77,77,,
BigCodeBench,BigCodeBench/284,kern,True,True,True,75,67,77,68,,
BigCodeBench,BigCodeBench/284,kern_compact,True,True,True,75,66,77,66,,
BigCodeBench,BigCodeBench/284,python_minifier,True,True,,75,68,77,69,,
BigCodeBench,BigCodeBench/285,python,True,True,True,91,91,94,94,,
BigCodeBench,BigCodeBench/285,kern,True,True,True,91,78,94,80,,
BigCodeBench,BigCodeBench/285,kern_compact,True,True,True,91,76,94,78,,
BigCodeBench,BigCodeBench/285,python_minifier,True,True,,91,79,94,80,,
BigCodeBench,BigCodeBench/286,python,True,True,True,167,167,167,167,,
BigCodeBench,BigCodeBench/286,kern,True,True,True,167,137,167,137,,
BigCodeBench,BigCodeBench/286,kern_compact,True,True,True,167,124,167,125,,
BigCodeBench,BigCodeBench/286,python_minifier,True,True,,167,131,167,131,,
BigCodeBench,BigCodeBench/287,python,True,True,True,123,123,123,123,,
BigCodeBench,BigCodeBench/287,kern,True,True,True,123,103,123,103,,
BigCodeBench,BigCodeBench/287,kern_compact,True,True,True,123,89,123,89,,
BigCodeBench,BigCodeBench/287,python_minifier,True,True,,123,95,123,95,,
BigCodeBench,BigCodeBench/288,python,True,True,True,100,100,100,100,,
BigCodeBench,BigCodeBench/288,kern,True,True,True,100,82,100,83,,
BigCodeBench,BigCodeBench/288,kern_compact,True,True,True,100,72,100,72,,
BigCodeBench,BigCodeBench/288,python_minifier,True,True,,100,78,100,78,,
BigCodeBench,BigCodeBench/289,python,True,True,True,202,202,211,211,,
BigCodeBench,BigCodeBench/289,kern,True,True,True,202,170,211,178,,
BigCodeBench,BigCodeBench/289,kern_compact,True,True,True,202,151,211,157,,
BigCodeBench,BigCodeBench/289,python_minifier,True,True,,202,156,211,164,,
BigCodeBench,BigCodeBench/290,python,True,True,True,124,124,125,125,,
BigCodeBench,BigCodeBench/290,kern,True,True,True,124,108,125,109,,
BigCodeBench,BigCodeBench/290,kern_compact,True,True,True,124,102,125,103,,
BigCodeBench,BigCodeBench/290,python_minifier,True,True,,124,107,125,108,,
BigCodeBench,BigCodeBench/291,python,True,True,True,108,108,110,110,,
BigCodeBench,BigCodeBench/291,kern,True,True,True,108,67,110,69,,
BigCodeBench,BigCodeBench/291,kern_compact,True,True,True,108,64,110,64,,
BigCodeBench,BigCodeBench/291,python_minifier,True,True,,108,65,110,65,,
BigCodeBench,BigCodeBench/292,python,True,True,True,140,140,142,142,,
BigCodeBench,BigCodeBench/292,kern,True,True,True,140,94,142,97,,
BigCodeBench,BigCodeBench/292,kern_compact,True,True,True,140,85,142,88,,
BigCodeBench,BigCodeBench/292,python_minifier,True,True,,140,88,142,91,,
BigCodeBench,BigCodeBench/293,python,True,True,True,96,96,97,97,,
BigCodeBench,BigCodeBench/293,kern,True,True,True,96,83,97,85,,
BigCodeBench,BigCodeBench/293,kern_compact,True,True,True,96,73,97,76,,
BigCodeBench,BigCodeBench/293,python_minifier,True,True,,96,74,97,77,,
BigCodeBench,BigCodeBench/294,python,True,True,True,78,78,80,80,,
BigCodeBench,BigCodeBench/294,kern,True,True,True,78,67,80,69,,
BigCodeBench,BigCodeBench/294,kern_compact,True,True,True,78,65,80,67,,
BigCodeBench,BigCodeBench/294,python_minifier,True,True,,78,68,80,70,,
BigCodeBench,BigCodeBench/295,python,True,True,True,81,81,82,82,,
BigCodeBench,BigCodeBench/295,kern,True,True,True,81,60,82,61,,
BigCodeBench,BigCodeBench/295,kern_compact,True,True,True,81,53,82,54,,
BigCodeBench,BigCodeBench/295,python_minifier,True,True,,81,54,82,55,,
BigCodeBench,BigCodeBench/296,python,True,True,True,86,86,90,90,,
BigCodeBench,BigCodeBench/296,kern,True,True,True,86,73,90,78,,
BigCodeBench,BigCodeBench/296,kern_compact,True,True,True,86,69,90,75,,
BigCodeBench,BigCodeBench/296,python_minifier,True,True,,86,70,90,76,,
BigCodeBench,BigCodeBench/297,python,True,True,True,47,47,47,47,,
BigCodeBench,BigCodeBench/297,kern,True,True,True,47,43,47,43,,
BigCodeBench,BigCodeBench/297,kern_compact,True,True,True,47,38,47,38,,
BigCodeBench,BigCodeBench/297,python_minifier,True,True,,47,39,47,39,,
BigCodeBench,BigCodeBench/298,python,True,True,True,152,152,153,153,,
BigCodeBench,BigCodeBench/298,kern,True,True,True,152,132,153,132,,
BigCodeBench,BigCodeBench/298,kern_compact,True,True,True,152,129,153,129,,
BigCodeBench,BigCodeBench/298,python_minifier,True,True,,152,138,153,138,,
BigCodeBench,BigCodeBench/299,python,True,True,True,119,119,120,120,,
BigCodeBench,BigCodeBench/299,kern,True,True,True,119,103,120,107,,
BigCodeBench,BigCodeBench/299,kern_compact,True,True,True,119,88,120,91,,
BigCodeBench,BigCodeBench/299,python_minifier,True,True,,119,95,120,97,,
BigCodeBench,BigCodeBench/300,python,True,True,True,136,136,136,136,,
BigCodeBench,BigCodeBench/300,kern,True,True,True,136,119,136,120,,
BigCodeBench,BigCodeBench/300,kern_compact,True,True,True,136,117,136,118,,
BigCodeBench,BigCodeBench/300,python_minifier,True,True,,136,120,136,121,,
BigCodeBench,BigCodeBench/301,python,True,True,True,182,182,185,185,,
BigCodeBench,BigCodeBench/301,kern,True,True,True,182,168,185,168,,
BigCodeBench,BigCodeBench/301,kern_compact,True,True,True,182,140,185,143,,
BigCodeBench,BigCodeBench/301,python_minifier,True,True,,182,142,185,144,,
BigCodeBench,BigCodeBench/302,python,True,True,True,167,167,172,172,,
BigCodeBench,BigCodeBench/302,kern,True,True,True,167,140,172,145,,
BigCodeBench,BigCodeBench/302,kern_compact,True,True,True,167,134,172,136,,
BigCodeBench,BigCodeBench/302,python_minifier,True,True,,167,147,172,149,,
BigCodeBench,BigCodeBench/303,python,True,True,True,192,192,194,194,,
BigCodeBench,BigCodeBench/303,kern,True,True,True,192,174,194,175,,
BigCodeBench,BigCodeBench/303,kern_compact,True,True,True,192,148,194,150,,
BigCodeBench,BigCodeBench/303,python_minifier,True,True,,192,150,194,151,,
BigCodeBench,BigCodeBench/304,python,True,True,True,186,186,194,194,,
BigCodeBench,BigCodeBench/304,kern,True,True,True,186,142,194,152,,
BigCodeBench,BigCodeBench/304,kern_compact,True,True,True,186,127,194,130,,
BigCodeBench,BigCodeBench/304,python_minifier,True,True,,186,133,194,136,,
BigCodeBench,BigCodeBench/305,python,True,True,True,93,93,92,92,,
BigCodeBench,BigCodeBench/305,kern,True,True,True,93,81,92,77,,
BigCodeBench,BigCodeBench/305,kern_compact,True,True,True,93,69,92,67,,
BigCodeBench,BigCodeBench/305,python_minifier,True,True,,93,74,92,72,,
BigCodeBench,BigCodeBench/306,python,True,True,True,197,197,204,204,,
BigCodeBench,BigCodeBench/306,kern,True,True,True,197,148,204,154,,
BigCodeBench,BigCodeBench/306,kern_compact,True,True,True,197,137,204,143,,
BigCodeBench,BigCodeBench/306,python_minifier,True,True,,197,142,204,148,,
BigCodeBench,BigCodeBench/307,python,True,True,True,97,97,98,98,,
BigCodeBench,BigCodeBench/307,kern,True,True,True,97,75,98,76,,
BigCodeBench,BigCodeBench/307,kern_compact,True,True,True,97,71,98,73,,
BigCodeBench,BigCodeBench/307,python_minifier,True,True,,97,75,98,77,,
BigCodeBench,BigCodeBench/308,python,True,True,True,197,197,199,199,,
BigCodeBench,BigCodeBench/308,kern,True,True,True,197,121,199,123,,
BigCodeBench,BigCodeBench/308,kern_compact,True,True,True,197,116,199,118,,
BigCodeBench,BigCodeBench/308,python_minifier,True,True,,197,117,199,119,,
BigCodeBench,BigCodeBench/309,python,True,True,True,159,159,159,159,,
BigCodeBench,BigCodeBench/309,kern,True,True,True,159,118,159,120,,
BigCodeBench,BigCodeBench/309,kern_compact,True,True,True,159,100,159,103,,
BigCodeBench,BigCodeBench/309,python_minifier,True,True,,159,104,159,105,,
BigCodeBench,BigCodeBench/310,python,True,True,True,190,190,191,191,,
BigCodeBench,BigCodeBench/310,kern,True,True,True,190,159,191,161,,
BigCodeBench,BigCodeBench/310,kern_compact,True,True,True,190,154,191,156,,
BigCodeBench,BigCodeBench/310,python_minifier,True,True,,190,155,191,157,,
BigCodeBench,BigCodeBench/311,python,True,True,True,109,109,110,110,,
BigCodeBench,BigCodeBench/311,kern,True,True,True,109,87,110,88,,
BigCodeBench,BigCodeBench/311,kern_compact,True,True,True,109,84,110,85,,
BigCodeBench,BigCodeBench/311,python_minifier,True,True,,109,86,110,87,,
BigCodeBench,BigCodeBench/312,python,True,True,True,75,75,77,77,,
BigCodeBench,BigCodeBench/312,kern,True,True,True,75,62,77,66,,
BigCodeBench,BigCodeBench/312,kern_compact,True,True,True,75,59,77,64,,
BigCodeBench,BigCodeBench/312,python_minifier,True,True,,75,62,77,67,,
BigCodeBench,BigCodeBench/313,python,True,True,True,200,200,203,203,,
BigCodeBench,BigCodeBench/313,kern,True,True,True,200,178,203,184,,
BigCodeBench,BigCodeBench/313,kern_compact,True,True,True,200,154,203,158,,
BigCodeBench,BigCodeBench/313,python_minifier,True,True,,200,165,203,169,,
BigCodeBench,BigCodeBench/314,python,True,True,True,102,102,102,102,,
BigCodeBench,BigCodeBench/314,kern,True,True,True,102,91,102,91,,
BigCodeBench,BigCodeBench/314,kern_compact,True,True,True,102,89,102,88,,
BigCodeBench,BigCodeBench/314,python_minifier,True,True,,102,90,102,89,,
BigCodeBench,BigCodeBench/315,python,True,True,True,202,202,206,206,,
BigCodeBench,BigCodeBench/315,kern,True,True,True,202,165,206,168,,
BigCodeBench,BigCodeBench/315,kern_compact,True,True,True,202,165,206,168,,
BigCodeBench,BigCodeBench/315,python_minifier,True,True,,202,158,206,163,,
BigCodeBench,BigCodeBench/316,python,True,True,True,79,79,80,80,,
BigCodeBench,BigCodeBench/316,kern,True,True,True,79,61,80,62,,
BigCodeBench,BigCodeBench/316,kern_compact,True,True,True,79,59,80,60,,
BigCodeBench,BigCodeBench/316,python_minifier,True,True,,79,61,80,62,,
BigCodeBench,BigCodeBench/317,python,True,True,True,114,114,119,119,,
BigCodeBench,BigCodeBench/317,kern,True,True,True,114,96,119,100,,
BigCodeBench,BigCodeBench/317,kern_compact,True,True,True,114,79,119,83,,
BigCodeBench,BigCodeBench/317,python_minifier,True,True,,114,81,119,86,,
BigCodeBench,BigCodeBench/318,python,True,True,True,108,108,109,109,,
BigCodeBench,BigCodeBench/318,kern,True,True,True,108,94,109,101,,
BigCodeBench,BigCodeBench/318,kern_compact,True,True,True,108,91,109,99,,
BigCodeBench,BigCodeBench/318,python_minifier,True,True,,108,96,109,104,,
BigCodeBench,BigCodeBench/319,python,True,True,True,140,140,141,141,,
BigCodeBench,BigCodeBench/319,kern,True,True,True,140,107,141,109,,
BigCodeBench,BigCodeBench/319,kern_compact,True,True,True,140,96,141,98,,
BigCodeBench,BigCodeBench/319,python_minifier,True,True,,140,100,141,103,,
BigCodeBench,BigCodeBench/320,python,True,True,True,91,91,91,91,,
BigCodeBench,BigCodeBench/320,kern,True,True,True,91,58,91,60,,
BigCodeBench,BigCodeBench/320,kern_compact,True,True,True,91,54,91,56,,
BigCodeBench,BigCodeBench/320,python_minifier,True,True,,91,54,91,54,,
BigCodeBench,BigCodeBench/321,python,True,True,True,215,215,209,209,,
BigCodeBench,BigCodeBench/321,kern,True,True,True,215,154,209,153,,
BigCodeBench,BigCodeBench/321,kern_compact,True,True,True,215,117,209,117,,
BigCodeBench,BigCodeBench/321,python_minifier,True,True,,215,124,209,127,,
BigCodeBench,BigCodeBench/322,python,True,True,True,186,186,187,187,,
BigCodeBench,BigCodeBench/322,kern,True,True,True,186,139,187,142,,
BigCodeBench,BigCodeBench/322,kern_compact,True,True,True,186,131,187,134,,
BigCodeBench,BigCodeBench/322,python_minifier,True,True,,186,137,187,138,,
BigCodeBench,BigCodeBench/323,python,True,True,True,182,182,185,185,,
BigCodeBench,BigCodeBench/323,kern,True,True,True,182,168,185,174,,
BigCodeBench,BigCodeBench/323,kern_compact,True,True,True,182,156,185,161,,
BigCodeBench,BigCodeBench/323,python_minifier,True,True,,182,154,185,157,,
BigCodeBench,BigCodeBench/324,python,True,True,True,134,134,134,134,,
BigCodeBench,BigCodeBench/324,kern,True,True,True,134,83,134,83,,
BigCodeBench,BigCodeBench/324,kern_compact,True,True,True,134,74,134,74,,
BigCodeBench,BigCodeBench/324,python_minifier,True,True,,134,71,134,71,,
BigCodeBench,BigCodeBench/325,python,True,True,True,125,125,125,125,,
BigCodeBench,BigCodeBench/325,kern,True,True,True,125,100,125,101,,
BigCodeBench,BigCodeBench/325,kern_compact,True,True,True,125,88,125,89,,
BigCodeBench,BigCodeBench/325,python_minifier,True,True,,125,86,125,87,,
BigCodeBench,BigCodeBench/326,python,True,True,True,123,123,123,123,,
BigCodeBench,BigCodeBench/326,kern,True,True,True,123,111,123,111,,
BigCodeBench,BigCodeBench/326,kern_compact,True,True,True,123,98,123,99,,
BigCodeBench,BigCodeBench/326,python_minifier,True,True,,123,99,123,99,,
BigCodeBench,BigCodeBench/327,python,True,True,True,90,90,90,90,,
BigCodeBench,BigCodeBench/327,kern,True,True,True,90,80,90,81,,
BigCodeBench,BigCodeBench/327,kern_compact,True,True,True,90,77,90,78,,
BigCodeBench,BigCodeBench/327,python_minifier,True,True,,90,77,90,78,,
BigCodeBench,BigCodeBench/328,python,True,True,True,165,165,169,169,,
BigCodeBench,BigCodeBench/328,kern,True,True,True,165,138,169,145,,
BigCodeBench,BigCodeBench/328,kern_compact,True,True,True,165,103,169,109,,
BigCodeBench,BigCodeBench/328,python_minifier,True,True,,165,106,169,111,,
BigCodeBench,BigCodeBench/329,python,True,True,True,86,86,86,86,,
BigCodeBench,BigCodeBench/329,kern,True,True,True,86,69,86,69,,
BigCodeBench,BigCodeBench/329,kern_compact,True,True,True,86,65,86,65,,
BigCodeBench,BigCodeBench/329,python_minifier,True,True,,86,66,86,66,,
BigCodeBench,BigCodeBench/330,python,True,True,True,62,62,64,64,,
BigCodeBench,BigCodeBench/330,kern,True,True,True,62,55,64,55,,
BigCodeBench,BigCodeBench/330,kern_compact,True,True,True,62,49,64,50,,
BigCodeBench,BigCodeBench/330,python_minifier,True,True,,62,47,64,48,,
BigCodeBench,BigCodeBench/331,python,True,True,True,72,72,72,72,,
BigCodeBench,BigCodeBench/331,kern,True,True,True,72,58,72,59,,
BigCodeBench,BigCodeBench/331,kern_compact,True,True,True,72,52,72,53,,
BigCodeBench,BigCodeBench/331,python_minifier,True,True,,72,53,72,54,,
BigCodeBench,BigCodeBench/332,python,True,True,True,78,78,79,79,,
BigCodeBench,BigCodeBench/332,kern,True,True,True,78,67,79,68,,
BigCodeBench,BigCodeBench/332,kern_compact,True,True,True,78,63,79,64,,
BigCodeBench,BigCodeBench/332,python_minifier,True,True,,78,62,79,63,,
BigCodeBench,BigCodeBench/333,python,True,True,True,73,73,76,76,,
BigCodeBench,BigCodeBench/333,kern,True,True,True,73,63,76,65,,
BigCodeBench,BigCodeBench/333,kern_compact,True,True,True,73,56,76,58,,
BigCodeBench,BigCodeBench/333,python_minifier,True,True,,73,57,76,59,,
BigCodeBench,BigCodeBench/334,python,True,True,True,80,80,89,89,,
BigCodeBench,BigCodeBench/334,kern,True,True,True,80,70,89,79,,
BigCodeBench,BigCodeBench/334,kern_compact,True,True,True,80,59,89,68,,
BigCodeBench,BigCodeBench/334,python_minifier,True,True,,80,61,89,70,,
BigCodeBench,BigCodeBench/335,python,True,True,True,133,133,135,135,,
BigCodeBench,BigCodeBench/335,kern,True,True,True,133,111,135,112,,
BigCodeBench,BigCodeBench/335,kern_compact,True,True,True,133,104,135,106,,
BigCodeBench,BigCodeBench/335,python_minifier,True,True,,133,107,135,108,,
BigCodeBench,BigCodeBench/336,python,True,True,True,93,93,93,93,,
BigCodeBench,BigCodeBench/336,kern,True,True,True,93,82,93,82,,
BigCodeBench,BigCodeBench/336,kern_compact,True,True,True,93,76,93,76,,
BigCodeBench,BigCodeBench/336,python_minifier,True,True,,93,80,93,81,,
BigCodeBench,BigCodeBench/337,python,True,True,True,232,232,235,235,,
BigCodeBench,BigCodeBench/337,kern,True,True,True,232,156,235,159,,
BigCodeBench,BigCodeBench/337,kern_compact,True,True,True,232,144,235,149,,
BigCodeBench,BigCodeBench/337,python_minifier,True,True,,232,146,235,150,,
BigCodeBench,BigCodeBench/338,python,True,True,True,166,166,170,170,,
BigCodeBench,BigCodeBench/338,kern,True,True,True,166,123,170,128,,
BigCodeBench,BigCodeBench/338,kern_compact,True,True,True,166,105,170,108,,
BigCodeBench,BigCodeBench/338,python_minifier,True,True,,166,106,170,109,,
BigCodeBench,BigCodeBench/339,python,True,True,True,151,151,160,160,,
BigCodeBench,BigCodeBench/339,kern,True,True,True,151,90,160,91,,
BigCodeBench,BigCodeBench/339,kern_compact,True,True,True,151,75,160,74,,
BigCodeBench,BigCodeBench/339,python_minifier,True,True,,151,79,160,78,,
BigCodeBench,BigCodeBench/340,python,True,True,True,126,126,130,130,,
BigCodeBench,BigCodeBench/340,kern,True,True,True,126,75,130,77,,
BigCodeBench,BigCodeBench/340,kern_compact,True,True,True,126,56,130,58,,
BigCodeBench,BigCodeBench/340,python_minifier,True,True,,126,57,130,59,,
BigCodeBench,BigCodeBench/341,python,True,True,True,210,210,215,215,,
BigCodeBench,BigCodeBench/341,kern,True,True,True,210,158,215,163,,
BigCodeBench,BigCodeBench/341,kern_compact,True,True,True,210,154,215,158,,
BigCodeBench,BigCodeBench/341,python_minifier,True,True,,210,163,215,166,,
BigCodeBench,BigCodeBench/342,python,True,True,True,145,145,148,148,,
BigCodeBench,BigCodeBench/342,kern,True,True,True,145,96,148,97,,
BigCodeBench,BigCodeBench/342,kern_compact,True,True,True,145,73,148,74,,
BigCodeBench,BigCodeBench/342,python_minifier,True,True,,145,72,148,73,,
BigCodeBench,BigCodeBench/343,python,True,True,True,168,168,172,172,,
BigCodeBench,BigCodeBench/343,kern,True,True,True,168,106,172,111,,
BigCodeBench,BigCodeBench/343,kern_compact,True,True,True,168,102,172,108,,
BigCodeBench,BigCodeBench/343,python_minifier,True,True,,168,107,172,113,,
BigCodeBench,BigCodeBench/344,python,True,True,True,122,122,124,124,,
BigCodeBench,BigCodeBench/344,kern,True,True,True,122,92,124,94,,
BigCodeBench,BigCodeBench/344,kern_compact,True,True,True,122,89,124,91,,
BigCodeBench,BigCodeBench/344,python_minifier,True,True,,122,90,124,92,,
BigCodeBench,BigCodeBench/345,python,True,True,True,104,104,109,109,,
BigCodeBench,BigCodeBench/345,kern,True,True,True,104,75,109,80,,
BigCodeBench,BigCodeBench/345,kern_compact,True,True,True,104,76,109,79,,
BigCodeBench,BigCodeBench/345,python_minifier,True,True,,104,82,109,84,,
BigCodeBench,BigCodeBench/346,python,True,True,True,166,166,167,167,,
BigCodeBench,BigCodeBench/346,kern,True,True,True,166,109,167,111,,
BigCodeBench,BigCodeBench/346,kern_compact,True,True,True,166,104,167,106,,
BigCodeBench,BigCodeBench/346,python_minifier,True,True,,166,109,167,110,,
BigCodeBench,BigCodeBench/347,python,True,True,True,80,80,82,82,,
BigCodeBench,BigCodeBench/347,kern,True,True,True,80,68,82,68,,
BigCodeBench,BigCodeBench/347,kern_compact,True,True,True,80,59,82,60,,
BigCodeBench,BigCodeBench/347,python_minifier,True,True,,80,60,82,61,,
BigCodeBench,BigCodeBench/348,python,True,True,True,129,129,130,130,,
BigCodeBench,BigCodeBench/348,kern,True,True,True,129,79,130,81,,
BigCodeBench,BigCodeBench/348,kern_compact,True,True,True,129,71,130,73,,
BigCodeBench,BigCodeBench/348,python_minifier,True,True,,129,68,130,70,,
BigCodeBench,BigCodeBench/349,python,True,True,True,109,109,113,113,,
BigCodeBench,BigCodeBench/349,kern,True,True,True,109,91,113,96,,
BigCodeBench,BigCodeBench/349,kern_compact,True,True,True,109,78,113,80,,
BigCodeBench,BigCodeBench/349,python_minifier,True,True,,109,81,113,83,,
BigCodeBench,BigCodeBench/350,python,True,True,True,280,280,281,281,,
BigCodeBench,BigCodeBench/350,kern,True,True,True,280,215,281,219,,
BigCodeBench,BigCodeBench/350,kern_compact,True,True,True,280,202,281,206,,
BigCodeBench,BigCodeBench/350,python_minifier,True,True,,280,211,281,214,,
BigCodeBench,BigCodeBench/351,python,True,True,True,121,121,125,125,,
BigCodeBench,BigCodeBench/351,kern,True,True,True,121,99,125,104,,
BigCodeBench,BigCodeBench/351,kern_compact,True,True,True,121,86,125,88,,
BigCodeBench,BigCodeBench/351,python_minifier,True,True,,121,94,125,96,,
BigCodeBench,BigCodeBench/352,python,True,True,True,133,133,134,134,,
BigCodeBench,BigCodeBench/352,kern,True,True,True,133,116,134,120,,
BigCodeBench,BigCodeBench/352,kern_compact,True,True,True,133,104,134,108,,
BigCodeBench,BigCodeBench/352,python_minifier,True,True,,133,107,134,112,,
BigCodeBench,BigCodeBench/353,python,True,True,True,136,136,140,140,,
BigCodeBench,BigCodeBench/353,kern,True,True,True,136,111,140,116,,
BigCodeBench,BigCodeBench/353,kern_compact,True,True,True,136,92,140,95,,
BigCodeBench,BigCodeBench/353,python_minifier,True,True,,136,100,140,103,,
BigCodeBench,BigCodeBench/354,python,True,True,True,124,124,124,124,,
BigCodeBench,BigCodeBench/354,kern,True,True,True,124,102,124,103,,
BigCodeBench,BigCodeBench/354,kern_compact,True,True,True,124,95,124,96,,
BigCodeBench,BigCodeBench/354,python_minifier,True,True,,124,98,124,99,,
BigCodeBench,BigCodeBench/355,python,True,True,True,173,173,170,170,,
BigCodeBench,BigCodeBench/355,kern,True,True,True,173,131,170,130,,
BigCodeBench,BigCodeBench/355,kern_compact,True,True,True,173,124,170,124,,
BigCodeBench,BigCodeBench/355,python_minifier,True,True,,173,126,170,127,,
BigCodeBench,BigCodeBench/356,python,True,True,True,271,271,275,275,,
BigCodeBench,BigCodeBench/356,kern,True,True,True,271,204,275,210,,
BigCodeBench,BigCodeBench/356,kern_compact,True,True,True,271,201,275,208,,
BigCodeBench,BigCodeBench/356,python_minifier,True,True,,271,203,275,210,,
BigCodeBench,BigCodeBench/357,python,True,True,True,138,138,138,138,,
BigCodeBench,BigCodeBench/357,kern,True,True,True,138,109,138,109,,
BigCodeBench,BigCodeBench/357,kern_compact,True,True,True,138,97,138,97,,
BigCodeBench,BigCodeBench/357,python_minifier,True,True,,138,98,138,98,,
BigCodeBench,BigCodeBench/358,python,True,True,True,72,72,72,72,,
BigCodeBench,BigCodeBench/358,kern,True,True,True,72,45,72,45,,
BigCodeBench,BigCodeBench/358,kern_compact,True,True,True,72,41,72,41,,
BigCodeBench,BigCodeBench/358,python_minifier,True,True,,72,40,72,40,,
BigCodeBench,BigCodeBench/359,python,True,True,True,76,76,76,76,,
BigCodeBench,BigCodeBench/359,kern,True,True,True,76,62,76,65,,
BigCodeBench,BigCodeBench/359,kern_compact,True,True,True,76,58,76,61,,
BigCodeBench,BigCodeBench/359,python_minifier,True,True,,76,63,76,66,,
BigCodeBench,BigCodeBench/360,python,True,True,True,177,177,182,182,,
BigCodeBench,BigCodeBench/360,kern,True,True,True,177,151,182,157,,
BigCodeBench,BigCodeBench/360,kern_compact,True,True,True,177,144,182,150,,
BigCodeBench,BigCodeBench/360,python_minifier,True,True,,177,145,182,153,,
BigCodeBench,BigCodeBench/361,python,True,True,True,215,215,226,226,,
BigCodeBench,BigCodeBench/361,kern,True,True,True,215,166,226,179,,
BigCodeBench,BigCodeBench/361,kern_compact,True,True,True,215,163,226,176,,
BigCodeBench,BigCodeBench/361,python_minifier,True,True,,215,165,226,178,,
BigCodeBench,BigCodeBench/362,python,True,True,True,152,152,157,157,,
BigCodeBench,BigCodeBench/362,kern,True,True,True,152,104,157,109,,
BigCodeBench,BigCodeBench/362,kern_compact,True,True,True,152,99,157,104,,
BigCodeBench,BigCodeBench/362,python_minifier,True,True,,152,103,157,108,,
BigCodeBench,BigCodeBench/363,python,True,True,True,110,110,112,112,,
BigCodeBench,BigCodeBench/363,kern,True,True,True,110,88,112,91,,
BigCodeBench,BigCodeBench/363,kern_compact,True,True,True,110,83,112,86,,
BigCodeBench,BigCodeBench/363,python_minifier,True,True,,110,89,112,91,,
BigCodeBench,BigCodeBench/364,python,True,True,True,141,141,144,144,,
BigCodeBench,BigCodeBench/364,kern,True,True,True,141,114,144,117,,
BigCodeBench,BigCodeBench/364,kern_compact,True,True,True,141,110,144,113,,
BigCodeBench,BigCodeBench/364,python_minifier,True,True,,141,109,144,112,,
BigCodeBench,BigCodeBench/365,python,True,True,True,135,135,135,135,,
BigCodeBench,BigCodeBench/365,kern,True,True,True,135,110,135,110,,
BigCodeBench,BigCodeBench/365,kern_compact,True,True,True,135,106,135,106,,
BigCodeBench,BigCodeBench/365,python_minifier,True,True,,135,109,135,109,,
BigCodeBench,BigCodeBench/366,python,True,True,True,102,102,104,104,,
BigCodeBench,BigCodeBench/366,kern,True,True,True,102,73,104,75,,
BigCodeBench,BigCodeBench/366,kern_compact,True,True,True,102,71,104,73,,
BigCodeBench,BigCodeBench/366,python_minifier,True,True,,102,74,104,76,,
BigCodeBench,BigCodeBench/367,python,True,True,True,178,178,180,180,,
BigCodeBench,BigCodeBench/367,kern,True,True,True,178,138,180,142,,
BigCodeBench,BigCodeBench/367,kern_compact,True,True,True,178,130,180,134,,
BigCodeBench,BigCodeBench/367,python_minifier,True,True,,178,134,180,139,,
BigCodeBench,BigCodeBench/368,python,True,True,True,160,160,161,161,,
BigCodeBench,BigCodeBench/368,kern,True,True,True,160,92,161,95,,
BigCodeBench,BigCodeBench/368,kern_compact,True,True,True,160,82,161,85,,
BigCodeBench,BigCodeBench/368,python_minifier,True,True,,160,79,161,82,,
BigCodeBench,BigCodeBench/369,python,True,True,True,143,143,144,144,,
BigCodeBench,BigCodeBench/369,kern,True,True,True,143,116,144,120,,
BigCodeBench,BigCodeBench/369,kern_compact,True,True,True,143,111,144,115,,
BigCodeBench,BigCodeBench/369,python_minifier,True,True,,143,112,144,116,,
BigCodeBench,BigCodeBench/370,python,True,True,True,166,166,169,169,,
BigCodeBench,BigCodeBench/370,kern,True,True,True,166,126,169,128,,
BigCodeBench,BigCodeBench/370,kern_compact,True,True,True,166,106,169,109,,
BigCodeBench,BigCodeBench/370,python_minifier,True,True,,166,111,169,113,,
BigCodeBench,BigCodeBench/371,python,True,True,True,56,56,57,57,,
BigCodeBench,BigCodeBench/371,kern,True,True,True,56,48,57,50,,
BigCodeBench,BigCodeBench/371,kern_compact,True,True,True,56,44,57,46,,
BigCodeBench,BigCodeBench/371,python_minifier,True,True,,56,46,57,48,,
BigCodeBench,BigCodeBench/372,python,True,True,True,110,110,110,110,,
BigCodeBench,BigCodeBench/372,kern,True,True,True,110,90,110,90,,
BigCodeBench,BigCodeBench/372,kern_compact,True,True,True,110,75,110,75,,
BigCodeBench,BigCodeBench/372,python_minifier,True,True,,110,77,110,77,,
BigCodeBench,BigCodeBench/373,python,True,True,True,136,136,136,136,,
BigCodeBench,BigCodeBench/373,kern,True,True,True,136,107,136,108,,
BigCodeBench,BigCodeBench/373,kern_compact,True,True,True,136,96,136,97,,
BigCodeBench,BigCodeBench/373,python_minifier,True,True,,136,100,136,101,,
BigCodeBench,BigCodeBench/374,python,True,True,True,170,170,174,174,,
BigCodeBench,BigCodeBench/374,kern,True,True,True,170,148,174,153,,
BigCodeBench,BigCodeBench/374,kern_compact,True,True,True,170,131,174,136,,
BigCodeBench,BigCodeBench/374,python_minifier,True,True,,170,141,174,146,,
BigCodeBench,BigCodeBench/375,python,True,True,True,100,100,103,103,,
BigCodeBench,BigCodeBench/375,kern,True,True,True,100,86,103,88,,
BigCodeBench,BigCodeBench/375,kern_compact,True,True,True,100,79,103,81,,
BigCodeBench,BigCodeBench/375,python_minifier,True,True,,100,80,103,82,,
BigCodeBench,BigCodeBench/376,python,True,True,True,76,76,76,76,,
BigCodeBench,BigCodeBench/376,kern,True,True,True,76,61,76,61,,
BigCodeBench,BigCodeBench/376,kern_compact,True,True,True,76,58,76,58,,
BigCodeBench,BigCodeBench/376,python_minifier,True,True,,76,60,76,60,,
BigCodeBench,BigCodeBench/377,python,True,True,True,104,104,104,104,,
BigCodeBench,BigCodeBench/377,kern,True,True,True,104,90,104,91,,
BigCodeBench,BigCodeBench/377,kern_compact,True,True,True,104,83,104,84,,
BigCodeBench,BigCodeBench/377,python_minifier,True,True,,104,84,104,85,,
BigCodeBench,BigCodeBench/378,python,True,True,True,221,221,225,225,,
BigCodeBench,BigCodeBench/378,kern,True,True,True,221,195,225,199,,
BigCodeBench,BigCodeBench/378,kern_compact,True,True,True,221,187,225,191,,
BigCodeBench,BigCodeBench/378,python_minifier,True,True,,221,186,225,190,,
BigCodeBench,BigCodeBench/379,python,True,True,True,73,73,74,74,,
BigCodeBench,BigCodeBench/379,kern,True,True,True,73,57,74,58,,
BigCodeBench,BigCodeBench/379,kern_compact,True,True,True,73,56,74,57,,
BigCodeBench,BigCodeBench/379,python_minifier,True,True,,73,58,74,59,,
BigCodeBench,BigCodeBench/380,python,True,True,True,80,80,80,80,,
BigCodeBench,BigCodeBench/380,kern,True,True,True,80,69,80,70,,
BigCodeBench,BigCodeBench/380,kern_compact,True,True,True,80,63,80,63,,
BigCodeBench,BigCodeBench/380,python_minifier,True,True,,80,73,80,73,,
BigCodeBench,BigCodeBench/381,python,True,True,True,246,246,254,254,,
BigCodeBench,BigCodeBench/381,kern,True,True,True,246,179,254,187,,
BigCodeBench,BigCodeBench/381,kern_compact,True,True,True,246,165,254,175,,
BigCodeBench,BigCodeBench/381,python_minifier,True,True,,246,168,254,182,,
BigCodeBench,BigCodeBench/382,python,True,True,True,117,117,117,117,,
BigCodeBench,BigCodeBench/382,kern,True,True,True,117,97,117,98,,
BigCodeBench,BigCodeBench/382,kern_compact,True,True,True,117,86,117,87,,
BigCodeBench,BigCodeBench/382,python_minifier,True,True,,117,87,117,88,,
BigCodeBench,BigCodeBench/383,python,True,True,True,141,141,145,145,,
BigCodeBench,BigCodeBench/383,kern,True,True,True,141,112,145,117,,
BigCodeBench,BigCodeBench/383,kern_compact,True,True,True,141,104,145,106,,
BigCodeBench,BigCodeBench/383,python_minifier,True,True,,141,106,145,109,,
BigCodeBench,BigCodeBench/384,python,True,True,True,193,193,190,190,,
BigCodeBench,BigCodeBench/384,kern,True,True,True,193,165,190,163,,
BigCodeBench,BigCodeBench/384,kern_compact,True,True,True,193,153,190,151,,
BigCodeBench,BigCodeBench/384,python_minifier,True,True,,193,163,190,161,,
BigCodeBench,BigCodeBench/385,python,True,True,True,133,133,131,131,,
BigCodeBench,BigCodeBench/385,kern,True,True,True,133,113,131,111,,
BigCodeBench,BigCodeBench/385,kern_compact,True,True,True,133,106,131,104,,
BigCodeBench,BigCodeBench/385,python_minifier,True,True,,133,111,131,109,,
BigCodeBench,BigCodeBench/386,python,True,True,True,129,129,131,131,,
BigCodeBench,BigCodeBench/386,kern,True,True,True,129,81,131,82,,
BigCodeBench,BigCodeBench/386,kern_compact,True,True,True,129,80,131,81,,
BigCodeBench,BigCodeBench/386,python_minifier,True,True,,129,81,131,82,,
BigCodeBench,BigCodeBench/387,python,True,True,True,195,195,193,193,,
BigCodeBench,BigCodeBench/387,kern,True,True,True,195,151,193,150,,
BigCodeBench,BigCodeBench/387,kern_compact,True,True,True,195,146,193,146,,
BigCodeBench,BigCodeBench/387,python_minifier,True,True,,195,151,193,151,,
BigCodeBench,BigCodeBench/388,python,True,True,True,75,75,75,75,,
BigCodeBench,BigCodeBench/388,kern,True,True,True,75,64,75,64,,
BigCodeBench,BigCodeBench/388,kern_compact,True,True,True,75,60,75,60,,
BigCodeBench,BigCodeBench/388,python_minifier,True,True,,75,66,75,66,,
BigCodeBench,BigCodeBench/389,python,True,True,True,104,104,105,105,,
BigCodeBench,BigCodeBench/389,kern,True,True,True,104,91,105,93,,
BigCodeBench,BigCodeBench/389,kern_compact,True,True,True,104,87,105,89,,
BigCodeBench,BigCodeBench/389,python_minifier,True,True,,104,90,105,91,,
BigCodeBench,BigCodeBench/390,python,True,True,True,119,119,121,121,,
BigCodeBench,BigCodeBench/390,kern,True,True,True,119,94,121,96,,
BigCodeBench,BigCodeBench/390,kern_compact,True,True,True,119,90,121,92,,
BigCodeBench,BigCodeBench/390,python_minifier,True,True,,119,93,121,96,,
BigCodeBench,BigCodeBench/391,python,True,True,True,122,122,122,122,,
BigCodeBench,BigCodeBench/391,kern,True,True,True,122,105,122,105,,
BigCodeBench,BigCodeBench/391,kern_compact,True,True,True,122,93,122,93,,
BigCodeBench,BigCodeBench/391,python_minifier,True,True,,122,93,122,93,,
BigCodeBench,BigCodeBench/392,python,True,True,True,242,242,243,243,,
BigCodeBench,BigCodeBench/392,kern,True,True,True,242,144,243,145,,
BigCodeBench,BigCodeBench/392,kern_compact,True,True,True,242,128,243,131,,
BigCodeBench,BigCodeBench/392,python_minifier,True,True,,242,135,243,137,,
BigCodeBench,BigCodeBench/393,python,True,True,True,126,126,128,128,,
BigCodeBench,BigCodeBench/393,kern,True,True,True,126,104,128,108,,
BigCodeBench,BigCodeBench/393,kern_compact,True,True,True,126,103,128,108,,
BigCodeBench,BigCodeBench/393,python_minifier,True,True,,126,104,128,109,,
BigCodeBench,BigCodeBench/394,python,True,True,True,56,56,57,57,,
BigCodeBench,BigCodeBench/394,kern,True,True,True,56,51,57,52,,
BigCodeBench,BigCodeBench/394,kern_compact,True,True,True,56,44,57,45,,
BigCodeBench,BigCodeBench/394,python_minifier,True,True,,56,45,57,46,,
BigCodeBench,BigCodeBench/395,python,True,True,True,173,173,178,178,,
BigCodeBench,BigCodeBench/395,kern,True,True,True,173,149,178,155,,
BigCodeBench,BigCodeBench/395,kern_compact,True,True,True,173,141,178,147,,
BigCodeBench,BigCodeBench/395,python_minifier,True,True,,173,151,178,156,,
BigCodeBench,BigCodeBench/396,python,True,True,True,116,116,117,117,,
BigCodeBench,BigCodeBench/396,kern,True,True,True,116,101,117,104,,
BigCodeBench,BigCodeBench/396,kern_compact,True,True,True,116,97,117,101,,
BigCodeBench,BigCodeBench/396,python_minifier,True,True,,116,100,117,103,,
BigCodeBench,BigCodeBench/397,python,True,True,True,100,100,100,100,,
BigCodeBench,BigCodeBench/397,kern,True,True,True,100,82,100,82,,
BigCodeBench,BigCodeBench/397,kern_compact,True,True,True,100,79,100,78,,
BigCodeBench,BigCodeBench/397,python_minifier,True,True,,100,83,100,81,,
BigCodeBench,BigCodeBench/398,python,True,True,True,77,77,78,78,,
BigCodeBench,BigCodeBench/398,kern,True,True,True,77,62,78,64,,
BigCodeBench,BigCodeBench/398,kern_compact,True,True,True,77,61,78,63,,
BigCodeBench,BigCodeBench/398,python_minifier,True,True,,77,70,78,71,,
BigCodeBench,BigCodeBench/399,python,True,True,True,146,146,150,150,,
BigCodeBench,BigCodeBench/399,kern,True,True,True,146,118,150,124,,
BigCodeBench,BigCodeBench/399,kern_compact,True,True,True,146,110,150,115,,
BigCodeBench,BigCodeBench/399,python_minifier,True,True,,146,115,150,120,,
BigCodeBench,BigCodeBench/400,python,True,True,True,109,109,110,110,,
BigCodeBench,BigCodeBench/400,kern,True,True,True,109,77,110,78,,
BigCodeBench,BigCodeBench/400,kern_compact,True,True,True,109,71,110,72,,
BigCodeBench,BigCodeBench/400,python_minifier,True,True,,109,76,110,77,,
BigCodeBench,BigCodeBench/401,python,True,True,True,188,188,188,188,,
BigCodeBench,BigCodeBench/401,kern,True,True,True,188,157,188,157,,
BigCodeBench,BigCodeBench/401,kern_compact,True,True,True,188,157,188,157,,
BigCodeBench,BigCodeBench/401,python_minifier,True,True,,188,136,188,137,,
BigCodeBench,BigCodeBench/402,python,True,True,True,108,108,108,108,,
BigCodeBench,BigCodeBench/402,kern,True,True,True,108,92,108,92,,
BigCodeBench,BigCodeBench/402,kern_compact,True,True,True,108,84,108,84,,
BigCodeBench,BigCodeBench/402,python_minifier,True,True,,108,84,108,84,,
BigCodeBench,BigCodeBench/403,python,True,True,True,115,115,121,121,,
BigCodeBench,BigCodeBench/403,kern,True,True,True,115,106,121,114,,
BigCodeBench,BigCodeBench/403,kern_compact,True,True,True,115,97,121,102,,
BigCodeBench,BigCodeBench/403,python_minifier,True,True,,115,98,121,104,,
BigCodeBench,BigCodeBench/404,python,True,True,True,104,104,108,108,,
BigCodeBench,BigCodeBench/404,kern,True,True,True,104,87,108,94,,
BigCodeBench,BigCodeBench/404,kern_compact,True,True,True,104,81,108,88,,
BigCodeBench,BigCodeBench/404,python_minifier,True,True,,104,81,108,89,,
BigCodeBench,BigCodeBench/405,python,True,True,True,55,55,55,55,,
BigCodeBench,BigCodeBench/405,kern,True,True,True,55,44,55,46,,
BigCodeBench,BigCodeBench/405,kern_compact,True,True,True,55,42,55,45,,
BigCodeBench,BigCodeBench/405,python_minifier,True,True,,55,46,55,49,,
BigCodeBench,BigCodeBench/406,python,True,True,True,178,178,181,181,,
BigCodeBench,BigCodeBench/406,kern,True,True,True,178,138,181,142,,
BigCodeBench,BigCodeBench/406,kern_compact,True,True,True,178,119,181,122,,
BigCodeBench,BigCodeBench/406,python_minifier,True,True,,178,120,181,124,,
BigCodeBench,BigCodeBench/407,python,True,True,True,196,196,200,200,,
BigCodeBench,BigCodeBench/407,kern,True,True,True,196,168,200,171,,
BigCodeBench,BigCodeBench/407,kern_compact,True,True,True,196,149,200,153,,
BigCodeBench,BigCodeBench/407,python_minifier,True,True,,196,150,200,153,,
BigCodeBench,BigCodeBench/408,python,True,True,True,46,46,47,47,,
BigCodeBench,BigCodeBench/408,kern,True,True,True,46,39,47,41,,
BigCodeBench,BigCodeBench/408,kern_compact,True,True,True,46,37,47,39,,
BigCodeBench,BigCodeBench/408,python_minifier,True,True,,46,33,47,33,,
BigCodeBench,BigCodeBench/409,python,True,True,True,147,147,152,152,,
BigCodeBench,BigCodeBench/409,kern,True,True,True,147,127,152,132,,
BigCodeBench,BigCodeBench/409,kern_compact,True,True,True,147,117,152,122,,
BigCodeBench,BigCodeBench/409,python_minifier,True,True,,147,117,152,122,,
BigCodeBench,BigCodeBench/410,python,True,True,True,229,229,237,237,,
BigCodeBench,BigCodeBench/410,kern,True,True,True,229,190,237,198,,
BigCodeBench,BigCodeBench/410,kern_compact,True,True,True,229,182,237,190,,
BigCodeBench,BigCodeBench/410,python_minifier,True,True,,229,174,237,182,,
BigCodeBench,BigCodeBench/411,python,True,True,True,115,115,117,117,,
BigCodeBench,BigCodeBench/411,kern,True,True,True,115,69,117,71,,
BigCodeBench,BigCodeBench/411,kern_compact,True,True,True,115,65,117,67,,
BigCodeBench,BigCodeBench/411,python_minifier,True,True,,115,63,117,66,,
BigCodeBench,BigCodeBench/412,python,True,True,True,94,94,94,94,,
BigCodeBench,BigCodeBench/412,kern,True,True,True,94,76,94,76,,
BigCodeBench,BigCodeBench/412,kern_compact,True,True,True,94,73,94,73,,
BigCodeBench,BigCodeBench/412,python_minifier,True,True,,94,69,94,69,,
BigCodeBench,BigCodeBench/413,python,True,True,True,175,175,175,175,,
BigCodeBench,BigCodeBench/413,kern,True,True,True,175,144,175,144,,
BigCodeBench,BigCodeBench/413,kern_compact,True,True,True,175,144,175,144,,
BigCodeBench,BigCodeBench/413,python_minifier,True,True,,175,127,175,128,,
BigCodeBench,BigCodeBench/414,python,True,True,True,93,93,93,93,,
BigCodeBench,BigCodeBench/414,kern,True,True,True,93,65,93,66,,
BigCodeBench,BigCodeBench/414,kern_compact,True,True,True,93,62,93,63,,
BigCodeBench,BigCodeBench/414,python_minifier,True,True,,93,66,93,67,,
BigCodeBench,BigCodeBench/415,python,True,True,True,95,95,102,102,,
BigCodeBench,BigCodeBench/415,kern,True,True,True,95,91,102,99,,
BigCodeBench,BigCodeBench/415,kern_compact,True,True,True,95,91,102,99,,
BigCodeBench,BigCodeBench/415,python_minifier,True,True,,95,82,102,87,,
BigCodeBench,BigCodeBench/416,python,True,True,True,71,71,74,74,,
BigCodeBench,BigCodeBench/416,kern,True,True,True,71,58,74,62,,
BigCodeBench,BigCodeBench/416,kern_compact,True,True,True,71,58,74,60,,
BigCodeBench,BigCodeBench/416,python_minifier,True,True,,71,61,74,62,,
BigCodeBench,BigCodeBench/417,python,True,True,True,217,217,219,219,,
BigCodeBench,BigCodeBench/417,kern,True,True,True,217,189,219,191,,
BigCodeBench,BigCodeBench/417,kern_compact,True,True,True,217,179,219,181,,
BigCodeBench,BigCodeBench/417,python_minifier,True,True,,217,180,219,182,,
BigCodeBench,BigCodeBench/418,python,True,True,True,284,284,285,285,,
BigCodeBench,BigCodeBench/418,kern,True,True,True,284,228,285,228,,
BigCodeBench,BigCodeBench/418,kern_compact,True,True,True,284,207,285,207,,
BigCodeBench,BigCodeBench/418,python_minifier,True,True,,284,206,285,206,,
BigCodeBench,BigCodeBench/419,python,True,True,True,262,262,264,264,,
BigCodeBench,BigCodeBench/419,kern,True,True,True,262,204,264,205,,
BigCodeBench,BigCodeBench/419,kern_compact,True,True,True,262,188,264,188,,
BigCodeBench,BigCodeBench/419,python_minifier,True,True,,262,187,264,188,,
BigCodeBench,BigCodeBench/420,python,True,True,True,176,176,177,177,,
BigCodeBench,BigCodeBench/420,kern,True,True,True,176,114,177,115,,
BigCodeBench,BigCodeBench/420,kern_compact,True,True,True,176,101,177,102,,
BigCodeBench,BigCodeBench/420,python_minifier,True,True,,176,106,177,107,,
BigCodeBench,BigCodeBench/421,python,True,True,True,147,147,147,147,,
BigCodeBench,BigCodeBench/421,kern,True,True,True,147,109,147,109,,
BigCodeBench,BigCodeBench/421,kern_compact,True,True,True,147,102,147,102,,
BigCodeBench,BigCodeBench/421,python_minifier,True,True,,147,107,147,107,,
BigCodeBench,BigCodeBench/422,python,True,True,True,134,134,136,136,,
BigCodeBench,BigCodeBench/422,kern,True,True,True,134,86,136,88,,
BigCodeBench,BigCodeBench/422,kern_compact,True,True,True,134,78,136,80,,
BigCodeBench,BigCodeBench/422,python_minifier,True,True,,134,85,136,87,,
BigCodeBench,BigCodeBench/423,python,True,True,True,126,126,131,131,,
BigCodeBench,BigCodeBench/423,kern,True,True,True,126,111,131,118,,
BigCodeBench,BigCodeBench/423,kern_compact,True,True,True,126,106,131,114,,
BigCodeBench,BigCodeBench/423,python_minifier,True,True,,126,110,131,117,,
BigCodeBench,BigCodeBench/424,python,True,True,True,325,325,331,331,,
BigCodeBench,BigCodeBench/424,kern,True,True,True,325,251,331,263,,
BigCodeBench,BigCodeBench/424,kern_compact,True,True,True,325,230,331,241,,
BigCodeBench,BigCodeBench/424,python_minifier,True,True,,325,234,331,242,,
BigCodeBench,BigCodeBench/425,python,True,True,True,138,138,142,142,,
BigCodeBench,BigCodeBench/425,kern,True,True,True,138,119,142,125,,
BigCodeBench,BigCodeBench/425,kern_compact,True,True,True,138,118,142,124,,
BigCodeBench,BigCodeBench/425,python_minifier,True,True,,138,119,142,125,,
BigCodeBench,BigCodeBench/426,python,True,True,True,146,146,151,151,,
BigCodeBench,BigCodeBench/426,kern,True,True,True,146,125,151,132,,
BigCodeBench,BigCodeBench/426,kern_compact,True,True,True,146,119,151,127,,
BigCodeBench,BigCodeBench/426,python_minifier,True,True,,146,124,151,131,,
BigCodeBench,BigCodeBench/427,python,True,True,True,212,212,213,213,,
BigCodeBench,BigCodeBench/427,kern,True,True,True,212,166,213,166,,
BigCodeBench,BigCodeBench/427,kern_compact,True,True,True,212,158,213,160,,
BigCodeBench,BigCodeBench/427,python_minifier,True,True,,212,159,213,160,,
BigCodeBench,BigCodeBench/428,python,True,True,True,210,210,212,212,,
BigCodeBench,BigCodeBench/428,kern,True,True,True,210,149,212,151,,
BigCodeBench,BigCodeBench/428,kern_compact,True,True,True,210,107,212,107,,
BigCodeBench,BigCodeBench/428,python_minifier,True,True,,210,107,212,107,,
BigCodeBench,BigCodeBench/429,python,True,True,True,178,178,184,184,,
BigCodeBench,BigCodeBench/429,kern,True,True,True,178,124,184,129,,
BigCodeBench,BigCodeBench/429,kern_compact,True,True,True,178,114,184,119,,
BigCodeBench,BigCodeBench/429,python_minifier,True,True,,178,116,184,119,,
BigCodeBench,BigCodeBench/430,python,True,True,True,131,131,131,131,,
BigCodeBench,BigCodeBench/430,kern,True,True,True,131,113,131,115,,
BigCodeBench,BigCodeBench/430,kern_compact,True,True,True,131,108,131,110,,
BigCodeBench,BigCodeBench/430,python_minifier,True,True,,131,113,131,118,,
BigCodeBench,BigCodeBench/431,python,True,True,True,101,101,108,108,,
BigCodeBench,BigCodeBench/431,kern,True,True,True,101,87,108,96,,
BigCodeBench,BigCodeBench/431,kern_compact,True,True,True,101,83,108,92,,
BigCodeBench,BigCodeBench/431,python_minifier,True,True,,101,82,108,90,,
BigCodeBench,BigCodeBench/432,python,True,True,True,103,103,108,108,,
BigCodeBench,BigCodeBench/432,kern,True,True,True,103,94,108,98,,
BigCodeBench,BigCodeBench/432,kern_compact,True,True,True,103,84,108,86,,
BigCodeBench,BigCodeBench/432,python_minifier,True,True,,103,82,108,84,,
BigCodeBench,BigCodeBench/433,python,True,True,True,70,70,72,72,,
BigCodeBench,BigCodeBench/433,kern,True,True,True,70,66,72,68,,
BigCodeBench,BigCodeBench/433,kern_compact,True,True,True,70,59,72,60,,
BigCodeBench,BigCodeBench/433,python_minifier,True,True,,70,60,72,60,,
BigCodeBench,BigCodeBench/434,python,True,True,True,239,239,243,243,,
BigCodeBench,BigCodeBench/434,kern,True,True,True,239,193,243,199,,
BigCodeBench,BigCodeBench/434,kern_compact,True,True,True,239,172,243,178,,
BigCodeBench,BigCodeBench/434,python_minifier,True,True,,239,176,243,180,,
BigCodeBench,BigCodeBench/435,python,True,True,True,175,175,176,176,,
BigCodeBench,BigCodeBench/435,kern,True,True,True,175,137,176,139,,
BigCodeBench,BigCodeBench/435,kern_compact,True,True,True,175,121,176,124,,
BigCodeBench,BigCodeBench/435,python_minifier,True,True,,175,113,176,115,,
BigCodeBench,BigCodeBench/436,python,True,True,True,109,109,112,112,,
BigCodeBench,BigCodeBench/436,kern,True,True,True,109,91,112,95,,
BigCodeBench,BigCodeBench/436,kern_compact,True,True,True,109,82,112,87,,
BigCodeBench,BigCodeBench/436,python_minifier,True,True,,109,83,112,88,,
BigCodeBench,BigCodeBench/437,python,True,True,True,66,66,66,66,,
BigCodeBench,BigCodeBench/437,kern,True,True,True,66,55,66,55,,
BigCodeBench,BigCodeBench/437,kern_compact,True,True,True,66,51,66,51,,
BigCodeBench,BigCodeBench/437,python_minifier,True,True,,66,53,66,53,,
BigCodeBench,BigCodeBench/438,python,True,True,True,121,121,122,122,,
BigCodeBench,BigCodeBench/438,kern,True,True,True,121,96,122,100,,
BigCodeBench,BigCodeBench/438,kern_compact,True,True,True,121,91,122,96,,
BigCodeBench,BigCodeBench/438,python_minifier,True,True,,121,98,122,102,,
BigCodeBench,BigCodeBench/439,python,True,True,True,110,110,115,115,,
BigCodeBench,BigCodeBench/439,kern,True,True,True,110,80,115,86,,
BigCodeBench,BigCodeBench/439,kern_compact,True,True,True,110,74,115,76,,
BigCodeBench,BigCodeBench/439,python_minifier,True,True,,110,73,115,76,,
BigCodeBench,BigCodeBench/440,python,True,True,True,185,185,189,189,,
BigCodeBench,BigCodeBench/440,kern,True,True,True,185,159,189,165,,
BigCodeBench,BigCodeBench/440,kern_compact,True,True,True,185,151,189,155,,
BigCodeBench,BigCodeBench/440,python_minifier,True,True,,185,153,189,156,,
BigCodeBench,BigCodeBench/441,python,True,True,True,148,148,149,149,,
BigCodeBench,BigCodeBench/441,kern,True,True,True,148,91,149,93,,
BigCodeBench,BigCodeBench/441,kern_compact,True,True,True,148,88,149,91,,
BigCodeBench,BigCodeBench/441,python_minifier,True,True,,148,87,149,91,,
BigCodeBench,BigCodeBench/442,python,True,True,True,215,215,222,222,,
BigCodeBench,BigCodeBench/442,kern,True,True,True,215,183,222,187,,
BigCodeBench,BigCodeBench/442,kern_compact,True,True,True,215,171,222,175,,
BigCodeBench,BigCodeBench/442,python_minifier,True,True,,215,169,222,173,,
BigCodeBench,BigCodeBench/443,python,True,True,True,245,245,244,244,,
BigCodeBench,BigCodeBench/443,kern,True,True,True,245,187,244,187,,
BigCodeBench,BigCodeBench/443,kern_compact,True,True,True,245,163,244,166,,
BigCodeBench,BigCodeBench/443,python_minifier,True,True,,245,151,244,154,,
BigCodeBench,BigCodeBench/444,python,True,True,True,86,86,86,86,,
BigCodeBench,BigCodeBench/444,kern,True,True,True,86,73,86,74,,
BigCodeBench,BigCodeBench/444,kern_compact,True,True,True,86,70,86,72,,
BigCodeBench,BigCodeBench/444,python_minifier,True,True,,86,71,86,73,,
BigCodeBench,BigCodeBench/445,python,True,True,True,178,178,182,182,,
BigCodeBench,BigCodeBench/445,kern,True,True,True,178,146,182,152,,
BigCodeBench,BigCodeBench/445,kern_compact,True,True,True,178,138,182,144,,
BigCodeBench,BigCodeBench/445,python_minifier,True,True,,178,142,182,148,,
BigCodeBench,BigCodeBench/446,python,True,True,True,101,101,102,102,,
BigCodeBench,BigCodeBench/446,kern,True,True,True,101,78,102,81,,
BigCodeBench,BigCodeBench/446,kern_compact,True,True,True,101,76,102,79,,
BigCodeBench,BigCodeBench/446,python_minifier,True,True,,101,81,102,85,,
BigCodeBench,BigCodeBench/447,python,True,True,True,129,129,131,131,,
BigCodeBench,BigCodeBench/447,kern,True,True,True,129,112,131,114,,
BigCodeBench,BigCodeBench/447,kern_compact,True,True,True,129,94,131,96,,
BigCodeBench,BigCodeBench/447,python_minifier,True,True,,129,98,131,99,,
BigCodeBench,BigCodeBench/448,python,True,True,True,79,79,79,79,,
BigCodeBench,BigCodeBench/448,kern,True,True,True,79,67,79,68,,
BigCodeBench,BigCodeBench/448,kern_compact,True,True,True,79,65,79,67,,
BigCodeBench,BigCodeBench/448,python_minifier,True,True,,79,67,79,69,,
BigCodeBench,BigCodeBench/449,python,True,True,True,149,149,152,152,,
BigCodeBench,BigCodeBench/449,kern,True,True,True,149,124,152,129,,
BigCodeBench,BigCodeBench/449,kern_compact,True,True,True,149,104,152,110,,
BigCodeBench,BigCodeBench/449,python_minifier,True,True,,149,97,152,100,,
BigCodeBench,BigCodeBench/450,python,True,True,True,135,135,137,137,,
BigCodeBench,BigCodeBench/450,kern,True,True,True,135,108,137,112,,
BigCodeBench,BigCodeBench/450,kern_compact,True,True,True,135,107,137,111,,
BigCodeBench,BigCodeBench/450,python_minifier,True,True,,135,115,137,120,,
BigCodeBench,BigCodeBench/451,python,True,True,True,158,158,163,163,,
BigCodeBench,BigCodeBench/451,kern,True,True,True,158,131,163,137,,
BigCodeBench,BigCodeBench/451,kern_compact,True,True,True,158,120,163,124,,
BigCodeBench,BigCodeBench/451,python_minifier,True,True,,158,126,163,130,,
BigCodeBench,BigCodeBench/452,python,True,True,True,197,197,199,199,,
BigCodeBench,BigCodeBench/452,kern,True,True,True,197,137,199,142,,
BigCodeBench,BigCodeBench/452,kern_compact,True,True,True,197,122,199,123,,
BigCodeBench,BigCodeBench/452,python_minifier,True,True,,197,127,199,128,,
BigCodeBench,BigCodeBench/453,python,True,True,True,49,49,50,50,,
BigCodeBench,BigCodeBench/453,kern,True,True,True,49,42,50,43,,
BigCodeBench,BigCodeBench/453,kern_compact,True,True,True,49,40,50,41,,
BigCodeBench,BigCodeBench/453,python_minifier,True,True,,49,44,50,45,,
BigCodeBench,BigCodeBench/454,python,True,True,True,149,149,155,155,,
BigCodeBench,BigCodeBench/454,kern,True,True,True,149,133,155,140,,
BigCodeBench,BigCodeBench/454,kern_compact,True,True,True,149,120,155,126,,
BigCodeBench,BigCodeBench/454,python_minifier,True,True,,149,125,155,131,,
BigCodeBench,BigCodeBench/455,python,True,True,True,163,163,164,164,,
BigCodeBench,BigCodeBench/455,kern,True,True,True,163,133,164,136,,
BigCodeBench,BigCodeBench/455,kern_compact,True,True,True,163,130,164,133,,
BigCodeBench,BigCodeBench/455,python_minifier,True,True,,163,136,164,139,,
BigCodeBench,BigCodeBench/456,python,True,True,True,125,125,130,130,,
BigCodeBench,BigCodeBench/456,kern,True,True,True,125,100,130,105,,
BigCodeBench,BigCodeBench/456,kern_compact,True,True,True,125,93,130,97,,
BigCodeBench,BigCodeBench/456,python_minifier,True,True,,125,83,130,85,,
BigCodeBench,BigCodeBench/457,python,True,True,True,94,94,95,95,,
BigCodeBench,BigCodeBench/457,kern,True,True,True,94,80,95,80,,
BigCodeBench,BigCodeBench/457,kern_compact,True,True,True,94,72,95,73,,
BigCodeBench,BigCodeBench/457,python_minifier,True,True,,94,74,95,75,,
BigCodeBench,BigCodeBench/458,python,True,True,True,246,246,251,251,,
BigCodeBench,BigCodeBench/458,kern,True,True,True,246,194,251,202,,
BigCodeBench,BigCodeBench/458,kern_compact,True,True,True,246,174,251,181,,
BigCodeBench,BigCodeBench/458,python_minifier,True,True,,246,184,251,191,,
BigCodeBench,BigCodeBench/459,python,True,True,True,144,144,149,149,,
BigCodeBench,BigCodeBench/459,kern,True,True,True,144,124,149,131,,
BigCodeBench,BigCodeBench/459,kern_compact,True,True,True,144,112,149,119,,
BigCodeBench,BigCodeBench/459,python_minifier,True,True,,144,123,149,128,,
BigCodeBench,BigCodeBench/460,python,True,True,True,127,127,132,132,,
BigCodeBench,BigCodeBench/460,kern,True,True,True,127,108,132,113,,
BigCodeBench,BigCodeBench/460,kern_compact,True,True,True,127,106,132,111,,
BigCodeBench,BigCodeBench/460,python_minifier,True,True,,127,107,132,112,,
BigCodeBench,BigCodeBench/461,python,True,True,True,257,257,262,262,,
BigCodeBench,BigCodeBench/461,kern,True,True,True,257,170,262,175,,
BigCodeBench,BigCodeBench/461,kern_compact,True,True,True,257,155,262,160,,
BigCodeBench,BigCodeBench/461,python_minifier,True,True,,257,160,262,165,,
BigCodeBench,BigCodeBench/462,python,True,True,True,163,163,165,165,,
BigCodeBench,BigCodeBench/462,kern,True,True,True,163,123,165,125,,
BigCodeBench,BigCodeBench/462,kern_compact,True,True,True,163,121,165,123,,
BigCodeBench,BigCodeBench/462,python_minifier,True,True,,163,130,165,132,,
BigCodeBench,BigCodeBench/463,python,True,True,True,98,98,99,99,,
BigCodeBench,BigCodeBench/463,kern,True,True,True,98,81,99,82,,
BigCodeBench,BigCodeBench/463,kern_compact,True,True,True,98,79,99,80,,
BigCodeBench,BigCodeBench/463,python_minifier,True,True,,98,82,99,83,,
BigCodeBench,BigCodeBench/464,python,True,True,True,81,81,83,83,,
BigCodeBench,BigCodeBench/464,kern,True,True,True,81,70,83,72,,
BigCodeBench,BigCodeBench/464,kern_compact,True,True,True,81,67,83,67,,
BigCodeBench,BigCodeBench/464,python_minifier,True,True,,81,76,83,76,,
BigCodeBench,BigCodeBench/465,python,True,True,True,100,100,100,100,,
BigCodeBench,BigCodeBench/465,kern,True,True,True,100,85,100,85,,
BigCodeBench,BigCodeBench/465,kern_compact,True,True,True,100,82,100,82,,
BigCodeBench,BigCodeBench/465,python_minifier,True,True,,100,92,100,92,,
BigCodeBench,BigCodeBench/466,python,True,True,True,95,95,95,95,,
BigCodeBench,BigCodeBench/466,kern,True,True,True,95,70,95,70,,
BigCodeBench,BigCodeBench/466,kern_compact,True,True,True,95,67,95,67,,
BigCodeBench,BigCodeBench/466,python_minifier,True,True,,95,75,95,75,,
BigCodeBench,BigCodeBench/467,python,True,True,True,115,115,114,114,,
BigCodeBench,BigCodeBench/467,kern,True,True,True,115,77,114,77,,
BigCodeBench,BigCodeBench/467,kern_compact,True,True,True,115,75,114,75,,
BigCodeBench,BigCodeBench/467,python_minifier,True,True,,115,76,114,76,,
BigCodeBench,BigCodeBench/468,python,True,True,True,71,71,71,71,,
BigCodeBench,BigCodeBench/468,kern,True,True,True,71,60,71,60,,
BigCodeBench,BigCodeBench/468,kern_compact,True,True,True,71,56,71,56,,
BigCodeBench,BigCodeBench/468,python_minifier,True,True,,71,58,71,59,,
BigCodeBench,BigCodeBench/469,python,True,True,True,194,194,197,197,,
BigCodeBench,BigCodeBench/469,kern,True,True,True,194,172,197,175,,
BigCodeBench,BigCodeBench/469,kern_compact,True,True,True,194,162,197,166,,
BigCodeBench,BigCodeBench/469,python_minifier,True,True,,194,163,197,168,,
BigCodeBench,BigCodeBench/470,python,True,True,True,85,85,86,86,,
BigCodeBench,BigCodeBench/470,kern,True,True,True,85,69,86,70,,
BigCodeBench,BigCodeBench/470,kern_compact,True,True,True,85,68,86,69,,
BigCodeBench,BigCodeBench/470,python_minifier,True,True,,85,70,86,71,,
BigCodeBench,BigCodeBench/471,python,True,True,True,62,62,64,64,,
BigCodeBench,BigCodeBench/471,kern,True,True,True,62,52,64,54,,
BigCodeBench,BigCodeBench/471,kern_compact,True,True,True,62,49,64,51,,
BigCodeBench,BigCodeBench/471,python_minifier,True,True,,62,51,64,53,,
BigCodeBench,BigCodeBench/472,python,True,True,True,112,112,115,115,,
BigCodeBench,BigCodeBench/472,kern,True,True,True,112,99,115,103,,
BigCodeBench,BigCodeBench/472,kern_compact,True,True,True,112,94,115,98,,
BigCodeBench,BigCodeBench/472,python_minifier,True,True,,112,100,115,103,,
BigCodeBench,BigCodeBench/473,python,True,True,True,148,148,151,151,,
BigCodeBench,BigCodeBench/473,kern,True,True,True,148,123,151,128,,
BigCodeBench,BigCodeBench/473,kern_compact,True,True,True,148,114,151,119,,
BigCodeBench,BigCodeBench/473,python_minifier,True,True,,148,119,151,123,,
BigCodeBench,BigCodeBench/474,python,True,True,True,176,176,178,178,,
BigCodeBench,BigCodeBench/474,kern,True,True,True,176,145,178,148,,
BigCodeBench,BigCodeBench/474,kern_compact,True,True,True,176,143,178,147,,
BigCodeBench,BigCodeBench/474,python_minifier,True,True,,176,147,178,152,,
BigCodeBench,BigCodeBench/475,python,True,True,True,208,208,213,213,,
BigCodeBench,BigCodeBench/475,kern,True,True,True,208,165,213,173,,
BigCodeBench,BigCodeBench/475,kern_compact,True,True,True,208,161,213,168,,
BigCodeBench,BigCodeBench/475,python_minifier,True,True,,208,175,213,181,,
BigCodeBench,BigCodeBench/476,python,True,True,True,99,99,99,99,,
BigCodeBench,BigCodeBench/476,kern,True,True,True,99,73,99,74,,
BigCodeBench,BigCodeBench/476,kern_compact,True,True,True,99,69,99,70,,
BigCodeBench,BigCodeBench/476,python_minifier,True,True,,99,70,99,71,,
BigCodeBench,BigCodeBench/477,python,True,True,True,207,207,208,208,,
BigCodeBench,BigCodeBench/477,kern,True,True,True,207,166,208,169,,
BigCodeBench,BigCodeBench/477,kern_compact,True,True,True,207,147,208,151,,
BigCodeBench,BigCodeBench/477,python_minifier,True,True,,207,147,208,150,,
BigCodeBench,BigCodeBench/478,python,True,True,True,145,145,146,146,,
BigCodeBench,BigCodeBench/478,kern,True,True,True,145,115,146,115,,
BigCodeBench,BigCodeBench/478,kern_compact,True,True,True,145,96,146,97,,
BigCodeBench,BigCodeBench/478,python_minifier,True,True,,145,101,146,101,,
BigCodeBench,BigCodeBench/479,python,True,True,True,169,169,173,173,,
BigCodeBench,BigCodeBench/479,kern,True,True,True,169,137,173,142,,
BigCodeBench,BigCodeBench/479,kern_compact,True,True,True,169,115,173,120,,
BigCodeBench,BigCodeBench/479,python_minifier,True,True,,169,120,173,125,,
BigCodeBench,BigCodeBench/480,python,True,True,True,109,109,110,110,,
BigCodeBench,BigCodeBench/480,kern,True,True,True,109,94,110,95,,
BigCodeBench,BigCodeBench/480,kern_compact,True,True,True,109,79,110,81,,
BigCodeBench,BigCodeBench/480,python_minifier,True,True,,109,83,110,85,,
BigCodeBench,BigCodeBench/481,python,True,True,True,120,120,121,121,,
BigCodeBench,BigCodeBench/481,kern,True,True,True,120,108,121,109,,
BigCodeBench,BigCodeBench/481,kern_compact,True,True,True,120,89,121,91,,
BigCodeBench,BigCodeBench/481,python_minifier,True,True,,120,90,121,92,,
BigCodeBench,BigCodeBench/482,python,True,True,True,260,260,261,261,,
BigCodeBench,BigCodeBench/482,kern,True,True,True,260,211,261,211,,
BigCodeBench,BigCodeBench/482,kern_compact,True,True,True,260,172,261,173,,
BigCodeBench,BigCodeBench/482,python_minifier,True,True,,260,190,261,191,,
BigCodeBench,BigCodeBench/483,python,True,True,True,136,136,140,140,,
BigCodeBench,BigCodeBench/483,kern,True,True,True,136,110,140,115,,
BigCodeBench,BigCodeBench/483,kern_compact,True,True,True,136,96,140,99,,
BigCodeBench,BigCodeBench/483,python_minifier,True,True,,136,96,140,96,,
BigCodeBench,BigCodeBench/484,python,True,True,True,286,286,291,291,,
BigCodeBench,BigCodeBench/484,kern,True,True,True,286,228,291,232,,
BigCodeBench,BigCodeBench/484,kern_compact,True,True,True,286,218,291,222,,
BigCodeBench,BigCodeBench/484,python_minifier,True,True,,286,223,291,228,,
BigCodeBench,BigCodeBench/485,python,True,True,True,294,294,297,297,,
BigCodeBench,BigCodeBench/485,kern,True,True,False,294,238,297,240,ast,normalized AST differs
BigCodeBench,BigCodeBench/485,kern_compact,True,True,False,294,212,297,214,ast,normalized AST differs
BigCodeBench,BigCodeBench/485,python_minifier,True,True,,294,206,297,207,,
BigCodeBench,BigCodeBench/486,python,True,True,True,197,197,200,200,,
BigCodeBench,BigCodeBench/486,kern,True,True,True,197,163,200,167,,
BigCodeBench,BigCodeBench/486,kern_compact,True,True,True,197,158,200,162,,
BigCodeBench,BigCodeBench/486,python_minifier,True,True,,197,170,200,174,,
BigCodeBench,BigCodeBench/487,python,True,True,True,193,193,199,199,,
BigCodeBench,BigCodeBench/487,kern,True,True,True,193,167,199,174,,
BigCodeBench,BigCodeBench/487,kern_compact,True,True,True,193,157,199,164,,
BigCodeBench,BigCodeBench/487,python_minifier,True,True,,193,164,199,169,,
BigCodeBench,BigCodeBench/488,python,True,True,True,238,238,241,241,,
BigCodeBench,BigCodeBench/488,kern,True,True,True,238,201,241,204,,
BigCodeBench,BigCodeBench/488,kern_compact,True,True,True,238,190,241,194,,
BigCodeBench,BigCodeBench/488,python_minifier,True,True,,238,201,241,207,,
BigCodeBench,BigCodeBench/489,python,True,True,True,205,205,206,206,,
BigCodeBench,BigCodeBench/489,kern,True,True,True,205,168,206,170,,
BigCodeBench,BigCodeBench/489,kern_compact,True,True,True,205,147,206,149,,
BigCodeBench,BigCodeBench/489,python_minifier,True,True,,205,148,206,149,,
BigCodeBench,BigCodeBench/490,python,True,True,True,66,66,66,66,,
BigCodeBench,BigCodeBench/490,kern,True,True,True,66,48,66,48,,
BigCodeBench,BigCodeBench/490,kern_compact,True,True,True,66,41,66,41,,
BigCodeBench,BigCodeBench/490,python_minifier,True,True,,66,42,66,42,,
BigCodeBench,BigCodeBench/491,python,True,True,True,263,263,265,265,,
BigCodeBench,BigCodeBench/491,kern,True,True,False,263,213,265,218,ast,normalized AST differs
BigCodeBench,BigCodeBench/491,kern_compact,True,True,False,263,191,265,197,ast,normalized AST differs
BigCodeBench,BigCodeBench/491,python_minifier,True,True,,263,200,265,203,,
BigCodeBench,BigCodeBench/492,python,True,True,True,209,209,212,212,,
BigCodeBench,BigCodeBench/492,kern,True,True,True,209,169,212,172,,
BigCodeBench,BigCodeBench/492,kern_compact,True,True,True,209,156,212,159,,
BigCodeBench,BigCodeBench/492,python_minifier,True,True,,209,159,212,162,,
BigCodeBench,BigCodeBench/493,python,True,True,True,280,280,283,283,,
BigCodeBench,BigCodeBench/493,kern,True,True,False,280,226,283,230,ast,normalized AST differs
BigCodeBench,BigCodeBench/493,kern_compact,True,True,False,280,206,283,213,ast,normalized AST differs
BigCodeBench,BigCodeBench/493,python_minifier,True,True,,280,213,283,219,,
BigCodeBench,BigCodeBench/494,python,True,True,True,234,234,235,235,,
BigCodeBench,BigCodeBench/494,kern,True,True,True,234,186,235,187,,
BigCodeBench,BigCodeBench/494,kern_compact,True,True,True,234,153,235,154,,
BigCodeBench,BigCodeBench/494,python_minifier,True,True,,234,162,235,163,,
BigCodeBench,BigCodeBench/495,python,True,True,True,122,122,122,122,,
BigCodeBench,BigCodeBench/495,kern,True,True,True,122,105,122,105,,
BigCodeBench,BigCodeBench/495,kern_compact,True,True,True,122,100,122,100,,
BigCodeBench,BigCodeBench/495,python_minifier,True,True,,122,103,122,103,,
BigCodeBench,BigCodeBench/496,python,True,True,True,147,147,153,153,,
BigCodeBench,BigCodeBench/496,kern,True,True,True,147,136,153,142,,
BigCodeBench,BigCodeBench/496,kern_compact,True,True,True,147,128,153,137,,
BigCodeBench,BigCodeBench/496,python_minifier,True,True,,147,128,153,135,,
BigCodeBench,BigCodeBench/497,python,True,True,True,75,75,81,81,,
BigCodeBench,BigCodeBench/497,kern,True,True,True,75,67,81,72,,
BigCodeBench,BigCodeBench/497,kern_compact,True,True,True,75,66,81,70,,
BigCodeBench,BigCodeBench/497,python_minifier,True,True,,75,70,81,73,,
BigCodeBench,BigCodeBench/498,python,True,True,True,102,102,103,103,,
BigCodeBench,BigCodeBench/498,kern,True,True,True,102,79,103,81,,
BigCodeBench,BigCodeBench/498,kern_compact,True,True,True,102,72,103,74,,
BigCodeBench,BigCodeBench/498,python_minifier,True,True,,102,76,103,77,,
BigCodeBench,BigCodeBench/499,python,True,True,True,95,95,95,95,,
BigCodeBench,BigCodeBench/499,kern,True,True,True,95,81,95,82,,
BigCodeBench,BigCodeBench/499,kern_compact,True,True,True,95,71,95,73,,
BigCodeBench,BigCodeBench/499,python_minifier,True,True,,95,79,95,80,,
BigCodeBench,BigCodeBench/500,python,True,True,True,138,138,138,138,,
BigCodeBench,BigCodeBench/500,kern,True,True,True,138,100,138,101,,
BigCodeBench,BigCodeBench/500,kern_compact,True,True,True,138,87,138,89,,
BigCodeBench,BigCodeBench/500,python_minifier,True,True,,138,96,138,98,,
BigCodeBench,BigCodeBench/501,python,True,True,True,222,222,228,228,,
BigCodeBench,BigCodeBench/501,kern,True,True,True,222,172,228,177,,
BigCodeBench,BigCodeBench/501,kern_compact,True,True,True,222,163,228,169,,
BigCodeBench,BigCodeBench/501,python_minifier,True,True,,222,177,228,183,,
BigCodeBench,BigCodeBench/502,python,True,True,True,184,184,187,187,,
BigCodeBench,BigCodeBench/502,kern,True,True,True,184,159,187,164,,
BigCodeBench,BigCodeBench/502,kern_compact,True,True,True,184,152,187,157,,
BigCodeBench,BigCodeBench/502,python_minifier,True,True,,184,162,187,166,,
BigCodeBench,BigCodeBench/503,python,True,True,True,184,184,194,194,,
BigCodeBench,BigCodeBench/503,kern,True,True,True,184,156,194,168,,
BigCodeBench,BigCodeBench/503,kern_compact,True,True,True,184,153,194,165,,
BigCodeBench,BigCodeBench/503,python_minifier,True,True,,184,153,194,160,,
BigCodeBench,BigCodeBench/504,python,True,True,True,105,105,105,105,,
BigCodeBench,BigCodeBench/504,kern,True,True,True,105,93,105,94,,
BigCodeBench,BigCodeBench/504,kern_compact,True,True,True,105,83,105,83,,
BigCodeBench,BigCodeBench/504,python_minifier,True,True,,105,84,105,84,,
BigCodeBench,BigCodeBench/505,python,True,True,True,29,29,32,32,,
BigCodeBench,BigCodeBench/505,kern,True,True,True,29,27,32,29,,
BigCodeBench,BigCodeBench/505,kern_compact,True,True,True,29,26,32,27,,
BigCodeBench,BigCodeBench/505,python_minifier,True,True,,29,27,32,29,,
BigCodeBench,BigCodeBench/506,python,True,True,True,156,156,156,156,,
BigCodeBench,BigCodeBench/506,kern,True,True,True,156,128,156,129,,
BigCodeBench,BigCodeBench/506,kern_compact,True,True,True,156,118,156,120,,
BigCodeBench,BigCodeBench/506,python_minifier,True,True,,156,123,156,126,,
BigCodeBench,BigCodeBench/507,python,True,True,True,234,234,237,237,,
BigCodeBench,BigCodeBench/507,kern,True,True,True,234,182,237,187,,
BigCodeBench,BigCodeBench/507,kern_compact,True,True,True,234,167,237,173,,
BigCodeBench,BigCodeBench/507,python_minifier,True,True,,234,180,237,185,,
BigCodeBench,BigCodeBench/508,python,True,True,True,118,118,123,123,,
BigCodeBench,BigCodeBench/508,kern,True,True,True,118,109,123,114,,
BigCodeBench,BigCodeBench/508,kern_compact,True,True,True,118,95,123,100,,
BigCodeBench,BigCodeBench/508,python_minifier,True,True,,118,98,123,103,,
BigCodeBench,BigCodeBench/509,python,True,True,True,315,315,329,329,,
BigCodeBench,BigCodeBench/509,kern,True,True,True,315,242,329,255,,
BigCodeBench,BigCodeBench/509,kern_compact,True,True,True,315,226,329,239,,
BigCodeBench,BigCodeBench/509,python_minifier,True,True,,315,245,329,257,,
BigCodeBench,BigCodeBench/510,python,True,True,True,107,107,107,107,,
BigCodeBench,BigCodeBench/510,kern,True,True,True,107,94,107,93,,
BigCodeBench,BigCodeBench/510,kern_compact,True,True,True,107,81,107,82,,
BigCodeBench,BigCodeBench/510,python_minifier,True,True,,107,80,107,80,,
BigCodeBench,BigCodeBench/511,python,True,True,True,192,192,193,193,,
BigCodeBench,BigCodeBench/511,kern,True,True,True,192,142,193,147,,
BigCodeBench,BigCodeBench/511,kern_compact,True,True,True,192,130,193,134,,
BigCodeBench,BigCodeBench/511,python_minifier,True,True,,192,151,193,155,,
BigCodeBench,BigCodeBench/512,python,True,True,True,157,157,159,159,,
BigCodeBench,BigCodeBench/512,kern,True,False,False,157,125,159,127,parse,"SyntaxError: invalid decimal literal (<unknown>, line 6)"
BigCodeBench,BigCodeBench/512,kern_compact,True,False,False,157,116,159,118,parse,"SyntaxError: invalid decimal literal (<unknown>, line 5)"
BigCodeBench,BigCodeBench/512,python_minifier,True,True,,157,124,159,127,,
BigCodeBench,BigCodeBench/513,python,True,True,True,233,233,235,235,,
BigCodeBench,BigCodeBench/513,kern,True,True,True,233,193,235,198,,
BigCodeBench,BigCodeBench/513,kern_compact,True,True,True,233,181,235,187,,
BigCodeBench,BigCodeBench/513,python_minifier,True,True,,233,189,235,194,,
BigCodeBench,BigCodeBench/514,python,True,True,True,80,80,81,81,,
BigCodeBench,BigCodeBench/514,kern,True,True,True,80,62,81,64,,
BigCodeBench,BigCodeBench/514,kern_compact,True,True,True,80,55,81,58,,
BigCodeBench,BigCodeBench/514,python_minifier,True,True,,80,56,81,59,,
BigCodeBench,BigCodeBench/515,python,True,True,True,102,102,109,109,,
BigCodeBench,BigCodeBench/515,kern,True,True,True,102,87,109,95,,
BigCodeBench,BigCodeBench/515,kern_compact,True,True,True,102,84,109,87,,
BigCodeBench,BigCodeBench/515,python_minifier,True,True,,102,88,109,90,,
BigCodeBench,BigCodeBench/516,python,True,True,True,174,174,177,177,,
BigCodeBench,BigCodeBench/516,kern,True,True,True,174,140,177,145,,
BigCodeBench,BigCodeBench/516,kern_compact,True,True,True,174,133,177,140,,
BigCodeBench,BigCodeBench/516,python_minifier,True,True,,174,124,177,128,,
BigCodeBench,BigCodeBench/517,python,True,True,True,76,76,80,80,,
BigCodeBench,BigCodeBench/517,kern,True,True,True,76,68,80,70,,
BigCodeBench,BigCodeBench/517,kern_compact,True,True,True,76,60,80,62,,
BigCodeBench,BigCodeBench/517,python_minifier,True,True,,76,53,80,54,,
BigCodeBench,BigCodeBench/518,python,True,True,True,178,178,189,189,,
BigCodeBench,BigCodeBench/518,kern,True,True,True,178,152,189,165,,
BigCodeBench,BigCodeBench/518,kern_compact,True,True,True,178,147,189,160,,
BigCodeBench,BigCodeBench/518,python_minifier,True,True,,178,151,189,159,,
BigCodeBench,BigCodeBench/519,python,True,True,True,83,83,84,84,,
BigCodeBench,BigCodeBench/519,kern,True,True,True,83,72,84,73,,
BigCodeBench,BigCodeBench/519,kern_compact,True,True,True,83,69,84,71,,
BigCodeBench,BigCodeBench/519,python_minifier,True,True,,83,70,84,72,,
BigCodeBench,BigCodeBench/520,python,True,True,True,227,227,227,227,,
BigCodeBench,BigCodeBench/520,kern,True,True,True,227,179,227,181,,
BigCodeBench,BigCodeBench/520,kern_compact,True,True,True,227,165,227,169,,
BigCodeBench,BigCodeBench/520,python_minifier,True,True,,227,173,227,175,,
BigCodeBench,BigCodeBench/521,python,True,True,True,77,77,78,78,,
BigCodeBench,BigCodeBench/521,kern,True,True,True,77,66,78,68,,
BigCodeBench,BigCodeBench/521,kern_compact,True,True,True,77,62,78,65,,
BigCodeBench,BigCodeBench/521,python_minifier,True,True,,77,63,78,66,,
BigCodeBench,BigCodeBench/522,python,True,True,True,201,201,202,202,,
BigCodeBench,BigCodeBench/522,kern,True,True,True,201,164,202,169,,
BigCodeBench,BigCodeBench/522,kern_compact,True,True,True,201,149,202,155,,
BigCodeBench,BigCodeBench/522,python_minifier,True,True,,201,156,202,160,,
BigCodeBench,BigCodeBench/523,python,True,True,True,78,78,81,81,,
BigCodeBench,BigCodeBench/523,kern,True,True,True,78,65,81,68,,
BigCodeBench,BigCodeBench/523,kern_compact,True,True,True,78,64,81,68,,
BigCodeBench,BigCodeBench/523,python_minifier,True,True,,78,64,81,67,,
BigCodeBench,BigCodeBench/524,python,True,True,True,228,228,233,233,,
BigCodeBench,BigCodeBench/524,kern,True,True,True,228,194,233,204,,
BigCodeBench,BigCodeBench/524,kern_compact,True,True,True,228,191,233,202,,
BigCodeBench,BigCodeBench/524,python_minifier,True,True,,228,205,233,215,,
BigCodeBench,BigCodeBench/525,python,True,True,True,161,161,162,162,,
BigCodeBench,BigCodeBench/525,kern,True,True,True,161,137,162,140,,
BigCodeBench,BigCodeBench/525,kern_compact,True,True,True,161,135,162,137,,
BigCodeBench,BigCodeBench/525,python_minifier,True,True,,161,143,162,145,,
BigCodeBench,BigCodeBench/526,python,True,True,True,167,167,168,168,,
BigCodeBench,BigCodeBench/526,kern,True,True,True,167,137,168,139,,
BigCodeBench,BigCodeBench/526,kern_compact,True,True,True,167,132,168,134,,
BigCodeBench,BigCodeBench/526,python_minifier,True,True,,167,139,168,142,,
BigCodeBench,BigCodeBench/527,python,True,True,True,174,174,177,177,,
BigCodeBench,BigCodeBench/527,kern,True,True,True,174,149,177,153,,
BigCodeBench,BigCodeBench/527,kern_compact,True,True,True,174,146,177,149,,
BigCodeBench,BigCodeBench/527,python_minifier,True,True,,174,145,177,148,,
BigCodeBench,BigCodeBench/528,python,True,True,True,195,195,197,197,,
BigCodeBench,BigCodeBench/528,kern,True,True,True,195,138,197,138,,
BigCodeBench,BigCodeBench/528,kern_compact,True,True,True,195,132,197,137,,
BigCodeBench,BigCodeBench/528,python_minifier,True,True,,195,133,197,136,,
BigCodeBench,BigCodeBench/529,python,True,True,True,167,167,169,169,,
BigCodeBench,BigCodeBench/529,kern,True,True,True,167,151,169,155,,
BigCodeBench,BigCodeBench/529,kern_compact,True,True,True,167,137,169,142,,
BigCodeBench,BigCodeBench/529,python_minifier,True,True,,167,132,169,138,,
BigCodeBench,BigCodeBench/530,python,True,True,True,260,260,264,264,,
BigCodeBench,BigCodeBench/530,kern,True,True,True,260,221,264,225,,
BigCodeBench,BigCodeBench/530,kern_compact,True,True,True,260,196,264,204,,
BigCodeBench,BigCodeBench/530,python_minifier,True,True,,260,186,264,191,,
BigCodeBench,BigCodeBench/531,python,True,True,True,247,247,248,248,,
BigCodeBench,BigCodeBench/531,kern,True,True,True,247,177,248,178,,
BigCodeBench,BigCodeBench/531,kern_compact,True,True,True,247,157,248,162,,
BigCodeBench,BigCodeBench/531,python_minifier,True,True,,247,165,248,169,,
BigCodeBench,BigCodeBench/532,python,True,True,True,228,228,229,229,,
BigCodeBench,BigCodeBench/532,kern,True,True,True,228,173,229,175,,
BigCodeBench,BigCodeBench/532,kern_compact,True,True,True,228,161,229,164,,
BigCodeBench,BigCodeBench/532,python_minifier,True,True,,228,170,229,174,,
BigCodeBench,BigCodeBench/533,python,True,True,True,176,176,177,177,,
BigCodeBench,BigCodeBench/533,kern,True,True,True,176,152,177,155,,
BigCodeBench,BigCodeBench/533,kern_compact,True,True,True,176,136,177,138,,
BigCodeBench,BigCodeBench/533,python_minifier,True,True,,176,142,177,143,,
BigCodeBench,BigCodeBench/534,python,True,True,True,191,191,193,193,,
BigCodeBench,BigCodeBench/534,kern,True,True,True,191,158,193,162,,
BigCodeBench,BigCodeBench/534,kern_compact,True,True,True,191,143,193,147,,
BigCodeBench,BigCodeBench/534,python_minifier,True,True,,191,146,193,149,,
BigCodeBench,BigCodeBench/535,python,True,True,True,266,266,269,269,,
BigCodeBench,BigCodeBench/535,kern,True,True,True,266,213,269,214,,
BigCodeBench,BigCodeBench/535,kern_compact,True,True,True,266,190,269,192,,
BigCodeBench,BigCodeBench/535,python_minifier,True,True,,266,199,269,200,,
BigCodeBench,BigCodeBench/536,python,True,True,True,82,82,82,82,,
BigCodeBench,BigCodeBench/536,kern,True,True,True,82,72,82,72,,
BigCodeBench,BigCodeBench/536,kern_compact,True,True,True,82,69,82,69,,
BigCodeBench,BigCodeBench/536,python_minifier,True,True,,82,72,82,72,,
BigCodeBench,BigCodeBench/537,python,True,True,True,109,109,110,110,,
BigCodeBench,BigCodeBench/537,kern,True,False,False,109,95,110,98,parse,"SyntaxError: invalid decimal literal (<unknown>, line 7)"
BigCodeBench,BigCodeBench/537,kern_compact,True,False,False,109,95,110,96,parse,"SyntaxError: invalid decimal literal (<unknown>, line 5)"
BigCodeBench,BigCodeBench/537,python_minifier,True,True,,109,97,110,97,,
BigCodeBench,BigCodeBench/538,python,True,True,True,170,170,171,171,,
BigCodeBench,BigCodeBench/538,kern,True,True,True,170,119,171,121,,
BigCodeBench,BigCodeBench/538,kern_compact,True,True,True,170,103,171,105,,
BigCodeBench,BigCodeBench/538,python_minifier,True,True,,170,103,171,104,,
BigCodeBench,BigCodeBench/539,python,True,True,True,205,205,208,208,,
BigCodeBench,BigCodeBench/539,kern,True,True,True,205,178,208,179,,
BigCodeBench,BigCodeBench/539,kern_compact,True,True,True,205,170,208,171,,
BigCodeBench,BigCodeBench/539,python_minifier,True,True,,205,178,208,180,,
BigCodeBench,BigCodeBench/540,python,True,True,True,166,166,164,164,,
BigCodeBench,BigCodeBench/540,kern,True,True,True,166,127,164,126,,
BigCodeBench,BigCodeBench/540,kern_compact,True,True,True,166,118,164,119,,
BigCodeBench,BigCodeBench/540,python_minifier,True,True,,166,116,164,117,,
BigCodeBench,BigCodeBench/541,python,True,True,True,131,131,133,133,,
BigCodeBench,BigCodeBench/541,kern,True,True,True,131,117,133,119,,
BigCodeBench,BigCodeBench/541,kern_compact,True,True,True,131,105,133,107,,
BigCodeBench,BigCodeBench/541,python_minifier,True,True,,131,110,133,112,,
BigCodeBench,BigCodeBench/542,python,True,True,True,132,132,135,135,,
BigCodeBench,BigCodeBench/542,kern,True,True,True,132,116,135,119,,
BigCodeBench,BigCodeBench/542,kern_compact,True,True,True,132,108,135,111,,
BigCodeBench,BigCodeBench/542,python_minifier,True,True,,132,110,135,113,,
BigCodeBench,BigCodeBench/543,python,True,True,True,39,39,40,40,,
BigCodeBench,BigCodeBench/543,kern,True,True,True,39,34,40,35,,
BigCodeBench,BigCodeBench/543,kern_compact,True,True,True,39,29,40,30,,
BigCodeBench,BigCodeBench/543,python_minifier,True,True,,39,30,40,31,,
BigCodeBench,BigCodeBench/544,python,True,True,True,54,54,56,56,,
BigCodeBench,BigCodeBench/544,kern,True,True,True,54,43,56,44,,
BigCodeBench,BigCodeBench/544,kern_compact,True,True,True,54,39,56,39,,
BigCodeBench,BigCodeBench/544,python_minifier,True,True,,54,41,56,41,,
BigCodeBench,BigCodeBench/545,python,True,True,True,100,100,100,100,,
BigCodeBench,BigCodeBench/545,kern,True,True,True,100,87,100,87,,
BigCodeBench,BigCodeBench/545,kern_compact,True,True,True,100,80,100,80,,
BigCodeBench,BigCodeBench/545,python_minifier,True,True,,100,82,100,82,,
BigCodeBench,BigCodeBench/546,python,True,True,True,69,69,71,71,,
BigCodeBench,BigCodeBench/546,kern,True,True,True,69,62,71,63,,
BigCodeBench,BigCodeBench/546,kern_compact,True,True,True,69,60,71,61,,
BigCodeBench,BigCodeBench/546,python_minifier,True,True,,69,60,71,62,,
BigCodeBench,BigCodeBench/547,python,True,True,True,140,140,139,139,,
BigCodeBench,BigCodeBench/547,kern,True,True,True,140,86,139,87,,
BigCodeBench,BigCodeBench/547,kern_compact,True,True,True,140,77,139,77,,
BigCodeBench,BigCodeBench/547,python_minifier,True,True,,140,74,139,75,,
BigCodeBench,BigCodeBench/548,python,True,True,True,110,110,113,113,,
BigCodeBench,BigCodeBench/548,kern,True,True,True,110,78,113,81,,
BigCodeBench,BigCodeBench/548,kern_compact,True,True,True,110,63,113,65,,
BigCodeBench,BigCodeBench/548,python_minifier,True,True,,110,64,113,66,,
BigCodeBench,BigCodeBench/549,python,True,True,True,73,73,74,74,,
BigCodeBench,BigCodeBench/549,kern,True,True,True,73,61,74,62,,
BigCodeBench,BigCodeBench/549,kern_compact,True,True,True,73,50,74,51,,
BigCodeBench,BigCodeBench/549,python_minifier,True,True,,73,52,74,53,,
BigCodeBench,BigCodeBench/550,python,True,True,True,89,89,92,92,,
BigCodeBench,BigCodeBench/550,kern,True,True,True,89,63,92,66,,
BigCodeBench,BigCodeBench/550,kern_compact,True,True,True,89,60,92,62,,
BigCodeBench,BigCodeBench/550,python_minifier,True,True,,89,61,92,63,,
BigCodeBench,BigCodeBench/551,python,True,True,True,231,231,236,236,,
BigCodeBench,BigCodeBench/551,kern,True,True,True,231,150,236,156,,
BigCodeBench,BigCodeBench/551,kern_compact,True,True,True,231,146,236,150,,
BigCodeBench,BigCodeBench/551,python_minifier,True,True,,231,141,236,143,,
BigCodeBench,BigCodeBench/552,python,True,True,True,172,172,173,173,,
BigCodeBench,BigCodeBench/552,kern,True,True,True,172,108,173,110,,
BigCodeBench,BigCodeBench/552,kern_compact,True,True,True,172,102,173,105,,
BigCodeBench,BigCodeBench/552,python_minifier,True,True,,172,107,173,110,,
BigCodeBench,BigCodeBench/553,python,True,True,True,184,184,184,184,,
BigCodeBench,BigCodeBench/553,kern,True,True,True,184,100,184,103,,
BigCodeBench,BigCodeBench/553,kern_compact,True,True,True,184,94,184,98,,
BigCodeBench,BigCodeBench/553,python_minifier,True,True,,184,95,184,99,,
BigCodeBench,BigCodeBench/554,python,True,True,True,143,143,147,147,,
BigCodeBench,BigCodeBench/554,kern,True,True,True,143,110,147,116,,
BigCodeBench,BigCodeBench/554,kern_compact,True,True,True,143,88,147,95,,
BigCodeBench,BigCodeBench/554,python_minifier,True,True,,143,90,147,96,,
BigCodeBench,BigCodeBench/555,python,True,True,True,117,117,119,119,,
BigCodeBench,BigCodeBench/555,kern,True,True,True,117,106,119,108,,
BigCodeBench,BigCodeBench/555,kern_compact,True,True,True,117,102,119,104,,
BigCodeBench,BigCodeBench/555,python_minifier,True,True,,117,101,119,103,,
BigCodeBench,BigCodeBench/556,python,True,True,True,101,101,101,101,,
BigCodeBench,BigCodeBench/556,kern,True,True,True,101,84,101,84,,
BigCodeBench,BigCodeBench/556,kern_compact,True,True,True,101,70,101,70,,
BigCodeBench,BigCodeBench/556,python_minifier,True,True,,101,71,101,71,,
BigCodeBench,BigCodeBench/557,python,True,True,True,136,136,138,138,,
BigCodeBench,BigCodeBench/557,kern,True,True,True,136,118,138,121,,
BigCodeBench,BigCodeBench/557,kern_compact,True,True,True,136,107,138,110,,
BigCodeBench,BigCodeBench/557,python_minifier,True,True,,136,110,138,112,,
BigCodeBench,BigCodeBench/558,python,True,True,True,150,150,154,154,,
BigCodeBench,BigCodeBench/558,kern,True,True,True,150,107,154,110,,
BigCodeBench,BigCodeBench/558,kern_compact,True,True,True,150,96,154,100,,
BigCodeBench,BigCodeBench/558,python_minifier,True,True,,150,97,154,100,,
BigCodeBench,BigCodeBench/559,python,True,True,True,141,141,144,144,,
BigCodeBench,BigCodeBench/559,kern,True,True,True,141,108,144,111,,
BigCodeBench,BigCodeBench/559,kern_compact,True,True,True,141,101,144,104,,
BigCodeBench,BigCodeBench/559,python_minifier,True,True,,141,101,144,104,,
BigCodeBench,BigCodeBench/560,python,True,True,True,281,281,289,289,,
BigCodeBench,BigCodeBench/560,kern,True,True,True,281,210,289,220,,
BigCodeBench,BigCodeBench/560,kern_compact,True,True,True,281,200,289,207,,
BigCodeBench,BigCodeBench/560,python_minifier,True,True,,281,210,289,216,,
BigCodeBench,BigCodeBench/561,python,True,True,True,93,93,95,95,,
BigCodeBench,BigCodeBench/561,kern,True,True,True,93,85,95,87,,
BigCodeBench,BigCodeBench/561,kern_compact,True,True,True,93,85,95,87,,
BigCodeBench,BigCodeBench/561,python_minifier,True,True,,93,85,95,87,,
BigCodeBench,BigCodeBench/562,python,True,True,True,179,179,182,182,,
BigCodeBench,BigCodeBench/562,kern,True,True,True,179,162,182,164,,
BigCodeBench,BigCodeBench/562,kern_compact,True,True,True,179,156,182,158,,
BigCodeBench,BigCodeBench/562,python_minifier,True,True,,179,161,182,163,,
BigCodeBench,BigCodeBench/563,python,True,True,True,76,76,76,76,,
BigCodeBench,BigCodeBench/563,kern,True,True,True,76,70,76,70,,
BigCodeBench,BigCodeBench/563,kern_compact,True,True,True,76,60,76,60,,
BigCodeBench,BigCodeBench/563,python_minifier,True,True,,76,65,76,65,,
BigCodeBench,BigCodeBench/564,python,True,True,True,120,120,121,121,,
BigCodeBench,BigCodeBench/564,kern,True,True,True,120,101,121,104,,
BigCodeBench,BigCodeBench/564,kern_compact,True,True,True,120,90,121,91,,
BigCodeBench,BigCodeBench/564,python_minifier,True,True,,120,95,121,96,,
BigCodeBench,BigCodeBench/565,python,True,True,True,110,110,112,112,,
BigCodeBench,BigCodeBench/565,kern,True,True,True,110,101,112,103,,
BigCodeBench,BigCodeBench/565,kern_compact,True,True,True,110,91,112,93,,
BigCodeBench,BigCodeBench/565,python_minifier,True,True,,110,96,112,98,,
BigCodeBench,BigCodeBench/566,python,True,True,True,69,69,69,69,,
BigCodeBench,BigCodeBench/566,kern,True,True,True,69,56,69,56,,
BigCodeBench,BigCodeBench/566,kern_compact,True,True,True,69,55,69,55,,
BigCodeBench,BigCodeBench/566,python_minifier,True,True,,69,56,69,56,,
BigCodeBench,BigCodeBench/567,python,True,True,True,162,162,165,165,,
BigCodeBench,BigCodeBench/567,kern,True,True,True,162,122,165,125,,
BigCodeBench,BigCodeBench/567,kern_compact,True,True,True,162,120,165,124,,
BigCodeBench,BigCodeBench/567,python_minifier,True,True,,162,125,165,129,,
BigCodeBench,BigCodeBench/568,python,True,True,True,139,139,141,141,,
BigCodeBench,BigCodeBench/568,kern,True,True,True,139,110,141,113,,
BigCodeBench,BigCodeBench/568,kern_compact,True,True,True,139,105,141,109,,
BigCodeBench,BigCodeBench/568,python_minifier,True,True,,139,107,141,110,,
BigCodeBench,BigCodeBench/569,python,True,True,True,97,97,97,97,,
BigCodeBench,BigCodeBench/569,kern,True,True,True,97,81,97,81,,
BigCodeBench,BigCodeBench/569,kern_compact,True,True,True,97,77,97,77,,
BigCodeBench,BigCodeBench/569,python_minifier,True,True,,97,77,97,77,,
BigCodeBench,BigCodeBench/570,python,True,True,True,108,108,108,108,,
BigCodeBench,BigCodeBench/570,kern,True,True,True,108,89,108,89,,
BigCodeBench,BigCodeBench/570,kern_compact,True,True,True,108,86,108,86,,
BigCodeBench,BigCodeBench/570,python_minifier,True,True,,108,88,108,88,,
BigCodeBench,BigCodeBench/571,python,True,True,True,219,219,223,223,,
BigCodeBench,BigCodeBench/571,kern,True,False,False,219,177,223,184,parse,"SyntaxError: invalid syntax (<unknown>, line 13)"
BigCodeBench,BigCodeBench/571,kern_compact,True,False,False,219,169,223,176,parse,"SyntaxError: invalid syntax (<unknown>, line 12)"
BigCodeBench,BigCodeBench/571,python_minifier,True,True,,219,172,223,175,,
BigCodeBench,BigCodeBench/572,python,True,True,True,106,106,106,106,,
BigCodeBench,BigCodeBench/572,kern,True,True,True,106,92,106,93,,
BigCodeBench,BigCodeBench/572,kern_compact,True,True,True,106,84,106,85,,
BigCodeBench,BigCodeBench/572,python_minifier,True,True,,106,87,106,88,,
BigCodeBench,BigCodeBench/573,python,True,True,True,120,120,123,123,,
BigCodeBench,BigCodeBench/573,kern,True,True,True,120,99,123,102,,
BigCodeBench,BigCodeBench/573,kern_compact,True,True,True,120,88,123,91,,
BigCodeBench,BigCodeBench/573,python_minifier,True,True,,120,91,123,94,,
BigCodeBench,BigCodeBench/574,python,True,True,True,190,190,190,190,,
BigCodeBench,BigCodeBench/574,kern,True,True,True,190,152,190,153,,
BigCodeBench,BigCodeBench/574,kern_compact,True,True,True,190,146,190,147,,
BigCodeBench,BigCodeBench/574,python_minifier,True,True,,190,149,190,150,,
BigCodeBench,BigCodeBench/575,python,True,True,True,96,96,98,98,,
BigCodeBench,BigCodeBench/575,kern,True,True,True,96,69,98,72,,
BigCodeBench,BigCodeBench/575,kern_compact,True,True,True,96,68,98,71,,
BigCodeBench,BigCodeBench/575,python_minifier,True,True,,96,72,98,74,,
BigCodeBench,BigCodeBench/576,python,True,True,True,189,189,189,189,,
BigCodeBench,BigCodeBench/576,kern,True,True,True,189,122,189,123,,
BigCodeBench,BigCodeBench/576,kern_compact,True,True,True,189,110,189,111,,
BigCodeBench,BigCodeBench/576,python_minifier,True,True,,189,112,189,112,,
BigCodeBench,BigCodeBench/577,python,True,True,True,135,135,135,135,,
BigCodeBench,BigCodeBench/577,kern,True,True,True,135,120,135,120,,
BigCodeBench,BigCodeBench/577,kern_compact,True,True,True,135,101,135,103,,
BigCodeBench,BigCodeBench/577,python_minifier,True,True,,135,104,135,105,,
BigCodeBench,BigCodeBench/578,python,True,True,True,201,201,202,202,,
BigCodeBench,BigCodeBench/578,kern,True,True,True,201,145,202,145,,
BigCodeBench,BigCodeBench/578,kern_compact,True,True,True,201,129,202,129,,
BigCodeBench,BigCodeBench/578,python_minifier,True,True,,201,135,202,135,,
BigCodeBench,BigCodeBench/579,python,True,True,True,186,186,192,192,,
BigCodeBench,BigCodeBench/579,kern,True,True,True,186,165,192,172,,
BigCodeBench,BigCodeBench/579,kern_compact,True,True,True,186,148,192,155,,
BigCodeBench,BigCodeBench/579,python_minifier,True,True,,186,155,192,162,,
BigCodeBench,BigCodeBench/580,python,True,True,True,206,206,207,207,,
BigCodeBench,BigCodeBench/580,kern,True,True,True,206,149,207,152,,
BigCodeBench,BigCodeBench/580,kern_compact,True,True,True,206,143,207,147,,
BigCodeBench,BigCodeBench/580,python_minifier,True,True,,206,138,207,142,,
BigCodeBench,BigCodeBench/581,python,True,True,True,116,116,116,116,,
BigCodeBench,BigCodeBench/581,kern,True,True,True,116,95,116,97,,
BigCodeBench,BigCodeBench/581,kern_compact,True,True,True,116,87,116,90,,
BigCodeBench,BigCodeBench/581,python_minifier,True,True,,116,88,116,91,,
BigCodeBench,BigCodeBench/582,python,True,True,True,153,153,154,154,,
BigCodeBench,BigCodeBench/582,kern,True,True,True,153,122,154,125,,
BigCodeBench,BigCodeBench/582,kern_compact,True,True,True,153,111,154,114,,
BigCodeBench,BigCodeBench/582,python_minifier,True,True,,153,111,154,115,,
BigCodeBench,BigCodeBench/583,python,True,True,True,167,167,168,168,,
BigCodeBench,BigCodeBench/583,kern,True,True,True,167,146,168,148,,
BigCodeBench,BigCodeBench/583,kern_compact,True,True,True,167,125,168,126,,
BigCodeBench,BigCodeBench/583,python_minifier,True,True,,167,125,168,126,,
BigCodeBench,BigCodeBench/584,python,True,True,True,191,191,192,192,,
BigCodeBench,BigCodeBench/584,kern,True,True,True,191,172,192,172,,
BigCodeBench,BigCodeBench/584,kern_compact,True,True,True,191,159,192,158,,
BigCodeBench,BigCodeBench/584,python_minifier,True,True,,191,159,192,159,,
BigCodeBench,BigCodeBench/585,python,True,True,True,142,142,147,147,,
BigCodeBench,BigCodeBench/585,kern,True,True,True,142,124,147,128,,
BigCodeBench,BigCodeBench/585,kern_compact,True,True,True,142,107,147,109,,
BigCodeBench,BigCodeBench/585,python_minifier,True,True,,142,112,147,115,,
BigCodeBench,BigCodeBench/586,python,True,True,True,184,184,187,187,,
BigCodeBench,BigCodeBench/586,kern,True,True,True,184,156,187,161,,
BigCodeBench,BigCodeBench/586,kern_compact,True,True,True,184,118,187,122,,
BigCodeBench,BigCodeBench/586,python_minifier,True,True,,184,118,187,122,,
BigCodeBench,BigCodeBench/587,python,True,True,True,275,275,284,284,,
BigCodeBench,BigCodeBench/587,kern,True,True,True,275,242,284,253,,
BigCodeBench,BigCodeBench/587,kern_compact,True,True,True,275,201,284,210,,
BigCodeBench,BigCodeBench/587,python_minifier,True,True,,275,201,284,211,,
BigCodeBench,BigCodeBench/588,python,True,True,True,144,144,148,148,,
BigCodeBench,BigCodeBench/588,kern,True,True,True,144,81,148,83,,
BigCodeBench,BigCodeBench/588,kern_compact,True,True,True,144,80,148,81,,
BigCodeBench,BigCodeBench/588,python_minifier,True,True,,144,81,148,82,,
BigCodeBench,BigCodeBench/589,python,True,True,True,221,221,224,224,,
BigCodeBench,BigCodeBench/589,kern,True,True,True,221,166,224,168,,
BigCodeBench,BigCodeBench/589,kern_compact,True,True,True,221,159,224,161,,
BigCodeBench,BigCodeBench/589,python_minifier,True,True,,221,160,224,162,,
BigCodeBench,BigCodeBench/590,python,True,True,True,164,164,166,166,,
BigCodeBench,BigCodeBench/590,kern,True,True,True,164,146,166,149,,
BigCodeBench,BigCodeBench/590,kern_compact,True,True,True,164,142,166,145,,
BigCodeBench,BigCodeBench/590,python_minifier,True,True,,164,149,166,151,,
BigCodeBench,BigCodeBench/591,python,True,True,True,235,235,236,236,,
BigCodeBench,BigCodeBench/591,kern,True,True,True,235,189,236,191,,
BigCodeBench,BigCodeBench/591,kern_compact,True,True,True,235,187,236,189,,
BigCodeBench,BigCodeBench/591,python_minifier,True,True,,235,195,236,199,,
BigCodeBench,BigCodeBench/592,python,True,True,True,173,173,174,174,,
BigCodeBench,BigCodeBench/592,kern,True,True,True,173,145,174,149,,
BigCodeBench,BigCodeBench/592,kern_compact,True,True,True,173,141,174,145,,
BigCodeBench,BigCodeBench/592,python_minifier,True,True,,173,143,174,148,,
BigCodeBench,BigCodeBench/593,python,True,True,True,262,262,261,261,,
BigCodeBench,BigCodeBench/593,kern,True,True,True,262,224,261,226,,
BigCodeBench,BigCodeBench/593,kern_compact,True,True,True,262,216,261,219,,
BigCodeBench,BigCodeBench/593,python_minifier,True,True,,262,217,261,219,,
BigCodeBench,BigCodeBench/594,python,True,True,True,211,211,213,213,,
BigCodeBench,BigCodeBench/594,kern,True,True,True,211,181,213,186,,
BigCodeBench,BigCodeBench/594,kern_compact,True,True,True,211,165,213,170,,
BigCodeBench,BigCodeBench/594,python_minifier,True,True,,211,167,213,172,,
BigCodeBench,BigCodeBench/595,python,True,True,True,96,96,96,96,,
BigCodeBench,BigCodeBench/595,kern,True,True,True,96,76,96,77,,
BigCodeBench,BigCodeBench/595,kern_compact,True,True,True,96,72,96,73,,
BigCodeBench,BigCodeBench/595,python_minifier,True,True,,96,76,96,76,,
BigCodeBench,BigCodeBench/596,python,True,True,True,149,149,150,150,,
BigCodeBench,BigCodeBench/596,kern,True,True,True,149,117,150,118,,
BigCodeBench,BigCodeBench/596,kern_compact,True,True,True,149,102,150,103,,
BigCodeBench,BigCodeBench/596,python_minifier,True,True,,149,102,150,103,,
BigCodeBench,BigCodeBench/597,python,True,True,True,105,105,106,106,,
BigCodeBench,BigCodeBench/597,kern,True,True,True,105,82,106,84,,
BigCodeBench,BigCodeBench/597,kern_compact,True,True,True,105,74,106,77,,
BigCodeBench,BigCodeBench/597,python_minifier,True,True,,105,77,106,79,,
BigCodeBench,BigCodeBench/598,python,True,True,True,110,110,111,111,,
BigCodeBench,BigCodeBench/598,kern,True,True,True,110,88,111,90,,
BigCodeBench,BigCodeBench/598,kern_compact,True,True,True,110,74,111,76,,
BigCodeBench,BigCodeBench/598,python_minifier,True,True,,110,77,111,80,,
BigCodeBench,BigCodeBench/599,python,True,True,True,222,222,223,223,,
BigCodeBench,BigCodeBench/599,kern,True,True,True,222,151,223,153,,
BigCodeBench,BigCodeBench/599,kern_compact,True,True,True,222,137,223,139,,
BigCodeBench,BigCodeBench/599,python_minifier,True,True,,222,143,223,145,,
BigCodeBench,BigCodeBench/600,python,True,True,True,94,94,96,96,,
BigCodeBench,BigCodeBench/600,kern,True,True,True,94,79,96,82,,
BigCodeBench,BigCodeBench/600,kern_compact,True,True,True,94,71,96,74,,
BigCodeBench,BigCodeBench/600,python_minifier,True,True,,94,76,96,79,,
BigCodeBench,BigCodeBench/601,python,True,True,True,198,198,203,203,,
BigCodeBench,BigCodeBench/601,kern,True,True,True,198,152,203,158,,
BigCodeBench,BigCodeBench/601,kern_compact,True,True,True,198,139,203,145,,
BigCodeBench,BigCodeBench/601,python_minifier,True,True,,198,142,203,148,,
BigCodeBench,BigCodeBench/602,python,True,True,True,91,91,92,92,,
BigCodeBench,BigCodeBench/602,kern,True,True,True,91,75,92,77,,
BigCodeBench,BigCodeBench/602,kern_compact,True,True,True,91,74,92,76,,
BigCodeBench,BigCodeBench/602,python_minifier,True,True,,91,78,92,81,,
BigCodeBench,BigCodeBench/603,python,True,True,True,56,56,57,57,,
BigCodeBench,BigCodeBench/603,kern,True,True,True,56,50,57,51,,
BigCodeBench,BigCodeBench/603,kern_compact,True,True,True,56,46,57,47,,
BigCodeBench,BigCodeBench/603,python_minifier,True,True,,56,50,57,51,,
BigCodeBench,BigCodeBench/604,python,True,True,True,116,116,120,120,,
BigCodeBench,BigCodeBench/604,kern,True,True,True,116,93,120,96,,
BigCodeBench,BigCodeBench/604,kern_compact,True,True,True,116,92,120,95,,
BigCodeBench,BigCodeBench/604,python_minifier,True,True,,116,97,120,101,,
BigCodeBench,BigCodeBench/605,python,True,True,True,47,47,48,48,,
BigCodeBench,BigCodeBench/605,kern,True,True,True,47,41,48,43,,
BigCodeBench,BigCodeBench/605,kern_compact,True,True,True,47,39,48,42,,
BigCodeBench,BigCodeBench/605,python_minifier,True,True,,47,40,48,43,,
BigCodeBench,BigCodeBench/606,python,True,True,True,63,63,65,65,,
BigCodeBench,BigCodeBench/606,kern,True,True,True,63,38,65,39,,
BigCodeBench,BigCodeBench/606,kern_compact,True,True,True,63,34,65,35,,
BigCodeBench,BigCodeBench/606,python_minifier,True,True,,63,36,65,37,,
BigCodeBench,BigCodeBench/607,python,True,True,True,163,163,168,168,,
BigCodeBench,BigCodeBench/607,kern,True,True,True,163,113,168,120,,
BigCodeBench,BigCodeBench/607,kern_compact,True,True,True,163,106,168,114,,
BigCodeBench,BigCodeBench/607,python_minifier,True,True,,163,99,168,105,,
BigCodeBench,BigCodeBench/608,python,True,True,True,161,161,166,166,,
BigCodeBench,BigCodeBench/608,kern,True,True,True,161,114,166,122,,
BigCodeBench,BigCodeBench/608,kern_compact,True,True,True,161,105,166,113,,
BigCodeBench,BigCodeBench/608,python_minifier,True,True,,161,111,166,118,,
BigCodeBench,BigCodeBench/609,python,True,True,True,150,150,153,153,,
BigCodeBench,BigCodeBench/609,kern,True,True,True,150,128,153,131,,
BigCodeBench,BigCodeBench/609,kern_compact,True,True,True,150,107,153,110,,
BigCodeBench,BigCodeBench/609,python_minifier,True,True,,150,108,153,111,,
BigCodeBench,BigCodeBench/610,python,True,True,True,166,166,172,172,,
BigCodeBench,BigCodeBench/610,kern,True,True,True,166,119,172,125,,
BigCodeBench,BigCodeBench/610,kern_compact,True,True,True,166,112,172,118,,
BigCodeBench,BigCodeBench/610,python_minifier,True,True,,166,106,172,110,,
BigCodeBench,BigCodeBench/611,python,True,True,True,139,139,142,142,,
BigCodeBench,BigCodeBench/611,kern,True,True,True,139,117,142,121,,
BigCodeBench,BigCodeBench/611,kern_compact,True,True,True,139,106,142,110,,
BigCodeBench,BigCodeBench/611,python_minifier,True,True,,139,108,142,112,,
BigCodeBench,BigCodeBench/612,python,True,True,True,208,208,214,214,,
BigCodeBench,BigCodeBench/612,kern,True,True,True,208,171,214,178,,
BigCodeBench,BigCodeBench/612,kern_compact,True,True,True,208,147,214,151,,
BigCodeBench,BigCodeBench/612,python_minifier,True,True,,208,147,214,151,,
BigCodeBench,BigCodeBench/613,python,True,True,True,246,246,250,250,,
BigCodeBench,BigCodeBench/613,kern,True,True,True,246,200,250,205,,
BigCodeBench,BigCodeBench/613,kern_compact,True,True,True,246,183,250,186,,
BigCodeBench,BigCodeBench/613,python_minifier,True,True,,246,182,250,186,,
BigCodeBench,BigCodeBench/614,python,True,True,True,128,128,133,133,,
BigCodeBench,BigCodeBench/614,kern,True,True,True,128,107,133,113,,
BigCodeBench,BigCodeBench/614,kern_compact,True,True,True,128,97,133,99,,
BigCodeBench,BigCodeBench/614,python_minifier,True,True,,128,98,133,100,,
BigCodeBench,BigCodeBench/615,python,True,True,True,190,190,194,194,,
BigCodeBench,BigCodeBench/615,kern,True,True,True,190,144,194,150,,
BigCodeBench,BigCodeBench/615,kern_compact,True,True,True,190,117,194,123,,
BigCodeBench,BigCodeBench/615,python_minifier,True,True,,190,125,194,128,,
BigCodeBench,BigCodeBench/616,python,True,True,True,247,247,251,251,,
BigCodeBench,BigCodeBench/616,kern,True,True,True,247,200,251,208,,
BigCodeBench,BigCodeBench/616,kern_compact,True,True,True,247,178,251,183,,
BigCodeBench,BigCodeBench/616,python_minifier,True,True,,247,190,251,194,,
BigCodeBench,BigCodeBench/617,python,True,True,True,337,337,341,341,,
BigCodeBench,BigCodeBench/617,kern,True,True,True,337,273,341,279,,
BigCodeBench,BigCodeBench/617,kern_compact,True,True,True,337,245,341,249,,
BigCodeBench,BigCodeBench/617,python_minifier,True,True,,337,250,341,253,,
BigCodeBench,BigCodeBench/618,python,True,True,True,245,245,247,247,,
BigCodeBench,BigCodeBench/618,kern,True,True,True,245,196,247,201,,
BigCodeBench,BigCodeBench/618,kern_compact,True,True,True,245,169,247,170,,
BigCodeBench,BigCodeBench/618,python_minifier,True,True,,245,168,247,174,,
BigCodeBench,BigCodeBench/619,python,True,True,True,218,218,221,221,,
BigCodeBench,BigCodeBench/619,kern,True,True,True,218,171,221,177,,
BigCodeBench,BigCodeBench/619,kern_compact,True,True,True,218,149,221,152,,
BigCodeBench,BigCodeBench/619,python_minifier,True,True,,218,158,221,161,,
BigCodeBench,BigCodeBench/620,python,True,True,True,92,92,93,93,,
BigCodeBench,BigCodeBench/620,kern,True,True,True,92,76,93,77,,
BigCodeBench,BigCodeBench/620,kern_compact,True,True,True,92,71,93,72,,
BigCodeBench,BigCodeBench/620,python_minifier,True,True,,92,73,93,74,,
BigCodeBench,BigCodeBench/621,python,True,True,True,89,89,89,89,,
BigCodeBench,BigCodeBench/621,kern,True,True,True,89,78,89,79,,
BigCodeBench,BigCodeBench/621,kern_compact,True,True,True,89,70,89,71,,
BigCodeBench,BigCodeBench/621,python_minifier,True,True,,89,71,89,72,,
BigCodeBench,BigCodeBench/622,python,True,True,True,155,155,156,156,,
BigCodeBench,BigCodeBench/622,kern,True,True,True,155,126,156,130,,
BigCodeBench,BigCodeBench/622,kern_compact,True,True,True,155,120,156,124,,
BigCodeBench,BigCodeBench/622,python_minifier,True,True,,155,121,156,125,,
BigCodeBench,BigCodeBench/623,python,True,True,True,104,104,104,104,,
BigCodeBench,BigCodeBench/623,kern,True,True,True,104,85,104,86,,
BigCodeBench,BigCodeBench/623,kern_compact,True,True,True,104,76,104,77,,
BigCodeBench,BigCodeBench/623,python_minifier,True,True,,104,77,104,78,,
BigCodeBench,BigCodeBench/624,python,True,True,True,87,87,92,92,,
BigCodeBench,BigCodeBench/624,kern,True,True,True,87,78,92,79,,
BigCodeBench,BigCodeBench/624,kern_compact,True,True,True,87,65,92,67,,
BigCodeBench,BigCodeBench/624,python_minifier,True,True,,87,66,92,68,,
BigCodeBench,BigCodeBench/625,python,True,True,True,91,91,92,92,,
BigCodeBench,BigCodeBench/625,kern,True,True,True,91,76,92,77,,
BigCodeBench,BigCodeBench/625,kern_compact,True,True,True,91,69,92,70,,
BigCodeBench,BigCodeBench/625,python_minifier,True,True,,91,68,92,69,,
BigCodeBench,BigCodeBench/626,python,True,True,True,139,139,140,140,,
BigCodeBench,BigCodeBench/626,kern,True,True,True,139,125,140,125,,
BigCodeBench,BigCodeBench/626,kern_compact,True,True,True,139,114,140,114,,
BigCodeBench,BigCodeBench/626,python_minifier,True,True,,139,114,140,114,,
BigCodeBench,BigCodeBench/627,python,True,True,True,116,116,117,117,,
BigCodeBench,BigCodeBench/627,kern,True,True,True,116,99,117,101,,
BigCodeBench,BigCodeBench/627,kern_compact,True,True,True,116,91,117,93,,
BigCodeBench,BigCodeBench/627,python_minifier,True,True,,116,92,117,94,,
BigCodeBench,BigCodeBench/628,python,True,True,True,149,149,148,148,,
BigCodeBench,BigCodeBench/628,kern,True,True,True,149,118,148,124,,
BigCodeBench,BigCodeBench/628,kern_compact,True,True,True,149,117,148,123,,
BigCodeBench,BigCodeBench/628,python_minifier,True,True,,149,112,148,119,,
BigCodeBench,BigCodeBench/629,python,True,True,True,206,206,210,210,,
BigCodeBench,BigCodeBench/629,kern,True,True,True,206,121,210,125,,
BigCodeBench,BigCodeBench/629,kern_compact,True,True,True,206,114,210,118,,
BigCodeBench,BigCodeBench/629,python_minifier,True,True,,206,125,210,130,,
BigCodeBench,BigCodeBench/630,python,True,True,True,94,94,94,94,,
BigCodeBench,BigCodeBench/630,kern,True,True,True,94,79,94,82,,
BigCodeBench,BigCodeBench/630,kern_compact,True,True,True,94,72,94,75,,
BigCodeBench,BigCodeBench/630,python_minifier,True,True,,94,74,94,78,,
BigCodeBench,BigCodeBench/631,python,True,True,True,87,87,87,87,,
BigCodeBench,BigCodeBench/631,kern,True,True,True,87,68,87,71,,
BigCodeBench,BigCodeBench/631,kern_compact,True,True,True,87,64,87,67,,
BigCodeBench,BigCodeBench/631,python_minifier,True,True,,87,66,87,70,,
BigCodeBench,BigCodeBench/632,python,True,True,True,156,156,158,158,,
BigCodeBench,BigCodeBench/632,kern,True,True,True,156,111,158,114,,
BigCodeBench,BigCodeBench/632,kern_compact,True,True,True,156,102,158,105,,
BigCodeBench,BigCodeBench/632,python_minifier,True,True,,156,98,158,100,,
BigCodeBench,BigCodeBench/633,python,True,True,True,128,128,130,130,,
BigCodeBench,BigCodeBench/633,kern,True,True,True,128,90,130,91,,
BigCodeBench,BigCodeBench/633,kern_compact,True,True,True,128,85,130,86,,
BigCodeBench,BigCodeBench/633,python_minifier,True,True,,128,83,130,84,,
BigCodeBench,BigCodeBench/634,python,True,True,True,84,84,83,83,,
BigCodeBench,BigCodeBench/634,kern,True,True,True,84,58,83,57,,
BigCodeBench,BigCodeBench/634,kern_compact,True,True,True,84,52,83,52,,
BigCodeBench,BigCodeBench/634,python_minifier,True,True,,84,50,83,50,,
BigCodeBench,BigCodeBench/635,python,True,True,True,374,374,385,385,,
BigCodeBench,BigCodeBench/635,kern,True,True,False,374,269,385,280,ast,normalized AST differs
BigCodeBench,BigCodeBench/635,kern_compact,True,True,False,374,237,385,251,ast,normalized AST differs
BigCodeBench,BigCodeBench/635,python_minifier,True,True,,374,242,385,253,,
BigCodeBench,BigCodeBench/636,python,True,True,True,208,208,214,214,,
BigCodeBench,BigCodeBench/636,kern,True,True,True,208,128,214,132,,
BigCodeBench,BigCodeBench/636,kern_compact,True,True,True,208,121,214,125,,
BigCodeBench,BigCodeBench/636,python_minifier,True,True,,208,119,214,124,,
BigCodeBench,BigCodeBench/637,python,True,True,True,247,247,248,248,,
BigCodeBench,BigCodeBench/637,kern,True,True,True,247,192,248,194,,
BigCodeBench,BigCodeBench/637,kern_compact,True,True,True,247,174,248,179,,
BigCodeBench,BigCodeBench/637,python_minifier,True,True,,247,179,248,185,,
BigCodeBench,BigCodeBench/638,python,True,True,True,107,107,111,111,,
BigCodeBench,BigCodeBench/638,kern,True,True,True,107,85,111,91,,
BigCodeBench,BigCodeBench/638,kern_compact,True,True,True,107,82,111,88,,
BigCodeBench,BigCodeBench/638,python_minifier,True,True,,107,88,111,94,,
BigCodeBench,BigCodeBench/639,python,True,True,True,137,137,139,139,,
BigCodeBench,BigCodeBench/639,kern,True,True,True,137,114,139,118,,
BigCodeBench,BigCodeBench/639,kern_compact,True,True,True,137,100,139,104,,
BigCodeBench,BigCodeBench/639,python_minifier,True,True,,137,101,139,104,,
BigCodeBench,BigCodeBench/640,python,True,True,True,201,201,204,204,,
BigCodeBench,BigCodeBench/640,kern,True,True,True,201,170,204,173,,
BigCodeBench,BigCodeBench/640,kern_compact,True,True,True,201,166,204,167,,
BigCodeBench,BigCodeBench/640,python_minifier,True,True,,201,167,204,168,,
BigCodeBench,BigCodeBench/641,python,True,True,True,99,99,101,101,,
BigCodeBench,BigCodeBench/641,kern,True,True,True,99,82,101,85,,
BigCodeBench,BigCodeBench/641,kern_compact,True,True,True,99,75,101,78,,
BigCodeBench,BigCodeBench/641,python_minifier,True,True,,99,70,101,72,,
BigCodeBench,BigCodeBench/642,python,True,True,True,130,130,129,129,,
BigCodeBench,BigCodeBench/642,kern,True,True,True,130,112,129,112,,
BigCodeBench,BigCodeBench/642,kern_compact,True,True,True,130,105,129,105,,
BigCodeBench,BigCodeBench/642,python_minifier,True,True,,130,104,129,104,,
BigCodeBench,BigCodeBench/643,python,True,True,True,98,98,98,98,,
BigCodeBench,BigCodeBench/643,kern,True,True,True,98,88,98,88,,
BigCodeBench,BigCodeBench/643,kern_compact,True,True,True,98,86,98,86,,
BigCodeBench,BigCodeBench/643,python_minifier,True,True,,98,90,98,90,,
BigCodeBench,BigCodeBench/644,python,True,True,True,148,148,148,148,,
BigCodeBench,BigCodeBench/644,kern,True,True,True,148,102,148,102,,
BigCodeBench,BigCodeBench/644,kern_compact,True,True,True,148,96,148,96,,
BigCodeBench,BigCodeBench/644,python_minifier,True,True,,148,102,148,102,,
BigCodeBench,BigCodeBench/645,python,True,True,True,116,116,122,122,,
BigCodeBench,BigCodeBench/645,kern,True,True,True,116,68,122,73,,
BigCodeBench,BigCodeBench/645,kern_compact,True,True,True,116,66,122,72,,
BigCodeBench,BigCodeBench/645,python_minifier,True,True,,116,67,122,71,,
BigCodeBench,BigCodeBench/646,python,True,True,True,100,100,106,106,,
BigCodeBench,BigCodeBench/646,kern,True,True,True,100,90,106,96,,
BigCodeBench,BigCodeBench/646,kern_compact,True,True,True,100,89,106,95,,
BigCodeBench,BigCodeBench/646,python_minifier,True,True,,100,92,106,95,,
BigCodeBench,BigCodeBench/647,python,True,True,True,203,203,206,206,,
BigCodeBench,BigCodeBench/647,kern,True,True,True,203,132,206,133,,
BigCodeBench,BigCodeBench/647,kern_compact,True,True,True,203,83,206,86,,
BigCodeBench,BigCodeBench/647,python_minifier,True,True,,203,84,206,86,,
BigCodeBench,BigCodeBench/648,python,True,True,True,79,79,79,79,,
BigCodeBench,BigCodeBench/648,kern,True,True,True,79,60,79,60,,
BigCodeBench,BigCodeBench/648,kern_compact,True,True,True,79,51,79,51,,
BigCodeBench,BigCodeBench/648,python_minifier,True,True,,79,55,79,55,,
BigCodeBench,BigCodeBench/649,python,True,True,True,103,103,104,104,,
BigCodeBench,BigCodeBench/649,kern,True,True,True,103,86,104,87,,
BigCodeBench,BigCodeBench/649,kern_compact,True,True,True,103,71,104,72,,
BigCodeBench,BigCodeBench/649,python_minifier,True,True,,103,73,104,74,,
BigCodeBench,BigCodeBench/650,python,True,True,True,130,130,131,131,,
BigCodeBench,BigCodeBench/650,kern,True,True,True,130,94,131,94,,
BigCodeBench,BigCodeBench/650,kern_compact,True,True,True,130,77,131,78,,
BigCodeBench,BigCodeBench/650,python_minifier,True,True,,130,78,131,78,,
BigCodeBench,BigCodeBench/651,python,True,True,True,130,130,132,132,,
BigCodeBench,BigCodeBench/651,kern,True,True,False,130,86,132,87,ast,normalized AST differs
BigCodeBench,BigCodeBench/651,kern_compact,True,True,False,130,72,132,73,ast,normalized AST differs
BigCodeBench,BigCodeBench/651,python_minifier,True,True,,130,74,132,75,,
BigCodeBench,BigCodeBench/652,python,True,True,True,275,275,275,275,,
BigCodeBench,BigCodeBench/652,kern,True,True,True,275,191,275,195,,
BigCodeBench,BigCodeBench/652,kern_compact,True,True,True,275,179,275,184,,
BigCodeBench,BigCodeBench/652,python_minifier,True,True,,275,180,275,183,,
BigCodeBench,BigCodeBench/653,python,True,True,True,93,93,96,96,,
BigCodeBench,BigCodeBench/653,kern,True,True,True,93,64,96,66,,
BigCodeBench,BigCodeBench/653,kern_compact,True,True,True,93,64,96,64,,
BigCodeBench,BigCodeBench/653,python_minifier,True,True,,93,64,96,64,,
BigCodeBench,BigCodeBench/654,python,True,True,True,250,250,253,253,,
BigCodeBench,BigCodeBench/654,kern,True,True,True,250,174,253,180,,
BigCodeBench,BigCodeBench/654,kern_compact,True,True,True,250,153,253,159,,
BigCodeBench,BigCodeBench/654,python_minifier,True,True,,250,156,253,162,,
BigCodeBench,BigCodeBench/655,python,True,True,True,368,368,382,382,,
BigCodeBench,BigCodeBench/655,kern,True,True,True,368,247,382,260,,
BigCodeBench,BigCodeBench/655,kern_compact,True,True,True,368,223,382,231,,
BigCodeBench,BigCodeBench/655,python_minifier,True,True,,368,231,382,238,,
BigCodeBench,BigCodeBench/656,python,True,True,True,119,119,123,123,,
BigCodeBench,BigCodeBench/656,kern,True,True,True,119,105,123,110,,
BigCodeBench,BigCodeBench/656,kern_compact,True,True,True,119,100,123,105,,
BigCodeBench,BigCodeBench/656,python_minifier,True,True,,119,98,123,103,,
BigCodeBench,BigCodeBench/657,python,True,True,True,175,175,184,184,,
BigCodeBench,BigCodeBench/657,kern,True,True,True,175,139,184,148,,
BigCodeBench,BigCodeBench/657,kern_compact,True,True,True,175,128,184,132,,
BigCodeBench,BigCodeBench/657,python_minifier,True,True,,175,135,184,136,,
BigCodeBench,BigCodeBench/658,python,True,True,True,206,206,217,217,,
BigCodeBench,BigCodeBench/658,kern,True,True,True,206,158,217,166,,
BigCodeBench,BigCodeBench/658,kern_compact,True,True,True,206,138,217,142,,
BigCodeBench,BigCodeBench/658,python_minifier,True,True,,206,140,217,144,,
BigCodeBench,BigCodeBench/659,python,True,True,True,93,93,93,93,,
BigCodeBench,BigCodeBench/659,kern,True,True,True,93,78,93,79,,
BigCodeBench,BigCodeBench/659,kern_compact,True,True,True,93,75,93,76,,
BigCodeBench,BigCodeBench/659,python_minifier,True,True,,93,75,93,76,,
BigCodeBench,BigCodeBench/660,python,True,True,True,162,162,164,164,,
BigCodeBench,BigCodeBench/660,kern,True,True,True,162,87,164,90,,
BigCodeBench,BigCodeBench/660,kern_compact,True,True,True,162,80,164,81,,
BigCodeBench,BigCodeBench/660,python_minifier,True,True,,162,80,164,81,,
BigCodeBench,BigCodeBench/661,python,True,True,True,113,113,116,116,,
BigCodeBench,BigCodeBench/661,kern,True,True,True,113,86,116,89,,
BigCodeBench,BigCodeBench/661,kern_compact,True,True,True,113,85,116,86,,
BigCodeBench,BigCodeBench/661,python_minifier,True,True,,113,84,116,85,,
BigCodeBench,BigCodeBench/662,python,True,True,True,107,107,111,111,,
BigCodeBench,BigCodeBench/662,kern,True,True,True,107,93,111,96,,
BigCodeBench,BigCodeBench/662,kern_compact,True,True,True,107,83,111,85,,
BigCodeBench,BigCodeBench/662,python_minifier,True,True,,107,83,111,85,,
BigCodeBench,BigCodeBench/663,python,True,True,True,145,145,146,146,,
BigCodeBench,BigCodeBench/663,kern,True,True,True,145,108,146,111,,
BigCodeBench,BigCodeBench/663,kern_compact,True,True,True,145,99,146,102,,
BigCodeBench,BigCodeBench/663,python_minifier,True,True,,145,104,146,106,,
BigCodeBench,BigCodeBench/664,python,True,True,True,167,167,170,170,,
BigCodeBench,BigCodeBench/664,kern,True,True,True,167,124,170,126,,
BigCodeBench,BigCodeBench/664,kern_compact,True,True,True,167,110,170,113,,
BigCodeBench,BigCodeBench/664,python_minifier,True,True,,167,107,170,112,,
BigCodeBench,BigCodeBench/665,python,True,True,True,100,100,100,100,,
BigCodeBench,BigCodeBench/665,kern,True,True,True,100,83,100,84,,
BigCodeBench,BigCodeBench/665,kern_compact,True,True,True,100,72,100,72,,
BigCodeBench,BigCodeBench/665,python_minifier,True,True,,100,79,100,79,,
BigCodeBench,BigCodeBench/666,python,True,True,True,99,99,99,99,,
BigCodeBench,BigCodeBench/666,kern,True,True,True,99,83,99,83,,
BigCodeBench,BigCodeBench/666,kern_compact,True,True,True,99,69,99,69,,
BigCodeBench,BigCodeBench/666,python_minifier,True,True,,99,71,99,71,,
BigCodeBench,BigCodeBench/667,python,True,True,True,44,44,45,45,,
BigCodeBench,BigCodeBench/667,kern,True,True,True,44,37,45,37,,
BigCodeBench,BigCodeBench/667,kern_compact,True,True,True,44,32,45,32,,
BigCodeBench,BigCodeBench/667,python_minifier,True,True,,44,34,45,34,,
BigCodeBench,BigCodeBench/668,python,True,True,True,98,98,98,98,,
BigCodeBench,BigCodeBench/668,kern,True,True,True,98,81,98,82,,
BigCodeBench,BigCodeBench/668,kern_compact,True,True,True,98,67,98,68,,
BigCodeBench,BigCodeBench/668,python_minifier,True,True,,98,70,98,70,,
BigCodeBench,BigCodeBench/669,python,True,True,True,64,64,64,64,,
BigCodeBench,BigCodeBench/669,kern,True,True,True,64,56,64,56,,
BigCodeBench,BigCodeBench/669,kern_compact,True,True,True,64,51,64,51,,
BigCodeBench,BigCodeBench/669,python_minifier,True,True,,64,51,64,51,,
BigCodeBench,BigCodeBench/670,python,True,True,True,92,92,95,95,,
BigCodeBench,BigCodeBench/670,kern,True,True,True,92,72,95,75,,
BigCodeBench,BigCodeBench/670,kern_compact,True,True,True,92,63,95,63,,
BigCodeBench,BigCodeBench/670,python_minifier,True,True,,92,66,95,66,,
BigCodeBench,BigCodeBench/671,python,True,True,True,92,92,92,92,,
BigCodeBench,BigCodeBench/671,kern,True,True,True,92,75,92,76,,
BigCodeBench,BigCodeBench/671,kern_compact,True,True,True,92,72,92,72,,
BigCodeBench,BigCodeBench/671,python_minifier,True,True,,92,79,92,79,,
BigCodeBench,BigCodeBench/672,python,True,True,True,94,94,94,94,,
BigCodeBench,BigCodeBench/672,kern,True,True,True,94,79,94,79,,
BigCodeBench,BigCodeBench/672,kern_compact,True,True,True,94,78,94,78,,
BigCodeBench,BigCodeBench/672,python_minifier,True,True,,94,83,94,83,,
BigCodeBench,BigCodeBench/673,python,True,True,True,86,86,86,86,,
BigCodeBench,BigCodeBench/673,kern,True,True,True,86,72,86,72,,
BigCodeBench,BigCodeBench/673,kern_compact,True,True,True,86,71,86,71,,
BigCodeBench,BigCodeBench/673,python_minifier,True,True,,86,79,86,79,,
BigCodeBench,BigCodeBench/674,python,True,True,True,99,99,99,99,,
BigCodeBench,BigCodeBench/674,kern,True,True,True,99,76,99,75,,
BigCodeBench,BigCodeBench/674,kern_compact,True,True,True,99,74,99,74,,
BigCodeBench,BigCodeBench/674,python_minifier,True,True,,99,80,99,80,,
BigCodeBench,BigCodeBench/675,python,True,True,True,85,85,85,85,,
BigCodeBench,BigCodeBench/675,kern,True,True,True,85,71,85,71,,
BigCodeBench,BigCodeBench/675,kern_compact,True,True,True,85,70,85,70,,
BigCodeBench,BigCodeBench/675,python_minifier,True,True,,85,76,85,76,,
BigCodeBench,BigCodeBench/676,python,True,True,True,133,133,136,136,,
BigCodeBench,BigCodeBench/676,kern,True,True,True,133,100,136,104,,
BigCodeBench,BigCodeBench/676,kern_compact,True,True,True,133,97,136,101,,
BigCodeBench,BigCodeBench/676,python_minifier,True,True,,133,104,136,104,,
BigCodeBench,BigCodeBench/677,python,True,True,True,118,118,119,119,,
BigCodeBench,BigCodeBench/677,kern,True,True,True,118,74,119,77,,
BigCodeBench,BigCodeBench/677,kern_compact,True,True,True,118,70,119,71,,
BigCodeBench,BigCodeBench/677,python_minifier,True,True,,118,74,119,75,,
BigCodeBench,BigCodeBench/678,python,True,True,True,161,161,163,163,,
BigCodeBench,BigCodeBench/678,kern,True,True,True,161,125,163,128,,
BigCodeBench,BigCodeBench/678,kern_compact,True,True,True,161,109,163,111,,
BigCodeBench,BigCodeBench/678,python_minifier,True,True,,161,119,163,122,,
BigCodeBench,BigCodeBench/679,python,True,True,True,68,68,70,70,,
BigCodeBench,BigCodeBench/679,kern,True,True,True,68,48,70,51,,
BigCodeBench,BigCodeBench/679,kern_compact,True,True,True,68,45,70,47,,
BigCodeBench,BigCodeBench/679,python_minifier,True,True,,68,47,70,48,,
BigCodeBench,BigCodeBench/680,python,True,True,True,146,146,149,149,,
BigCodeBench,BigCodeBench/680,kern,True,True,True,146,77,149,79,,
BigCodeBench,BigCodeBench/680,kern_compact,True,True,True,146,74,149,76,,
BigCodeBench,BigCodeBench/680,python_minifier,True,True,,146,82,149,84,,
BigCodeBench,BigCodeBench/681,python,True,True,True,80,80,81,81,,
BigCodeBench,BigCodeBench/681,kern,True,True,True,80,65,81,66,,
BigCodeBench,BigCodeBench/681,kern_compact,True,True,True,80,62,81,64,,
BigCodeBench,BigCodeBench/681,python_minifier,True,True,,80,65,81,67,,
BigCodeBench,BigCodeBench/682,python,True,True,True,59,59,59,59,,
BigCodeBench,BigCodeBench/682,kern,True,True,True,59,52,59,52,,
BigCodeBench,BigCodeBench/682,kern_compact,True,True,True,59,50,59,50,,
BigCodeBench,BigCodeBench/682,python_minifier,True,True,,59,53,59,53,,
BigCodeBench,BigCodeBench/683,python,True,True,True,76,76,76,76,,
BigCodeBench,BigCodeBench/683,kern,True,True,True,76,61,76,61,,
BigCodeBench,BigCodeBench/683,kern_compact,True,True,True,76,60,76,60,,
BigCodeBench,BigCodeBench/683,python_minifier,True,True,,76,65,76,66,,
BigCodeBench,BigCodeBench/684,python,True,True,True,114,114,115,115,,
BigCodeBench,BigCodeBench/684,kern,True,True,True,114,48,115,50,,
BigCodeBench,BigCodeBench/684,kern_compact,True,True,True,114,43,115,45,,
BigCodeBench,BigCodeBench/684,python_minifier,True,True,,114,44,115,46,,
BigCodeBench,BigCodeBench/685,python,True,True,True,37,37,37,37,,
BigCodeBench,BigCodeBench/685,kern,True,True,True,37,33,37,33,,
BigCodeBench,BigCodeBench/685,kern_compact,True,True,True,37,30,37,30,,
BigCodeBench,BigCodeBench/685,python_minifier,True,True,,37,31,37,31,,
BigCodeBench,BigCodeBench/686,python,True,True,True,71,71,73,73,,
BigCodeBench,BigCodeBench/686,kern,True,True,True,71,62,73,64,,
BigCodeBench,BigCodeBench/686,kern_compact,True,True,True,71,57,73,58,,
BigCodeBench,BigCodeBench/686,python_minifier,True,True,,71,59,73,59,,
BigCodeBench,BigCodeBench/687,python,True,True,True,56,56,58,58,,
BigCodeBench,BigCodeBench/687,kern,True,True,True,56,51,58,53,,
BigCodeBench,BigCodeBench/687,kern_compact,True,True,True,56,42,58,42,,
BigCodeBench,BigCodeBench/687,python_minifier,True,True,,56,43,58,43,,
BigCodeBench,BigCodeBench/688,python,True,True,True,51,51,52,52,,
BigCodeBench,BigCodeBench/688,kern,True,True,True,51,38,52,39,,
BigCodeBench,BigCodeBench/688,kern_compact,True,True,True,51,34,52,35,,
BigCodeBench,BigCodeBench/688,python_minifier,True,True,,51,36,52,37,,
BigCodeBench,BigCodeBench/689,python,True,True,True,64,64,64,64,,
BigCodeBench,BigCodeBench/689,kern,True,True,True,64,51,64,51,,
BigCodeBench,BigCodeBench/689,kern_compact,True,True,True,64,44,64,44,,
BigCodeBench,BigCodeBench/689,python_minifier,True,True,,64,43,64,43,,
BigCodeBench,BigCodeBench/690,python,True,True,True,99,99,101,101,,
BigCodeBench,BigCodeBench/690,kern,True,True,True,99,53,101,54,,
BigCodeBench,BigCodeBench/690,kern_compact,True,True,True,99,53,101,54,,
BigCodeBench,BigCodeBench/690,python_minifier,True,True,,99,55,101,56,,
BigCodeBench,BigCodeBench/691,python,True,True,True,122,122,124,124,,
BigCodeBench,BigCodeBench/691,kern,True,True,True,122,74,124,75,,
BigCodeBench,BigCodeBench/691,kern_compact,True,True,True,122,66,124,67,,
BigCodeBench,BigCodeBench/691,python_minifier,True,True,,122,68,124,69,,
BigCodeBench,BigCodeBench/692,python,True,True,True,39,39,40,40,,
BigCodeBench,BigCodeBench/692,kern,True,True,True,39,34,40,35,,
BigCodeBench,BigCodeBench/692,kern_compact,True,True,True,39,33,40,34,,
BigCodeBench,BigCodeBench/692,python_minifier,True,True,,39,35,40,36,,
BigCodeBench,BigCodeBench/693,python,True,True,True,60,60,62,62,,
BigCodeBench,BigCodeBench/693,kern,True,True,True,60,50,62,52,,
BigCodeBench,BigCodeBench/693,kern_compact,True,True,True,60,47,62,49,,
BigCodeBench,BigCodeBench/693,python_minifier,True,True,,60,51,62,53,,
BigCodeBench,BigCodeBench/694,python,True,True,True,40,40,40,40,,
BigCodeBench,BigCodeBench/694,kern,True,True,True,40,30,40,30,,
BigCodeBench,BigCodeBench/694,kern_compact,True,True,True,40,25,40,25,,
BigCodeBench,BigCodeBench/694,python_minifier,True,True,,40,27,40,27,,
BigCodeBench,BigCodeBench/695,python,True,True,True,53,53,55,55,,
BigCodeBench,BigCodeBench/695,kern,True,True,True,53,45,55,45,,
BigCodeBench,BigCodeBench/695,kern_compact,True,True,True,53,41,55,41,,
BigCodeBench,BigCodeBench/695,python_minifier,True,True,,53,44,55,44,,
BigCodeBench,BigCodeBench/696,python,True,True,True,94,94,94,94,,
BigCodeBench,BigCodeBench/696,kern,True,True,True,94,74,94,77,,
BigCodeBench,BigCodeBench/696,kern_compact,True,True,True,94,72,94,75,,
BigCodeBench,BigCodeBench/696,python_minifier,True,True,,94,72,94,75,,
BigCodeBench,BigCodeBench/697,python,True,True,True,105,105,105,105,,
BigCodeBench,BigCodeBench/697,kern,True,True,True,105,72,105,72,,
BigCodeBench,BigCodeBench/697,kern_compact,True,True,True,105,72,105,72,,
BigCodeBench,BigCodeBench/697,python_minifier,True,True,,105,73,105,73,,
BigCodeBench,BigCodeBench/698,python,True,True,True,88,88,90,90,,
BigCodeBench,BigCodeBench/698,kern,True,True,True,88,69,90,71,,
BigCodeBench,BigCodeBench/698,kern_compact,True,True,True,88,61,90,63,,
BigCodeBench,BigCodeBench/698,python_minifier,True,True,,88,63,90,66,,
BigCodeBench,BigCodeBench/699,python,True,True,True,78,78,80,80,,
BigCodeBench,BigCodeBench/699,kern,True,True,True,78,67,80,69,,
BigCodeBench,BigCodeBench/699,kern_compact,True,True,True,78,64,80,66,,
BigCodeBench,BigCodeBench/699,python_minifier,True,True,,78,68,80,70,,
BigCodeBench,BigCodeBench/700,python,True,True,True,62,62,64,64,,
BigCodeBench,BigCodeBench/700,kern,True,True,True,62,49,64,51,,
BigCodeBench,BigCodeBench/700,kern_compact,True,True,True,62,44,64,46,,
BigCodeBench,BigCodeBench/700,python_minifier,True,True,,62,46,64,48,,
BigCodeBench,BigCodeBench/701,python,True,True,True,65,65,66,66,,
BigCodeBench,BigCodeBench/701,kern,True,True,True,65,50,66,52,,
BigCodeBench,BigCodeBench/701,kern_compact,True,True,True,65,50,66,52,,
BigCodeBench,BigCodeBench/701,python_minifier,True,True,,65,54,66,57,,
BigCodeBench,BigCodeBench/702,python,True,True,True,63,63,66,66,,
BigCodeBench,BigCodeBench/702,kern,True,True,True,63,52,66,53,,
BigCodeBench,BigCodeBench/702,kern_compact,True,True,True,63,44,66,45,,
BigCodeBench,BigCodeBench/702,python_minifier,True,True,,63,46,66,47,,
BigCodeBench,BigCodeBench/703,python,True,True,True,61,61,62,62,,
BigCodeBench,BigCodeBench/703,kern,True,True,True,61,54,62,54,,
BigCodeBench,BigCodeBench/703,kern_compact,True,True,True,61,50,62,52,,
BigCodeBench,BigCodeBench/703,python_minifier,True,True,,61,51,62,53,,
BigCodeBench,BigCodeBench/704,python,True,True,True,135,135,137,137,,
BigCodeBench,BigCodeBench/704,kern,True,True,True,135,110,137,112,,
BigCodeBench,BigCodeBench/704,kern_compact,True,True,True,135,93,137,96,,
BigCodeBench,BigCodeBench/704,python_minifier,True,True,,135,99,137,102,,
BigCodeBench,BigCodeBench/705,python,True,True,True,98,98,101,101,,
BigCodeBench,BigCodeBench/705,kern,True,True,True,98,61,101,64,,
BigCodeBench,BigCodeBench/705,kern_compact,True,True,True,98,59,101,62,,
BigCodeBench,BigCodeBench/705,python_minifier,True,True,,98,68,101,71,,
BigCodeBench,BigCodeBench/706,python,True,True,True,170,170,175,175,,
BigCodeBench,BigCodeBench/706,kern,True,True,True,170,132,175,136,,
BigCodeBench,BigCodeBench/706,kern_compact,True,True,True,170,124,175,128,,
BigCodeBench,BigCodeBench/706,python_minifier,True,True,,170,127,175,131,,
BigCodeBench,BigCodeBench/707,python,True,True,True,87,87,87,87,,
BigCodeBench,BigCodeBench/707,kern,True,True,True,87,58,87,58,,
BigCodeBench,BigCodeBench/707,kern_compact,True,True,True,87,51,87,51,,
BigCodeBench,BigCodeBench/707,python_minifier,True,True,,87,51,87,51,,
BigCodeBench,BigCodeBench/708,python,True,True,True,151,151,152,152,,
BigCodeBench,BigCodeBench/708,kern,True,True,True,151,100,152,103,,
BigCodeBench,BigCodeBench/708,kern_compact,True,True,True,151,92,152,95,,
BigCodeBench,BigCodeBench/708,python_minifier,True,True,,151,98,152,102,,
BigCodeBench,BigCodeBench/709,python,True,True,True,127,127,127,127,,
BigCodeBench,BigCodeBench/709,kern,True,True,True,127,77,127,77,,
BigCodeBench,BigCodeBench/709,kern_compact,True,True,True,127,64,127,64,,
BigCodeBench,BigCodeBench/709,python_minifier,True,True,,127,66,127,66,,
BigCodeBench,BigCodeBench/710,python,True,True,True,65,65,66,66,,
BigCodeBench,BigCodeBench/710,kern,True,True,True,65,53,66,55,,
BigCodeBench,BigCodeBench/710,kern_compact,True,True,True,65,51,66,53,,
BigCodeBench,BigCodeBench/710,python_minifier,True,True,,65,53,66,55,,
BigCodeBench,BigCodeBench/711,python,True,True,True,70,70,70,70,,
BigCodeBench,BigCodeBench/711,kern,True,True,True,70,57,70,57,,
BigCodeBench,BigCodeBench/711,kern_compact,True,True,True,70,56,70,56,,
BigCodeBench,BigCodeBench/711,python_minifier,True,True,,70,59,70,59,,
BigCodeBench,BigCodeBench/712,python,True,True,True,62,62,63,63,,
BigCodeBench,BigCodeBench/712,kern,True,True,True,62,52,63,53,,
BigCodeBench,BigCodeBench/712,kern_compact,True,True,True,62,51,63,52,,
BigCodeBench,BigCodeBench/712,python_minifier,True,True,,62,53,63,54,,
BigCodeBench,BigCodeBench/713,python,True,True,True,179,179,183,183,,
BigCodeBench,BigCodeBench/713,kern,True,True,False,179,148,183,151,ast,normalized AST differs
BigCodeBench,BigCodeBench/713,kern_compact,True,True,False,179,138,183,141,ast,normalized AST differs
BigCodeBench,BigCodeBench/713,python_minifier,True,True,,179,137,183,140,,
BigCodeBench,BigCodeBench/714,python,True,True,True,82,82,82,82,,
BigCodeBench,BigCodeBench/714,kern,True,True,True,82,52,82,52,,
BigCodeBench,BigCodeBench/714,kern_compact,True,True,True,82,52,82,52,,
BigCodeBench,BigCodeBench/714,python_minifier,True,True,,82,52,82,53,,
BigCodeBench,BigCodeBench/715,python,True,True,True,73,73,75,75,,
BigCodeBench,BigCodeBench/715,kern,True,True,True,73,63,75,65,,
BigCodeBench,BigCodeBench/715,kern_compact,True,True,True,73,63,75,65,,
BigCodeBench,BigCodeBench/715,python_minifier,True,True,,73,67,75,69,,
BigCodeBench,BigCodeBench/716,python,True,True,True,118,118,118,118,,
BigCodeBench,BigCodeBench/716,kern,True,True,True,118,99,118,99,,
BigCodeBench,BigCodeBench/716,kern_compact,True,True,True,118,93,118,93,,
BigCodeBench,BigCodeBench/716,python_minifier,True,True,,118,93,118,93,,
BigCodeBench,BigCodeBench/717,python,True,True,True,184,184,185,185,,
BigCodeBench,BigCodeBench/717,kern,True,True,True,184,148,185,149,,
BigCodeBench,BigCodeBench/717,kern_compact,True,True,True,184,145,185,146,,
BigCodeBench,BigCodeBench/717,python_minifier,True,True,,184,138,185,140,,
BigCodeBench,BigCodeBench/718,python,True,True,True,126,126,126,126,,
BigCodeBench,BigCodeBench/718,kern,True,True,True,126,107,126,108,,
BigCodeBench,BigCodeBench/718,kern_compact,True,True,True,126,88,126,89,,
BigCodeBench,BigCodeBench/718,python_minifier,True,True,,126,91,126,92,,
BigCodeBench,BigCodeBench/719,python,True,True,True,111,111,112,112,,
BigCodeBench,BigCodeBench/719,kern,True,True,True,111,78,112,79,,
BigCodeBench,BigCodeBench/719,kern_compact,True,True,True,111,77,112,78,,
BigCodeBench,BigCodeBench/719,python_minifier,True,True,,111,83,112,85,,
BigCodeBench,BigCodeBench/720,python,True,True,True,205,205,206,206,,
BigCodeBench,BigCodeBench/720,kern,True,True,True,205,133,206,134,,
BigCodeBench,BigCodeBench/720,kern_compact,True,True,True,205,118,206,119,,
BigCodeBench,BigCodeBench/720,python_minifier,True,True,,205,118,206,119,,
BigCodeBench,BigCodeBench/721,python,True,True,True,121,121,121,121,,
BigCodeBench,BigCodeBench/721,kern,True,True,True,121,105,121,106,,
BigCodeBench,BigCodeBench/721,kern_compact,True,True,True,121,90,121,91,,
BigCodeBench,BigCodeBench/721,python_minifier,True,True,,121,94,121,94,,
BigCodeBench,BigCodeBench/722,python,True,True,True,107,107,107,107,,
BigCodeBench,BigCodeBench/722,kern,True,True,True,107,91,107,90,,
BigCodeBench,BigCodeBench/722,kern_compact,True,True,True,107,76,107,75,,
BigCodeBench,BigCodeBench/722,python_minifier,True,True,,107,78,107,77,,
BigCodeBench,BigCodeBench/723,python,True,True,True,168,168,169,169,,
BigCodeBench,BigCodeBench/723,kern,True,True,True,168,145,169,145,,
BigCodeBench,BigCodeBench/723,kern_compact,True,True,True,168,140,169,141,,
BigCodeBench,BigCodeBench/723,python_minifier,True,True,,168,141,169,139,,
BigCodeBench,BigCodeBench/724,python,True,True,True,62,62,65,65,,
BigCodeBench,BigCodeBench/724,kern,True,True,True,62,51,65,54,,
BigCodeBench,BigCodeBench/724,kern_compact,True,True,True,62,48,65,51,,
BigCodeBench,BigCodeBench/724,python_minifier,True,True,,62,47,65,50,,
BigCodeBench,BigCodeBench/725,python,True,True,True,95,95,96,96,,
BigCodeBench,BigCodeBench/725,kern,True,True,True,95,83,96,83,,
BigCodeBench,BigCodeBench/725,kern_compact,True,True,True,95,79,96,80,,
BigCodeBench,BigCodeBench/725,python_minifier,True,True,,95,81,96,82,,
BigCodeBench,BigCodeBench/726,python,True,True,True,130,130,133,133,,
BigCodeBench,BigCodeBench/726,kern,True,True,True,130,91,133,96,,
BigCodeBench,BigCodeBench/726,kern_compact,True,True,True,130,82,133,87,,
BigCodeBench,BigCodeBench/726,python_minifier,True,True,,130,83,133,86,,
BigCodeBench,BigCodeBench/727,python,True,True,True,91,91,95,95,,
BigCodeBench,BigCodeBench/727,kern,True,True,True,91,74,95,79,,
BigCodeBench,BigCodeBench/727,kern_compact,True,True,True,91,71,95,76,,
BigCodeBench,BigCodeBench/727,python_minifier,True,True,,91,69,95,74,,
BigCodeBench,BigCodeBench/728,python,True,True,True,182,182,183,183,,
BigCodeBench,BigCodeBench/728,kern,True,True,True,182,137,183,139,,
BigCodeBench,BigCodeBench/728,kern_compact,True,True,True,182,129,183,131,,
BigCodeBench,BigCodeBench/728,python_minifier,True,True,,182,139,183,141,,
BigCodeBench,BigCodeBench/729,python,True,True,True,112,112,113,113,,
BigCodeBench,BigCodeBench/729,kern,True,True,True,112,84,113,86,,
BigCodeBench,BigCodeBench/729,kern_compact,True,True,True,112,77,113,79,,
BigCodeBench,BigCodeBench/729,python_minifier,True,True,,112,83,113,85,,
BigCodeBench,BigCodeBench/730,python,True,True,True,71,71,71,71,,
BigCodeBench,BigCodeBench/730,kern,True,True,True,71,56,71,56,,
BigCodeBench,BigCodeBench/730,kern_compact,True,True,True,71,52,71,52,,
BigCodeBench,BigCodeBench/730,python_minifier,True,True,,71,53,71,53,,
BigCodeBench,BigCodeBench/731,python,True,True,True,130,130,132,132,,
BigCodeBench,BigCodeBench/731,kern,True,True,True,130,110,132,112,,
BigCodeBench,BigCodeBench/731,kern_compact,True,True,True,130,102,132,104,,
BigCodeBench,BigCodeBench/731,python_minifier,True,True,,130,103,132,105,,
BigCodeBench,BigCodeBench/732,python,True,True,True,99,99,102,102,,
BigCodeBench,BigCodeBench/732,kern,True,True,True,99,94,102,96,,
BigCodeBench,BigCodeBench/732,kern_compact,True,True,True,99,85,102,87,,
BigCodeBench,BigCodeBench/732,python_minifier,True,True,,99,89,102,91,,
BigCodeBench,BigCodeBench/733,python,True,True,True,415,415,413,413,,
BigCodeBench,BigCodeBench/733,kern,True,True,True,415,284,413,283,,
BigCodeBench,BigCodeBench/733,kern_compact,True,True,True,415,278,413,277,,
BigCodeBench,BigCodeBench/733,python_minifier,True,True,,415,277,413,275,,
BigCodeBench,BigCodeBench/734,python,True,True,True,104,104,106,106,,
BigCodeBench,BigCodeBench/734,kern,True,True,True,104,63,106,64,,
BigCodeBench,BigCodeBench/734,kern_compact,True,True,True,104,59,106,60,,
BigCodeBench,BigCodeBench/734,python_minifier,True,True,,104,61,106,62,,
BigCodeBench,BigCodeBench/735,python,True,True,True,57,57,56,56,,
BigCodeBench,BigCodeBench/735,kern,True,True,True,57,51,56,47,,
BigCodeBench,BigCodeBench/735,kern_compact,True,True,True,57,43,56,42,,
BigCodeBench,BigCodeBench/735,python_minifier,True,True,,57,44,56,43,,
BigCodeBench,BigCodeBench/736,python,True,True,True,39,39,40,40,,
BigCodeBench,BigCodeBench/736,kern,True,True,True,39,34,40,34,,
BigCodeBench,BigCodeBench/736,kern_compact,True,True,True,39,30,40,31,,
BigCodeBench,BigCodeBench/736,python_minifier,True,True,,39,32,40,33,,
BigCodeBench,BigCodeBench/737,python,True,True,True,230,230,231,231,,
BigCodeBench,BigCodeBench/737,kern,True,True,True,230,158,231,158,,
BigCodeBench,BigCodeBench/737,kern_compact,True,True,True,230,115,231,116,,
BigCodeBench,BigCodeBench/737,python_minifier,True,True,,230,118,231,121,,
BigCodeBench,BigCodeBench/738,python,True,True,True,43,43,43,43,,
BigCodeBench,BigCodeBench/738,kern,True,True,True,43,35,43,35,,
BigCodeBench,BigCodeBench/738,kern_compact,True,True,True,43,29,43,30,,
BigCodeBench,BigCodeBench/738,python_minifier,True,True,,43,31,43,32,,
BigCodeBench,BigCodeBench/739,python,True,True,True,101,101,101,101,,
BigCodeBench,BigCodeBench/739,kern,True,True,True,101,81,101,81,,
BigCodeBench,BigCodeBench/739,kern_compact,True,True,True,101,77,101,77,,
BigCodeBench,BigCodeBench/739,python_minifier,True,True,,101,82,101,82,,
BigCodeBench,BigCodeBench/740,python,True,True,True,58,58,59,59,,
BigCodeBench,BigCodeBench/740,kern,True,True,True,58,47,59,47,,
BigCodeBench,BigCodeBench/740,kern_compact,True,True,True,58,40,59,40,,
BigCodeBench,BigCodeBench/740,python_minifier,True,True,,58,42,59,42,,
BigCodeBench,BigCodeBench/741,python,True,True,True,106,106,106,106,,
BigCodeBench,BigCodeBench/741,kern,True,True,True,106,78,106,79,,
BigCodeBench,BigCodeBench/741,kern_compact,True,True,True,106,74,106,75,,
BigCodeBench,BigCodeBench/741,python_minifier,True,True,,106,75,106,75,,
BigCodeBench,BigCodeBench/742,python,True,True,True,109,109,111,111,,
BigCodeBench,BigCodeBench/742,kern,True,True,True,109,96,111,101,,
BigCodeBench,BigCodeBench/742,kern_compact,True,True,True,109,94,111,99,,
BigCodeBench,BigCodeBench/742,python_minifier,True,True,,109,99,111,101,,
BigCodeBench,BigCodeBench/743,python,True,True,True,113,113,113,113,,
BigCodeBench,BigCodeBench/743,kern,True,True,True,113,92,113,92,,
BigCodeBench,BigCodeBench/743,kern_compact,True,True,True,113,90,113,90,,
BigCodeBench,BigCodeBench/743,python_minifier,True,True,,113,100,113,100,,
BigCodeBench,BigCodeBench/744,python,True,True,True,112,112,115,115,,
BigCodeBench,BigCodeBench/744,kern,True,True,True,112,97,115,102,,
BigCodeBench,BigCodeBench/744,kern_compact,True,True,True,112,93,115,99,,
BigCodeBench,BigCodeBench/744,python_minifier,True,True,,112,95,115,99,,
BigCodeBench,BigCodeBench/745,python,True,True,True,92,92,94,94,,
BigCodeBench,BigCodeBench/745,kern,True,True,True,92,65,94,67,,
BigCodeBench,BigCodeBench/745,kern_compact,True,True,True,92,58,94,60,,
BigCodeBench,BigCodeBench/745,python_minifier,True,True,,92,59,94,61,,
BigCodeBench,BigCodeBench/746,python,True,True,True,180,180,187,187,,
BigCodeBench,BigCodeBench/746,kern,True,True,True,180,153,187,162,,
BigCodeBench,BigCodeBench/746,kern_compact,True,True,True,180,152,187,161,,
BigCodeBench,BigCodeBench/746,python_minifier,True,True,,180,158,187,168,,
BigCodeBench,BigCodeBench/747,python,True,True,True,79,79,79,79,,
BigCodeBench,BigCodeBench/747,kern,True,True,True,79,53,79,53,,
BigCodeBench,BigCodeBench/747,kern_compact,True,True,True,79,49,79,49,,
BigCodeBench,BigCodeBench/747,python_minifier,True,True,,79,50,79,50,,
BigCodeBench,BigCodeBench/748,python,True,True,True,102,102,104,104,,
BigCodeBench,BigCodeBench/748,kern,True,True,True,102,70,104,74,,
BigCodeBench,BigCodeBench/748,kern_compact,True,True,True,102,61,104,65,,
BigCodeBench,BigCodeBench/748,python_minifier,True,True,,102,63,104,65,,
BigCodeBench,BigCodeBench/749,python,True,True,True,57,57,58,58,,
BigCodeBench,BigCodeBench/749,kern,True,True,True,57,51,58,52,,
BigCodeBench,BigCodeBench/749,kern_compact,True,True,True,57,47,58,48,,
BigCodeBench,BigCodeBench/749,python_minifier,True,True,,57,49,58,50,,
BigCodeBench,BigCodeBench/750,python,True,True,True,167,167,170,170,,
BigCodeBench,BigCodeBench/750,kern,True,True,True,167,112,170,118,,
BigCodeBench,BigCodeBench/750,kern_compact,True,True,True,167,105,170,111,,
BigCodeBench,BigCodeBench/750,python_minifier,True,True,,167,89,170,92,,
BigCodeBench,BigCodeBench/751,python,True,True,True,48,48,49,49,,
BigCodeBench,BigCodeBench/751,kern,True,True,True,48,37,49,38,,
BigCodeBench,BigCodeBench/751,kern_compact,True,True,True,48,38,49,39,,
BigCodeBench,BigCodeBench/751,python_minifier,True,True,,48,42,49,43,,
BigCodeBench,BigCodeBench/752,python,True,True,True,279,279,288,288,,
BigCodeBench,BigCodeBench/752,kern,True,True,True,279,231,288,245,,
BigCodeBench,BigCodeBench/752,kern_compact,True,True,True,279,223,288,237,,
BigCodeBench,BigCodeBench/752,python_minifier,True,True,,279,232,288,241,,
BigCodeBench,BigCodeBench/753,python,True,True,True,105,105,105,105,,
BigCodeBench,BigCodeBench/753,kern,True,True,True,105,82,105,87,,
BigCodeBench,BigCodeBench/753,kern_compact,True,True,True,105,77,105,82,,
BigCodeBench,BigCodeBench/753,python_minifier,True,True,,105,78,105,84,,
BigCodeBench,BigCodeBench/754,python,True,True,True,252,252,254,254,,
BigCodeBench,BigCodeBench/754,kern,True,True,True,252,192,254,195,,
BigCodeBench,BigCodeBench/754,kern_compact,True,True,True,252,172,254,175,,
BigCodeBench,BigCodeBench/754,python_minifier,True,True,,252,190,254,192,,
BigCodeBench,BigCodeBench/755,python,True,True,True,82,82,85,85,,
BigCodeBench,BigCodeBench/755,kern,True,True,True,82,71,85,74,,
BigCodeBench,BigCodeBench/755,kern_compact,True,True,True,82,59,85,59,,
BigCodeBench,BigCodeBench/755,python_minifier,True,True,,82,63,85,63,,
BigCodeBench,BigCodeBench/756,python,True,True,True,125,125,127,127,,
BigCodeBench,BigCodeBench/756,kern,True,True,True,125,106,127,110,,
BigCodeBench,BigCodeBench/756,kern_compact,True,True,True,125,104,127,108,,
BigCodeBench,BigCodeBench/756,python_minifier,True,True,,125,108,127,111,,
BigCodeBench,BigCodeBench/757,python,True,True,True,49,49,49,49,,
BigCodeBench,BigCodeBench/757,kern,True,True,True,49,42,49,43,,
BigCodeBench,BigCodeBench/757,kern_compact,True,True,True,49,37,49,38,,
BigCodeBench,BigCodeBench/757,python_minifier,True,True,,49,36,49,38,,
BigCodeBench,BigCodeBench/758,python,True,True,True,174,174,176,176,,
BigCodeBench,BigCodeBench/758,kern,True,True,True,174,143,176,146,,
BigCodeBench,BigCodeBench/758,kern_compact,True,True,True,174,133,176,136,,
BigCodeBench,BigCodeBench/758,python_minifier,True,True,,174,142,176,148,,
BigCodeBench,BigCodeBench/759,python,True,True,True,80,80,80,80,,
BigCodeBench,BigCodeBench/759,kern,True,True,True,80,70,80,75,,
BigCodeBench,BigCodeBench/759,kern_compact,True,True,True,80,65,80,65,,
BigCodeBench,BigCodeBench/759,python_minifier,True,True,,80,66,80,66,,
BigCodeBench,BigCodeBench/760,python,True,True,True,322,322,323,323,,
BigCodeBench,BigCodeBench/760,kern,True,True,True,322,237,323,238,,
BigCodeBench,BigCodeBench/760,kern_compact,True,True,True,322,223,323,224,,
BigCodeBench,BigCodeBench/760,python_minifier,True,True,,322,231,323,231,,
BigCodeBench,BigCodeBench/761,python,True,True,True,142,142,143,143,,
BigCodeBench,BigCodeBench/761,kern,True,True,True,142,100,143,100,,
BigCodeBench,BigCodeBench/761,kern_compact,True,True,True,142,91,143,91,,
BigCodeBench,BigCodeBench/761,python_minifier,True,True,,142,99,143,99,,
BigCodeBench,BigCodeBench/762,python,True,True,True,168,168,169,169,,
BigCodeBench,BigCodeBench/762,kern,True,True,True,168,146,169,148,,
BigCodeBench,BigCodeBench/762,kern_compact,True,True,True,168,133,169,134,,
BigCodeBench,BigCodeBench/762,python_minifier,True,True,,168,136,169,137,,
BigCodeBench,BigCodeBench/763,python,True,True,True,180,180,182,182,,
BigCodeBench,BigCodeBench/763,kern,True,True,True,180,147,182,151,,
BigCodeBench,BigCodeBench/763,kern_compact,True,True,True,180,146,182,149,,
BigCodeBench,BigCodeBench/763,python_minifier,True,True,,180,154,182,158,,
BigCodeBench,BigCodeBench/764,python,True,True,True,263,263,266,266,,
BigCodeBench,BigCodeBench/764,kern,True,True,True,263,213,266,220,,
BigCodeBench,BigCodeBench/764,kern_compact,True,True,True,263,209,266,215,,
BigCodeBench,BigCodeBench/764,python_minifier,True,True,,263,234,266,235,,
BigCodeBench,BigCodeBench/765,python,True,True,True,113,113,113,113,,
BigCodeBench,BigCodeBench/765,kern,True,True,True,113,87,113,88,,
BigCodeBench,BigCodeBench/765,kern_compact,True,True,True,113,78,113,78,,
BigCodeBench,BigCodeBench/765,python_minifier,True,True,,113,83,113,84,,
BigCodeBench,BigCodeBench/766,python,True,True,True,133,133,137,137,,
BigCodeBench,BigCodeBench/766,kern,True,True,True,133,112,137,118,,
BigCodeBench,BigCodeBench/766,kern_compact,True,True,True,133,106,137,112,,
BigCodeBench,BigCodeBench/766,python_minifier,True,True,,133,110,137,113,,
BigCodeBench,BigCodeBench/767,python,True,True,True,55,55,55,55,,
BigCodeBench,BigCodeBench/767,kern,True,True,True,55,48,55,48,,
BigCodeBench,BigCodeBench/767,kern_compact,True,True,True,55,43,55,44,,
BigCodeBench,BigCodeBench/767,python_minifier,True,True,,55,44,55,45,,
BigCodeBench,BigCodeBench/768,python,True,True,True,139,139,140,140,,
BigCodeBench,BigCodeBench/768,kern,True,True,True,139,103,140,106,,
BigCodeBench,BigCodeBench/768,kern_compact,True,True,True,139,95,140,99,,
BigCodeBench,BigCodeBench/768,python_minifier,True,True,,139,100,140,103,,
BigCodeBench,BigCodeBench/769,python,True,True,True,57,57,56,56,,
BigCodeBench,BigCodeBench/769,kern,True,True,True,57,52,56,51,,
BigCodeBench,BigCodeBench/769,kern_compact,True,True,True,57,48,56,48,,
BigCodeBench,BigCodeBench/769,python_minifier,True,True,,57,49,56,49,,
BigCodeBench,BigCodeBench/770,python,True,True,True,197,197,199,199,,
BigCodeBench,BigCodeBench/770,kern,True,True,True,197,155,199,158,,
BigCodeBench,BigCodeBench/770,kern_compact,True,True,True,197,145,199,147,,
BigCodeBench,BigCodeBench/770,python_minifier,True,True,,197,154,199,156,,
BigCodeBench,BigCodeBench/771,python,True,True,True,163,163,164,164,,
BigCodeBench,BigCodeBench/771,kern,True,True,True,163,133,164,134,,
BigCodeBench,BigCodeBench/771,kern_compact,True,True,True,163,118,164,119,,
BigCodeBench,BigCodeBench/771,python_minifier,True,True,,163,121,164,121,,
BigCodeBench,BigCodeBench/772,python,True,True,True,102,102,102,102,,
BigCodeBench,BigCodeBench/772,kern,True,True,True,102,85,102,86,,
BigCodeBench,BigCodeBench/772,kern_compact,True,True,True,102,80,102,80,,
BigCodeBench,BigCodeBench/772,python_minifier,True,True,,102,87,102,87,,
BigCodeBench,BigCodeBench/773,python,True,True,True,148,148,152,152,,
BigCodeBench,BigCodeBench/773,kern,True,True,True,148,123,152,128,,
BigCodeBench,BigCodeBench/773,kern_compact,True,True,True,148,107,152,112,,
BigCodeBench,BigCodeBench/773,python_minifier,True,True,,148,112,152,115,,
BigCodeBench,BigCodeBench/774,python,True,True,True,154,154,162,162,,
BigCodeBench,BigCodeBench/774,kern,True,True,True,154,127,162,136,,
BigCodeBench,BigCodeBench/774,kern_compact,True,True,True,154,125,162,134,,
BigCodeBench,BigCodeBench/774,python_minifier,True,True,,154,131,162,141,,
BigCodeBench,BigCodeBench/775,python,True,True,True,199,199,203,203,,
BigCodeBench,BigCodeBench/775,kern,True,True,True,199,111,203,116,,
BigCodeBench,BigCodeBench/775,kern_compact,True,True,True,199,104,203,110,,
BigCodeBench,BigCodeBench/775,python_minifier,True,True,,199,108,203,113,,
BigCodeBench,BigCodeBench/776,python,True,True,True,181,181,183,183,,
BigCodeBench,BigCodeBench/776,kern,True,True,True,181,152,183,157,,
BigCodeBench,BigCodeBench/776,kern_compact,True,True,True,181,152,183,157,,
BigCodeBench,BigCodeBench/776,python_minifier,True,True,,181,166,183,171,,
BigCodeBench,BigCodeBench/777,python,True,True,True,164,164,166,166,,
BigCodeBench,BigCodeBench/777,kern,True,True,True,164,124,166,128,,
BigCodeBench,BigCodeBench/777,kern_compact,True,True,True,164,99,166,101,,
BigCodeBench,BigCodeBench/777,python_minifier,True,True,,164,107,166,109,,
BigCodeBench,BigCodeBench/778,python,True,True,True,129,129,130,130,,
BigCodeBench,BigCodeBench/778,kern,True,True,True,129,119,130,121,,
BigCodeBench,BigCodeBench/778,kern_compact,True,True,True,129,111,130,113,,
BigCodeBench,BigCodeBench/778,python_minifier,True,True,,129,117,130,119,,
BigCodeBench,BigCodeBench/779,python,True,True,True,313,313,317,317,,
BigCodeBench,BigCodeBench/779,kern,True,True,True,313,245,317,247,,
BigCodeBench,BigCodeBench/779,kern_compact,True,True,True,313,230,317,232,,
BigCodeBench,BigCodeBench/779,python_minifier,True,True,,313,240,317,242,,
BigCodeBench,BigCodeBench/780,python,True,True,True,239,239,246,246,,
BigCodeBench,BigCodeBench/780,kern,True,True,True,239,206,246,216,,
BigCodeBench,BigCodeBench/780,kern_compact,True,True,True,239,202,246,212,,
BigCodeBench,BigCodeBench/780,python_minifier,True,True,,239,198,246,205,,
BigCodeBench,BigCodeBench/781,python,True,True,True,98,98,99,99,,
BigCodeBench,BigCodeBench/781,kern,True,True,True,98,82,99,83,,
BigCodeBench,BigCodeBench/781,kern_compact,True,True,True,98,81,99,82,,
BigCodeBench,BigCodeBench/781,python_minifier,True,True,,98,81,99,82,,
BigCodeBench,BigCodeBench/782,python,True,True,True,154,154,154,154,,
BigCodeBench,BigCodeBench/782,kern,True,True,True,154,126,154,126,,
BigCodeBench,BigCodeBench/782,kern_compact,True,True,True,154,122,154,122,,
BigCodeBench,BigCodeBench/782,python_minifier,True,True,,154,126,154,126,,
BigCodeBench,BigCodeBench/783,python,True,True,True,76,76,76,76,,
BigCodeBench,BigCodeBench/783,kern,True,True,True,76,65,76,65,,
BigCodeBench,BigCodeBench/783,kern_compact,True,True,True,76,55,76,55,,
BigCodeBench,BigCodeBench/783,python_minifier,True,True,,76,61,76,61,,
BigCodeBench,BigCodeBench/784,python,True,True,True,264,264,265,265,,
BigCodeBench,BigCodeBench/784,kern,True,True,True,264,199,265,200,,
BigCodeBench,BigCodeBench/784,kern_compact,True,True,True,264,192,265,192,,
BigCodeBench,BigCodeBench/784,python_minifier,True,True,,264,203,265,202,,
BigCodeBench,BigCodeBench/785,python,True,True,True,214,214,214,214,,
BigCodeBench,BigCodeBench/785,kern,True,True,True,214,139,214,141,,
BigCodeBench,BigCodeBench/785,kern_compact,True,True,True,214,119,214,121,,
BigCodeBench,BigCodeBench/785,python_minifier,True,True,,214,119,214,121,,
BigCodeBench,BigCodeBench/786,python,True,True,True,222,222,225,225,,
BigCodeBench,BigCodeBench/786,kern,True,True,True,222,157,225,160,,
BigCodeBench,BigCodeBench/786,kern_compact,True,True,True,222,148,225,150,,
BigCodeBench,BigCodeBench/786,python_minifier,True,True,,222,157,225,159,,
BigCodeBench,BigCodeBench/787,python,True,True,True,117,117,120,120,,
BigCodeBench,BigCodeBench/787,kern,True,True,True,117,92,120,98,,
BigCodeBench,BigCodeBench/787,kern_compact,True,True,True,117,86,120,90,,
BigCodeBench,BigCodeBench/787,python_minifier,True,True,,117,94,120,96,,
BigCodeBench,BigCodeBench/788,python,True,True,True,207,207,210,210,,
BigCodeBench,BigCodeBench/788,kern,True,True,True,207,148,210,150,,
BigCodeBench,BigCodeBench/788,kern_compact,True,True,True,207,131,210,134,,
BigCodeBench,BigCodeBench/788,python_minifier,True,True,,207,134,210,138,,
BigCodeBench,BigCodeBench/789,python,True,True,True,88,88,87,87,,
BigCodeBench,BigCodeBench/789,kern,True,True,True,88,60,87,61,,
BigCodeBench,BigCodeBench/789,kern_compact,True,True,True,88,57,87,58,,
BigCodeBench,BigCodeBench/789,python_minifier,True,True,,88,59,87,60,,
BigCodeBench,BigCodeBench/790,python,True,True,True,155,155,158,158,,
BigCodeBench,BigCodeBench/790,kern,True,True,True,155,128,158,129,,
BigCodeBench,BigCodeBench/790,kern_compact,True,True,True,155,120,158,122,,
BigCodeBench,BigCodeBench/790,python_minifier,True,True,,155,123,158,126,,
BigCodeBench,BigCodeBench/791,python,True,True,True,146,146,147,147,,
BigCodeBench,BigCodeBench/791,kern,True,True,True,146,100,147,101,,
BigCodeBench,BigCodeBench/791,kern_compact,True,True,True,146,99,147,100,,
BigCodeBench,BigCodeBench/791,python_minifier,True,True,,146,97,147,97,,
BigCodeBench,BigCodeBench/792,python,True,True,True,147,147,153,153,,
BigCodeBench,BigCodeBench/792,kern,True,True,True,147,124,153,127,,
BigCodeBench,BigCodeBench/792,kern_compact,True,True,True,147,112,153,114,,
BigCodeBench,BigCodeBench/792,python_minifier,True,True,,147,117,153,122,,
BigCodeBench,BigCodeBench/793,python,True,True,True,104,104,104,104,,
BigCodeBench,BigCodeBench/793,kern,True,True,True,104,67,104,67,,
BigCodeBench,BigCodeBench/793,kern_compact,True,True,True,104,66,104,66,,
BigCodeBench,BigCodeBench/793,python_minifier,True,True,,104,69,104,70,,
BigCodeBench,BigCodeBench/794,python,True,True,True,54,54,56,56,,
BigCodeBench,BigCodeBench/794,kern,True,True,True,54,46,56,48,,
BigCodeBench,BigCodeBench/794,kern_compact,True,True,True,54,45,56,47,,
BigCodeBench,BigCodeBench/794,python_minifier,True,True,,54,41,56,43,,
BigCodeBench,BigCodeBench/795,python,True,True,True,110,110,110,110,,
BigCodeBench,BigCodeBench/795,kern,True,True,True,110,71,110,72,,
BigCodeBench,BigCodeBench/795,kern_compact,True,True,True,110,67,110,68,,
BigCodeBench,BigCodeBench/795,python_minifier,True,True,,110,68,110,68,,
BigCodeBench,BigCodeBench/796,python,True,True,True,85,85,85,85,,
BigCodeBench,BigCodeBench/796,kern,True,True,True,85,63,85,63,,
BigCodeBench,BigCodeBench/796,kern_compact,True,True,True,85,52,85,52,,
BigCodeBench,BigCodeBench/796,python_minifier,True,True,,85,54,85,54,,
BigCodeBench,BigCodeBench/797,python,True,True,True,82,82,86,86,,
BigCodeBench,BigCodeBench/797,kern,True,True,True,82,69,86,75,,
BigCodeBench,BigCodeBench/797,kern_compact,True,True,True,82,68,86,74,,
BigCodeBench,BigCodeBench/797,python_minifier,True,True,,82,56,86,60,,
BigCodeBench,BigCodeBench/798,python,True,True,True,141,141,142,142,,
BigCodeBench,BigCodeBench/798,kern,True,True,True,141,117,142,120,,
BigCodeBench,BigCodeBench/798,kern_compact,True,True,True,141,111,142,113,,
BigCodeBench,BigCodeBench/798,python_minifier,True,True,,141,117,142,118,,
BigCodeBench,BigCodeBench/799,python,True,True,True,208,208,212,212,,
BigCodeBench,BigCodeBench/799,kern,True,True,True,208,148,212,154,,
BigCodeBench,BigCodeBench/799,kern_compact,True,True,True,208,122,212,129,,
BigCodeBench,BigCodeBench/799,python_minifier,True,True,,208,125,212,132,,
BigCodeBench,BigCodeBench/800,python,True,True,True,279,279,287,287,,
BigCodeBench,BigCodeBench/800,kern,True,True,True,279,225,287,238,,
BigCodeBench,BigCodeBench/800,kern_compact,True,True,True,279,216,287,227,,
BigCodeBench,BigCodeBench/800,python_minifier,True,True,,279,224,287,229,,
BigCodeBench,BigCodeBench/801,python,True,True,True,176,176,176,176,,
BigCodeBench,BigCodeBench/801,kern,True,True,True,176,150,176,152,,
BigCodeBench,BigCodeBench/801,kern_compact,True,True,True,176,142,176,144,,
BigCodeBench,BigCodeBench/801,python_minifier,True,True,,176,146,176,148,,
BigCodeBench,BigCodeBench/802,python,True,True,True,101,101,101,101,,
BigCodeBench,BigCodeBench/802,kern,True,True,True,101,78,101,78,,
BigCodeBench,BigCodeBench/802,kern_compact,True,True,True,101,71,101,72,,
BigCodeBench,BigCodeBench/802,python_minifier,True,True,,101,74,101,75,,
BigCodeBench,BigCodeBench/803,python,True,True,True,98,98,100,100,,
BigCodeBench,BigCodeBench/803,kern,True,True,True,98,86,100,90,,
BigCodeBench,BigCodeBench/803,kern_compact,True,True,True,98,79,100,83,,
BigCodeBench,BigCodeBench/803,python_minifier,True,True,,98,78,100,80,,
BigCodeBench,BigCodeBench/804,python,True,True,True,149,149,151,151,,
BigCodeBench,BigCodeBench/804,kern,True,False,False,149,122,151,126,parse,"SyntaxError: unterminated string literal (detected at line 11) (<unknown>, line 11)"
BigCodeBench,BigCodeBench/804,kern_compact,True,False,False,149,122,151,126,parse,"SyntaxError: unterminated string literal (detected at line 11) (<unknown>, line 11)"
BigCodeBench,BigCodeBench/804,python_minifier,True,True,,149,140,151,143,,
BigCodeBench,BigCodeBench/805,python,True,True,True,80,80,81,81,,
BigCodeBench,BigCodeBench/805,kern,True,True,True,80,66,81,67,,
BigCodeBench,BigCodeBench/805,kern_compact,True,True,True,80,61,81,62,,
BigCodeBench,BigCodeBench/805,python_minifier,True,True,,80,63,81,64,,
BigCodeBench,BigCodeBench/806,python,True,True,True,154,154,157,157,,
BigCodeBench,BigCodeBench/806,kern,True,True,True,154,105,157,108,,
BigCodeBench,BigCodeBench/806,kern_compact,True,True,True,154,102,157,104,,
BigCodeBench,BigCodeBench/806,python_minifier,True,True,,154,106,157,108,,
BigCodeBench,BigCodeBench/807,python,True,True,True,107,107,108,108,,
BigCodeBench,BigCodeBench/807,kern,True,True,True,107,80,108,83,,
BigCodeBench,BigCodeBench/807,kern_compact,True,True,True,107,72,108,73,,
BigCodeBench,BigCodeBench/807,python_minifier,True,True,,107,65,108,65,,
BigCodeBench,BigCodeBench/808,python,True,True,True,117,117,118,118,,
BigCodeBench,BigCodeBench/808,kern,True,True,True,117,103,118,104,,
BigCodeBench,BigCodeBench/808,kern_compact,True,True,True,117,102,118,103,,
BigCodeBench,BigCodeBench/808,python_minifier,True,True,,117,106,118,107,,
BigCodeBench,BigCodeBench/809,python,True,True,True,65,65,65,65,,
BigCodeBench,BigCodeBench/809,kern,True,True,True,65,55,65,55,,
BigCodeBench,BigCodeBench/809,kern_compact,True,True,True,65,53,65,53,,
BigCodeBench,BigCodeBench/809,python_minifier,True,True,,65,59,65,59,,
BigCodeBench,BigCodeBench/810,python,True,True,True,114,114,114,114,,
BigCodeBench,BigCodeBench/810,kern,True,True,True,114,100,114,102,,
BigCodeBench,BigCodeBench/810,kern_compact,True,True,True,114,91,114,91,,
BigCodeBench,BigCodeBench/810,python_minifier,True,True,,114,93,114,93,,
BigCodeBench,BigCodeBench/811,python,True,True,True,141,141,142,142,,
BigCodeBench,BigCodeBench/811,kern,True,True,True,141,116,142,119,,
BigCodeBench,BigCodeBench/811,kern_compact,True,True,True,141,104,142,107,,
BigCodeBench,BigCodeBench/811,python_minifier,True,True,,141,124,142,126,,
BigCodeBench,BigCodeBench/812,python,True,True,True,149,149,151,151,,
BigCodeBench,BigCodeBench/812,kern,True,True,True,149,132,151,134,,
BigCodeBench,BigCodeBench/812,kern_compact,True,True,True,149,126,151,127,,
BigCodeBench,BigCodeBench/812,python_minifier,True,True,,149,134,151,135,,
BigCodeBench,BigCodeBench/813,python,True,True,True,73,73,75,75,,
BigCodeBench,BigCodeBench/813,kern,True,True,True,73,58,75,60,,
BigCodeBench,BigCodeBench/813,kern_compact,True,True,True,73,51,75,52,,
BigCodeBench,BigCodeBench/813,python_minifier,True,True,,73,52,75,53,,
BigCodeBench,BigCodeBench/814,python,True,True,True,133,133,136,136,,
BigCodeBench,BigCodeBench/814,kern,True,True,True,133,117,136,127,,
BigCodeBench,BigCodeBench/814,kern_compact,True,True,True,133,110,136,114,,
BigCodeBench,BigCodeBench/814,python_minifier,True,True,,133,116,136,120,,
BigCodeBench,BigCodeBench/815,python,True,True,True,103,103,106,106,,
BigCodeBench,BigCodeBench/815,kern,True,True,True,103,90,106,93,,
BigCodeBench,BigCodeBench/815,kern_compact,True,True,True,103,82,106,85,,
BigCodeBench,BigCodeBench/815,python_minifier,True,True,,103,87,106,90,,
BigCodeBench,BigCodeBench/816,python,True,True,True,139,139,142,142,,
BigCodeBench,BigCodeBench/816,kern,True,True,True,139,108,142,112,,
BigCodeBench,BigCodeBench/816,kern_compact,True,True,True,139,105,142,107,,
BigCodeBench,BigCodeBench/816,python_minifier,True,True,,139,105,142,107,,
BigCodeBench,BigCodeBench/817,python,True,True,True,208,208,215,215,,
BigCodeBench,BigCodeBench/817,kern,True,True,True,208,185,215,193,,
BigCodeBench,BigCodeBench/817,kern_compact,True,True,True,208,177,215,184,,
BigCodeBench,BigCodeBench/817,python_minifier,True,True,,208,178,215,184,,
BigCodeBench,BigCodeBench/818,python,True,True,True,64,64,66,66,,
BigCodeBench,BigCodeBench/818,kern,True,True,True,64,53,66,55,,
BigCodeBench,BigCodeBench/818,kern_compact,True,True,True,64,49,66,51,,
BigCodeBench,BigCodeBench/818,python_minifier,True,True,,64,51,66,53,,
BigCodeBench,BigCodeBench/819,python,True,True,True,205,205,208,208,,
BigCodeBench,BigCodeBench/819,kern,True,True,True,205,166,208,172,,
BigCodeBench,BigCodeBench/819,kern_compact,True,True,True,205,160,208,166,,
BigCodeBench,BigCodeBench/819,python_minifier,True,True,,205,162,208,165,,
BigCodeBench,BigCodeBench/820,python,True,True,True,95,95,97,97,,
BigCodeBench,BigCodeBench/820,kern,True,True,True,95,75,97,77,,
BigCodeBench,BigCodeBench/820,kern_compact,True,True,True,95,73,97,75,,
BigCodeBench,BigCodeBench/820,python_minifier,True,True,,95,80,97,83,,
BigCodeBench,BigCodeBench/821,python,True,True,True,104,104,104,104,,
BigCodeBench,BigCodeBench/821,kern,True,True,True,104,76,104,76,,
BigCodeBench,BigCodeBench/821,kern_compact,True,True,True,104,75,104,75,,
BigCodeBench,BigCodeBench/821,python_minifier,True,True,,104,72,104,72,,
BigCodeBench,BigCodeBench/822,python,True,True,True,137,137,140,140,,
BigCodeBench,BigCodeBench/822,kern,True,True,True,137,118,140,123,,
BigCodeBench,BigCodeBench/822,kern_compact,True,True,True,137,116,140,121,,
BigCodeBench,BigCodeBench/822,python_minifier,True,True,,137,120,140,124,,
BigCodeBench,BigCodeBench/823,python,True,True,True,92,92,92,92,,
BigCodeBench,BigCodeBench/823,kern,True,True,True,92,72,92,72,,
BigCodeBench,BigCodeBench/823,kern_compact,True,True,True,92,61,92,61,,
BigCodeBench,BigCodeBench/823,python_minifier,True,True,,92,61,92,61,,
BigCodeBench,BigCodeBench/824,python,True,True,True,80,80,83,83,,
BigCodeBench,BigCodeBench/824,kern,True,True,True,80,58,83,61,,
BigCodeBench,BigCodeBench/824,kern_compact,True,True,True,80,52,83,54,,
BigCodeBench,BigCodeBench/824,python_minifier,True,True,,80,53,83,55,,
BigCodeBench,BigCodeBench/825,python,True,True,True,72,72,73,73,,
BigCodeBench,BigCodeBench/825,kern,True,True,True,72,66,73,68,,
BigCodeBench,BigCodeBench/825,kern_compact,True,True,True,72,62,73,64,,
BigCodeBench,BigCodeBench/825,python_minifier,True,True,,72,63,73,65,,
BigCodeBench,BigCodeBench/826,python,True,True,True,133,133,136,136,,
BigCodeBench,BigCodeBench/826,kern,True,True,True,133,117,136,127,,
BigCodeBench,BigCodeBench/826,kern_compact,True,True,True,133,110,136,114,,
BigCodeBench,BigCodeBench/826,python_minifier,True,True,,133,116,136,120,,
BigCodeBench,BigCodeBench/827,python,True,True,True,57,57,57,57,,
BigCodeBench,BigCodeBench/827,kern,True,True,True,57,49,57,50,,
BigCodeBench,BigCodeBench/827,kern_compact,True,True,True,57,45,57,46,,
BigCodeBench,BigCodeBench/827,python_minifier,True,True,,57,46,57,47,,
BigCodeBench,BigCodeBench/828,python,True,True,True,140,140,141,141,,
BigCodeBench,BigCodeBench/828,kern,True,True,True,140,76,141,78,,
BigCodeBench,BigCodeBench/828,kern_compact,True,True,True,140,72,141,74,,
BigCodeBench,BigCodeBench/828,python_minifier,True,True,,140,80,141,82,,
BigCodeBench,BigCodeBench/829,python,True,True,True,106,106,108,108,,
BigCodeBench,BigCodeBench/829,kern,True,True,True,106,95,108,97,,
BigCodeBench,BigCodeBench/829,kern_compact,True,True,True,106,87,108,89,,
BigCodeBench,BigCodeBench/829,python_minifier,True,True,,106,85,108,85,,
BigCodeBench,BigCodeBench/830,python,True,True,True,141,141,141,141,,
BigCodeBench,BigCodeBench/830,kern,True,True,True,141,78,141,81,,
BigCodeBench,BigCodeBench/830,kern_compact,True,True,True,141,71,141,74,,
BigCodeBench,BigCodeBench/830,python_minifier,True,True,,141,90,141,90,,
BigCodeBench,BigCodeBench/831,python,True,True,True,83,83,83,83,,
BigCodeBench,BigCodeBench/831,kern,True,True,True,83,75,83,76,,
BigCodeBench,BigCodeBench/831,kern_compact,True,True,True,83,74,83,75,,
BigCodeBench,BigCodeBench/831,python_minifier,True,True,,83,81,83,82,,
BigCodeBench,BigCodeBench/832,python,True,True,True,93,93,93,93,,
BigCodeBench,BigCodeBench/832,kern,True,True,True,93,67,93,67,,
BigCodeBench,BigCodeBench/832,kern_compact,True,True,True,93,66,93,66,,
BigCodeBench,BigCodeBench/832,python_minifier,True,True,,93,75,93,75,,
BigCodeBench,BigCodeBench/833,python,True,True,True,92,92,92,92,,
BigCodeBench,BigCodeBench/833,kern,True,True,True,92,82,92,83,,
BigCodeBench,BigCodeBench/833,kern_compact,True,True,True,92,79,92,80,,
BigCodeBench,BigCodeBench/833,python_minifier,True,True,,92,81,92,82,,
BigCodeBench,BigCodeBench/834,python,True,True,True,95,95,95,95,,
BigCodeBench,BigCodeBench/834,kern,True,True,True,95,82,95,82,,
BigCodeBench,BigCodeBench/834,kern_compact,True,True,True,95,71,95,71,,
BigCodeBench,BigCodeBench/834,python_minifier,True,True,,95,73,95,73,,
BigCodeBench,BigCodeBench/835,python,True,True,True,90,90,91,91,,
BigCodeBench,BigCodeBench/835,kern,True,True,True,90,74,91,75,,
BigCodeBench,BigCodeBench/835,kern_compact,True,True,True,90,73,91,74,,
BigCodeBench,BigCodeBench/835,python_minifier,True,True,,90,79,91,80,,
BigCodeBench,BigCodeBench/836,python,True,True,True,153,153,153,153,,
BigCodeBench,BigCodeBench/836,kern,True,True,True,153,109,153,113,,
BigCodeBench,BigCodeBench/836,kern_compact,True,True,True,153,107,153,109,,
BigCodeBench,BigCodeBench/836,python_minifier,True,True,,153,115,153,116,,
BigCodeBench,BigCodeBench/837,python,True,True,True,113,113,114,114,,
BigCodeBench,BigCodeBench/837,kern,True,True,True,113,96,114,97,,
BigCodeBench,BigCodeBench/837,kern_compact,True,True,True,113,93,114,94,,
BigCodeBench,BigCodeBench/837,python_minifier,True,True,,113,96,114,97,,
BigCodeBench,BigCodeBench/838,python,True,True,True,117,117,118,118,,
BigCodeBench,BigCodeBench/838,kern,True,True,True,117,75,118,77,,
BigCodeBench,BigCodeBench/838,kern_compact,True,True,True,117,73,118,75,,
BigCodeBench,BigCodeBench/838,python_minifier,True,True,,117,78,118,80,,
BigCodeBench,BigCodeBench/839,python,True,True,True,168,168,170,170,,
BigCodeBench,BigCodeBench/839,kern,True,True,True,168,132,170,135,,
BigCodeBench,BigCodeBench/839,kern_compact,True,True,True,168,128,170,131,,
BigCodeBench,BigCodeBench/839,python_minifier,True,True,,168,145,170,148,,
BigCodeBench,BigCodeBench/840,python,True,True,True,82,82,83,83,,
BigCodeBench,BigCodeBench/840,kern,True,True,True,82,71,83,72,,
BigCodeBench,BigCodeBench/840,kern_compact,True,True,True,82,70,83,71,,
BigCodeBench,BigCodeBench/840,python_minifier,True,True,,82,75,83,76,,
BigCodeBench,BigCodeBench/841,python,True,True,True,146,146,147,147,,
BigCodeBench,BigCodeBench/841,kern,True,True,True,146,100,147,103,,
BigCodeBench,BigCodeBench/841,kern_compact,True,True,True,146,95,147,98,,
BigCodeBench,BigCodeBench/841,python_minifier,True,True,,146,94,147,97,,
BigCodeBench,BigCodeBench/842,python,True,True,True,179,179,179,179,,
BigCodeBench,BigCodeBench/842,kern,True,True,True,179,150,179,151,,
BigCodeBench,BigCodeBench/842,kern_compact,True,True,True,179,146,179,147,,
BigCodeBench,BigCodeBench/842,python_minifier,True,True,,179,148,179,148,,
BigCodeBench,BigCodeBench/843,python,True,True,True,189,189,191,191,,
BigCodeBench,BigCodeBench/843,kern,True,True,True,189,119,191,121,,
BigCodeBench,BigCodeBench/843,kern_compact,True,True,True,189,112,191,114,,
BigCodeBench,BigCodeBench/843,python_minifier,True,True,,189,112,191,114,,
BigCodeBench,BigCodeBench/844,python,True,True,True,167,167,169,169,,
BigCodeBench,BigCodeBench/844,kern,True,True,True,167,140,169,145,,
BigCodeBench,BigCodeBench/844,kern_compact,True,True,True,167,133,169,138,,
BigCodeBench,BigCodeBench/844,python_minifier,True,True,,167,141,169,145,,
BigCodeBench,BigCodeBench/845,python,True,True,True,264,264,264,264,,
BigCodeBench,BigCodeBench/845,kern,True,True,True,264,208,264,210,,
BigCodeBench,BigCodeBench/845,kern_compact,True,True,True,264,172,264,174,,
BigCodeBench,BigCodeBench/845,python_minifier,True,True,,264,173,264,175,,
BigCodeBench,BigCodeBench/846,python,True,True,True,90,90,93,93,,
BigCodeBench,BigCodeBench/846,kern,True,True,True,90,75,93,79,,
BigCodeBench,BigCodeBench/846,kern_compact,True,True,True,90,72,93,76,,
BigCodeBench,BigCodeBench/846,python_minifier,True,True,,90,78,93,81,,
BigCodeBench,BigCodeBench/847,python,True,True,True,114,114,114,114,,
BigCodeBench,BigCodeBench/847,kern,True,True,True,114,93,114,94,,
BigCodeBench,BigCodeBench/847,kern_compact,True,True,True,114,85,114,86,,
BigCodeBench,BigCodeBench/847,python_minifier,True,True,,114,88,114,89,,
BigCodeBench,BigCodeBench/848,python,True,True,True,88,88,90,90,,
BigCodeBench,BigCodeBench/848,kern,True,True,True,88,74,90,78,,
BigCodeBench,BigCodeBench/848,kern_compact,True,True,True,88,64,90,67,,
BigCodeBench,BigCodeBench/848,python_minifier,True,True,,88,65,90,67,,
BigCodeBench,BigCodeBench/849,python,True,True,True,95,95,96,96,,
BigCodeBench,BigCodeBench/849,kern,True,True,True,95,82,96,83,,
BigCodeBench,BigCodeBench/849,kern_compact,True,True,True,95,79,96,80,,
BigCodeBench,BigCodeBench/849,python_minifier,True,True,,95,80,96,81,,
BigCodeBench,BigCodeBench/850,python,True,True,True,113,113,114,114,,
BigCodeBench,BigCodeBench/850,kern,True,True,True,113,92,114,94,,
BigCodeBench,BigCodeBench/850,kern_compact,True,True,True,113,82,114,84,,
BigCodeBench,BigCodeBench/850,python_minifier,True,True,,113,88,114,90,,
BigCodeBench,BigCodeBench/851,python,True,True,True,121,121,120,120,,
BigCodeBench,BigCodeBench/851,kern,True,True,True,121,65,120,65,,
BigCodeBench,BigCodeBench/851,kern_compact,True,True,True,121,57,120,57,,
BigCodeBench,BigCodeBench/851,python_minifier,True,True,,121,60,120,60,,
BigCodeBench,BigCodeBench/852,python,True,True,True,158,158,161,161,,
BigCodeBench,BigCodeBench/852,kern,True,True,True,158,94,161,100,,
BigCodeBench,BigCodeBench/852,kern_compact,True,True,True,158,80,161,85,,
BigCodeBench,BigCodeBench/852,python_minifier,True,True,,158,87,161,91,,
BigCodeBench,BigCodeBench/853,python,True,True,True,202,202,204,204,,
BigCodeBench,BigCodeBench/853,kern,True,True,True,202,172,204,175,,
BigCodeBench,BigCodeBench/853,kern_compact,True,True,True,202,166,204,167,,
BigCodeBench,BigCodeBench/853,python_minifier,True,True,,202,168,204,170,,
BigCodeBench,BigCodeBench/854,python,True,True,True,154,154,162,162,,
BigCodeBench,BigCodeBench/854,kern,True,True,True,154,133,162,145,,
BigCodeBench,BigCodeBench/854,kern_compact,True,True,True,154,124,162,133,,
BigCodeBench,BigCodeBench/854,python_minifier,True,True,,154,123,162,128,,
BigCodeBench,BigCodeBench/855,python,True,True,True,79,79,80,80,,
BigCodeBench,BigCodeBench/855,kern,True,True,True,79,70,80,72,,
BigCodeBench,BigCodeBench/855,kern_compact,True,True,True,79,65,80,67,,
BigCodeBench,BigCodeBench/855,python_minifier,True,True,,79,66,80,68,,
BigCodeBench,BigCodeBench/856,python,True,True,True,135,135,136,136,,
BigCodeBench,BigCodeBench/856,kern,True,True,True,135,116,136,117,,
BigCodeBench,BigCodeBench/856,kern_compact,True,True,True,135,108,136,109,,
BigCodeBench,BigCodeBench/856,python_minifier,True,True,,135,110,136,111,,
BigCodeBench,BigCodeBench/857,python,True,True,True,144,144,144,144,,
BigCodeBench,BigCodeBench/857,kern,True,True,True,144,115,144,115,,
BigCodeBench,BigCodeBench/857,kern_compact,True,True,True,144,101,144,101,,
BigCodeBench,BigCodeBench/857,python_minifier,True,True,,144,103,144,103,,
BigCodeBench,BigCodeBench/858,python,True,True,True,67,67,69,69,,
BigCodeBench,BigCodeBench/858,kern,True,True,True,67,53,69,56,,
BigCodeBench,BigCodeBench/858,kern_compact,True,True,True,67,50,69,53,,
BigCodeBench,BigCodeBench/858,python_minifier,True,True,,67,53,69,56,,
BigCodeBench,BigCodeBench/859,python,True,True,True,200,200,203,203,,
BigCodeBench,BigCodeBench/859,kern,True,True,True,200,146,203,151,,
BigCodeBench,BigCodeBench/859,kern_compact,True,True,True,200,128,203,132,,
BigCodeBench,BigCodeBench/859,python_minifier,True,True,,200,130,203,134,,
BigCodeBench,BigCodeBench/860,python,True,True,True,66,66,67,67,,
BigCodeBench,BigCodeBench/860,kern,True,True,True,66,55,67,56,,
BigCodeBench,BigCodeBench/860,kern_compact,True,True,True,66,49,67,50,,
BigCodeBench,BigCodeBench/860,python_minifier,True,True,,66,54,67,55,,
BigCodeBench,BigCodeBench/861,python,True,True,True,107,107,105,105,,
BigCodeBench,BigCodeBench/861,kern,True,True,True,107,79,105,78,,
BigCodeBench,BigCodeBench/861,kern_compact,True,True,True,107,74,105,73,,
BigCodeBench,BigCodeBench/861,python_minifier,True,True,,107,79,105,78,,
BigCodeBench,BigCodeBench/862,python,True,True,True,68,68,70,70,,
BigCodeBench,BigCodeBench/862,kern,True,True,True,68,58,70,61,,
BigCodeBench,BigCodeBench/862,kern_compact,True,True,True,68,49,70,52,,
BigCodeBench,BigCodeBench/862,python_minifier,True,True,,68,51,70,54,,
BigCodeBench,BigCodeBench/863,python,True,True,True,78,78,78,78,,
BigCodeBench,BigCodeBench/863,kern,True,True,True,78,68,78,68,,
BigCodeBench,BigCodeBench/863,kern_compact,True,True,True,78,60,78,60,,
BigCodeBench,BigCodeBench/863,python_minifier,True,True,,78,60,78,60,,
BigCodeBench,BigCodeBench/864,python,True,True,True,185,185,188,188,,
BigCodeBench,BigCodeBench/864,kern,True,True,True,185,129,188,133,,
BigCodeBench,BigCodeBench/864,kern_compact,True,True,True,185,114,188,118,,
BigCodeBench,BigCodeBench/864,python_minifier,True,True,,185,115,188,119,,
BigCodeBench,BigCodeBench/865,python,True,True,True,147,147,153,153,,
BigCodeBench,BigCodeBench/865,kern,True,True,True,147,92,153,98,,
BigCodeBench,BigCodeBench/865,kern_compact,True,True,True,147,81,153,84,,
BigCodeBench,BigCodeBench/865,python_minifier,True,True,,147,83,153,86,,
BigCodeBench,BigCodeBench/866,python,True,True,True,82,82,83,83,,
BigCodeBench,BigCodeBench/866,kern,True,True,True,82,66,83,67,,
BigCodeBench,BigCodeBench/866,kern_compact,True,True,True,82,60,83,61,,
BigCodeBench,BigCodeBench/866,python_minifier,True,True,,82,65,83,65,,
BigCodeBench,BigCodeBench/867,python,True,True,True,90,90,95,95,,
BigCodeBench,BigCodeBench/867,kern,True,True,True,90,68,95,74,,
BigCodeBench,BigCodeBench/867,kern_compact,True,True,True,90,50,95,51,,
BigCodeBench,BigCodeBench/867,python_minifier,True,True,,90,50,95,51,,
BigCodeBench,BigCodeBench/868,python,True,True,True,111,111,112,112,,
BigCodeBench,BigCodeBench/868,kern,True,True,True,111,81,112,82,,
BigCodeBench,BigCodeBench/868,kern_compact,True,True,True,111,76,112,77,,
BigCodeBench,BigCodeBench/868,python_minifier,True,True,,111,87,112,87,,
BigCodeBench,BigCodeBench/869,python,True,True,True,163,163,166,166,,
BigCodeBench,BigCodeBench/869,kern,True,True,True,163,134,166,139,,
BigCodeBench,BigCodeBench/869,kern_compact,True,True,True,163,126,166,131,,
BigCodeBench,BigCodeBench/869,python_minifier,True,True,,163,131,166,135,,
BigCodeBench,BigCodeBench/870,python,True,True,True,257,257,258,258,,
BigCodeBench,BigCodeBench/870,kern,True,True,True,257,161,258,161,,
BigCodeBench,BigCodeBench/870,kern_compact,True,True,True,257,142,258,143,,
BigCodeBench,BigCodeBench/870,python_minifier,True,True,,257,146,258,147,,
BigCodeBench,BigCodeBench/871,python,True,True,True,201,201,203,203,,
BigCodeBench,BigCodeBench/871,kern,True,True,True,201,127,203,127,,
BigCodeBench,BigCodeBench/871,kern_compact,True,True,True,201,105,203,106,,
BigCodeBench,BigCodeBench/871,python_minifier,True,True,,201,108,203,110,,
BigCodeBench,BigCodeBench/872,python,True,True,True,104,104,105,105,,
BigCodeBench,BigCodeBench/872,kern,True,True,True,104,61,105,60,,
BigCodeBench,BigCodeBench/872,kern_compact,True,True,True,104,53,105,53,,
BigCodeBench,BigCodeBench/872,python_minifier,True,True,,104,55,105,55,,
BigCodeBench,BigCodeBench/873,python,True,True,True,103,103,106,106,,
BigCodeBench,BigCodeBench/873,kern,True,True,True,103,84,106,88,,
BigCodeBench,BigCodeBench/873,kern_compact,True,True,True,103,82,106,85,,
BigCodeBench,BigCodeBench/873,python_minifier,True,True,,103,93,106,95,,
BigCodeBench,BigCodeBench/874,python,True,True,True,64,64,65,65,,
BigCodeBench,BigCodeBench/874,kern,True,True,True,64,57,65,59,,
BigCodeBench,BigCodeBench/874,kern_compact,True,True,True,64,47,65,49,,
BigCodeBench,BigCodeBench/874,python_minifier,True,True,,64,54,65,55,,
BigCodeBench,BigCodeBench/875,python,True,True,True,119,119,119,119,,
BigCodeBench,BigCodeBench/875,kern,True,True,True,119,99,119,99,,
BigCodeBench,BigCodeBench/875,kern_compact,True,True,True,119,98,119,98,,
BigCodeBench,BigCodeBench/875,python_minifier,True,True,,119,105,119,105,,
BigCodeBench,BigCodeBench/876,python,True,True,True,143,143,143,143,,
BigCodeBench,BigCodeBench/876,kern,True,True,True,143,94,143,94,,
BigCodeBench,BigCodeBench/876,kern_compact,True,True,True,143,85,143,85,,
BigCodeBench,BigCodeBench/876,python_minifier,True,True,,143,95,143,95,,
BigCodeBench,BigCodeBench/877,python,True,True,True,156,156,165,165,,
BigCodeBench,BigCodeBench/877,kern,True,True,True,156,143,165,153,,
BigCodeBench,BigCodeBench/877,kern_compact,True,True,True,156,133,165,143,,
BigCodeBench,BigCodeBench/877,python_minifier,True,True,,156,139,165,147,,
BigCodeBench,BigCodeBench/878,python,True,True,True,195,195,203,203,,
BigCodeBench,BigCodeBench/878,kern,True,True,True,195,139,203,150,,
BigCodeBench,BigCodeBench/878,kern_compact,True,True,True,195,129,203,136,,
BigCodeBench,BigCodeBench/878,python_minifier,True,True,,195,142,203,149,,
BigCodeBench,BigCodeBench/879,python,True,True,True,324,324,334,334,,
BigCodeBench,BigCodeBench/879,kern,True,False,False,324,241,334,253,parse,"SyntaxError: invalid decimal literal (<unknown>, line 14)"
BigCodeBench,BigCodeBench/879,kern_compact,True,False,False,324,233,334,245,parse,"SyntaxError: invalid decimal literal (<unknown>, line 13)"
BigCodeBench,BigCodeBench/879,python_minifier,True,True,,324,236,334,244,,
BigCodeBench,BigCodeBench/880,python,True,True,True,96,96,98,98,,
BigCodeBench,BigCodeBench/880,kern,True,True,True,96,88,98,91,,
BigCodeBench,BigCodeBench/880,kern_compact,True,True,True,96,84,98,87,,
BigCodeBench,BigCodeBench/880,python_minifier,True,True,,96,85,98,87,,
BigCodeBench,BigCodeBench/881,python,True,True,True,152,152,151,151,,
BigCodeBench,BigCodeBench/881,kern,True,True,True,152,97,151,98,,
BigCodeBench,BigCodeBench/881,kern_compact,True,True,True,152,90,151,91,,
BigCodeBench,BigCodeBench/881,python_minifier,True,True,,152,94,151,94,,
BigCodeBench,BigCodeBench/882,python,True,True,True,136,136,139,139,,
BigCodeBench,BigCodeBench/882,kern,True,True,True,136,102,139,106,,
BigCodeBench,BigCodeBench/882,kern_compact,True,True,True,136,99,139,103,,
BigCodeBench,BigCodeBench/882,python_minifier,True,True,,136,105,139,107,,
BigCodeBench,BigCodeBench/883,python,True,True,True,163,163,163,163,,
BigCodeBench,BigCodeBench/883,kern,True,True,True,163,97,163,103,,
BigCodeBench,BigCodeBench/883,kern_compact,True,True,True,163,88,163,92,,
BigCodeBench,BigCodeBench/883,python_minifier,True,True,,163,85,163,85,,
BigCodeBench,BigCodeBench/884,python,True,True,True,244,244,255,255,,
BigCodeBench,BigCodeBench/884,kern,True,True,True,244,170,255,184,,
BigCodeBench,BigCodeBench/884,kern_compact,True,True,True,244,148,255,155,,
BigCodeBench,BigCodeBench/884,python_minifier,True,True,,244,152,255,158,,
BigCodeBench,BigCodeBench/885,python,True,True,True,287,287,287,287,,
BigCodeBench,BigCodeBench/885,kern,True,True,True,287,186,287,193,,
BigCodeBench,BigCodeBench/885,kern_compact,True,True,True,287,180,287,184,,
BigCodeBench,BigCodeBench/885,python_minifier,True,True,,287,178,287,180,,
BigCodeBench,BigCodeBench/886,python,True,True,True,148,148,150,150,,
BigCodeBench,BigCodeBench/886,kern,True,True,True,148,111,150,114,,
BigCodeBench,BigCodeBench/886,kern_compact,True,True,True,148,99,150,103,,
BigCodeBench,BigCodeBench/886,python_minifier,True,True,,148,105,150,107,,
BigCodeBench,BigCodeBench/887,python,True,True,True,119,119,120,120,,
BigCodeBench,BigCodeBench/887,kern,True,True,True,119,102,120,102,,
BigCodeBench,BigCodeBench/887,kern_compact,True,True,True,119,89,120,90,,
BigCodeBench,BigCodeBench/887,python_minifier,True,True,,119,92,120,93,,
BigCodeBench,BigCodeBench/888,python,True,True,True,80,80,82,82,,
BigCodeBench,BigCodeBench/888,kern,True,True,True,80,64,82,66,,
BigCodeBench,BigCodeBench/888,kern_compact,True,True,True,80,56,82,58,,
BigCodeBench,BigCodeBench/888,python_minifier,True,True,,80,52,82,53,,
BigCodeBench,BigCodeBench/889,python,True,True,True,113,113,116,116,,
BigCodeBench,BigCodeBench/889,kern,True,True,True,113,89,116,93,,
BigCodeBench,BigCodeBench/889,kern_compact,True,True,True,113,84,116,88,,
BigCodeBench,BigCodeBench/889,python_minifier,True,True,,113,82,116,84,,
BigCodeBench,BigCodeBench/890,python,True,True,True,127,127,128,128,,
BigCodeBench,BigCodeBench/890,kern,True,True,True,127,104,128,107,,
BigCodeBench,BigCodeBench/890,kern_compact,True,True,True,127,96,128,99,,
BigCodeBench,BigCodeBench/890,python_minifier,True,True,,127,99,128,101,,
BigCodeBench,BigCodeBench/891,python,True,True,True,131,131,131,131,,
BigCodeBench,BigCodeBench/891,kern,True,True,True,131,102,131,103,,
BigCodeBench,BigCodeBench/891,kern_compact,True,True,True,131,94,131,96,,
BigCodeBench,BigCodeBench/891,python_minifier,True,True,,131,100,131,100,,
BigCodeBench,BigCodeBench/892,python,True,True,True,64,64,65,65,,
BigCodeBench,BigCodeBench/892,kern,True,True,True,64,50,65,52,,
BigCodeBench,BigCodeBench/892,kern_compact,True,True,True,64,47,65,49,,
BigCodeBench,BigCodeBench/892,python_minifier,True,True,,64,50,65,51,,
BigCodeBench,BigCodeBench/893,python,True,True,True,174,174,178,178,,
BigCodeBench,BigCodeBench/893,kern,True,True,True,174,142,178,146,,
BigCodeBench,BigCodeBench/893,kern_compact,True,True,True,174,114,178,117,,
BigCodeBench,BigCodeBench/893,python_minifier,True,True,,174,115,178,116,,
BigCodeBench,BigCodeBench/894,python,True,True,True,187,187,187,187,,
BigCodeBench,BigCodeBench/894,kern,True,True,True,187,159,187,160,,
BigCodeBench,BigCodeBench/894,kern_compact,True,True,True,187,154,187,155,,
BigCodeBench,BigCodeBench/894,python_minifier,True,True,,187,156,187,162,,
BigCodeBench,BigCodeBench/895,python,True,True,True,106,106,106,106,,
BigCodeBench,BigCodeBench/895,kern,True,True,True,106,85,106,86,,
BigCodeBench,BigCodeBench/895,kern_compact,True,True,True,106,81,106,83,,
BigCodeBench,BigCodeBench/895,python_minifier,True,True,,106,82,106,84,,
BigCodeBench,BigCodeBench/896,python,True,True,True,75,75,77,77,,
BigCodeBench,BigCodeBench/896,kern,True,True,True,75,61,77,64,,
BigCodeBench,BigCodeBench/896,kern_compact,True,True,True,75,59,77,62,,
BigCodeBench,BigCodeBench/896,python_minifier,True,True,,75,61,77,64,,
BigCodeBench,BigCodeBench/897,python,True,True,True,178,178,181,181,,
BigCodeBench,BigCodeBench/897,kern,True,True,True,178,126,181,133,,
BigCodeBench,BigCodeBench/897,kern_compact,True,True,True,178,117,181,123,,
BigCodeBench,BigCodeBench/897,python_minifier,True,True,,178,119,181,125,,
BigCodeBench,BigCodeBench/898,python,True,True,True,73,73,74,74,,
BigCodeBench,BigCodeBench/898,kern,True,True,True,73,59,74,61,,
BigCodeBench,BigCodeBench/898,kern_compact,True,True,True,73,57,74,59,,
BigCodeBench,BigCodeBench/898,python_minifier,True,True,,73,59,74,61,,
BigCodeBench,BigCodeBench/899,python,True,True,True,89,89,90,90,,
BigCodeBench,BigCodeBench/899,kern,True,True,True,89,67,90,69,,
BigCodeBench,BigCodeBench/899,kern_compact,True,True,True,89,66,90,68,,
BigCodeBench,BigCodeBench/899,python_minifier,True,True,,89,71,90,74,,
BigCodeBench,BigCodeBench/900,python,True,True,True,197,197,200,200,,
BigCodeBench,BigCodeBench/900,kern,True,True,True,197,148,200,152,,
BigCodeBench,BigCodeBench/900,kern_compact,True,True,True,197,145,200,149,,
BigCodeBench,BigCodeBench/900,python_minifier,True,True,,197,146,200,149,,
BigCodeBench,BigCodeBench/901,python,True,True,True,115,115,119,119,,
BigCodeBench,BigCodeBench/901,kern,True,True,True,115,68,119,73,,
BigCodeBench,BigCodeBench/901,kern_compact,True,True,True,115,65,119,70,,
BigCodeBench,BigCodeBench/901,python_minifier,True,True,,115,73,119,77,,
BigCodeBench,BigCodeBench/902,python,True,True,True,73,73,74,74,,
BigCodeBench,BigCodeBench/902,kern,True,True,True,73,60,74,61,,
BigCodeBench,BigCodeBench/902,kern_compact,True,True,True,73,58,74,59,,
BigCodeBench,BigCodeBench/902,python_minifier,True,True,,73,59,74,60,,
BigCodeBench,BigCodeBench/903,python,True,True,True,72,72,73,73,,
BigCodeBench,BigCodeBench/903,kern,True,True,True,72,59,73,60,,
BigCodeBench,BigCodeBench/903,kern_compact,True,True,True,72,56,73,57,,
BigCodeBench,BigCodeBench/903,python_minifier,True,True,,72,61,73,63,,
BigCodeBench,BigCodeBench/904,python,True,True,True,135,135,139,139,,
BigCodeBench,BigCodeBench/904,kern,True,True,True,135,74,139,77,,
BigCodeBench,BigCodeBench/904,kern_compact,True,True,True,135,66,139,69,,
BigCodeBench,BigCodeBench/904,python_minifier,True,True,,135,65,139,68,,
BigCodeBench,BigCodeBench/905,python,True,True,True,84,84,84,84,,
BigCodeBench,BigCodeBench/905,kern,True,True,True,84,72,84,72,,
BigCodeBench,BigCodeBench/905,kern_compact,True,True,True,84,69,84,69,,
BigCodeBench,BigCodeBench/905,python_minifier,True,True,,84,70,84,70,,
BigCodeBench,BigCodeBench/906,python,True,True,True,156,156,157,157,,
BigCodeBench,BigCodeBench/906,kern,True,True,True,156,122,157,125,,
BigCodeBench,BigCodeBench/906,kern_compact,True,True,True,156,115,157,118,,
BigCodeBench,BigCodeBench/906,python_minifier,True,True,,156,115,157,118,,
BigCodeBench,BigCodeBench/907,python,True,True,True,86,86,86,86,,
BigCodeBench,BigCodeBench/907,kern,True,True,True,86,67,86,68,,
BigCodeBench,BigCodeBench/907,kern_compact,True,True,True,86,63,86,64,,
BigCodeBench,BigCodeBench/907,python_minifier,True,True,,86,70,86,70,,
BigCodeBench,BigCodeBench/908,python,True,True,True,92,92,92,92,,
BigCodeBench,BigCodeBench/908,kern,True,True,True,92,76,92,76,,
BigCodeBench,BigCodeBench/908,kern_compact,True,True,True,92,72,92,73,,
BigCodeBench,BigCodeBench/908,python_minifier,True,True,,92,73,92,74,,
BigCodeBench,BigCodeBench/909,python,True,True,True,129,129,130,130,,
BigCodeBench,BigCodeBench/909,kern,True,True,True,129,111,130,112,,
BigCodeBench,BigCodeBench/909,kern_compact,True,True,True,129,100,130,103,,
BigCodeBench,BigCodeBench/909,python_minifier,True,True,,129,108,130,112,,
BigCodeBench,BigCodeBench/910,python,True,True,True,143,143,144,144,,
BigCodeBench,BigCodeBench/910,kern,True,True,True,143,103,144,106,,
BigCodeBench,BigCodeBench/910,kern_compact,True,True,True,143,100,144,104,,
BigCodeBench,BigCodeBench/910,python_minifier,True,True,,143,107,144,110,,
BigCodeBench,BigCodeBench/911,python,True,True,True,106,106,107,107,,
BigCodeBench,BigCodeBench/911,kern,True,True,True,106,60,107,61,,
BigCodeBench,BigCodeBench/911,kern_compact,True,True,True,106,55,107,56,,
BigCodeBench,BigCodeBench/911,python_minifier,True,True,,106,54,107,55,,
BigCodeBench,BigCodeBench/912,python,True,True,True,84,84,84,84,,
BigCodeBench,BigCodeBench/912,kern,True,True,True,84,50,84,49,,
BigCodeBench,BigCodeBench/912,kern_compact,True,True,True,84,44,84,44,,
BigCodeBench,BigCodeBench/912,python_minifier,True,True,,84,42,84,42,,
BigCodeBench,BigCodeBench/913,python,True,True,True,265,265,269,269,,
BigCodeBench,BigCodeBench/913,kern,True,True,True,265,174,269,177,,
BigCodeBench,BigCodeBench/913,kern_compact,True,True,True,265,161,269,165,,
BigCodeBench,BigCodeBench/913,python_minifier,True,True,,265,166,269,171,,
BigCodeBench,BigCodeBench/914,python,True,True,True,224,224,224,224,,
BigCodeBench,BigCodeBench/914,kern,True,True,True,224,167,224,168,,
BigCodeBench,BigCodeBench/914,kern_compact,True,True,True,224,155,224,157,,
BigCodeBench,BigCodeBench/914,python_minifier,True,True,,224,157,224,159,,
BigCodeBench,BigCodeBench/915,python,True,True,True,190,190,193,193,,
BigCodeBench,BigCodeBench/915,kern,True,True,True,190,142,193,143,,
BigCodeBench,BigCodeBench/915,kern_compact,True,True,True,190,136,193,138,,
BigCodeBench,BigCodeBench/915,python_minifier,True,True,,190,140,193,142,,
BigCodeBench,BigCodeBench/916,python,True,True,True,152,152,153,153,,
BigCodeBench,BigCodeBench/916,kern,True,True,True,152,122,153,125,,
BigCodeBench,BigCodeBench/916,kern_compact,True,True,True,152,106,153,108,,
BigCodeBench,BigCodeBench/916,python_minifier,True,True,,152,103,153,104,,
BigCodeBench,BigCodeBench/917,python,True,True,True,199,199,202,202,,
BigCodeBench,BigCodeBench/917,kern,True,True,True,199,154,202,157,,
BigCodeBench,BigCodeBench/917,kern_compact,True,True,True,199,145,202,149,,
BigCodeBench,BigCodeBench/917,python_minifier,True,True,,199,140,202,144,,
BigCodeBench,BigCodeBench/918,python,True,True,True,95,95,96,96,,
BigCodeBench,BigCodeBench/918,kern,True,True,True,95,70,96,71,,
BigCodeBench,BigCodeBench/918,kern_compact,True,True,True,95,68,96,69,,
BigCodeBench,BigCodeBench/918,python_minifier,True,True,,95,71,96,72,,
BigCodeBench,BigCodeBench/919,python,True,True,True,156,156,158,158,,
BigCodeBench,BigCodeBench/919,kern,True,True,True,156,109,158,110,,
BigCodeBench,BigCodeBench/919,kern_compact,True,True,True,156,98,158,101,,
BigCodeBench,BigCodeBench/919,python_minifier,True,True,,156,103,158,106,,
BigCodeBench,BigCodeBench/920,python,True,True,True,60,60,62,62,,
BigCodeBench,BigCodeBench/920,kern,True,True,True,60,53,62,55,,
BigCodeBench,BigCodeBench/920,kern_compact,True,True,True,60,50,62,50,,
BigCodeBench,BigCodeBench/920,python_minifier,True,True,,60,51,62,51,,
BigCodeBench,BigCodeBench/921,python,True,True,True,93,93,96,96,,
BigCodeBench,BigCodeBench/921,kern,True,True,True,93,52,96,54,,
BigCodeBench,BigCodeBench/921,kern_compact,True,True,True,93,46,96,48,,
BigCodeBench,BigCodeBench/921,python_minifier,True,True,,93,49,96,51,,
BigCodeBench,BigCodeBench/922,python,True,True,True,483,483,482,482,,
BigCodeBench,BigCodeBench/922,kern,True,True,True,483,334,482,333,,
BigCodeBench,BigCodeBench/922,kern_compact,True,True,True,483,332,482,331,,
BigCodeBench,BigCodeBench/922,python_minifier,True,True,,483,335,482,335,,
BigCodeBench,BigCodeBench/923,python,True,True,True,147,147,149,149,,
BigCodeBench,BigCodeBench/923,kern,True,True,True,147,109,149,112,,
BigCodeBench,BigCodeBench/923,kern_compact,True,True,True,147,104,149,107,,
BigCodeBench,BigCodeBench/923,python_minifier,True,True,,147,113,149,114,,
BigCodeBench,BigCodeBench/924,python,True,True,True,131,131,133,133,,
BigCodeBench,BigCodeBench/924,kern,True,True,True,131,107,133,109,,
BigCodeBench,BigCodeBench/924,kern_compact,True,True,True,131,104,133,106,,
BigCodeBench,BigCodeBench/924,python_minifier,True,True,,131,102,133,103,,
BigCodeBench,BigCodeBench/925,python,True,True,True,101,101,102,102,,
BigCodeBench,BigCodeBench/925,kern,True,True,True,101,71,102,72,,
BigCodeBench,BigCodeBench/925,kern_compact,True,True,True,101,70,102,71,,
BigCodeBench,BigCodeBench/925,python_minifier,True,True,,101,73,102,74,,
BigCodeBench,BigCodeBench/926,python,True,True,True,93,93,94,94,,
BigCodeBench,BigCodeBench/926,kern,True,True,True,93,78,94,79,,
BigCodeBench,BigCodeBench/926,kern_compact,True,True,True,93,76,94,77,,
BigCodeBench,BigCodeBench/926,python_minifier,True,True,,93,73,94,73,,
BigCodeBench,BigCodeBench/927,python,True,True,True,119,119,121,121,,
BigCodeBench,BigCodeBench/927,kern,True,True,True,119,69,121,70,,
BigCodeBench,BigCodeBench/927,kern_compact,True,True,True,119,69,121,70,,
BigCodeBench,BigCodeBench/927,python_minifier,True,True,,119,66,121,66,,
BigCodeBench,BigCodeBench/928,python,True,True,True,165,165,167,167,,
BigCodeBench,BigCodeBench/928,kern,True,True,True,165,106,167,113,,
BigCodeBench,BigCodeBench/928,kern_compact,True,True,True,165,87,167,92,,
BigCodeBench,BigCodeBench/928,python_minifier,True,True,,165,83,167,88,,
BigCodeBench,BigCodeBench/929,python,True,True,True,80,80,80,80,,
BigCodeBench,BigCodeBench/929,kern,True,True,True,80,59,80,60,,
BigCodeBench,BigCodeBench/929,kern_compact,True,True,True,80,53,80,54,,
BigCodeBench,BigCodeBench/929,python_minifier,True,True,,80,49,80,49,,
BigCodeBench,BigCodeBench/930,python,True,True,True,126,126,126,126,,
BigCodeBench,BigCodeBench/930,kern,True,True,True,126,106,126,110,,
BigCodeBench,BigCodeBench/930,kern_compact,True,True,True,126,103,126,107,,
BigCodeBench,BigCodeBench/930,python_minifier,True,True,,126,107,126,108,,
BigCodeBench,BigCodeBench/931,python,True,True,True,93,93,94,94,,
BigCodeBench,BigCodeBench/931,kern,True,True,True,93,72,94,75,,
BigCodeBench,BigCodeBench/931,kern_compact,True,True,True,93,59,94,62,,
BigCodeBench,BigCodeBench/931,python_minifier,True,True,,93,57,94,59,,
BigCodeBench,BigCodeBench/932,python,True,True,True,127,127,127,127,,
BigCodeBench,BigCodeBench/932,kern,True,True,True,127,75,127,77,,
BigCodeBench,BigCodeBench/932,kern_compact,True,True,True,127,66,127,68,,
BigCodeBench,BigCodeBench/932,python_minifier,True,True,,127,64,127,66,,
BigCodeBench,BigCodeBench/933,python,True,True,True,97,97,97,97,,
BigCodeBench,BigCodeBench/933,kern,True,True,True,97,60,97,60,,
BigCodeBench,BigCodeBench/933,kern_compact,True,True,True,97,59,97,59,,
BigCodeBench,BigCodeBench/933,python_minifier,True,True,,97,56,97,58,,
BigCodeBench,BigCodeBench/934,python,True,True,True,74,74,75,75,,
BigCodeBench,BigCodeBench/934,kern,True,True,True,74,55,75,56,,
BigCodeBench,BigCodeBench/934,kern_compact,True,True,True,74,51,75,52,,
BigCodeBench,BigCodeBench/934,python_minifier,True,True,,74,48,75,49,,
BigCodeBench,BigCodeBench/935,python,True,True,True,116,116,122,122,,
BigCodeBench,BigCodeBench/935,kern,True,True,True,116,85,122,92,,
BigCodeBench,BigCodeBench/935,kern_compact,True,True,True,116,83,122,90,,
BigCodeBench,BigCodeBench/935,python_minifier,True,True,,116,94,122,99,,
BigCodeBench,BigCodeBench/936,python,True,True,True,203,203,201,201,,
BigCodeBench,BigCodeBench/936,kern,True,True,True,203,126,201,126,,
BigCodeBench,BigCodeBench/936,kern_compact,True,True,True,203,119,201,120,,
BigCodeBench,BigCodeBench/936,python_minifier,True,True,,203,119,201,119,,
BigCodeBench,BigCodeBench/937,python,True,True,True,49,49,49,49,,
BigCodeBench,BigCodeBench/937,kern,True,True,True,49,42,49,43,,
BigCodeBench,BigCodeBench/937,kern_compact,True,True,True,49,37,49,38,,
BigCodeBench,BigCodeBench/937,python_minifier,True,True,,49,39,49,40,,
BigCodeBench,BigCodeBench/938,python,True,True,True,113,113,113,113,,
BigCodeBench,BigCodeBench/938,kern,True,True,True,113,98,113,102,,
BigCodeBench,BigCodeBench/938,kern_compact,True,True,True,113,81,113,85,,
BigCodeBench,BigCodeBench/938,python_minifier,True,True,,113,92,113,95,,
BigCodeBench,BigCodeBench/939,python,True,True,True,103,103,103,103,,
BigCodeBench,BigCodeBench/939,kern,True,True,True,103,86,103,87,,
BigCodeBench,BigCodeBench/939,kern_compact,True,True,True,103,71,103,72,,
BigCodeBench,BigCodeBench/939,python_minifier,True,True,,103,72,103,73,,
BigCodeBench,BigCodeBench/940,python,True,True,True,60,60,62,62,,
BigCodeBench,BigCodeBench/940,kern,True,True,True,60,53,62,56,,
BigCodeBench,BigCodeBench/940,kern_compact,True,True,True,60,48,62,51,,
BigCodeBench,BigCodeBench/940,python_minifier,True,True,,60,50,62,53,,
BigCodeBench,BigCodeBench/941,python,True,True,True,174,174,176,176,,
BigCodeBench,BigCodeBench/941,kern,True,True,True,174,145,176,148,,
BigCodeBench,BigCodeBench/941,kern_compact,True,True,True,174,132,176,136,,
BigCodeBench,BigCodeBench/941,python_minifier,True,True,,174,129,176,131,,
BigCodeBench,BigCodeBench/942,python,True,True,True,246,246,249,249,,
BigCodeBench,BigCodeBench/942,kern,True,True,True,246,203,249,207,,
BigCodeBench,BigCodeBench/942,kern_compact,True,True,True,246,189,249,195,,
BigCodeBench,BigCodeBench/942,python_minifier,True,True,,246,201,249,207,,
BigCodeBench,BigCodeBench/943,python,True,True,True,180,180,180,180,,
BigCodeBench,BigCodeBench/943,kern,True,True,True,180,158,180,158,,
BigCodeBench,BigCodeBench/943,kern_compact,True,True,True,180,144,180,144,,
BigCodeBench,BigCodeBench/943,python_minifier,True,True,,180,149,180,150,,
BigCodeBench,BigCodeBench/944,python,True,True,True,215,215,216,216,,
BigCodeBench,BigCodeBench/944,kern,True,True,True,215,169,216,171,,
BigCodeBench,BigCodeBench/944,kern_compact,True,True,True,215,157,216,160,,
BigCodeBench,BigCodeBench/944,python_minifier,True,True,,215,169,216,171,,
BigCodeBench,BigCodeBench/945,python,True,True,True,190,190,191,191,,
BigCodeBench,BigCodeBench/945,kern,True,True,True,190,158,191,159,,
BigCodeBench,BigCodeBench/945,kern_compact,True,True,True,190,142,191,144,,
BigCodeBench,BigCodeBench/945,python_minifier,True,True,,190,154,191,155,,
BigCodeBench,BigCodeBench/946,python,True,True,True,103,103,104,104,,
BigCodeBench,BigCodeBench/946,kern,True,True,True,103,89,104,90,,
BigCodeBench,BigCodeBench/946,kern_compact,True,True,True,103,85,104,86,,
BigCodeBench,BigCodeBench/946,python_minifier,True,True,,103,89,104,90,,
BigCodeBench,BigCodeBench/947,python,True,True,True,229,229,231,231,,
BigCodeBench,BigCodeBench/947,kern,True,True,False,229,131,231,133,ast,normalized AST differs
BigCodeBench,BigCodeBench/947,kern_compact,True,True,False,229,116,231,118,ast,normalized AST differs
BigCodeBench,BigCodeBench/947,python_minifier,True,True,,229,126,231,127,,
BigCodeBench,BigCodeBench/948,python,True,True,True,76,76,75,75,,
BigCodeBench,BigCodeBench/948,kern,True,True,True,76,55,75,56,,
BigCodeBench,BigCodeBench/948,kern_compact,True,True,True,76,52,75,53,,
BigCodeBench,BigCodeBench/948,python_minifier,True,True,,76,54,75,55,,
BigCodeBench,BigCodeBench/949,python,True,True,True,54,54,55,55,,
BigCodeBench,BigCodeBench/949,kern,True,True,True,54,41,55,42,,
BigCodeBench,BigCodeBench/949,kern_compact,True,True,True,54,40,55,41,,
BigCodeBench,BigCodeBench/949,python_minifier,True,True,,54,45,55,46,,
BigCodeBench,BigCodeBench/950,python,True,True,True,63,63,63,63,,
BigCodeBench,BigCodeBench/950,kern,True,True,True,63,53,63,53,,
BigCodeBench,BigCodeBench/950,kern_compact,True,True,True,63,51,63,51,,
BigCodeBench,BigCodeBench/950,python_minifier,True,True,,63,52,63,52,,
BigCodeBench,BigCodeBench/951,python,True,True,True,181,181,182,182,,
BigCodeBench,BigCodeBench/951,kern,True,True,True,181,149,182,151,,
BigCodeBench,BigCodeBench/951,kern_compact,True,True,True,181,134,182,136,,
BigCodeBench,BigCodeBench/951,python_minifier,True,True,,181,138,182,140,,
BigCodeBench,BigCodeBench/952,python,True,True,True,184,184,186,186,,
BigCodeBench,BigCodeBench/952,kern,True,True,True,184,143,186,146,,
BigCodeBench,BigCodeBench/952,kern_compact,True,True,True,184,131,186,134,,
BigCodeBench,BigCodeBench/952,python_minifier,True,True,,184,142,186,144,,
BigCodeBench,BigCodeBench/953,python,True,True,True,152,152,155,155,,
BigCodeBench,BigCodeBench/953,kern,True,True,True,152,125,155,128,,
BigCodeBench,BigCodeBench/953,kern_compact,True,True,True,152,114,155,115,,
BigCodeBench,BigCodeBench/953,python_minifier,True,True,,152,123,155,124,,
BigCodeBench,BigCodeBench/954,python,True,True,True,119,119,126,126,,
BigCodeBench,BigCodeBench/954,kern,True,True,True,119,104,126,113,,
BigCodeBench,BigCodeBench/954,kern_compact,True,True,True,119,98,126,107,,
BigCodeBench,BigCodeBench/954,python_minifier,True,True,,119,105,126,112,,
BigCodeBench,BigCodeBench/955,python,True,True,True,129,129,130,130,,
BigCodeBench,BigCodeBench/955,kern,True,True,True,129,111,130,118,,
BigCodeBench,BigCodeBench/955,kern_compact,True,True,True,129,101,130,105,,
BigCodeBench,BigCodeBench/955,python_minifier,True,True,,129,105,130,108,,
BigCodeBench,BigCodeBench/956,python,True,True,True,113,113,113,113,,
BigCodeBench,BigCodeBench/956,kern,True,True,True,113,95,113,94,,
BigCodeBench,BigCodeBench/956,kern_compact,True,True,True,113,87,113,87,,
BigCodeBench,BigCodeBench/956,python_minifier,True,True,,113,92,113,92,,
BigCodeBench,BigCodeBench/957,python,True,True,True,56,56,56,56,,
BigCodeBench,BigCodeBench/957,kern,True,True,True,56,47,56,48,,
BigCodeBench,BigCodeBench/957,kern_compact,True,True,True,56,45,56,46,,
BigCodeBench,BigCodeBench/957,python_minifier,True,True,,56,43,56,44,,
BigCodeBench,BigCodeBench/958,python,True,True,True,117,117,117,117,,
BigCodeBench,BigCodeBench/958,kern,True,True,True,117,95,117,93,,
BigCodeBench,BigCodeBench/958,kern_compact,True,True,True,117,81,117,82,,
BigCodeBench,BigCodeBench/958,python_minifier,True,True,,117,89,117,89,,
BigCodeBench,BigCodeBench/959,python,True,True,True,86,86,89,89,,
BigCodeBench,BigCodeBench/959,kern,True,True,True,86,69,89,73,,
BigCodeBench,BigCodeBench/959,kern_compact,True,True,True,86,68,89,72,,
BigCodeBench,BigCodeBench/959,python_minifier,True,True,,86,71,89,74,,
BigCodeBench,BigCodeBench/960,python,True,True,True,137,137,144,144,,
BigCodeBench,BigCodeBench/960,kern,True,True,True,137,104,144,112,,
BigCodeBench,BigCodeBench/960,kern_compact,True,True,True,137,94,144,99,,
BigCodeBench,BigCodeBench/960,python_minifier,True,True,,137,107,144,111,,
BigCodeBench,BigCodeBench/961,python,True,True,True,117,117,118,118,,
BigCodeBench,BigCodeBench/961,kern,True,True,True,117,93,118,95,,
BigCodeBench,BigCodeBench/961,kern_compact,True,True,True,117,88,118,90,,
BigCodeBench,BigCodeBench/961,python_minifier,True,True,,117,97,118,98,,
BigCodeBench,BigCodeBench/962,python,True,True,True,209,209,212,212,,
BigCodeBench,BigCodeBench/962,kern,True,True,True,209,169,212,178,,
BigCodeBench,BigCodeBench/962,kern_compact,True,True,True,209,158,212,163,,
BigCodeBench,BigCodeBench/962,python_minifier,True,True,,209,167,212,171,,
BigCodeBench,BigCodeBench/963,python,True,True,True,160,160,163,163,,
BigCodeBench,BigCodeBench/963,kern,True,True,True,160,138,163,143,,
BigCodeBench,BigCodeBench/963,kern_compact,True,True,True,160,132,163,137,,
BigCodeBench,BigCodeBench/963,python_minifier,True,True,,160,139,163,143,,
BigCodeBench,BigCodeBench/964,python,True,True,True,290,290,295,295,,
BigCodeBench,BigCodeBench/964,kern,True,True,True,290,236,295,242,,
BigCodeBench,BigCodeBench/964,kern_compact,True,True,True,290,230,295,235,,
BigCodeBench,BigCodeBench/964,python_minifier,True,True,,290,247,295,252,,
BigCodeBench,BigCodeBench/965,python,True,True,True,141,141,141,141,,
BigCodeBench,BigCodeBench/965,kern,True,True,True,141,112,141,115,,
BigCodeBench,BigCodeBench/965,kern_compact,True,True,True,141,104,141,104,,
BigCodeBench,BigCodeBench/965,python_minifier,True,True,,141,109,141,110,,
BigCodeBench,BigCodeBench/966,python,True,True,True,90,90,92,92,,
BigCodeBench,BigCodeBench/966,kern,True,True,True,90,78,92,81,,
BigCodeBench,BigCodeBench/966,kern_compact,True,True,True,90,69,92,73,,
BigCodeBench,BigCodeBench/966,python_minifier,True,True,,90,64,92,66,,
BigCodeBench,BigCodeBench/967,python,True,True,True,131,131,131,131,,
BigCodeBench,BigCodeBench/967,kern,True,True,True,131,115,131,117,,
BigCodeBench,BigCodeBench/967,kern_compact,True,True,True,131,112,131,114,,
BigCodeBench,BigCodeBench/967,python_minifier,True,True,,131,118,131,120,,
BigCodeBench,BigCodeBench/968,python,True,True,True,72,72,76,76,,
BigCodeBench,BigCodeBench/968,kern,True,True,True,72,61,76,65,,
BigCodeBench,BigCodeBench/968,kern_compact,True,True,True,72,54,76,56,,
BigCodeBench,BigCodeBench/968,python_minifier,True,True,,72,56,76,58,,
BigCodeBench,BigCodeBench/969,python,True,True,True,130,130,138,138,,
BigCodeBench,BigCodeBench/969,kern,True,True,True,130,113,138,124,,
BigCodeBench,BigCodeBench/969,kern_compact,True,True,True,130,104,138,115,,
BigCodeBench,BigCodeBench/969,python_minifier,True,True,,130,103,138,110,,
BigCodeBench,BigCodeBench/970,python,True,True,True,178,178,179,179,,
BigCodeBench,BigCodeBench/970,kern,True,True,True,178,150,179,155,,
BigCodeBench,BigCodeBench/970,kern_compact,True,True,True,178,138,179,145,,
BigCodeBench,BigCodeBench/970,python_minifier,True,True,,178,136,179,141,,
BigCodeBench,BigCodeBench/971,python,True,True,True,159,159,160,160,,
BigCodeBench,BigCodeBench/971,kern,True,True,True,159,129,160,132,,
BigCodeBench,BigCodeBench/971,kern_compact,True,True,True,159,114,160,115,,
BigCodeBench,BigCodeBench/971,python_minifier,True,True,,159,116,160,117,,
BigCodeBench,BigCodeBench/972,python,True,True,True,111,111,111,111,,
BigCodeBench,BigCodeBench/972,kern,True,True,True,111,84,111,86,,
BigCodeBench,BigCodeBench/972,kern_compact,True,True,True,111,80,111,82,,
BigCodeBench,BigCodeBench/972,python_minifier,True,True,,111,76,111,78,,
BigCodeBench,BigCodeBench/973,python,True,True,True,173,173,178,178,,
BigCodeBench,BigCodeBench/973,kern,True,True,True,173,149,178,155,,
BigCodeBench,BigCodeBench/973,kern_compact,True,True,True,173,138,178,144,,
BigCodeBench,BigCodeBench/973,python_minifier,True,True,,173,144,178,150,,
BigCodeBench,BigCodeBench/974,python,True,True,True,120,120,121,121,,
BigCodeBench,BigCodeBench/974,kern,True,True,True,120,107,121,112,,
BigCodeBench,BigCodeBench/974,kern_compact,True,True,True,120,105,121,110,,
BigCodeBench,BigCodeBench/974,python_minifier,True,True,,120,105,121,109,,
BigCodeBench,BigCodeBench/975,python,True,True,True,84,84,86,86,,
BigCodeBench,BigCodeBench/975,kern,True,True,True,84,66,86,68,,
BigCodeBench,BigCodeBench/975,kern_compact,True,True,True,84,65,86,67,,
BigCodeBench,BigCodeBench/975,python_minifier,True,True,,84,69,86,70,,
BigCodeBench,BigCodeBench/976,python,True,True,True,151,151,156,156,,
BigCodeBench,BigCodeBench/976,kern,True,True,True,151,130,156,136,,
BigCodeBench,BigCodeBench/976,kern_compact,True,True,True,151,120,156,126,,
BigCodeBench,BigCodeBench/976,python_minifier,True,True,,151,123,156,128,,
BigCodeBench,BigCodeBench/977,python,True,True,True,165,165,168,168,,
BigCodeBench,BigCodeBench/977,kern,True,True,True,165,134,168,140,,
BigCodeBench,BigCodeBench/977,kern_compact,True,True,True,165,130,168,135,,
BigCodeBench,BigCodeBench/977,python_minifier,True,True,,165,152,168,155,,
BigCodeBench,BigCodeBench/978,python,True,True,True,186,186,191,191,,
BigCodeBench,BigCodeBench/978,kern,True,True,True,186,155,191,160,,
BigCodeBench,BigCodeBench/978,kern_compact,True,True,True,186,135,191,141,,
BigCodeBench,BigCodeBench/978,python_minifier,True,True,,186,148,191,153,,
BigCodeBench,BigCodeBench/979,python,True,True,True,138,138,141,141,,
BigCodeBench,BigCodeBench/979,kern,True,True,True,138,113,141,115,,
BigCodeBench,BigCodeBench/979,kern_compact,True,True,True,138,106,141,108,,
BigCodeBench,BigCodeBench/979,python_minifier,True,True,,138,113,141,116,,
BigCodeBench,BigCodeBench/980,python,True,True,True,116,116,119,119,,
BigCodeBench,BigCodeBench/980,kern,True,True,True,116,104,119,108,,
BigCodeBench,BigCodeBench/980,kern_compact,True,True,True,116,88,119,92,,
BigCodeBench,BigCodeBench/980,python_minifier,True,True,,116,89,119,93,,
BigCodeBench,BigCodeBench/981,python,True,True,True,230,230,233,233,,
BigCodeBench,BigCodeBench/981,kern,True,True,True,230,192,233,197,,
BigCodeBench,BigCodeBench/981,kern_compact,True,True,True,230,172,233,179,,
BigCodeBench,BigCodeBench/981,python_minifier,True,True,,230,174,233,180,,
BigCodeBench,BigCodeBench/982,python,True,True,True,180,180,181,181,,
BigCodeBench,BigCodeBench/982,kern,True,True,True,180,139,181,143,,
BigCodeBench,BigCodeBench/982,kern_compact,True,True,True,180,133,181,138,,
BigCodeBench,BigCodeBench/982,python_minifier,True,True,,180,146,181,152,,
BigCodeBench,BigCodeBench/983,python,True,True,True,100,100,108,108,,
BigCodeBench,BigCodeBench/983,kern,True,True,True,100,90,108,99,,
BigCodeBench,BigCodeBench/983,kern_compact,True,True,True,100,82,108,91,,
BigCodeBench,BigCodeBench/983,python_minifier,True,True,,100,82,108,89,,
BigCodeBench,BigCodeBench/984,python,True,True,True,98,98,98,98,,
BigCodeBench,BigCodeBench/984,kern,True,True,True,98,79,98,80,,
BigCodeBench,BigCodeBench/984,kern_compact,True,True,True,98,75,98,76,,
BigCodeBench,BigCodeBench/984,python_minifier,True,True,,98,76,98,77,,
BigCodeBench,BigCodeBench/985,python,True,True,True,305,305,311,311,,
BigCodeBench,BigCodeBench/985,kern,True,True,True,305,261,311,270,,
BigCodeBench,BigCodeBench/985,kern_compact,True,True,True,305,231,311,240,,
BigCodeBench,BigCodeBench/985,python_minifier,True,True,,305,238,311,246,,
BigCodeBench,BigCodeBench/986,python,True,True,True,184,184,192,192,,
BigCodeBench,BigCodeBench/986,kern,True,True,True,184,156,192,166,,
BigCodeBench,BigCodeBench/986,kern_compact,True,True,True,184,154,192,165,,
BigCodeBench,BigCodeBench/986,python_minifier,True,True,,184,156,192,166,,
BigCodeBench,BigCodeBench/987,python,True,True,True,227,227,229,229,,
BigCodeBench,BigCodeBench/987,kern,True,True,True,227,187,229,192,,
BigCodeBench,BigCodeBench/987,kern_compact,True,True,True,227,177,229,182,,
BigCodeBench,BigCodeBench/987,python_minifier,True,True,,227,183,229,187,,
BigCodeBench,BigCodeBench/988,python,True,True,True,231,231,236,236,,
BigCodeBench,BigCodeBench/988,kern,True,True,True,231,190,236,196,,
BigCodeBench,BigCodeBench/988,kern_compact,True,True,True,231,178,236,184,,
BigCodeBench,BigCodeBench/988,python_minifier,True,True,,231,178,236,183,,
BigCodeBench,BigCodeBench/989,python,True,True,True,221,221,228,228,,
BigCodeBench,BigCodeBench/989,kern,True,True,True,221,181,228,189,,
BigCodeBench,BigCodeBench/989,kern_compact,True,True,True,221,173,228,181,,
BigCodeBench,BigCodeBench/989,python_minifier,True,True,,221,176,228,183,,
BigCodeBench,BigCodeBench/990,python,True,True,True,283,283,283,283,,
BigCodeBench,BigCodeBench/990,kern,True,True,True,283,192,283,192,,
BigCodeBench,BigCodeBench/990,kern_compact,True,True,True,283,169,283,168,,
BigCodeBench,BigCodeBench/990,python_minifier,True,True,,283,163,283,162,,
BigCodeBench,BigCodeBench/991,python,True,True,True,62,62,64,64,,
BigCodeBench,BigCodeBench/991,kern,True,True,True,62,58,64,60,,
BigCodeBench,BigCodeBench/991,kern_compact,True,True,True,62,53,64,55,,
BigCodeBench,BigCodeBench/991,python_minifier,True,True,,62,49,64,50,,
BigCodeBench,BigCodeBench/992,python,True,True,True,113,113,114,114,,
BigCodeBench,BigCodeBench/992,kern,True,True,True,113,100,114,101,,
BigCodeBench,BigCodeBench/992,kern_compact,True,True,True,113,98,114,99,,
BigCodeBench,BigCodeBench/992,python_minifier,True,True,,113,98,114,100,,
BigCodeBench,BigCodeBench/993,python,True,True,True,199,199,197,197,,
BigCodeBench,BigCodeBench/993,kern,True,True,True,199,138,197,139,,
BigCodeBench,BigCodeBench/993,kern_compact,True,True,True,199,126,197,127,,
BigCodeBench,BigCodeBench/993,python_minifier,True,True,,199,131,197,132,,
BigCodeBench,BigCodeBench/994,python,True,True,True,241,241,245,245,,
BigCodeBench,BigCodeBench/994,kern,True,True,True,241,202,245,211,,
BigCodeBench,BigCodeBench/994,kern_compact,True,True,True,241,197,245,205,,
BigCodeBench,BigCodeBench/994,python_minifier,True,True,,241,194,245,198,,
BigCodeBench,BigCodeBench/995,python,True,True,True,278,278,284,284,,
BigCodeBench,BigCodeBench/995,kern,True,True,True,278,176,284,181,,
BigCodeBench,BigCodeBench/995,kern_compact,True,True,True,278,170,284,176,,
BigCodeBench,BigCodeBench/995,python_minifier,True,True,,278,163,284,169,,
BigCodeBench,BigCodeBench/996,python,True,True,True,112,112,114,114,,
BigCodeBench,BigCodeBench/996,kern,True,True,True,112,93,114,95,,
BigCodeBench,BigCodeBench/996,kern_compact,True,True,True,112,88,114,89,,
BigCodeBench,BigCodeBench/996,python_minifier,True,True,,112,88,114,88,,
BigCodeBench,BigCodeBench/997,python,True,True,True,138,138,140,140,,
BigCodeBench,BigCodeBench/997,kern,True,True,True,138,98,140,99,,
BigCodeBench,BigCodeBench/997,kern_compact,True,True,True,138,94,140,94,,
BigCodeBench,BigCodeBench/997,python_minifier,True,True,,138,95,140,95,,
BigCodeBench,BigCodeBench/998,python,True,True,True,206,206,206,206,,
BigCodeBench,BigCodeBench/998,kern,True,True,True,206,182,206,181,,
BigCodeBench,BigCodeBench/998,kern_compact,True,True,True,206,169,206,168,,
BigCodeBench,BigCodeBench/998,python_minifier,True,True,,206,173,206,172,,
BigCodeBench,BigCodeBench/999,python,True,True,True,130,130,131,131,,
BigCodeBench,BigCodeBench/999,kern,True,True,True,130,115,131,115,,
BigCodeBench,BigCodeBench/999,kern_compact,True,True,True,130,112,131,112,,
BigCodeBench,BigCodeBench/999,python_minifier,True,True,,130,114,131,114,,
BigCodeBench,BigCodeBench/1000,python,True,True,True,79,79,80,80,,
BigCodeBench,BigCodeBench/1000,kern,True,True,True,79,67,80,67,,
BigCodeBench,BigCodeBench/1000,kern_compact,True,True,True,79,63,80,63,,
BigCodeBench,BigCodeBench/1000,python_minifier,True,True,,79,65,80,65,,
BigCodeBench,BigCodeBench/1001,python,True,True,True,214,214,216,216,,
BigCodeBench,BigCodeBench/1001,kern,True,True,True,214,148,216,151,,
BigCodeBench,BigCodeBench/1001,kern_compact,True,True,True,214,145,216,151,,
BigCodeBench,BigCodeBench/1001,python_minifier,True,True,,214,134,216,137,,
BigCodeBench,BigCodeBench/1002,python,True,True,True,124,124,127,127,,
BigCodeBench,BigCodeBench/1002,kern,True,True,True,124,110,127,114,,
BigCodeBench,BigCodeBench/1002,kern_compact,True,True,True,124,108,127,113,,
BigCodeBench,BigCodeBench/1002,python_minifier,True,True,,124,106,127,111,,
BigCodeBench,BigCodeBench/1003,python,True,True,True,145,145,150,150,,
BigCodeBench,BigCodeBench/1003,kern,True,True,True,145,128,150,134,,
BigCodeBench,BigCodeBench/1003,kern_compact,True,True,True,145,119,150,126,,
BigCodeBench,BigCodeBench/1003,python_minifier,True,True,,145,119,150,124,,
BigCodeBench,BigCodeBench/1004,python,True,True,True,139,139,139,139,,
BigCodeBench,BigCodeBench/1004,kern,True,True,True,139,122,139,123,,
BigCodeBench,BigCodeBench/1004,kern_compact,True,True,True,139,113,139,114,,
BigCodeBench,BigCodeBench/1004,python_minifier,True,True,,139,113,139,114,,
BigCodeBench,BigCodeBench/1005,python,True,True,True,200,200,201,201,,
BigCodeBench,BigCodeBench/1005,kern,True,True,True,200,124,201,126,,
BigCodeBench,BigCodeBench/1005,kern_compact,True,True,True,200,120,201,120,,
BigCodeBench,BigCodeBench/1005,python_minifier,True,True,,200,119,201,118,,
BigCodeBench,BigCodeBench/1006,python,True,True,True,252,252,255,255,,
BigCodeBench,BigCodeBench/1006,kern,True,True,True,252,216,255,220,,
BigCodeBench,BigCodeBench/1006,kern_compact,True,True,True,252,200,255,204,,
BigCodeBench,BigCodeBench/1006,python_minifier,True,True,,252,209,255,211,,
BigCodeBench,BigCodeBench/1007,python,True,True,True,126,126,131,131,,
BigCodeBench,BigCodeBench/1007,kern,True,True,True,126,82,131,87,,
BigCodeBench,BigCodeBench/1007,kern_compact,True,True,True,126,81,131,86,,
BigCodeBench,BigCodeBench/1007,python_minifier,True,True,,126,79,131,83,,
BigCodeBench,BigCodeBench/1008,python,True,True,True,162,162,167,167,,
BigCodeBench,BigCodeBench/1008,kern,True,True,True,162,115,167,121,,
BigCodeBench,BigCodeBench/1008,kern_compact,True,True,True,162,114,167,120,,
BigCodeBench,BigCodeBench/1008,python_minifier,True,True,,162,117,167,122,,
BigCodeBench,BigCodeBench/1009,python,True,True,True,130,130,131,131,,
BigCodeBench,BigCodeBench/1009,kern,True,True,True,130,117,131,118,,
BigCodeBench,BigCodeBench/1009,kern_compact,True,True,True,130,115,131,116,,
BigCodeBench,BigCodeBench/1009,python_minifier,True,True,,130,116,131,117,,
BigCodeBench,BigCodeBench/1010,python,True,True,True,75,75,76,76,,
BigCodeBench,BigCodeBench/1010,kern,True,True,True,75,66,76,67,,
BigCodeBench,BigCodeBench/1010,kern_compact,True,True,True,75,66,76,67,,
BigCodeBench,BigCodeBench/1010,python_minifier,True,True,,75,67,76,68,,
BigCodeBench,BigCodeBench/1011,python,True,True,True,130,130,130,130,,
BigCodeBench,BigCodeBench/1011,kern,True,True,True,130,118,130,119,,
BigCodeBench,BigCodeBench/1011,kern_compact,True,True,True,130,110,130,112,,
BigCodeBench,BigCodeBench/1011,python_minifier,True,True,,130,111,130,114,,
BigCodeBench,BigCodeBench/1012,python,True,True,True,251,251,253,253,,
BigCodeBench,BigCodeBench/1012,kern,True,True,True,251,201,253,206,,
BigCodeBench,BigCodeBench/1012,kern_compact,True,True,True,251,194,253,199,,
BigCodeBench,BigCodeBench/1012,python_minifier,True,True,,251,209,253,212,,
BigCodeBench,BigCodeBench/1013,python,True,True,True,170,170,173,173,,
BigCodeBench,BigCodeBench/1013,kern,True,True,True,170,133,173,136,,
BigCodeBench,BigCodeBench/1013,kern_compact,True,True,True,170,129,173,129,,
BigCodeBench,BigCodeBench/1013,python_minifier,True,True,,170,130,173,129,,
BigCodeBench,BigCodeBench/1014,python,True,True,True,120,120,124,124,,
BigCodeBench,BigCodeBench/1014,kern,True,True,True,120,70,124,72,,
BigCodeBench,BigCodeBench/1014,kern_compact,True,True,True,120,68,124,70,,
BigCodeBench,BigCodeBench/1014,python_minifier,True,True,,120,72,124,74,,
BigCodeBench,BigCodeBench/1015,python,True,True,True,283,283,286,286,,
BigCodeBench,BigCodeBench/1015,kern,True,True,True,283,230,286,233,,
BigCodeBench,BigCodeBench/1015,kern_compact,True,True,True,283,227,286,231,,
BigCodeBench,BigCodeBench/1015,python_minifier,True,True,,283,236,286,238,,
BigCodeBench,BigCodeBench/1016,python,True,True,True,253,253,258,258,,
BigCodeBench,BigCodeBench/1016,kern,True,True,True,253,169,258,175,,
BigCodeBench,BigCodeBench/1016,kern_compact,True,True,True,253,165,258,172,,
BigCodeBench,BigCodeBench/1016,python_minifier,True,True,,253,162,258,167,,
BigCodeBench,BigCodeBench/1017,python,True,True,True,374,374,380,380,,
BigCodeBench,BigCodeBench/1017,kern,True,True,True,374,282,380,287,,
BigCodeBench,BigCodeBench/1017,kern_compact,True,True,True,374,260,380,265,,
BigCodeBench,BigCodeBench/1017,python_minifier,True,True,,374,265,380,275,,
BigCodeBench,BigCodeBench/1018,python,True,True,True,143,143,145,145,,
BigCodeBench,BigCodeBench/1018,kern,True,True,True,143,118,145,122,,
BigCodeBench,BigCodeBench/1018,kern_compact,True,True,True,143,115,145,118,,
BigCodeBench,BigCodeBench/1018,python_minifier,True,True,,143,117,145,118,,
BigCodeBench,BigCodeBench/1019,python,True,True,True,200,200,204,204,,
BigCodeBench,BigCodeBench/1019,kern,True,True,True,200,159,204,164,,
BigCodeBench,BigCodeBench/1019,kern_compact,True,True,True,200,154,204,158,,
BigCodeBench,BigCodeBench/1019,python_minifier,True,True,,200,171,204,174,,
BigCodeBench,BigCodeBench/1020,python,True,True,True,169,169,170,170,,
BigCodeBench,BigCodeBench/1020,kern,True,True,True,169,125,170,126,,
BigCodeBench,BigCodeBench/1020,kern_compact,True,True,True,169,113,170,114,,
BigCodeBench,BigCodeBench/1020,python_minifier,True,True,,169,128,170,130,,
BigCodeBench,BigCodeBench/1021,python,True,True,True,115,115,117,117,,
BigCodeBench,BigCodeBench/1021,kern,True,True,True,115,99,117,101,,
BigCodeBench,BigCodeBench/1021,kern_compact,True,True,True,115,90,117,92,,
BigCodeBench,BigCodeBench/1021,python_minifier,True,True,,115,97,117,99,,
BigCodeBench,BigCodeBench/1022,python,True,True,True,169,169,174,174,,
BigCodeBench,BigCodeBench/1022,kern,True,True,True,169,146,174,152,,
BigCodeBench,BigCodeBench/1022,kern_compact,True,True,True,169,142,174,148,,
BigCodeBench,BigCodeBench/1022,python_minifier,True,True,,169,142,174,147,,
BigCodeBench,BigCodeBench/1023,python,True,True,True,347,347,356,356,,
BigCodeBench,BigCodeBench/1023,kern,True,True,True,347,221,356,232,,
BigCodeBench,BigCodeBench/1023,kern_compact,True,True,True,347,191,356,204,,
BigCodeBench,BigCodeBench/1023,python_minifier,True,True,,347,189,356,199,,
BigCodeBench,BigCodeBench/1024,python,True,True,True,145,145,146,146,,
BigCodeBench,BigCodeBench/1024,kern,True,True,True,145,115,146,118,,
BigCodeBench,BigCodeBench/1024,kern_compact,True,True,True,145,105,146,107,,
BigCodeBench,BigCodeBench/1024,python_minifier,True,True,,145,106,146,107,,
BigCodeBench,BigCodeBench/1025,python,True,True,True,123,123,126,126,,
BigCodeBench,BigCodeBench/1025,kern,True,True,True,123,103,126,108,,
BigCodeBench,BigCodeBench/1025,kern_compact,True,True,True,123,92,126,99,,
BigCodeBench,BigCodeBench/1025,python_minifier,True,True,,123,92,126,98,,
BigCodeBench,BigCodeBench/1026,python,True,True,True,504,504,517,517,,
BigCodeBench,BigCodeBench/1026,kern,True,True,True,504,367,517,388,,
BigCodeBench,BigCodeBench/1026,kern_compact,True,True,True,504,299,517,315,,
BigCodeBench,BigCodeBench/1026,python_minifier,True,True,,504,310,517,322,,
BigCodeBench,BigCodeBench/1027,python,True,True,True,80,80,82,82,,
BigCodeBench,BigCodeBench/1027,kern,True,True,True,80,73,82,74,,
BigCodeBench,BigCodeBench/1027,kern_compact,True,True,True,80,71,82,71,,
BigCodeBench,BigCodeBench/1027,python_minifier,True,True,,80,70,82,69,,
BigCodeBench,BigCodeBench/1028,python,True,True,True,376,376,378,378,,
BigCodeBench,BigCodeBench/1028,kern,True,True,True,376,278,378,290,,
BigCodeBench,BigCodeBench/1028,kern_compact,True,True,True,376,252,378,261,,
BigCodeBench,BigCodeBench/1028,python_minifier,True,True,,376,264,378,270,,
BigCodeBench,BigCodeBench/1029,python,True,True,True,89,89,90,90,,
BigCodeBench,BigCodeBench/1029,kern,True,True,True,89,61,90,63,,
BigCodeBench,BigCodeBench/1029,kern_compact,True,True,True,89,57,90,59,,
BigCodeBench,BigCodeBench/1029,python_minifier,True,True,,89,62,90,64,,
BigCodeBench,BigCodeBench/1030,python,True,True,True,66,66,69,69,,
BigCodeBench,BigCodeBench/1030,kern,True,True,True,66,56,69,59,,
BigCodeBench,BigCodeBench/1030,kern_compact,True,True,True,66,48,69,51,,
BigCodeBench,BigCodeBench/1030,python_minifier,True,True,,66,50,69,53,,
BigCodeBench,BigCodeBench/1031,python,True,True,True,173,173,178,178,,
BigCodeBench,BigCodeBench/1031,kern,True,True,True,173,118,178,124,,
BigCodeBench,BigCodeBench/1031,kern_compact,True,True,True,173,114,178,120,,
BigCodeBench,BigCodeBench/1031,python_minifier,True,True,,173,119,178,127,,
BigCodeBench,BigCodeBench/1032,python,True,True,True,206,206,216,216,,
BigCodeBench,BigCodeBench/1032,kern,True,True,True,206,131,216,140,,
BigCodeBench,BigCodeBench/1032,kern_compact,True,True,True,206,127,216,134,,
BigCodeBench,BigCodeBench/1032,python_minifier,True,True,,206,129,216,136,,
BigCodeBench,BigCodeBench/1033,python,True,True,True,118,118,121,121,,
BigCodeBench,BigCodeBench/1033,kern,True,True,True,118,81,121,84,,
BigCodeBench,BigCodeBench/1033,kern_compact,True,True,True,118,68,121,71,,
BigCodeBench,BigCodeBench/1033,python_minifier,True,True,,118,69,121,72,,
BigCodeBench,BigCodeBench/1034,python,True,True,True,196,196,197,197,,
BigCodeBench,BigCodeBench/1034,kern,True,True,True,196,128,197,131,,
BigCodeBench,BigCodeBench/1034,kern_compact,True,True,True,196,114,197,117,,
BigCodeBench,BigCodeBench/1034,python_minifier,True,True,,196,114,197,115,,
BigCodeBench,BigCodeBench/1035,python,True,True,True,327,327,330,330,,
BigCodeBench,BigCodeBench/1035,kern,True,True,True,327,225,330,228,,
BigCodeBench,BigCodeBench/1035,kern_compact,True,True,True,327,211,330,216,,
BigCodeBench,BigCodeBench/1035,python_minifier,True,True,,327,207,330,211,,
BigCodeBench,BigCodeBench/1036,python,True,True,True,210,210,214,214,,
BigCodeBench,BigCodeBench/1036,kern,True,True,True,210,160,214,164,,
BigCodeBench,BigCodeBench/1036,kern_compact,True,True,True,210,153,214,158,,
BigCodeBench,BigCodeBench/1036,python_minifier,True,True,,210,154,214,158,,
BigCodeBench,BigCodeBench/1037,python,True,True,True,233,233,234,234,,
BigCodeBench,BigCodeBench/1037,kern,True,True,True,233,182,234,184,,
BigCodeBench,BigCodeBench/1037,kern_compact,True,True,True,233,178,234,180,,
BigCodeBench,BigCodeBench/1037,python_minifier,True,True,,233,179,234,183,,
BigCodeBench,BigCodeBench/1038,python,True,True,True,73,73,73,73,,
BigCodeBench,BigCodeBench/1038,kern,True,True,True,73,61,73,61,,
BigCodeBench,BigCodeBench/1038,kern_compact,True,True,True,73,59,73,59,,
BigCodeBench,BigCodeBench/1038,python_minifier,True,True,,73,63,73,63,,
BigCodeBench,BigCodeBench/1039,python,True,True,True,211,211,213,213,,
BigCodeBench,BigCodeBench/1039,kern,True,True,True,211,186,213,187,,
BigCodeBench,BigCodeBench/1039,kern_compact,True,True,True,211,166,213,168,,
BigCodeBench,BigCodeBench/1039,python_minifier,True,True,,211,173,213,175,,
BigCodeBench,BigCodeBench/1040,python,True,True,True,350,350,357,357,,
BigCodeBench,BigCodeBench/1040,kern,True,True,True,350,289,357,299,,
BigCodeBench,BigCodeBench/1040,kern_compact,True,True,True,350,267,357,270,,
BigCodeBench,BigCodeBench/1040,python_minifier,True,True,,350,290,357,291,,
BigCodeBench,BigCodeBench/1041,python,True,True,True,193,193,194,194,,
BigCodeBench,BigCodeBench/1041,kern,True,False,False,193,162,194,163,parse,"SyntaxError: unterminated string literal (detected at line 11) (<unknown>, line 11)"
BigCodeBench,BigCodeBench/1041,kern_compact,True,False,False,193,154,194,156,parse,"SyntaxError: unterminated string literal (detected at line 10) (<unknown>, line 10)"
BigCodeBench,BigCodeBench/1041,python_minifier,True,True,,193,164,194,166,,
BigCodeBench,BigCodeBench/1042,python,True,True,True,197,197,200,200,,
BigCodeBench,BigCodeBench/1042,kern,True,True,True,197,175,200,180,,
BigCodeBench,BigCodeBench/1042,kern_compact,True,True,True,197,175,200,180,,
BigCodeBench,BigCodeBench/1042,python_minifier,True,True,,197,178,200,183,,
BigCodeBench,BigCodeBench/1043,python,True,True,True,226,226,227,227,,
BigCodeBench,BigCodeBench/1043,kern,True,True,True,226,165,227,169,,
BigCodeBench,BigCodeBench/1043,kern_compact,True,True,True,226,144,227,149,,
BigCodeBench,BigCodeBench/1043,python_minifier,True,True,,226,147,227,151,,
BigCodeBench,BigCodeBench/1044,python,True,True,True,205,205,209,209,,
BigCodeBench,BigCodeBench/1044,kern,True,True,True,205,154,209,158,,
BigCodeBench,BigCodeBench/1044,kern_compact,True,True,True,205,147,209,151,,
BigCodeBench,BigCodeBench/1044,python_minifier,True,True,,205,153,209,157,,
BigCodeBench,BigCodeBench/1045,python,True,True,True,229,229,229,229,,
BigCodeBench,BigCodeBench/1045,kern,True,True,False,229,151,229,150,ast,normalized AST differs
BigCodeBench,BigCodeBench/1045,kern_compact,True,True,False,229,138,229,137,ast,normalized AST differs
BigCodeBench,BigCodeBench/1045,python_minifier,True,True,,229,141,229,140,,
BigCodeBench,BigCodeBench/1046,python,True,True,True,116,116,118,118,,
BigCodeBench,BigCodeBench/1046,kern,True,True,True,116,82,118,83,,
BigCodeBench,BigCodeBench/1046,kern_compact,True,True,True,116,79,118,80,,
BigCodeBench,BigCodeBench/1046,python_minifier,True,True,,116,81,118,82,,
BigCodeBench,BigCodeBench/1047,python,True,True,True,80,80,80,80,,
BigCodeBench,BigCodeBench/1047,kern,True,True,True,80,67,80,69,,
BigCodeBench,BigCodeBench/1047,kern_compact,True,True,True,80,60,80,63,,
BigCodeBench,BigCodeBench/1047,python_minifier,True,True,,80,61,80,64,,
BigCodeBench,BigCodeBench/1048,python,True,True,True,108,108,108,108,,
BigCodeBench,BigCodeBench/1048,kern,True,True,True,108,87,108,88,,
BigCodeBench,BigCodeBench/1048,kern_compact,True,True,True,108,85,108,87,,
BigCodeBench,BigCodeBench/1048,python_minifier,True,True,,108,89,108,92,,
BigCodeBench,BigCodeBench/1049,python,True,True,True,119,119,122,122,,
BigCodeBench,BigCodeBench/1049,kern,True,True,True,119,74,122,77,,
BigCodeBench,BigCodeBench/1049,kern_compact,True,True,True,119,73,122,76,,
BigCodeBench,BigCodeBench/1049,python_minifier,True,True,,119,71,122,73,,
BigCodeBench,BigCodeBench/1050,python,True,True,True,140,140,142,142,,
BigCodeBench,BigCodeBench/1050,kern,True,True,True,140,108,142,110,,
BigCodeBench,BigCodeBench/1050,kern_compact,True,True,True,140,102,142,103,,
BigCodeBench,BigCodeBench/1050,python_minifier,True,True,,140,107,142,108,,
BigCodeBench,BigCodeBench/1051,python,True,True,True,188,188,187,187,,
BigCodeBench,BigCodeBench/1051,kern,True,True,True,188,149,187,151,,
BigCodeBench,BigCodeBench/1051,kern_compact,True,True,True,188,139,187,142,,
BigCodeBench,BigCodeBench/1051,python_minifier,True,True,,188,135,187,137,,
BigCodeBench,BigCodeBench/1052,python,True,True,True,293,293,301,301,,
BigCodeBench,BigCodeBench/1052,kern,True,True,True,293,223,301,235,,
BigCodeBench,BigCodeBench/1052,kern_compact,True,True,True,293,208,301,220,,
BigCodeBench,BigCodeBench/1052,python_minifier,True,True,,293,215,301,227,,
BigCodeBench,BigCodeBench/1053,python,True,True,True,333,333,345,345,,
BigCodeBench,BigCodeBench/1053,kern,True,True,True,333,243,345,256,,
BigCodeBench,BigCodeBench/1053,kern_compact,True,True,True,333,227,345,240,,
BigCodeBench,BigCodeBench/1053,python_minifier,True,True,,333,240,345,253,,
BigCodeBench,BigCodeBench/1054,python,True,True,True,244,244,246,246,,
BigCodeBench,BigCodeBench/1054,kern,True,True,True,244,201,246,206,,
BigCodeBench,BigCodeBench/1054,kern_compact,True,True,True,244,190,246,196,,
BigCodeBench,BigCodeBench/1054,python_minifier,True,True,,244,190,246,196,,
BigCodeBench,BigCodeBench/1055,python,True,True,True,112,112,113,113,,
BigCodeBench,BigCodeBench/1055,kern,True,True,True,112,93,113,94,,
BigCodeBench,BigCodeBench/1055,kern_compact,True,True,True,112,86,113,87,,
BigCodeBench,BigCodeBench/1055,python_minifier,True,True,,112,95,113,96,,
BigCodeBench,BigCodeBench/1056,python,True,True,True,192,192,193,193,,
BigCodeBench,BigCodeBench/1056,kern,True,True,True,192,156,193,159,,
BigCodeBench,BigCodeBench/1056,kern_compact,True,True,True,192,148,193,151,,
BigCodeBench,BigCodeBench/1056,python_minifier,True,True,,192,151,193,154,,
BigCodeBench,BigCodeBench/1057,python,True,True,True,212,212,210,210,,
BigCodeBench,BigCodeBench/1057,kern,True,True,True,212,132,210,131,,
BigCodeBench,BigCodeBench/1057,kern_compact,True,True,True,212,129,210,128,,
BigCodeBench,BigCodeBench/1057,python_minifier,True,True,,212,145,210,143,,
BigCodeBench,BigCodeBench/1058,python,True,True,True,220,220,222,222,,
BigCodeBench,BigCodeBench/1058,kern,True,True,True,220,151,222,153,,
BigCodeBench,BigCodeBench/1058,kern_compact,True,True,True,220,147,222,148,,
BigCodeBench,BigCodeBench/1058,python_minifier,True,True,,220,150,222,151,,
BigCodeBench,BigCodeBench/1059,python,True,True,True,234,234,235,235,,
BigCodeBench,BigCodeBench/1059,kern,True,True,True,234,130,235,130,,
BigCodeBench,BigCodeBench/1059,kern_compact,True,True,True,234,124,235,124,,
BigCodeBench,BigCodeBench/1059,python_minifier,True,True,,234,127,235,127,,
BigCodeBench,BigCodeBench/1060,python,True,True,True,260,260,262,262,,
BigCodeBench,BigCodeBench/1060,kern,True,True,True,260,223,262,227,,
BigCodeBench,BigCodeBench/1060,kern_compact,True,True,True,260,201,262,206,,
BigCodeBench,BigCodeBench/1060,python_minifier,True,True,,260,191,262,196,,
BigCodeBench,BigCodeBench/1061,python,True,True,True,221,221,221,221,,
BigCodeBench,BigCodeBench/1061,kern,True,True,True,221,153,221,156,,
BigCodeBench,BigCodeBench/1061,kern_compact,True,True,True,221,134,221,137,,
BigCodeBench,BigCodeBench/1061,python_minifier,True,True,,221,125,221,128,,
BigCodeBench,BigCodeBench/1062,python,True,True,True,116,116,117,117,,
BigCodeBench,BigCodeBench/1062,kern,True,True,True,116,95,117,97,,
BigCodeBench,BigCodeBench/1062,kern_compact,True,True,True,116,91,117,93,,
BigCodeBench,BigCodeBench/1062,python_minifier,True,True,,116,89,117,91,,
BigCodeBench,BigCodeBench/1063,python,True,True,True,117,117,120,120,,
BigCodeBench,BigCodeBench/1063,kern,True,True,True,117,99,120,100,,
BigCodeBench,BigCodeBench/1063,kern_compact,True,True,True,117,92,120,93,,
BigCodeBench,BigCodeBench/1063,python_minifier,True,True,,117,93,120,94,,
BigCodeBench,BigCodeBench/1064,python,True,True,True,116,116,123,123,,
BigCodeBench,BigCodeBench/1064,kern,True,True,True,116,67,123,69,,
BigCodeBench,BigCodeBench/1064,kern_compact,True,True,True,116,66,123,66,,
BigCodeBench,BigCodeBench/1064,python_minifier,True,True,,116,68,123,68,,
BigCodeBench,BigCodeBench/1065,python,True,True,True,72,72,73,73,,
BigCodeBench,BigCodeBench/1065,kern,True,True,True,72,65,73,66,,
BigCodeBench,BigCodeBench/1065,kern_compact,True,True,True,72,56,73,57,,
BigCodeBench,BigCodeBench/1065,python_minifier,True,True,,72,57,73,58,,
BigCodeBench,BigCodeBench/1066,python,True,True,True,234,234,246,246,,
BigCodeBench,BigCodeBench/1066,kern,True,True,True,234,174,246,182,,
BigCodeBench,BigCodeBench/1066,kern_compact,True,True,True,234,148,246,155,,
BigCodeBench,BigCodeBench/1066,python_minifier,True,True,,234,146,246,153,,
BigCodeBench,BigCodeBench/1067,python,True,True,True,163,163,164,164,,
BigCodeBench,BigCodeBench/1067,kern,True,True,True,163,124,164,126,,
BigCodeBench,BigCodeBench/1067,kern_compact,True,True,True,163,119,164,121,,
BigCodeBench,BigCodeBench/1067,python_minifier,True,True,,163,120,164,122,,
BigCodeBench,BigCodeBench/1068,python,True,True,True,122,122,122,122,,
BigCodeBench,BigCodeBench/1068,kern,True,True,True,122,107,122,108,,
BigCodeBench,BigCodeBench/1068,kern_compact,True,True,True,122,104,122,105,,
BigCodeBench,BigCodeBench/1068,python_minifier,True,True,,122,110,122,110,,
BigCodeBench,BigCodeBench/1069,python,True,True,True,125,125,126,126,,
BigCodeBench,BigCodeBench/1069,kern,True,True,True,125,89,126,91,,
BigCodeBench,BigCodeBench/1069,kern_compact,True,True,True,125,83,126,87,,
BigCodeBench,BigCodeBench/1069,python_minifier,True,True,,125,87,126,90,,
BigCodeBench,BigCodeBench/1070,python,True,True,True,118,118,119,119,,
BigCodeBench,BigCodeBench/1070,kern,True,True,True,118,94,119,94,,
BigCodeBench,BigCodeBench/1070,kern_compact,True,True,True,118,85,119,85,,
BigCodeBench,BigCodeBench/1070,python_minifier,True,True,,118,89,119,89,,
BigCodeBench,BigCodeBench/1071,python,True,True,True,113,113,114,114,,
BigCodeBench,BigCodeBench/1071,kern,True,True,True,113,93,114,95,,
BigCodeBench,BigCodeBench/1071,kern_compact,True,True,True,113,84,114,86,,
BigCodeBench,BigCodeBench/1071,python_minifier,True,True,,113,84,114,86,,
BigCodeBench,BigCodeBench/1072,python,True,True,True,73,73,74,74,,
BigCodeBench,BigCodeBench/1072,kern,True,True,True,73,58,74,59,,
BigCodeBench,BigCodeBench/1072,kern_compact,True,True,True,73,52,74,52,,
BigCodeBench,BigCodeBench/1072,python_minifier,True,True,,73,52,74,52,,
BigCodeBench,BigCodeBench/1073,python,True,True,True,102,102,103,103,,
BigCodeBench,BigCodeBench/1073,kern,True,True,True,102,87,103,89,,
BigCodeBench,BigCodeBench/1073,kern_compact,True,True,True,102,86,103,89,,
BigCodeBench,BigCodeBench/1073,python_minifier,True,True,,102,85,103,88,,
BigCodeBench,BigCodeBench/1074,python,True,True,True,106,106,108,108,,
BigCodeBench,BigCodeBench/1074,kern,True,True,True,106,94,108,95,,
BigCodeBench,BigCodeBench/1074,kern_compact,True,True,True,106,88,108,89,,
BigCodeBench,BigCodeBench/1074,python_minifier,True,True,,106,89,108,90,,
BigCodeBench,BigCodeBench/1075,python,True,True,True,137,137,141,141,,
BigCodeBench,BigCodeBench/1075,kern,True,True,True,137,105,141,109,,
BigCodeBench,BigCodeBench/1075,kern_compact,True,True,True,137,100,141,104,,
BigCodeBench,BigCodeBench/1075,python_minifier,True,True,,137,101,141,106,,
BigCodeBench,BigCodeBench/1076,python,True,True,True,169,169,172,172,,
BigCodeBench,BigCodeBench/1076,kern,True,True,True,169,128,172,130,,
BigCodeBench,BigCodeBench/1076,kern_compact,True,True,True,169,119,172,121,,
BigCodeBench,BigCodeBench/1076,python_minifier,True,True,,169,119,172,121,,
BigCodeBench,BigCodeBench/1077,python,True,True,True,150,150,152,152,,
BigCodeBench,BigCodeBench/1077,kern,True,True,False,150,120,152,123,ast,normalized AST differs
BigCodeBench,BigCodeBench/1077,kern_compact,True,True,False,150,109,152,111,ast,normalized AST differs
BigCodeBench,BigCodeBench/1077,python_minifier,True,True,,150,113,152,115,,
BigCodeBench,BigCodeBench/1078,python,True,True,True,104,104,103,103,,
BigCodeBench,BigCodeBench/1078,kern,True,True,True,104,83,103,84,,
BigCodeBench,BigCodeBench/1078,kern_compact,True,True,True,104,77,103,79,,
BigCodeBench,BigCodeBench/1078,python_minifier,True,True,,104,78,103,80,,
BigCodeBench,BigCodeBench/1079,python,True,True,True,202,202,209,209,,
BigCodeBench,BigCodeBench/1079,kern,True,True,True,202,142,209,150,,
BigCodeBench,BigCodeBench/1079,kern_compact,True,True,True,202,132,209,141,,
BigCodeBench,BigCodeBench/1079,python_minifier,True,True,,202,127,209,132,,
BigCodeBench,BigCodeBench/1080,python,True,True,True,205,205,215,215,,
BigCodeBench,BigCodeBench/1080,kern,True,True,True,205,138,215,146,,
BigCodeBench,BigCodeBench/1080,kern_compact,True,True,True,205,132,215,139,,
BigCodeBench,BigCodeBench/1080,python_minifier,True,True,,205,137,215,141,,
BigCodeBench,BigCodeBench/1081,python,True,True,True,182,182,188,188,,
BigCodeBench,BigCodeBench/1081,kern,True,True,True,182,125,188,133,,
BigCodeBench,BigCodeBench/1081,kern_compact,True,True,True,182,126,188,132,,
BigCodeBench,BigCodeBench/1081,python_minifier,True,True,,182,133,188,138,,
BigCodeBench,BigCodeBench/1082,python,True,True,True,117,117,120,120,,
BigCodeBench,BigCodeBench/1082,kern,True,True,True,117,82,120,86,,
BigCodeBench,BigCodeBench/1082,kern_compact,True,True,True,117,81,120,85,,
BigCodeBench,BigCodeBench/1082,python_minifier,True,True,,117,84,120,86,,
BigCodeBench,BigCodeBench/1083,python,True,True,True,291,291,300,300,,
BigCodeBench,BigCodeBench/1083,kern,True,True,True,291,190,300,201,,
BigCodeBench,BigCodeBench/1083,kern_compact,True,True,True,291,187,300,198,,
BigCodeBench,BigCodeBench/1083,python_minifier,True,True,,291,190,300,200,,
BigCodeBench,BigCodeBench/1084,python,True,True,True,244,244,245,245,,
BigCodeBench,BigCodeBench/1084,kern,True,True,True,244,163,245,165,,
BigCodeBench,BigCodeBench/1084,kern_compact,True,True,True,244,152,245,158,,
BigCodeBench,BigCodeBench/1084,python_minifier,True,True,,244,151,245,153,,
BigCodeBench,BigCodeBench/1085,python,True,True,True,131,131,132,132,,
BigCodeBench,BigCodeBench/1085,kern,True,True,True,131,92,132,94,,
BigCodeBench,BigCodeBench/1085,kern_compact,True,True,True,131,73,132,75,,
BigCodeBench,BigCodeBench/1085,python_minifier,True,True,,131,73,132,76,,
BigCodeBench,BigCodeBench/1086,python,True,True,True,110,110,116,116,,
BigCodeBench,BigCodeBench/1086,kern,True,True,True,110,82,116,88,,
BigCodeBench,BigCodeBench/1086,kern_compact,True,True,True,110,79,116,85,,
BigCodeBench,BigCodeBench/1086,python_minifier,True,True,,110,81,116,87,,
BigCodeBench,BigCodeBench/1087,python,True,True,True,192,192,195,195,,
BigCodeBench,BigCodeBench/1087,kern,True,True,True,192,154,195,159,,
BigCodeBench,BigCodeBench/1087,kern_compact,True,True,True,192,132,195,138,,
BigCodeBench,BigCodeBench/1087,python_minifier,True,True,,192,134,195,139,,
BigCodeBench,BigCodeBench/1088,python,True,True,True,94,94,96,96,,
BigCodeBench,BigCodeBench/1088,kern,True,True,True,94,75,96,77,,
BigCodeBench,BigCodeBench/1088,kern_compact,True,True,True,94,67,96,69,,
BigCodeBench,BigCodeBench/1088,python_minifier,True,True,,94,73,96,75,,
BigCodeBench,BigCodeBench/1089,python,True,True,True,74,74,77,77,,
BigCodeBench,BigCodeBench/1089,kern,True,True,True,74,65,77,68,,
BigCodeBench,BigCodeBench/1089,kern_compact,True,True,True,74,58,77,61,,
BigCodeBench,BigCodeBench/1089,python_minifier,True,True,,74,60,77,62,,
BigCodeBench,BigCodeBench/1090,python,True,True,True,83,83,84,84,,
BigCodeBench,BigCodeBench/1090,kern,True,True,True,83,68,84,69,,
BigCodeBench,BigCodeBench/1090,kern_compact,True,True,True,83,60,84,61,,
BigCodeBench,BigCodeBench/1090,python_minifier,True,True,,83,65,84,66,,
BigCodeBench,BigCodeBench/1091,python,True,True,True,79,79,80,80,,
BigCodeBench,BigCodeBench/1091,kern,True,True,True,79,64,80,65,,
BigCodeBench,BigCodeBench/1091,kern_compact,True,True,True,79,61,80,62,,
BigCodeBench,BigCodeBench/1091,python_minifier,True,True,,79,63,80,64,,
BigCodeBench,BigCodeBench/1092,python,True,True,True,94,94,96,96,,
BigCodeBench,BigCodeBench/1092,kern,True,True,True,94,77,96,80,,
BigCodeBench,BigCodeBench/1092,kern_compact,True,True,True,94,75,96,77,,
BigCodeBench,BigCodeBench/1092,python_minifier,True,True,,94,76,96,78,,
BigCodeBench,BigCodeBench/1093,python,True,True,True,102,102,102,102,,
BigCodeBench,BigCodeBench/1093,kern,True,True,True,102,74,102,74,,
BigCodeBench,BigCodeBench/1093,kern_compact,True,True,True,102,71,102,72,,
BigCodeBench,BigCodeBench/1093,python_minifier,True,True,,102,70,102,70,,
BigCodeBench,BigCodeBench/1094,python,True,True,True,95,95,97,97,,
BigCodeBench,BigCodeBench/1094,kern,True,True,True,95,91,97,94,,
BigCodeBench,BigCodeBench/1094,kern_compact,True,True,True,95,78,97,80,,
BigCodeBench,BigCodeBench/1094,python_minifier,True,True,,95,79,97,80,,
BigCodeBench,BigCodeBench/1095,python,True,True,True,123,123,126,126,,
BigCodeBench,BigCodeBench/1095,kern,True,True,True,123,109,126,114,,
BigCodeBench,BigCodeBench/1095,kern_compact,True,True,True,123,95,126,99,,
BigCodeBench,BigCodeBench/1095,python_minifier,True,True,,123,95,126,98,,
BigCodeBench,BigCodeBench/1096,python,True,True,True,142,142,147,147,,
BigCodeBench,BigCodeBench/1096,kern,True,True,True,142,126,147,134,,
BigCodeBench,BigCodeBench/1096,kern_compact,True,True,True,142,113,147,120,,
BigCodeBench,BigCodeBench/1096,python_minifier,True,True,,142,117,147,121,,
BigCodeBench,BigCodeBench/1097,python,True,True,True,453,453,456,456,,
BigCodeBench,BigCodeBench/1097,kern,True,True,True,453,295,456,297,,
BigCodeBench,BigCodeBench/1097,kern_compact,True,True,True,453,285,456,285,,
BigCodeBench,BigCodeBench/1097,python_minifier,True,True,,453,290,456,290,,
BigCodeBench,BigCodeBench/1098,python,True,True,True,92,92,92,92,,
BigCodeBench,BigCodeBench/1098,kern,True,True,True,92,56,92,58,,
BigCodeBench,BigCodeBench/1098,kern_compact,True,True,True,92,54,92,56,,
BigCodeBench,BigCodeBench/1098,python_minifier,True,True,,92,58,92,60,,
BigCodeBench,BigCodeBench/1099,python,True,True,True,443,443,442,442,,
BigCodeBench,BigCodeBench/1099,kern,True,True,True,443,283,442,282,,
BigCodeBench,BigCodeBench/1099,kern_compact,True,True,True,443,281,442,280,,
BigCodeBench,BigCodeBench/1099,python_minifier,True,True,,443,286,442,285,,
BigCodeBench,BigCodeBench/1100,python,True,True,True,157,157,164,164,,
BigCodeBench,BigCodeBench/1100,kern,True,True,True,157,110,164,118,,
BigCodeBench,BigCodeBench/1100,kern_compact,True,True,True,157,96,164,102,,
BigCodeBench,BigCodeBench/1100,python_minifier,True,True,,157,100,164,106,,
BigCodeBench,BigCodeBench/1101,python,True,True,True,90,90,90,90,,
BigCodeBench,BigCodeBench/1101,kern,True,True,True,90,78,90,78,,
BigCodeBench,BigCodeBench/1101,kern_compact,True,True,True,90,62,90,62,,
BigCodeBench,BigCodeBench/1101,python_minifier,True,True,,90,63,90,63,,
BigCodeBench,BigCodeBench/1102,python,True,True,True,131,131,131,131,,
BigCodeBench,BigCodeBench/1102,kern,True,True,True,131,104,131,104,,
BigCodeBench,BigCodeBench/1102,kern_compact,True,True,True,131,96,131,96,,
BigCodeBench,BigCodeBench/1102,python_minifier,True,True,,131,96,131,96,,
BigCodeBench,BigCodeBench/1103,python,True,True,True,107,107,107,107,,
BigCodeBench,BigCodeBench/1103,kern,True,True,True,107,87,107,87,,
BigCodeBench,BigCodeBench/1103,kern_compact,True,True,True,107,82,107,82,,
BigCodeBench,BigCodeBench/1103,python_minifier,True,True,,107,85,107,85,,
BigCodeBench,BigCodeBench/1104,python,True,True,True,101,101,102,102,,
BigCodeBench,BigCodeBench/1104,kern,True,False,False,101,86,102,86,parse,"SyntaxError: invalid syntax. Perhaps you forgot a comma? (<unknown>, line 11)"
BigCodeBench,BigCodeBench/1104,kern_compact,True,False,False,101,85,102,85,parse,"SyntaxError: invalid syntax. Perhaps you forgot a comma? (<unknown>, line 9)"
BigCodeBench,BigCodeBench/1104,python_minifier,True,True,,101,85,102,85,,
BigCodeBench,BigCodeBench/1105,python,True,True,True,209,209,209,209,,
BigCodeBench,BigCodeBench/1105,kern,True,True,True,209,111,209,112,,
BigCodeBench,BigCodeBench/1105,kern_compact,True,True,True,209,103,209,104,,
BigCodeBench,BigCodeBench/1105,python_minifier,True,True,,209,99,209,100,,
BigCodeBench,BigCodeBench/1106,python,True,True,True,94,94,97,97,,
BigCodeBench,BigCodeBench/1106,kern,True,True,True,94,79,97,82,,
BigCodeBench,BigCodeBench/1106,kern_compact,True,True,True,94,75,97,78,,
BigCodeBench,BigCodeBench/1106,python_minifier,True,True,,94,78,97,81,,
BigCodeBench,BigCodeBench/1107,python,True,True,True,133,133,136,136,,
BigCodeBench,BigCodeBench/1107,kern,True,True,True,133,79,136,82,,
BigCodeBench,BigCodeBench/1107,kern_compact,True,True,True,133,70,136,71,,
BigCodeBench,BigCodeBench/1107,python_minifier,True,True,,133,72,136,73,,
BigCodeBench,BigCodeBench/1108,python,True,True,True,239,239,240,240,,
BigCodeBench,BigCodeBench/1108,kern,True,True,True,239,184,240,186,,
BigCodeBench,BigCodeBench/1108,kern_compact,True,True,True,239,174,240,176,,
BigCodeBench,BigCodeBench/1108,python_minifier,True,True,,239,176,240,178,,
BigCodeBench,BigCodeBench/1109,python,True,True,True,73,73,78,78,,
BigCodeBench,BigCodeBench/1109,kern,True,True,True,73,64,78,69,,
BigCodeBench,BigCodeBench/1109,kern_compact,True,True,True,73,63,78,68,,
BigCodeBench,BigCodeBench/1109,python_minifier,True,True,,73,64,78,69,,
BigCodeBench,BigCodeBench/1110,python,True,True,True,69,69,69,69,,
BigCodeBench,BigCodeBench/1110,kern,True,True,True,69,57,69,57,,
BigCodeBench,BigCodeBench/1110,kern_compact,True,True,True,69,53,69,53,,
BigCodeBench,BigCodeBench/1110,python_minifier,True,True,,69,55,69,55,,
BigCodeBench,BigCodeBench/1111,python,True,True,True,147,147,147,147,,
BigCodeBench,BigCodeBench/1111,kern,True,True,True,147,116,147,116,,
BigCodeBench,BigCodeBench/1111,kern_compact,True,True,True,147,104,147,104,,
BigCodeBench,BigCodeBench/1111,python_minifier,True,True,,147,109,147,109,,
BigCodeBench,BigCodeBench/1112,python,True,True,True,154,154,153,153,,
BigCodeBench,BigCodeBench/1112,kern,True,True,True,154,121,153,122,,
BigCodeBench,BigCodeBench/1112,kern_compact,True,True,True,154,114,153,115,,
BigCodeBench,BigCodeBench/1112,python_minifier,True,True,,154,134,153,135,,
BigCodeBench,BigCodeBench/1113,python,True,True,True,114,114,117,117,,
BigCodeBench,BigCodeBench/1113,kern,True,True,True,114,98,117,102,,
BigCodeBench,BigCodeBench/1113,kern_compact,True,True,True,114,97,117,101,,
BigCodeBench,BigCodeBench/1113,python_minifier,True,True,,114,104,117,107,,
BigCodeBench,BigCodeBench/1114,python,True,True,True,85,85,85,85,,
BigCodeBench,BigCodeBench/1114,kern,True,True,True,85,73,85,75,,
BigCodeBench,BigCodeBench/1114,kern_compact,True,True,True,85,62,85,64,,
BigCodeBench,BigCodeBench/1114,python_minifier,True,True,,85,67,85,69,,
BigCodeBench,BigCodeBench/1115,python,True,True,True,78,78,78,78,,
BigCodeBench,BigCodeBench/1115,kern,True,True,True,78,69,78,69,,
BigCodeBench,BigCodeBench/1115,kern_compact,True,True,True,78,60,78,60,,
BigCodeBench,BigCodeBench/1115,python_minifier,True,True,,78,62,78,62,,
BigCodeBench,BigCodeBench/1116,python,True,True,True,149,149,150,150,,
BigCodeBench,BigCodeBench/1116,kern,True,True,True,149,114,150,116,,
BigCodeBench,BigCodeBench/1116,kern_compact,True,True,True,149,89,150,91,,
BigCodeBench,BigCodeBench/1116,python_minifier,True,True,,149,92,150,93,,
BigCodeBench,BigCodeBench/1117,python,True,True,True,118,118,118,118,,
BigCodeBench,BigCodeBench/1117,kern,True,True,True,118,96,118,96,,
BigCodeBench,BigCodeBench/1117,kern_compact,True,True,True,118,85,118,85,,
BigCodeBench,BigCodeBench/1117,python_minifier,True,True,,118,89,118,89,,
BigCodeBench,BigCodeBench/1118,python,True,True,True,122,122,123,123,,
BigCodeBench,BigCodeBench/1118,kern,True,True,True,122,104,123,105,,
BigCodeBench,BigCodeBench/1118,kern_compact,True,True,True,122,95,123,96,,
BigCodeBench,BigCodeBench/1118,python_minifier,True,True,,122,97,123,98,,
BigCodeBench,BigCodeBench/1119,python,True,True,True,110,110,111,111,,
BigCodeBench,BigCodeBench/1119,kern,True,True,False,110,98,111,100,ast,normalized AST differs
BigCodeBench,BigCodeBench/1119,kern_compact,True,True,False,110,90,111,92,ast,normalized AST differs
BigCodeBench,BigCodeBench/1119,python_minifier,True,True,,110,92,111,94,,
BigCodeBench,BigCodeBench/1120,python,True,True,True,101,101,101,101,,
BigCodeBench,BigCodeBench/1120,kern,True,True,True,101,91,101,90,,
BigCodeBench,BigCodeBench/1120,kern_compact,True,True,True,101,84,101,82,,
BigCodeBench,BigCodeBench/1120,python_minifier,True,True,,101,84,101,82,,
BigCodeBench,BigCodeBench/1121,python,True,True,True,101,101,101,101,,
BigCodeBench,BigCodeBench/1121,kern,True,True,True,101,91,101,90,,
BigCodeBench,BigCodeBench/1121,kern_compact,True,True,True,101,84,101,82,,
BigCodeBench,BigCodeBench/1121,python_minifier,True,True,,101,84,101,82,,
BigCodeBench,BigCodeBench/1122,python,True,True,True,101,101,102,102,,
BigCodeBench,BigCodeBench/1122,kern,True,True,True,101,80,102,80,,
BigCodeBench,BigCodeBench/1122,kern_compact,True,True,True,101,71,102,70,,
BigCodeBench,BigCodeBench/1122,python_minifier,True,True,,101,75,102,74,,
BigCodeBench,BigCodeBench/1123,python,True,True,True,144,144,147,147,,
BigCodeBench,BigCodeBench/1123,kern,True,True,True,144,119,147,121,,
BigCodeBench,BigCodeBench/1123,kern_compact,True,True,True,144,106,147,104,,
BigCodeBench,BigCodeBench/1123,python_minifier,True,True,,144,111,147,109,,
BigCodeBench,BigCodeBench/1124,python,True,True,True,201,201,205,205,,
BigCodeBench,BigCodeBench/1124,kern,True,True,True,201,149,205,154,,
BigCodeBench,BigCodeBench/1124,kern_compact,True,True,True,201,142,205,147,,
BigCodeBench,BigCodeBench/1124,python_minifier,True,True,,201,141,205,145,,
BigCodeBench,BigCodeBench/1125,python,True,True,True,83,83,83,83,,
BigCodeBench,BigCodeBench/1125,kern,True,True,True,83,70,83,70,,
BigCodeBench,BigCodeBench/1125,kern_compact,True,True,True,83,67,83,67,,
BigCodeBench,BigCodeBench/1125,python_minifier,True,True,,83,68,83,68,,
BigCodeBench,BigCodeBench/1126,python,True,True,True,50,50,51,51,,
BigCodeBench,BigCodeBench/1126,kern,True,True,True,50,44,51,46,,
BigCodeBench,BigCodeBench/1126,kern_compact,True,True,True,50,39,51,41,,
BigCodeBench,BigCodeBench/1126,python_minifier,True,True,,50,41,51,43,,
BigCodeBench,BigCodeBench/1127,python,True,True,True,106,106,107,107,,
BigCodeBench,BigCodeBench/1127,kern,True,True,True,106,88,107,90,,
BigCodeBench,BigCodeBench/1127,kern_compact,True,True,True,106,76,107,78,,
BigCodeBench,BigCodeBench/1127,python_minifier,True,True,,106,85,107,87,,
BigCodeBench,BigCodeBench/1128,python,True,True,True,148,148,149,149,,
BigCodeBench,BigCodeBench/1128,kern,True,True,True,148,129,149,130,,
BigCodeBench,BigCodeBench/1128,kern_compact,True,True,True,148,109,149,111,,
BigCodeBench,BigCodeBench/1128,python_minifier,True,True,,148,113,149,114,,
BigCodeBench,BigCodeBench/1129,python,True,True,True,145,145,149,149,,
BigCodeBench,BigCodeBench/1129,kern,True,True,True,145,103,149,108,,
BigCodeBench,BigCodeBench/1129,kern_compact,True,True,True,145,98,149,103,,
BigCodeBench,BigCodeBench/1129,python_minifier,True,True,,145,102,149,106,,
BigCodeBench,BigCodeBench/1130,python,True,True,True,152,152,153,153,,
BigCodeBench,BigCodeBench/1130,kern,True,True,True,152,118,153,120,,
BigCodeBench,BigCodeBench/1130,kern_compact,True,True,True,152,102,153,104,,
BigCodeBench,BigCodeBench/1130,python_minifier,True,True,,152,106,153,107,,
BigCodeBench,BigCodeBench/1131,python,True,True,True,148,148,148,148,,
BigCodeBench,BigCodeBench/1131,kern,True,True,True,148,129,148,130,,
BigCodeBench,BigCodeBench/1131,kern_compact,True,True,True,148,117,148,119,,
BigCodeBench,BigCodeBench/1131,python_minifier,True,True,,148,118,148,120,,
BigCodeBench,BigCodeBench/1132,python,True,True,True,88,88,89,89,,
BigCodeBench,BigCodeBench/1132,kern,True,True,True,88,79,89,81,,
BigCodeBench,BigCodeBench/1132,kern_compact,True,True,True,88,70,89,72,,
BigCodeBench,BigCodeBench/1132,python_minifier,True,True,,88,72,89,74,,
BigCodeBench,BigCodeBench/1133,python,True,True,True,104,104,105,105,,
BigCodeBench,BigCodeBench/1133,kern,True,True,True,104,80,105,81,,
BigCodeBench,BigCodeBench/1133,kern_compact,True,True,True,104,79,105,80,,
BigCodeBench,BigCodeBench/1133,python_minifier,True,True,,104,80,105,81,,
BigCodeBench,BigCodeBench/1134,python,True,True,True,176,176,179,179,,
BigCodeBench,BigCodeBench/1134,kern,True,False,False,176,151,179,154,parse,"SyntaxError: unterminated string literal (detected at line 16) (<unknown>, line 16)"
BigCodeBench,BigCodeBench/1134,kern_compact,True,False,False,176,133,179,137,parse,"SyntaxError: unterminated string literal (detected at line 14) (<unknown>, line 14)"
BigCodeBench,BigCodeBench/1134,python_minifier,True,True,,176,141,179,146,,
BigCodeBench,BigCodeBench/1135,python,True,True,True,95,95,95,95,,
BigCodeBench,BigCodeBench/1135,kern,True,True,True,95,86,95,86,,
BigCodeBench,BigCodeBench/1135,kern_compact,True,True,True,95,78,95,78,,
BigCodeBench,BigCodeBench/1135,python_minifier,True,True,,95,77,95,78,,
BigCodeBench,BigCodeBench/1136,python,True,True,True,168,168,169,169,,
BigCodeBench,BigCodeBench/1136,kern,True,True,True,168,147,169,149,,
BigCodeBench,BigCodeBench/1136,kern_compact,True,True,True,168,141,169,143,,
BigCodeBench,BigCodeBench/1136,python_minifier,True,True,,168,148,169,149,,
BigCodeBench,BigCodeBench/1137,python,True,True,True,194,194,195,195,,
BigCodeBench,BigCodeBench/1137,kern,True,True,True,194,165,195,168,,
BigCodeBench,BigCodeBench/1137,kern_compact,True,True,True,194,150,195,154,,
BigCodeBench,BigCodeBench/1137,python_minifier,True,True,,194,151,195,153,,
BigCodeBench,BigCodeBench/1138,python,True,True,True,46,46,46,46,,
BigCodeBench,BigCodeBench/1138,kern,True,True,True,46,38,46,39,,
BigCodeBench,BigCodeBench/1138,kern_compact,True,True,True,46,31,46,32,,
BigCodeBench,BigCodeBench/1138,python_minifier,True,True,,46,32,46,33,,
BigCodeBench,BigCodeBench/1139,python,True,True,True,132,132,133,133,,
BigCodeBench,BigCodeBench/1139,kern,True,True,True,132,101,133,104,,
BigCodeBench,BigCodeBench/1139,kern_compact,True,True,True,132,93,133,94,,
BigCodeBench,BigCodeBench/1139,python_minifier,True,True,,132,93,133,94,,
