dataset,task_id,representation,encode_ok,conversion_percent,decode_ok,parse_ok,ast_equal,python_cl100k,representation_cl100k,python_o200k,representation_o200k,error_stage,error_message
HumanEval+,HumanEval/0,python,True,100.0,True,True,True,66,66,67,67,,
HumanEval+,HumanEval/0,kern_compact,True,100.0,True,True,True,66,47,67,49,,
HumanEval+,HumanEval/0,python_minifier,True,100.0,True,True,False,66,43,67,43,,
HumanEval+,HumanEval/0,sigil,True,50.0,False,False,,66,77,67,78,decode,"ValueError: Parse errors in Sigil source:
line 1, col 1: unexpected token '<typing.List>\n;; TODO: manual conversion' in: <typing.List>"
HumanEval+,HumanEval/1,python,True,100.0,True,True,True,95,95,96,96,,
HumanEval+,HumanEval/1,kern_compact,True,100.0,True,True,True,95,71,96,73,,
HumanEval+,HumanEval/1,python_minifier,True,100.0,True,True,False,95,75,96,76,,
HumanEval+,HumanEval/1,sigil,True,50.0,False,False,,95,118,96,119,decode,"ValueError: Parse errors in Sigil source:
line 1, col 1: unexpected token '<typing.List>\n;; TODO: manual conversion' in: <typing.List>"
HumanEval+,HumanEval/2,python,True,100.0,True,True,True,18,18,18,18,,
HumanEval+,HumanEval/2,kern_compact,True,100.0,True,True,True,18,12,18,12,,
HumanEval+,HumanEval/2,python_minifier,True,100.0,True,True,False,18,14,18,14,,
HumanEval+,HumanEval/2,sigil,True,100.0,True,True,False,18,9,18,10,,
HumanEval+,HumanEval/3,python,True,100.0,True,True,True,49,49,49,49,,
HumanEval+,HumanEval/3,kern_compact,True,100.0,True,True,True,49,33,49,35,,
HumanEval+,HumanEval/3,python_minifier,True,100.0,True,True,False,49,35,49,35,,
HumanEval+,HumanEval/3,sigil,True,50.0,False,False,,49,61,49,61,decode,"ValueError: Parse errors in Sigil source:
line 1, col 1: unexpected token '<typing.List>\n;; TODO: manual conversion' in: <typing.List>"
HumanEval+,HumanEval/4,python,True,100.0,True,True,True,45,45,46,46,,
HumanEval+,HumanEval/4,kern_compact,True,100.0,True,True,True,45,37,46,39,,
HumanEval+,HumanEval/4,python_minifier,True,100.0,True,True,False,45,37,46,37,,
HumanEval+,HumanEval/4,sigil,True,100.0,True,False,,45,34,46,35,parse,"SyntaxError: invalid syntax (<unknown>, line 4)"
HumanEval+,HumanEval/5,python,True,100.0,True,True,True,61,61,63,63,,
HumanEval+,HumanEval/5,kern_compact,True,100.0,True,True,True,61,48,63,50,,
HumanEval+,HumanEval/5,python_minifier,True,100.0,True,True,False,61,47,63,49,,
HumanEval+,HumanEval/5,sigil,True,50.0,False,False,,61,73,63,75,decode,"ValueError: Parse errors in Sigil source:
line 1, col 1: unexpected token '<typing.List>\n;; TODO: manual conversion' in: <typing.List>"
HumanEval+,HumanEval/6,python,True,100.0,True,True,True,107,107,107,107,,
HumanEval+,HumanEval/6,kern_compact,True,100.0,True,True,True,107,76,107,76,,
HumanEval+,HumanEval/6,python_minifier,True,100.0,True,True,False,107,77,107,77,,
HumanEval+,HumanEval/6,sigil,True,50.0,False,False,,107,127,107,127,decode,"ValueError: Parse errors in Sigil source:
line 1, col 1: unexpected token '<typing.List>\n;; TODO: manual conversion' in: <typing.List>"
HumanEval+,HumanEval/7,python,True,100.0,True,True,True,36,36,36,36,,
HumanEval+,HumanEval/7,kern_compact,True,100.0,True,True,True,36,32,36,32,,
HumanEval+,HumanEval/7,python_minifier,True,100.0,True,True,False,36,26,36,26,,
HumanEval+,HumanEval/7,sigil,True,100.0,False,False,,36,26,36,27,decode,"ValueError: Parse errors in Sigil source:
line 1, col 1: unexpected token '<typing.List>\n@fbs st:List[str] s:s>List' in: <typing.List>"
HumanEval+,HumanEval/8,python,True,100.0,True,True,True,54,54,54,54,,
HumanEval+,HumanEval/8,kern_compact,True,100.0,True,True,True,54,38,54,38,,
HumanEval+,HumanEval/8,python_minifier,True,100.0,True,True,False,54,34,54,34,,
HumanEval+,HumanEval/8,sigil,True,50.0,False,False,,54,70,54,69,decode,"ValueError: Parse errors in Sigil source:
line 1, col 1: unexpected token '<typing.List>\n<typing.Tuple>\n;; TODO: ma' in: <typing.List>"
HumanEval+,HumanEval/9,python,True,100.0,True,True,True,38,38,38,38,,
HumanEval+,HumanEval/9,kern_compact,True,100.0,True,True,True,38,31,38,33,,
HumanEval+,HumanEval/9,python_minifier,True,100.0,True,True,False,38,31,38,32,,
HumanEval+,HumanEval/9,sigil,True,100.0,False,False,,38,34,38,33,decode,"ValueError: Parse errors in Sigil source:
line 1, col 1: unexpected token '<typing.List>\n<typing.Tuple>\n@rm nu:List' in: <typing.List>"
HumanEval+,HumanEval/10,python,True,100.0,True,True,True,70,70,70,70,,
HumanEval+,HumanEval/10,kern_compact,True,100.0,True,True,True,70,56,70,56,,
HumanEval+,HumanEval/10,python_minifier,True,100.0,True,True,False,70,61,70,61,,
HumanEval+,HumanEval/10,sigil,True,50.0,True,True,False,70,76,70,76,,
HumanEval+,HumanEval/11,python,True,100.0,True,True,True,40,40,41,41,,
HumanEval+,HumanEval/11,kern_compact,True,100.0,True,True,True,40,33,41,34,,
HumanEval+,HumanEval/11,python_minifier,True,100.0,True,True,False,40,31,41,32,,
HumanEval+,HumanEval/11,sigil,True,100.0,False,False,,40,33,41,33,decode,"ValueError: Parse errors in Sigil source:
line 2, col 26: unexpected token '(str(int(a[i]) ^ int(b[i])) for i in ran' in: @sx s:s s2:s>s = ''.join (str(int(a[i]) ^ int(b[i])) for i in range(len(a)))"
HumanEval+,HumanEval/12,python,True,100.0,True,True,True,57,57,59,59,,
HumanEval+,HumanEval/12,kern_compact,True,100.0,True,True,True,57,44,59,44,,
HumanEval+,HumanEval/12,python_minifier,True,100.0,True,True,False,57,43,59,43,,
HumanEval+,HumanEval/12,sigil,True,50.0,False,False,,57,72,59,74,decode,"ValueError: Parse errors in Sigil source:
line 1, col 1: unexpected token '<typing.List>\n<typing.Optional>\n;; TODO:' in: <typing.List>"
HumanEval+,HumanEval/13,python,True,100.0,True,True,True,61,61,61,61,,
HumanEval+,HumanEval/13,kern_compact,True,100.0,True,True,True,61,36,61,35,,
HumanEval+,HumanEval/13,python_minifier,True,100.0,True,True,False,61,31,61,30,,
HumanEval+,HumanEval/13,sigil,True,0.0,False,False,,61,72,61,72,decode,"ValueError: Parse errors in Sigil source:
line 1, col 4: unexpected token 'TODO: manual conversion needed\n;; def gr' in: ;; TODO: manual conversion needed"
HumanEval+,HumanEval/14,python,True,100.0,True,True,True,36,36,36,36,,
HumanEval+,HumanEval/14,kern_compact,True,100.0,True,True,True,36,27,36,29,,
HumanEval+,HumanEval/14,python_minifier,True,100.0,True,True,False,36,29,36,30,,
HumanEval+,HumanEval/14,sigil,True,100.0,False,False,,36,25,36,26,decode,"ValueError: Parse errors in Sigil source:
line 1, col 1: unexpected token '<typing.List>\n@ap s:s>List[str] = [i <-' in: <typing.List>"
HumanEval+,HumanEval/15,python,True,100.0,True,True,True,25,25,25,25,,
HumanEval+,HumanEval/15,kern_compact,True,100.0,True,True,True,25,17,25,17,,
HumanEval+,HumanEval/15,python_minifier,True,100.0,True,True,False,25,17,25,17,,
HumanEval+,HumanEval/15,sigil,True,100.0,True,True,False,25,15,25,15,,
HumanEval+,HumanEval/16,python,True,100.0,True,True,True,20,20,21,21,,
HumanEval+,HumanEval/16,kern_compact,True,100.0,True,True,True,20,13,21,14,,
HumanEval+,HumanEval/16,python_minifier,True,100.0,True,True,False,20,13,21,14,,
HumanEval+,HumanEval/16,sigil,True,100.0,True,True,False,20,11,21,12,,
HumanEval+,HumanEval/17,python,True,100.0,True,True,True,87,87,87,87,,
HumanEval+,HumanEval/17,kern_compact,True,100.0,True,True,True,87,62,87,62,,
HumanEval+,HumanEval/17,python_minifier,True,100.0,True,True,False,87,73,87,73,,
HumanEval+,HumanEval/17,sigil,True,50.0,False,False,,87,109,87,109,decode,"ValueError: Parse errors in Sigil source:
line 1, col 1: unexpected token '<typing.List>\n;; TODO: manual conversion' in: <typing.List>"
HumanEval+,HumanEval/18,python,True,100.0,True,True,True,55,55,52,52,,
HumanEval+,HumanEval/18,kern_compact,True,100.0,True,True,True,55,34,52,34,,
HumanEval+,HumanEval/18,python_minifier,True,100.0,True,True,False,55,38,52,38,,
HumanEval+,HumanEval/18,sigil,True,0.0,False,False,,55,66,52,63,decode,"ValueError: Parse errors in Sigil source:
line 1, col 4: unexpected token 'TODO: manual conversion needed\n;; def ho' in: ;; TODO: manual conversion needed"
HumanEval+,HumanEval/19,python,True,100.0,True,True,True,106,106,106,106,,
HumanEval+,HumanEval/19,kern_compact,True,100.0,True,True,True,106,79,106,80,,
HumanEval+,HumanEval/19,python_minifier,True,100.0,True,True,False,106,77,106,78,,
HumanEval+,HumanEval/19,sigil,True,100.0,False,False,,106,85,106,85,decode,"ValueError: Parse errors in Sigil source:
line 1, col 1: unexpected token ""<typing.List>\n@sn s:s>s = to_int:{'zero'"" in: <typing.List>"
HumanEval+,HumanEval/20,python,True,100.0,True,True,True,91,91,93,93,,
HumanEval+,HumanEval/20,kern_compact,True,100.0,True,True,True,91,59,93,63,,
HumanEval+,HumanEval/20,python_minifier,True,100.0,True,True,False,91,62,93,64,,
HumanEval+,HumanEval/20,sigil,True,50.0,False,False,,91,109,93,110,decode,"ValueError: Parse errors in Sigil source:
line 1, col 1: unexpected token '<typing.List>\n<typing.Tuple>\n;; TODO: ma' in: <typing.List>"
HumanEval+,HumanEval/21,python,True,100.0,True,True,True,58,58,60,60,,
HumanEval+,HumanEval/21,kern_compact,True,100.0,True,True,True,58,47,60,49,,
HumanEval+,HumanEval/21,python_minifier,True,100.0,True,True,False,58,43,60,43,,
HumanEval+,HumanEval/21,sigil,True,100.0,False,False,,58,41,60,41,decode,"ValueError: Parse errors in Sigil source:
line 1, col 1: unexpected token '<typing.List>\n@rtu nu:List[float]>List[f' in: <typing.List>"
HumanEval+,HumanEval/22,python,True,100.0,True,True,True,35,35,36,36,,
HumanEval+,HumanEval/22,kern_compact,True,100.0,True,True,True,35,30,36,31,,
HumanEval+,HumanEval/22,python_minifier,True,100.0,True,True,False,35,25,36,26,,
HumanEval+,HumanEval/22,sigil,True,100.0,False,False,,35,28,36,28,decode,"ValueError: Parse errors in Sigil source:
line 1, col 1: unexpected token '<typing.List>\n<typing.Any>\n@fi va:List[A' in: <typing.List>"
HumanEval+,HumanEval/23,python,True,100.0,True,True,True,15,15,15,15,,
HumanEval+,HumanEval/23,kern_compact,True,100.0,True,True,True,15,8,15,8,,
HumanEval+,HumanEval/23,python_minifier,True,100.0,True,True,False,15,8,15,8,,
HumanEval+,HumanEval/23,sigil,True,100.0,True,True,False,15,9,15,10,,
HumanEval+,HumanEval/24,python,True,100.0,True,True,True,41,41,41,41,,
HumanEval+,HumanEval/24,kern_compact,True,100.0,True,True,True,41,28,41,28,,
HumanEval+,HumanEval/24,python_minifier,True,100.0,True,True,False,41,28,41,28,,
HumanEval+,HumanEval/24,sigil,True,0.0,False,False,,41,52,41,52,decode,"ValueError: Parse errors in Sigil source:
line 1, col 4: unexpected token 'TODO: manual conversion needed\n;; def la' in: ;; TODO: manual conversion needed"
HumanEval+,HumanEval/25,python,True,100.0,True,True,True,87,87,88,88,,
HumanEval+,HumanEval/25,kern_compact,True,100.0,True,True,True,87,63,88,64,,
HumanEval+,HumanEval/25,python_minifier,True,100.0,True,True,False,87,60,88,60,,
HumanEval+,HumanEval/25,sigil,True,50.0,False,False,,87,105,88,106,decode,"ValueError: Parse errors in Sigil source:
line 1, col 1: unexpected token '<typing.List>\n;; TODO: manual conversion' in: <typing.List>"
HumanEval+,HumanEval/26,python,True,100.0,True,True,True,72,72,72,72,,
HumanEval+,HumanEval/26,kern_compact,True,100.0,True,True,True,72,48,72,48,,
HumanEval+,HumanEval/26,python_minifier,True,100.0,True,True,False,72,51,72,51,,
HumanEval+,HumanEval/26,sigil,True,50.0,False,False,,72,85,72,85,decode,"ValueError: Parse errors in Sigil source:
line 1, col 1: unexpected token '<typing.List>\n;; TODO: manual conversion' in: <typing.List>"
HumanEval+,HumanEval/27,python,True,100.0,True,True,True,25,25,25,25,,
HumanEval+,HumanEval/27,kern_compact,True,100.0,True,True,True,25,19,25,19,,
HumanEval+,HumanEval/27,python_minifier,True,100.0,True,True,False,25,17,25,17,,
HumanEval+,HumanEval/27,sigil,True,100.0,False,False,,25,16,25,16,decode,"ValueError: Parse errors in Sigil source:
line 1, col 26: unexpected token '->x.swapcase() s' in: @fc s:s>s = ''.join map x->x.swapcase() s"
HumanEval+,HumanEval/28,python,True,100.0,True,True,True,21,21,21,21,,
HumanEval+,HumanEval/28,kern_compact,True,100.0,True,True,True,21,18,21,18,,
HumanEval+,HumanEval/28,python_minifier,True,100.0,True,True,False,21,14,21,14,,
HumanEval+,HumanEval/28,sigil,True,100.0,True,True,False,21,16,21,16,,
HumanEval+,HumanEval/29,python,True,100.0,True,True,True,35,35,35,35,,
HumanEval+,HumanEval/29,kern_compact,True,100.0,True,True,True,35,30,35,30,,
HumanEval+,HumanEval/29,python_minifier,True,100.0,True,True,False,35,24,35,24,,
HumanEval+,HumanEval/29,sigil,True,100.0,False,False,,35,26,35,27,decode,"ValueError: Parse errors in Sigil source:
line 1, col 1: unexpected token '<typing.List>\n@fbp st:List[str] s:s>List' in: <typing.List>"
HumanEval+,HumanEval/30,python,True,100.0,True,True,True,22,22,22,22,,
HumanEval+,HumanEval/30,kern_compact,True,100.0,True,True,True,22,16,22,16,,
HumanEval+,HumanEval/30,python_minifier,True,100.0,True,True,False,22,15,22,15,,
HumanEval+,HumanEval/30,sigil,True,100.0,True,True,False,22,13,22,13,,
HumanEval+,HumanEval/31,python,True,100.0,True,True,True,73,73,77,77,,
HumanEval+,HumanEval/31,kern_compact,True,100.0,True,True,True,73,44,77,46,,
HumanEval+,HumanEval/31,python_minifier,True,100.0,True,True,False,73,51,77,51,,
HumanEval+,HumanEval/31,sigil,True,0.0,False,False,,73,90,77,94,decode,"ValueError: Parse errors in Sigil source:
line 1, col 4: unexpected token 'TODO: manual conversion needed\n;; def is' in: ;; TODO: manual conversion needed"
HumanEval+,HumanEval/32,python,True,100.0,True,True,True,149,149,149,149,,
HumanEval+,HumanEval/32,kern_compact,True,100.0,True,True,True,149,101,149,101,,
HumanEval+,HumanEval/32,python_minifier,True,100.0,True,True,False,149,107,149,109,,
HumanEval+,HumanEval/32,sigil,True,66.66666666666666,False,False,,149,163,149,164,decode,"ValueError: Parse errors in Sigil source:
line 2, col 25: unexpected token '[(i coeff) <- enumerate xs => coeff*math' in: @poly xs:list x:f = sum [(i coeff) <- enumerate xs => coeff*math.pow x i]"
HumanEval+,HumanEval/33,python,True,100.0,True,True,True,64,64,65,65,,
HumanEval+,HumanEval/33,kern_compact,True,100.0,True,True,True,64,50,65,53,,
HumanEval+,HumanEval/33,python_minifier,True,100.0,True,True,False,64,50,65,52,,
HumanEval+,HumanEval/33,sigil,True,100.0,False,False,,64,47,65,47,decode,"ValueError: Parse errors in Sigil source:
line 1, col 1: unexpected token '@st xs:list = third:[i <- range len xs i' in: @st xs:list = third:[i <- range len xs i%3==0 & => xs[i]] third.sort() [i <- range len xs => i%3==0 ? third[i//3] : xs[i]]"
HumanEval+,HumanEval/34,python,True,100.0,True,True,True,13,13,13,13,,
HumanEval+,HumanEval/34,kern_compact,True,100.0,True,True,True,13,8,13,8,,
HumanEval+,HumanEval/34,python_minifier,True,100.0,True,True,False,13,9,13,9,,
HumanEval+,HumanEval/34,sigil,True,100.0,True,True,False,13,8,13,8,,
HumanEval+,HumanEval/35,python,True,100.0,True,True,True,13,13,13,13,,
HumanEval+,HumanEval/35,kern_compact,True,100.0,True,True,True,13,8,13,8,,
HumanEval+,HumanEval/35,python_minifier,True,100.0,True,True,False,13,9,13,9,,
HumanEval+,HumanEval/35,sigil,True,100.0,True,True,False,13,7,13,7,,
HumanEval+,HumanEval/36,python,True,100.0,True,True,True,61,61,61,61,,
HumanEval+,HumanEval/36,kern_compact,True,100.0,True,True,True,61,45,61,45,,
HumanEval+,HumanEval/36,python_minifier,True,100.0,True,True,False,61,45,61,45,,
HumanEval+,HumanEval/36,sigil,True,0.0,False,False,,61,72,61,72,decode,"ValueError: Parse errors in Sigil source:
line 1, col 4: unexpected token 'TODO: manual conversion needed\n;; def fi' in: ;; TODO: manual conversion needed"
HumanEval+,HumanEval/37,python,True,100.0,True,True,True,64,64,64,64,,
HumanEval+,HumanEval/37,kern_compact,True,100.0,True,True,True,64,50,64,52,,
HumanEval+,HumanEval/37,python_minifier,True,100.0,True,True,False,64,50,64,51,,
HumanEval+,HumanEval/37,sigil,True,100.0,False,False,,64,47,64,47,decode,"ValueError: Parse errors in Sigil source:
line 1, col 1: unexpected token '@se xs:list = even:[i <- range len xs i%' in: @se xs:list = even:[i <- range len xs i%2==0 & => xs[i]] even.sort() [i <- range len xs => i%2==0 ? even[i//2] : xs[i]]"
HumanEval+,HumanEval/38,python,True,100.0,True,True,True,189,189,191,191,,
HumanEval+,HumanEval/38,kern_compact,True,100.0,True,True,True,189,118,191,122,,
HumanEval+,HumanEval/38,python_minifier,True,100.0,True,True,False,189,121,191,125,,
HumanEval+,HumanEval/38,sigil,True,100.0,True,True,False,189,112,191,112,,
HumanEval+,HumanEval/39,python,True,100.0,True,True,True,249,249,250,250,,
HumanEval+,HumanEval/39,kern_compact,True,100.0,True,True,True,249,154,250,160,,
HumanEval+,HumanEval/39,python_minifier,True,100.0,True,True,False,249,185,250,186,,
HumanEval+,HumanEval/39,sigil,True,0.0,False,False,,249,289,250,290,decode,"ValueError: Parse errors in Sigil source:
line 1, col 4: unexpected token 'TODO: manual conversion needed\n;; def pr' in: ;; TODO: manual conversion needed"
HumanEval+,HumanEval/40,python,True,100.0,True,True,True,71,71,71,71,,
HumanEval+,HumanEval/40,kern_compact,True,100.0,True,True,True,71,57,71,58,,
HumanEval+,HumanEval/40,python_minifier,True,100.0,True,True,False,71,59,71,59,,
HumanEval+,HumanEval/40,sigil,True,0.0,False,False,,71,86,71,86,decode,"ValueError: Parse errors in Sigil source:
line 1, col 4: unexpected token 'TODO: manual conversion needed\n;; def tr' in: ;; TODO: manual conversion needed"
HumanEval+,HumanEval/41,python,True,100.0,True,True,True,17,17,18,18,,
HumanEval+,HumanEval/41,kern_compact,True,100.0,True,True,True,17,9,18,10,,
HumanEval+,HumanEval/41,python_minifier,True,100.0,True,True,False,17,10,18,11,,
HumanEval+,HumanEval/41,sigil,True,100.0,True,True,False,17,8,18,8,,
HumanEval+,HumanEval/42,python,True,100.0,True,True,True,20,20,20,20,,
HumanEval+,HumanEval/42,kern_compact,True,100.0,True,True,True,20,14,20,15,,
HumanEval+,HumanEval/42,python_minifier,True,100.0,True,True,False,20,14,20,14,,
HumanEval+,HumanEval/42,sigil,True,100.0,True,True,False,20,14,20,14,,
HumanEval+,HumanEval/43,python,True,100.0,True,True,True,49,49,49,49,,
HumanEval+,HumanEval/43,kern_compact,True,100.0,True,True,True,49,36,49,37,,
HumanEval+,HumanEval/43,python_minifier,True,100.0,True,True,False,49,40,49,40,,
HumanEval+,HumanEval/43,sigil,True,0.0,False,False,,49,60,49,60,decode,"ValueError: Parse errors in Sigil source:
line 1, col 4: unexpected token 'TODO: manual conversion needed\n;; def pa' in: ;; TODO: manual conversion needed"
HumanEval+,HumanEval/44,python,True,100.0,True,True,True,55,55,56,56,,
HumanEval+,HumanEval/44,kern_compact,True,100.0,True,True,True,55,35,56,36,,
HumanEval+,HumanEval/44,python_minifier,True,100.0,True,True,False,55,34,56,34,,
HumanEval+,HumanEval/44,sigil,True,0.0,False,False,,55,68,56,69,decode,"ValueError: Parse errors in Sigil source:
line 1, col 4: unexpected token 'TODO: manual conversion needed\n;; def ch' in: ;; TODO: manual conversion needed"
HumanEval+,HumanEval/45,python,True,100.0,True,True,True,18,18,18,18,,
HumanEval+,HumanEval/45,kern_compact,True,100.0,True,True,True,18,9,18,9,,
HumanEval+,HumanEval/45,python_minifier,True,100.0,True,True,True,18,11,18,11,,
HumanEval+,HumanEval/45,sigil,True,100.0,True,True,False,18,9,18,9,,
HumanEval+,HumanEval/46,python,True,100.0,True,True,True,121,121,121,121,,
HumanEval+,HumanEval/46,kern_compact,True,100.0,True,True,True,121,66,121,70,,
HumanEval+,HumanEval/46,python_minifier,True,100.0,True,True,False,121,79,121,79,,
HumanEval+,HumanEval/46,sigil,True,0.0,False,False,,121,140,121,140,decode,"ValueError: Parse errors in Sigil source:
line 1, col 4: unexpected token 'TODO: manual conversion needed\n;; def fi' in: ;; TODO: manual conversion needed"
HumanEval+,HumanEval/47,python,True,100.0,True,True,True,70,70,70,70,,
HumanEval+,HumanEval/47,kern_compact,True,100.0,True,True,True,70,38,70,39,,
HumanEval+,HumanEval/47,python_minifier,True,100.0,True,True,False,70,40,70,40,,
HumanEval+,HumanEval/47,sigil,True,100.0,True,True,False,70,42,70,42,,
HumanEval+,HumanEval/48,python,True,100.0,True,True,True,17,17,17,17,,
HumanEval+,HumanEval/48,kern_compact,True,100.0,True,True,True,17,12,17,12,,
HumanEval+,HumanEval/48,python_minifier,True,100.0,True,True,False,17,13,17,13,,
HumanEval+,HumanEval/48,sigil,True,100.0,True,True,False,17,11,17,11,,
HumanEval+,HumanEval/49,python,True,100.0,True,True,True,71,71,72,72,,
HumanEval+,HumanEval/49,kern_compact,True,100.0,True,True,True,71,40,72,42,,
HumanEval+,HumanEval/49,python_minifier,True,100.0,True,True,False,71,42,72,45,,
HumanEval+,HumanEval/49,sigil,True,0.0,False,False,,71,83,72,84,decode,"ValueError: Parse errors in Sigil source:
line 1, col 4: unexpected token 'TODO: manual conversion needed\n;; def mo' in: ;; TODO: manual conversion needed"
HumanEval+,HumanEval/50,python,True,100.0,True,True,True,83,83,83,83,,
HumanEval+,HumanEval/50,kern_compact,True,100.0,True,True,True,83,66,83,66,,
HumanEval+,HumanEval/50,python_minifier,True,100.0,True,True,False,83,66,83,66,,
HumanEval+,HumanEval/50,sigil,True,100.0,True,True,False,83,58,83,58,,
HumanEval+,HumanEval/51,python,True,100.0,True,True,True,29,29,28,28,,
HumanEval+,HumanEval/51,kern_compact,True,100.0,True,True,True,29,27,28,26,,
HumanEval+,HumanEval/51,python_minifier,True,100.0,True,True,True,29,27,28,26,,
HumanEval+,HumanEval/51,sigil,True,100.0,False,False,,29,21,28,21,decode,"ValueError: Parse errors in Sigil source:
line 1, col 32: unexpected token ""->ch not in 'aeiouAEIOU' te"" in: @rv te = ''.join list filter ch->ch not in 'aeiouAEIOU' te"
HumanEval+,HumanEval/52,python,True,100.0,True,True,True,23,23,23,23,,
HumanEval+,HumanEval/52,kern_compact,True,100.0,True,True,True,23,15,23,15,,
HumanEval+,HumanEval/52,python_minifier,True,100.0,True,True,False,23,15,23,15,,
HumanEval+,HumanEval/52,sigil,True,100.0,True,False,,23,17,23,17,parse,"SyntaxError: invalid syntax (<unknown>, line 2)"
HumanEval+,HumanEval/53,python,True,100.0,True,True,True,17,17,17,17,,
HumanEval+,HumanEval/53,kern_compact,True,100.0,True,True,True,17,8,17,8,,
HumanEval+,HumanEval/53,python_minifier,True,100.0,True,True,False,17,8,17,8,,
HumanEval+,HumanEval/53,sigil,True,100.0,True,True,False,17,11,17,11,,
HumanEval+,HumanEval/54,python,True,100.0,True,True,True,25,25,25,25,,
HumanEval+,HumanEval/54,kern_compact,True,100.0,True,True,True,25,17,25,17,,
HumanEval+,HumanEval/54,python_minifier,True,100.0,True,True,False,25,17,25,17,,
HumanEval+,HumanEval/54,sigil,True,100.0,True,True,False,25,14,25,14,,
HumanEval+,HumanEval/55,python,True,100.0,True,True,True,70,70,70,70,,
HumanEval+,HumanEval/55,kern_compact,True,100.0,True,True,True,70,41,70,43,,
HumanEval+,HumanEval/55,python_minifier,True,100.0,True,True,False,70,45,70,45,,
HumanEval+,HumanEval/55,sigil,True,0.0,False,False,,70,85,70,85,decode,"ValueError: Parse errors in Sigil source:
line 1, col 4: unexpected token 'TODO: manual conversion needed\n;; def fi' in: ;; TODO: manual conversion needed"
HumanEval+,HumanEval/56,python,True,100.0,True,True,True,63,63,63,63,,
HumanEval+,HumanEval/56,kern_compact,True,100.0,True,True,True,63,42,63,43,,
HumanEval+,HumanEval/56,python_minifier,True,100.0,True,True,False,63,49,63,49,,
HumanEval+,HumanEval/56,sigil,True,0.0,False,False,,63,80,63,80,decode,"ValueError: Parse errors in Sigil source:
line 1, col 4: unexpected token 'TODO: manual conversion needed\n;; def co' in: ;; TODO: manual conversion needed"
HumanEval+,HumanEval/57,python,True,100.0,True,True,True,67,67,67,67,,
HumanEval+,HumanEval/57,kern_compact,True,100.0,True,True,True,67,46,67,47,,
HumanEval+,HumanEval/57,python_minifier,True,100.0,True,True,False,67,52,67,53,,
HumanEval+,HumanEval/57,sigil,True,0.0,False,False,,67,83,67,83,decode,"ValueError: Parse errors in Sigil source:
line 1, col 4: unexpected token 'TODO: manual conversion needed\n;; def mo' in: ;; TODO: manual conversion needed"
HumanEval+,HumanEval/58,python,True,100.0,True,True,True,26,26,26,26,,
HumanEval+,HumanEval/58,kern_compact,True,100.0,True,True,True,26,19,26,19,,
HumanEval+,HumanEval/58,python_minifier,True,100.0,True,True,False,26,19,26,19,,
HumanEval+,HumanEval/58,sigil,True,100.0,True,True,False,26,16,26,17,,
HumanEval+,HumanEval/59,python,True,100.0,True,True,True,98,98,98,98,,
HumanEval+,HumanEval/59,kern_compact,True,100.0,True,True,True,98,68,98,68,,
HumanEval+,HumanEval/59,python_minifier,True,100.0,True,True,False,98,68,98,68,,
HumanEval+,HumanEval/59,sigil,True,0.0,False,False,,98,111,98,111,decode,"ValueError: Parse errors in Sigil source:
line 1, col 4: unexpected token 'TODO: manual conversion needed\n;; def la' in: ;; TODO: manual conversion needed"
HumanEval+,HumanEval/60,python,True,100.0,True,True,True,24,24,24,24,,
HumanEval+,HumanEval/60,kern_compact,True,100.0,True,True,True,24,13,24,14,,
HumanEval+,HumanEval/60,python_minifier,True,100.0,True,True,False,24,14,24,14,,
HumanEval+,HumanEval/60,sigil,True,100.0,True,True,False,24,12,24,12,,
HumanEval+,HumanEval/61,python,True,100.0,True,True,True,63,63,63,63,,
HumanEval+,HumanEval/61,kern_compact,True,100.0,True,True,True,63,41,63,42,,
HumanEval+,HumanEval/61,python_minifier,True,100.0,True,True,False,63,48,63,48,,
HumanEval+,HumanEval/61,sigil,True,0.0,False,False,,63,80,63,80,decode,"ValueError: Parse errors in Sigil source:
line 1, col 4: unexpected token 'TODO: manual conversion needed\n;; def co' in: ;; TODO: manual conversion needed"
HumanEval+,HumanEval/62,python,True,100.0,True,True,True,27,27,27,27,,
HumanEval+,HumanEval/62,kern_compact,True,100.0,True,True,True,27,19,27,20,,
HumanEval+,HumanEval/62,python_minifier,True,100.0,True,True,False,27,19,27,20,,
HumanEval+,HumanEval/62,sigil,True,100.0,True,True,False,27,20,27,20,,
HumanEval+,HumanEval/63,python,True,100.0,True,True,True,88,88,88,88,,
HumanEval+,HumanEval/63,kern_compact,True,100.0,True,True,True,88,52,88,54,,
HumanEval+,HumanEval/63,python_minifier,True,100.0,True,True,False,88,56,88,56,,
HumanEval+,HumanEval/63,sigil,True,0.0,False,False,,88,102,88,102,decode,"ValueError: Parse errors in Sigil source:
line 1, col 4: unexpected token 'TODO: manual conversion needed\n;; def fi' in: ;; TODO: manual conversion needed"
HumanEval+,HumanEval/64,python,True,100.0,True,True,True,65,65,65,65,,
HumanEval+,HumanEval/64,kern_compact,True,100.0,True,True,True,65,57,65,57,,
HumanEval+,HumanEval/64,python_minifier,True,100.0,True,True,False,65,56,65,56,,
HumanEval+,HumanEval/64,sigil,True,100.0,False,False,,65,57,65,58,decode,"ValueError: Parse errors in Sigil source:
line 1, col 1: unexpected token ""FIX:'\\nAdd more test cases.\\n'\n@vc s = s"" in: FIX:'\nAdd more test cases.\n'"
HumanEval+,HumanEval/65,python,True,100.0,True,True,True,65,65,65,65,,
HumanEval+,HumanEval/65,kern_compact,True,100.0,True,True,True,65,49,65,50,,
HumanEval+,HumanEval/65,python_minifier,True,100.0,True,True,False,65,54,65,54,,
HumanEval+,HumanEval/65,sigil,True,100.0,True,True,False,65,43,65,43,,
HumanEval+,HumanEval/66,python,True,100.0,True,True,True,23,23,23,23,,
HumanEval+,HumanEval/66,kern_compact,True,100.0,True,True,True,23,18,23,18,,
HumanEval+,HumanEval/66,python_minifier,True,100.0,True,True,False,23,21,23,21,,
HumanEval+,HumanEval/66,sigil,True,100.0,False,False,,23,18,23,19,decode,"ValueError: Parse errors in Sigil source:
line 1, col 15: unexpected token '[ch <- s ch.isupper() & => ord ch]' in: @digi s = sum [ch <- s ch.isupper() & => ord ch]"
HumanEval+,HumanEval/67,python,True,100.0,True,True,True,66,66,66,66,,
HumanEval+,HumanEval/67,kern_compact,True,100.0,True,True,True,66,36,66,37,,
HumanEval+,HumanEval/67,python_minifier,True,100.0,True,True,False,66,37,66,38,,
HumanEval+,HumanEval/67,sigil,True,0.0,False,False,,66,70,66,70,decode,"ValueError: Parse errors in Sigil source:
line 1, col 4: unexpected token 'TODO: manual conversion needed\n;; def fr' in: ;; TODO: manual conversion needed"
HumanEval+,HumanEval/68,python,True,100.0,True,True,True,68,68,68,68,,
HumanEval+,HumanEval/68,kern_compact,True,100.0,True,True,True,68,48,68,48,,
HumanEval+,HumanEval/68,python_minifier,True,100.0,True,True,False,68,52,68,52,,
HumanEval+,HumanEval/68,sigil,True,0.0,False,False,,68,82,68,82,decode,"ValueError: Parse errors in Sigil source:
line 1, col 4: unexpected token 'TODO: manual conversion needed\n;; def pl' in: ;; TODO: manual conversion needed"
HumanEval+,HumanEval/69,python,True,100.0,True,True,True,73,73,73,73,,
HumanEval+,HumanEval/69,kern_compact,True,100.0,True,True,True,73,47,73,47,,
HumanEval+,HumanEval/69,python_minifier,True,100.0,True,True,False,73,53,73,53,,
HumanEval+,HumanEval/69,sigil,True,0.0,False,False,,73,88,73,88,decode,"ValueError: Parse errors in Sigil source:
line 1, col 4: unexpected token 'TODO: manual conversion needed\n;; def se' in: ;; TODO: manual conversion needed"
HumanEval+,HumanEval/70,python,True,100.0,True,True,True,81,81,81,81,,
HumanEval+,HumanEval/70,kern_compact,True,100.0,True,True,True,81,54,81,55,,
HumanEval+,HumanEval/70,python_minifier,True,100.0,True,True,False,81,53,81,53,,
HumanEval+,HumanEval/70,sigil,True,0.0,False,False,,81,99,81,99,decode,"ValueError: Parse errors in Sigil source:
line 1, col 4: unexpected token 'TODO: manual conversion needed\n;; def st' in: ;; TODO: manual conversion needed"
HumanEval+,HumanEval/71,python,True,100.0,True,True,True,81,81,81,81,,
HumanEval+,HumanEval/71,kern_compact,True,100.0,True,True,True,81,52,81,52,,
HumanEval+,HumanEval/71,python_minifier,True,100.0,True,True,False,81,54,81,54,,
HumanEval+,HumanEval/71,sigil,True,100.0,False,False,,81,45,81,45,decode,"ValueError: Parse errors in Sigil source:
line 1, col 38: unexpected token '? -1 : None p:a+b+c/2 round p*p-a*p-b*p-' in: @ta a b c = a+b<=c | a+c<=b | b+c<=a ? -1 : None p:a+b+c/2 round p*p-a*p-b*p-c**0.5 2"
HumanEval+,HumanEval/72,python,True,100.0,True,True,True,24,24,24,24,,
HumanEval+,HumanEval/72,kern_compact,True,100.0,True,True,True,24,18,24,18,,
HumanEval+,HumanEval/72,python_minifier,True,100.0,True,True,True,24,20,24,20,,
HumanEval+,HumanEval/72,sigil,True,100.0,True,True,False,24,17,24,17,,
HumanEval+,HumanEval/73,python,True,100.0,True,True,True,53,53,53,53,,
HumanEval+,HumanEval/73,kern_compact,True,100.0,True,True,True,53,35,53,35,,
HumanEval+,HumanEval/73,python_minifier,True,100.0,True,True,False,53,40,53,40,,
HumanEval+,HumanEval/73,sigil,True,0.0,False,False,,53,65,53,65,decode,"ValueError: Parse errors in Sigil source:
line 1, col 4: unexpected token 'TODO: manual conversion needed\n;; def sm' in: ;; TODO: manual conversion needed"
HumanEval+,HumanEval/74,python,True,100.0,True,True,True,53,53,53,53,,
HumanEval+,HumanEval/74,kern_compact,True,100.0,True,True,True,53,43,53,45,,
HumanEval+,HumanEval/74,python_minifier,True,100.0,True,True,False,53,41,53,43,,
HumanEval+,HumanEval/74,sigil,True,100.0,False,False,,53,38,53,38,decode,"ValueError: Parse errors in Sigil source:
line 1, col 1: unexpected token '@tm ls ls2 = (c1 c2):(sum map s->len s l' in: @tm ls ls2 = (c1 c2):(sum map s->len s ls sum map s->len s ls2) c1<=c2 ? ls : ls2"
HumanEval+,HumanEval/75,python,True,100.0,True,True,True,129,129,131,131,,
HumanEval+,HumanEval/75,kern_compact,True,100.0,True,True,True,129,87,131,89,,
HumanEval+,HumanEval/75,python_minifier,True,100.0,True,True,False,129,94,131,95,,
HumanEval+,HumanEval/75,sigil,True,0.0,False,False,,129,149,131,151,decode,"ValueError: Parse errors in Sigil source:
line 1, col 4: unexpected token 'TODO: manual conversion needed\n;; def is' in: ;; TODO: manual conversion needed"
HumanEval+,HumanEval/76,python,True,100.0,True,True,True,94,94,94,94,,
HumanEval+,HumanEval/76,kern_compact,True,100.0,True,True,True,94,58,94,63,,
HumanEval+,HumanEval/76,python_minifier,True,100.0,True,True,False,94,67,94,67,,
HumanEval+,HumanEval/76,sigil,True,0.0,False,False,,94,119,94,119,decode,"ValueError: Parse errors in Sigil source:
line 1, col 4: unexpected token 'TODO: manual conversion needed\n;; def is' in: ;; TODO: manual conversion needed"
HumanEval+,HumanEval/77,python,True,100.0,True,True,True,31,31,31,31,,
HumanEval+,HumanEval/77,kern_compact,True,100.0,True,True,True,31,24,31,25,,
HumanEval+,HumanEval/77,python_minifier,True,100.0,True,True,True,31,23,31,24,,
HumanEval+,HumanEval/77,sigil,True,100.0,True,True,False,31,22,31,22,,
HumanEval+,HumanEval/78,python,True,100.0,True,True,True,24,24,24,24,,
HumanEval+,HumanEval/78,kern_compact,True,100.0,True,True,True,24,19,24,19,,
HumanEval+,HumanEval/78,python_minifier,True,100.0,True,True,True,24,20,24,20,,
HumanEval+,HumanEval/78,sigil,True,100.0,True,True,False,24,17,24,17,,
HumanEval+,HumanEval/79,python,True,100.0,True,True,True,23,23,23,23,,
HumanEval+,HumanEval/79,kern_compact,True,100.0,True,True,True,23,16,23,16,,
HumanEval+,HumanEval/79,python_minifier,True,100.0,True,True,True,23,18,23,18,,
HumanEval+,HumanEval/79,sigil,True,100.0,True,True,False,23,16,23,16,,
HumanEval+,HumanEval/80,python,True,100.0,True,True,True,76,76,76,76,,
HumanEval+,HumanEval/80,kern_compact,True,100.0,True,True,True,76,55,76,56,,
HumanEval+,HumanEval/80,python_minifier,True,100.0,True,True,False,76,61,76,61,,
HumanEval+,HumanEval/80,sigil,True,0.0,False,False,,76,89,76,89,decode,"ValueError: Parse errors in Sigil source:
line 1, col 4: unexpected token 'TODO: manual conversion needed\n;; def is' in: ;; TODO: manual conversion needed"
HumanEval+,HumanEval/81,python,True,100.0,True,True,True,214,214,214,214,,
HumanEval+,HumanEval/81,kern_compact,True,100.0,True,True,True,214,150,214,150,,
HumanEval+,HumanEval/81,python_minifier,True,100.0,True,True,False,214,150,214,153,,
HumanEval+,HumanEval/81,sigil,True,0.0,False,False,,214,249,214,249,decode,"ValueError: Parse errors in Sigil source:
line 1, col 4: unexpected token 'TODO: manual conversion needed\n;; def nu' in: ;; TODO: manual conversion needed"
HumanEval+,HumanEval/82,python,True,100.0,True,True,True,54,54,54,54,,
HumanEval+,HumanEval/82,kern_compact,True,100.0,True,True,True,54,37,54,37,,
HumanEval+,HumanEval/82,python_minifier,True,100.0,True,True,False,54,39,54,39,,
HumanEval+,HumanEval/82,sigil,True,0.0,False,False,,54,67,54,67,decode,"ValueError: Parse errors in Sigil source:
line 1, col 4: unexpected token 'TODO: manual conversion needed\n;; def pr' in: ;; TODO: manual conversion needed"
HumanEval+,HumanEval/83,python,True,100.0,True,True,True,33,33,34,34,,
HumanEval+,HumanEval/83,kern_compact,True,100.0,True,True,True,33,21,34,24,,
HumanEval+,HumanEval/83,python_minifier,True,100.0,True,True,True,33,24,34,26,,
HumanEval+,HumanEval/83,sigil,True,100.0,True,True,False,33,21,34,20,,
HumanEval+,HumanEval/84,python,True,100.0,True,True,True,27,27,27,27,,
HumanEval+,HumanEval/84,kern_compact,True,100.0,True,True,True,27,21,27,21,,
HumanEval+,HumanEval/84,python_minifier,True,100.0,True,True,False,27,21,27,21,,
HumanEval+,HumanEval/84,sigil,True,100.0,True,True,False,27,19,27,20,,
HumanEval+,HumanEval/85,python,True,100.0,True,True,True,48,48,48,48,,
HumanEval+,HumanEval/85,kern_compact,True,100.0,True,True,True,48,32,48,32,,
HumanEval+,HumanEval/85,python_minifier,True,100.0,True,True,False,48,38,48,38,,
HumanEval+,HumanEval/85,sigil,True,0.0,False,False,,48,58,48,58,decode,"ValueError: Parse errors in Sigil source:
line 1, col 4: unexpected token 'TODO: manual conversion needed\n;; def ad' in: ;; TODO: manual conversion needed"
HumanEval+,HumanEval/86,python,True,100.0,True,True,True,36,36,36,36,,
HumanEval+,HumanEval/86,kern_compact,True,100.0,True,True,True,36,32,36,33,,
HumanEval+,HumanEval/86,python_minifier,True,100.0,True,True,False,36,31,36,32,,
HumanEval+,HumanEval/86,sigil,True,100.0,False,False,,36,26,36,26,decode,"ValueError: Parse errors in Sigil source:
line 1, col 41: unexpected token ""->''.join sorted x key:ch->ord ch words"" in: @as s = words:s.split ' ' ' '.join map x->''.join sorted x key:ch->ord ch words"
HumanEval+,HumanEval/87,python,True,100.0,True,True,True,58,58,58,58,,
HumanEval+,HumanEval/87,kern_compact,True,100.0,True,True,True,58,42,58,42,,
HumanEval+,HumanEval/87,python_minifier,True,100.0,True,True,False,58,44,58,44,,
HumanEval+,HumanEval/87,sigil,True,0.0,False,False,,58,71,58,71,decode,"ValueError: Parse errors in Sigil source:
line 1, col 4: unexpected token 'TODO: manual conversion needed\n;; def ge' in: ;; TODO: manual conversion needed"
HumanEval+,HumanEval/88,python,True,100.0,True,True,True,37,37,37,37,,
HumanEval+,HumanEval/88,kern_compact,True,100.0,True,True,True,37,30,37,30,,
HumanEval+,HumanEval/88,python_minifier,True,100.0,True,True,False,37,34,37,34,,
HumanEval+,HumanEval/88,sigil,True,100.0,False,False,,37,26,37,26,decode,"ValueError: Parse errors in Sigil source:
line 1, col 55: unexpected token '[-1]%2==0' in: @sa ar = ar==[] ? [] : None sorted ar reverse:ar[0]+ar[-1]%2==0"
HumanEval+,HumanEval/89,python,True,100.0,True,True,True,50,50,50,50,,
HumanEval+,HumanEval/89,kern_compact,True,100.0,True,True,True,50,41,50,42,,
HumanEval+,HumanEval/89,python_minifier,True,100.0,True,True,False,50,40,50,41,,
HumanEval+,HumanEval/89,sigil,True,100.0,False,False,,50,37,50,37,decode,"ValueError: Parse errors in Sigil source:
line 1, col 56: unexpected token ""->ch in d ? chr ord ch-ord 'a'+4%26+ord"" in: @encr s = d:'abcdefghijklmnopqrstuvwxyz' ''.join map ch->ch in d ? chr ord ch-ord 'a'+4%26+ord 'a' : ch s"
HumanEval+,HumanEval/90,python,True,100.0,True,True,True,46,46,46,46,,
HumanEval+,HumanEval/90,kern_compact,True,100.0,True,True,True,46,29,46,29,,
HumanEval+,HumanEval/90,python_minifier,True,100.0,True,True,False,46,33,46,33,,
HumanEval+,HumanEval/90,sigil,True,0.0,False,False,,46,59,46,59,decode,"ValueError: Parse errors in Sigil source:
line 1, col 4: unexpected token 'TODO: manual conversion needed\n;; def ne' in: ;; TODO: manual conversion needed"
HumanEval+,HumanEval/91,python,True,100.0,True,True,True,48,48,48,48,,
HumanEval+,HumanEval/91,kern_compact,True,100.0,True,True,True,48,41,48,41,,
HumanEval+,HumanEval/91,python_minifier,True,100.0,True,True,False,48,47,48,47,,
HumanEval+,HumanEval/91,sigil,True,100.0,False,False,,48,38,48,38,decode,"ValueError: Parse errors in Sigil source:
line 1, col 84: unexpected token ""[s <- sentences s.startswith 'I ' & => s"" in: @ib S = sentences:map x->x.strip() S.replace '?' '.'.replace '!' '.'.split '.' len [s <- sentences s.startswith 'I ' & => s]"
HumanEval+,HumanEval/92,python,True,100.0,True,True,True,53,53,53,53,,
HumanEval+,HumanEval/92,kern_compact,True,100.0,True,True,True,53,39,53,42,,
HumanEval+,HumanEval/92,python_minifier,True,100.0,True,True,True,53,40,53,42,,
HumanEval+,HumanEval/92,sigil,True,100.0,True,True,False,53,38,53,40,,
HumanEval+,HumanEval/93,python,True,100.0,True,True,True,122,122,122,122,,
HumanEval+,HumanEval/93,kern_compact,True,100.0,True,True,True,122,86,122,86,,
HumanEval+,HumanEval/93,python_minifier,True,100.0,True,True,False,122,99,122,99,,
HumanEval+,HumanEval/93,sigil,True,0.0,False,False,,122,142,122,142,decode,"ValueError: Parse errors in Sigil source:
line 1, col 4: unexpected token 'TODO: manual conversion needed\n;; def en' in: ;; TODO: manual conversion needed"
HumanEval+,HumanEval/94,python,True,100.0,True,True,True,87,87,86,86,,
HumanEval+,HumanEval/94,kern_compact,True,100.0,True,True,True,87,63,86,63,,
HumanEval+,HumanEval/94,python_minifier,True,100.0,True,True,False,87,66,86,65,,
HumanEval+,HumanEval/94,sigil,True,0.0,False,False,,87,102,86,101,decode,"ValueError: Parse errors in Sigil source:
line 1, col 4: unexpected token 'TODO: manual conversion needed\n;; def sk' in: ;; TODO: manual conversion needed"
HumanEval+,HumanEval/95,python,True,100.0,True,True,True,84,84,84,84,,
HumanEval+,HumanEval/95,kern_compact,True,100.0,True,True,True,84,58,84,61,,
HumanEval+,HumanEval/95,python_minifier,True,100.0,True,True,False,84,67,84,69,,
HumanEval+,HumanEval/95,sigil,True,0.0,False,False,,84,106,84,107,decode,"ValueError: Parse errors in Sigil source:
line 1, col 4: unexpected token 'TODO: manual conversion needed\n;; def ch' in: ;; TODO: manual conversion needed"
HumanEval+,HumanEval/96,python,True,100.0,True,True,True,72,72,72,72,,
HumanEval+,HumanEval/96,kern_compact,True,100.0,True,True,True,72,48,72,48,,
HumanEval+,HumanEval/96,python_minifier,True,100.0,True,True,False,72,52,72,52,,
HumanEval+,HumanEval/96,sigil,True,0.0,False,False,,72,85,72,85,decode,"ValueError: Parse errors in Sigil source:
line 1, col 4: unexpected token 'TODO: manual conversion needed\n;; def co' in: ;; TODO: manual conversion needed"
HumanEval+,HumanEval/97,python,True,100.0,True,True,True,22,22,24,24,,
HumanEval+,HumanEval/97,kern_compact,True,100.0,True,True,True,22,16,24,18,,
HumanEval+,HumanEval/97,python_minifier,True,100.0,True,True,True,22,18,24,20,,
HumanEval+,HumanEval/97,sigil,True,100.0,False,False,,22,17,24,17,decode,"ValueError: Parse errors in Sigil source:
line 1, col 22: unexpected token '[-1]*int str b[-1]' in: @mult a b = int str a[-1]*int str b[-1]"
HumanEval+,HumanEval/98,python,True,100.0,True,True,True,47,47,47,47,,
HumanEval+,HumanEval/98,kern_compact,True,100.0,True,True,True,47,33,47,33,,
HumanEval+,HumanEval/98,python_minifier,True,100.0,True,True,False,47,37,47,37,,
HumanEval+,HumanEval/98,sigil,True,0.0,False,False,,47,58,47,58,decode,"ValueError: Parse errors in Sigil source:
line 1, col 4: unexpected token 'TODO: manual conversion needed\n;; def co' in: ;; TODO: manual conversion needed"
HumanEval+,HumanEval/99,python,True,100.0,True,True,True,65,65,65,65,,
HumanEval+,HumanEval/99,kern_compact,True,100.0,True,True,True,65,40,65,42,,
HumanEval+,HumanEval/99,python_minifier,True,100.0,True,True,False,65,51,65,52,,
HumanEval+,HumanEval/99,sigil,True,0.0,False,False,,65,81,65,81,decode,"ValueError: Parse errors in Sigil source:
line 1, col 4: unexpected token 'TODO: manual conversion needed\n;; def cl' in: ;; TODO: manual conversion needed"
HumanEval+,HumanEval/100,python,True,100.0,True,True,True,39,39,39,39,,
HumanEval+,HumanEval/100,kern_compact,True,100.0,True,True,True,39,26,39,26,,
HumanEval+,HumanEval/100,python_minifier,True,100.0,True,True,False,39,28,39,28,,
HumanEval+,HumanEval/100,sigil,True,0.0,False,False,,39,50,39,50,decode,"ValueError: Parse errors in Sigil source:
line 1, col 4: unexpected token 'TODO: manual conversion needed\n;; def ma' in: ;; TODO: manual conversion needed"
HumanEval+,HumanEval/101,python,True,100.0,True,True,True,31,31,31,31,,
HumanEval+,HumanEval/101,kern_compact,True,100.0,True,True,True,31,22,31,22,,
HumanEval+,HumanEval/101,python_minifier,True,100.0,True,True,False,31,23,31,23,,
HumanEval+,HumanEval/101,sigil,True,100.0,False,False,,31,23,31,23,decode,"ValueError: Parse errors in Sigil source:
line 1, col 41: unexpected token ""[word <- words word!='' & => word]"" in: @ws s = words:s.replace ',' ' '.split() [word <- words word!='' & => word]"
HumanEval+,HumanEval/102,python,True,100.0,True,True,True,56,56,56,56,,
HumanEval+,HumanEval/102,kern_compact,True,100.0,True,True,True,56,39,56,41,,
HumanEval+,HumanEval/102,python_minifier,True,100.0,True,True,True,56,41,56,42,,
HumanEval+,HumanEval/102,sigil,True,100.0,False,False,,56,39,56,40,decode,"ValueError: Parse errors in Sigil source:
line 1, col 15: unexpected token '? -1 : None x==y ? y%2==0 ? y : -1 : Non' in: @cn x y = x>y ? -1 : None x==y ? y%2==0 ? y : -1 : None y%2==0 ? y : y-1"
HumanEval+,HumanEval/103,python,True,100.0,True,True,True,37,37,37,37,,
HumanEval+,HumanEval/103,kern_compact,True,100.0,True,True,True,37,23,37,24,,
HumanEval+,HumanEval/103,python_minifier,True,100.0,True,True,False,37,26,37,27,,
HumanEval+,HumanEval/103,sigil,True,100.0,False,False,,37,21,37,22,decode,"ValueError: Parse errors in Sigil source:
line 1, col 15: unexpected token '? -1 : None avg:round n+m/2 bin avg' in: @ra n m = n>m ? -1 : None avg:round n+m/2 bin avg"
HumanEval+,HumanEval/104,python,True,100.0,True,True,True,49,49,49,49,,
HumanEval+,HumanEval/104,kern_compact,True,100.0,True,True,True,49,31,49,32,,
HumanEval+,HumanEval/104,python_minifier,True,100.0,True,True,False,49,38,49,38,,
HumanEval+,HumanEval/104,sigil,True,0.0,False,False,,49,63,49,63,decode,"ValueError: Parse errors in Sigil source:
line 1, col 4: unexpected token 'TODO: manual conversion needed\n;; def un' in: ;; TODO: manual conversion needed"
HumanEval+,HumanEval/105,python,True,100.0,True,True,True,162,162,162,162,,
HumanEval+,HumanEval/105,kern_compact,True,100.0,True,True,True,162,107,162,107,,
HumanEval+,HumanEval/105,python_minifier,True,100.0,True,True,False,162,118,162,118,,
HumanEval+,HumanEval/105,sigil,True,0.0,False,False,,162,195,162,195,decode,"ValueError: Parse errors in Sigil source:
line 1, col 4: unexpected token 'TODO: manual conversion needed\n;; def by' in: ;; TODO: manual conversion needed"
HumanEval+,HumanEval/106,python,True,100.0,True,True,True,113,113,113,113,,
HumanEval+,HumanEval/106,kern_compact,True,100.0,True,True,True,113,79,113,79,,
HumanEval+,HumanEval/106,python_minifier,True,100.0,True,True,False,113,80,113,80,,
HumanEval+,HumanEval/106,sigil,True,0.0,False,False,,113,134,113,134,decode,"ValueError: Parse errors in Sigil source:
line 1, col 4: unexpected token 'TODO: manual conversion needed\n;; def f(' in: ;; TODO: manual conversion needed"
HumanEval+,HumanEval/107,python,True,100.0,True,True,True,82,82,83,83,,
HumanEval+,HumanEval/107,kern_compact,True,100.0,True,True,True,82,50,83,51,,
HumanEval+,HumanEval/107,python_minifier,True,100.0,True,True,False,82,55,83,56,,
HumanEval+,HumanEval/107,sigil,True,0.0,False,False,,82,97,83,98,decode,"ValueError: Parse errors in Sigil source:
line 1, col 4: unexpected token 'TODO: manual conversion needed\n;; def ev' in: ;; TODO: manual conversion needed"
HumanEval+,HumanEval/108,python,True,100.0,True,True,True,95,95,95,95,,
HumanEval+,HumanEval/108,kern_compact,True,100.0,True,True,True,95,64,95,65,,
HumanEval+,HumanEval/108,python_minifier,True,100.0,True,True,False,95,70,95,71,,
HumanEval+,HumanEval/108,sigil,True,0.0,False,False,,95,114,95,114,decode,"ValueError: Parse errors in Sigil source:
line 1, col 4: unexpected token 'TODO: manual conversion needed\n;; def co' in: ;; TODO: manual conversion needed"
HumanEval+,HumanEval/109,python,True,100.0,True,True,True,58,58,58,58,,
HumanEval+,HumanEval/109,kern_compact,True,100.0,True,True,True,58,39,58,39,,
HumanEval+,HumanEval/109,python_minifier,True,100.0,True,True,False,58,47,58,47,,
HumanEval+,HumanEval/109,sigil,True,0.0,False,False,,58,71,58,71,decode,"ValueError: Parse errors in Sigil source:
line 1, col 4: unexpected token 'TODO: manual conversion needed\n;; def mo' in: ;; TODO: manual conversion needed"
HumanEval+,HumanEval/110,python,True,100.0,True,True,True,67,67,69,69,,
HumanEval+,HumanEval/110,kern_compact,True,100.0,True,True,True,67,50,69,50,,
HumanEval+,HumanEval/110,python_minifier,True,100.0,True,True,False,67,50,69,50,,
HumanEval+,HumanEval/110,sigil,True,100.0,False,False,,67,47,69,51,decode,"ValueError: Parse errors in Sigil source:
line 1, col 79: unexpected token ""->x%2==0 ls2 cnt_odd<=cnt_even ? 'YES' :"" in: @exch ls ls2 = cnt_odd:len list filter x->x%2==1 ls cnt_even:len list filter x->x%2==0 ls2 cnt_odd<=cnt_even ? 'YES' : 'NO'"
HumanEval+,HumanEval/111,python,True,100.0,True,True,True,94,94,94,94,,
HumanEval+,HumanEval/111,kern_compact,True,100.0,True,True,True,94,67,94,66,,
HumanEval+,HumanEval/111,python_minifier,True,100.0,True,True,False,94,72,94,72,,
HumanEval+,HumanEval/111,sigil,True,0.0,False,False,,94,113,94,113,decode,"ValueError: Parse errors in Sigil source:
line 1, col 4: unexpected token 'TODO: manual conversion needed\n;; def hi' in: ;; TODO: manual conversion needed"
HumanEval+,HumanEval/112,python,True,100.0,True,True,True,33,33,33,33,,
HumanEval+,HumanEval/112,kern_compact,True,100.0,True,True,True,33,28,33,29,,
HumanEval+,HumanEval/112,python_minifier,True,100.0,True,True,False,33,28,33,28,,
HumanEval+,HumanEval/112,sigil,True,100.0,False,False,,33,25,33,25,decode,"ValueError: Parse errors in Sigil source:
line 1, col 31: unexpected token '->ch not in c s (ss ss==ss[::-1])' in: @rd s c = ss:''.join filter ch->ch not in c s (ss ss==ss[::-1])"
HumanEval+,HumanEval/113,python,True,100.0,True,True,True,72,72,72,72,,
HumanEval+,HumanEval/113,kern_compact,True,100.0,True,True,True,72,54,72,54,,
HumanEval+,HumanEval/113,python_minifier,True,100.0,True,True,False,72,52,72,52,,
HumanEval+,HumanEval/113,sigil,True,0.0,False,False,,72,83,72,83,decode,"ValueError: Parse errors in Sigil source:
line 1, col 4: unexpected token 'TODO: manual conversion needed\n;; def od' in: ;; TODO: manual conversion needed"
HumanEval+,HumanEval/114,python,True,100.0,True,True,True,71,71,71,71,,
HumanEval+,HumanEval/114,kern_compact,True,100.0,True,True,True,71,49,71,49,,
HumanEval+,HumanEval/114,python_minifier,True,100.0,True,True,False,71,58,71,58,,
HumanEval+,HumanEval/114,sigil,True,0.0,False,False,,71,88,71,88,decode,"ValueError: Parse errors in Sigil source:
line 1, col 4: unexpected token 'TODO: manual conversion needed\n;; def mi' in: ;; TODO: manual conversion needed"
HumanEval+,HumanEval/115,python,True,100.0,True,True,True,38,38,38,38,,
HumanEval+,HumanEval/115,kern_compact,True,100.0,True,True,True,38,27,38,27,,
HumanEval+,HumanEval/115,python_minifier,True,100.0,True,True,False,38,30,38,29,,
HumanEval+,HumanEval/115,sigil,True,50.0,False,False,,38,48,38,48,decode,"ValueError: Parse errors in Sigil source:
line 1, col 1: unexpected token '<math>\n;; TODO: manual conversion needed' in: <math>"
HumanEval+,HumanEval/116,python,True,100.0,True,True,True,97,97,98,98,,
HumanEval+,HumanEval/116,kern_compact,True,100.0,True,True,True,97,69,98,69,,
HumanEval+,HumanEval/116,python_minifier,True,100.0,True,True,False,97,70,98,70,,
HumanEval+,HumanEval/116,sigil,True,0.0,False,False,,97,115,98,116,decode,"ValueError: Parse errors in Sigil source:
line 1, col 4: unexpected token 'TODO: manual conversion needed\n;; def so' in: ;; TODO: manual conversion needed"
HumanEval+,HumanEval/117,python,True,100.0,True,True,True,64,64,64,64,,
HumanEval+,HumanEval/117,kern_compact,True,100.0,True,True,True,64,49,64,49,,
HumanEval+,HumanEval/117,python_minifier,True,100.0,True,True,False,64,52,64,52,,
HumanEval+,HumanEval/117,sigil,True,0.0,False,False,,64,77,64,77,decode,"ValueError: Parse errors in Sigil source:
line 1, col 4: unexpected token 'TODO: manual conversion needed\n;; def se' in: ;; TODO: manual conversion needed"
HumanEval+,HumanEval/118,python,True,100.0,True,True,True,87,87,87,87,,
HumanEval+,HumanEval/118,kern_compact,True,100.0,True,True,True,87,62,87,62,,
HumanEval+,HumanEval/118,python_minifier,True,100.0,True,True,False,87,67,87,67,,
HumanEval+,HumanEval/118,sigil,True,0.0,False,False,,87,105,87,105,decode,"ValueError: Parse errors in Sigil source:
line 1, col 4: unexpected token 'TODO: manual conversion needed\n;; def ge' in: ;; TODO: manual conversion needed"
HumanEval+,HumanEval/119,python,True,100.0,True,True,True,105,105,101,101,,
HumanEval+,HumanEval/119,kern_compact,True,100.0,True,True,True,105,69,101,70,,
HumanEval+,HumanEval/119,python_minifier,True,100.0,True,True,False,105,82,101,81,,
HumanEval+,HumanEval/119,sigil,True,0.0,False,False,,105,122,101,118,decode,"ValueError: Parse errors in Sigil source:
line 1, col 4: unexpected token 'TODO: manual conversion needed\n;; def ma' in: ;; TODO: manual conversion needed"
HumanEval+,HumanEval/120,python,True,100.0,True,True,True,19,19,19,19,,
HumanEval+,HumanEval/120,kern_compact,True,100.0,True,True,True,19,13,19,13,,
HumanEval+,HumanEval/120,python_minifier,True,100.0,True,True,True,19,15,19,15,,
HumanEval+,HumanEval/120,sigil,True,100.0,False,False,,19,14,19,14,decode,"ValueError: Parse errors in Sigil source:
line 1, col 36: unexpected token '[:k]' in: @maxi ar k = sorted sorted ar[::-1][:k]"
HumanEval+,HumanEval/121,python,True,100.0,True,True,True,38,38,38,38,,
HumanEval+,HumanEval/121,kern_compact,True,100.0,True,True,True,38,28,38,28,,
HumanEval+,HumanEval/121,python_minifier,True,100.0,True,True,False,38,34,38,34,,
HumanEval+,HumanEval/121,sigil,True,100.0,True,False,,38,36,38,36,parse,"SyntaxError: invalid syntax (<unknown>, line 2)"
HumanEval+,HumanEval/122,python,True,100.0,True,True,True,62,62,62,62,,
HumanEval+,HumanEval/122,kern_compact,True,100.0,True,True,True,62,44,62,44,,
HumanEval+,HumanEval/122,python_minifier,True,100.0,True,True,False,62,42,62,43,,
HumanEval+,HumanEval/122,sigil,True,0.0,False,False,,62,74,62,74,decode,"ValueError: Parse errors in Sigil source:
line 1, col 4: unexpected token 'TODO: manual conversion needed\n;; def ad' in: ;; TODO: manual conversion needed"
HumanEval+,HumanEval/123,python,True,100.0,True,True,True,73,73,74,74,,
HumanEval+,HumanEval/123,kern_compact,True,100.0,True,True,True,73,52,74,53,,
HumanEval+,HumanEval/123,python_minifier,True,100.0,True,True,False,73,55,74,56,,
HumanEval+,HumanEval/123,sigil,True,0.0,False,False,,73,88,74,89,decode,"ValueError: Parse errors in Sigil source:
line 1, col 4: unexpected token 'TODO: manual conversion needed\n;; def ge' in: ;; TODO: manual conversion needed"
HumanEval+,HumanEval/124,python,True,100.0,True,True,True,161,161,164,164,,
HumanEval+,HumanEval/124,kern_compact,True,100.0,True,True,True,161,123,164,127,,
HumanEval+,HumanEval/124,python_minifier,True,100.0,True,True,False,161,132,164,135,,
HumanEval+,HumanEval/124,sigil,True,100.0,False,False,,161,124,164,128,decode,"ValueError: Parse errors in Sigil source:
line 1, col 125: unexpected token ':(da[:2] da[3:5] da[6:]) !m.isdigit() |' in: @vd da = days:[31 29 31 30 31 30 31 31 30 31 30 31] len da!=10 ? False : None da[2]!='-' | da[5]!='-' ? False : None (m d y):(da[:2] da[3:5] da[6:]) !m.isdigit() | !d.isdigit() | !y.isdigit() ? Fals…"
HumanEval+,HumanEval/125,python,True,100.0,True,True,True,86,86,87,87,,
HumanEval+,HumanEval/125,kern_compact,True,100.0,True,True,True,86,67,87,68,,
HumanEval+,HumanEval/125,python_minifier,True,100.0,True,True,False,86,74,87,74,,
HumanEval+,HumanEval/125,sigil,True,0.0,False,False,,86,105,87,105,decode,"ValueError: Parse errors in Sigil source:
line 1, col 4: unexpected token 'TODO: manual conversion needed\n;; def sp' in: ;; TODO: manual conversion needed"
HumanEval+,HumanEval/126,python,True,100.0,True,True,True,59,59,59,59,,
HumanEval+,HumanEval/126,kern_compact,True,100.0,True,True,True,59,40,59,41,,
HumanEval+,HumanEval/126,python_minifier,True,100.0,True,True,False,59,49,59,49,,
HumanEval+,HumanEval/126,sigil,True,0.0,False,False,,59,75,59,75,decode,"ValueError: Parse errors in Sigil source:
line 1, col 4: unexpected token 'TODO: manual conversion needed\n;; def is' in: ;; TODO: manual conversion needed"
HumanEval+,HumanEval/127,python,True,100.0,True,True,True,113,113,113,113,,
HumanEval+,HumanEval/127,kern_compact,True,100.0,True,True,True,113,88,113,88,,
HumanEval+,HumanEval/127,python_minifier,True,100.0,True,True,False,113,89,113,89,,
HumanEval+,HumanEval/127,sigil,True,0.0,False,False,,113,131,113,131,decode,"ValueError: Parse errors in Sigil source:
line 1, col 4: unexpected token 'TODO: manual conversion needed\n;; def in' in: ;; TODO: manual conversion needed"
HumanEval+,HumanEval/128,python,True,100.0,True,True,True,68,68,68,68,,
HumanEval+,HumanEval/128,kern_compact,True,100.0,True,True,True,68,43,68,44,,
HumanEval+,HumanEval/128,python_minifier,True,100.0,True,True,False,68,52,68,53,,
HumanEval+,HumanEval/128,sigil,True,0.0,False,False,,68,83,68,84,decode,"ValueError: Parse errors in Sigil source:
line 1, col 4: unexpected token 'TODO: manual conversion needed\n;; def pr' in: ;; TODO: manual conversion needed"
HumanEval+,HumanEval/129,python,True,100.0,True,True,True,175,175,175,175,,
HumanEval+,HumanEval/129,kern_compact,True,100.0,True,True,True,175,121,175,121,,
HumanEval+,HumanEval/129,python_minifier,True,100.0,True,True,False,175,127,175,129,,
HumanEval+,HumanEval/129,sigil,True,0.0,False,False,,175,202,175,202,decode,"ValueError: Parse errors in Sigil source:
line 1, col 4: unexpected token 'TODO: manual conversion needed\n;; def mi' in: ;; TODO: manual conversion needed"
HumanEval+,HumanEval/130,python,True,100.0,True,True,True,107,107,107,107,,
HumanEval+,HumanEval/130,kern_compact,True,100.0,True,True,True,107,73,107,73,,
HumanEval+,HumanEval/130,python_minifier,True,100.0,True,True,False,107,75,107,75,,
HumanEval+,HumanEval/130,sigil,True,0.0,False,False,,107,125,107,125,decode,"ValueError: Parse errors in Sigil source:
line 1, col 4: unexpected token 'TODO: manual conversion needed\n;; def tr' in: ;; TODO: manual conversion needed"
HumanEval+,HumanEval/131,python,True,100.0,True,True,True,59,59,62,62,,
HumanEval+,HumanEval/131,kern_compact,True,100.0,True,True,True,59,37,62,37,,
HumanEval+,HumanEval/131,python_minifier,True,100.0,True,True,False,59,40,62,40,,
HumanEval+,HumanEval/131,sigil,True,0.0,False,False,,59,71,62,74,decode,"ValueError: Parse errors in Sigil source:
line 1, col 4: unexpected token 'TODO: manual conversion needed\n;; def di' in: ;; TODO: manual conversion needed"
HumanEval+,HumanEval/132,python,True,100.0,True,True,True,110,110,110,110,,
HumanEval+,HumanEval/132,kern_compact,True,100.0,True,True,True,110,68,110,70,,
HumanEval+,HumanEval/132,python_minifier,True,100.0,True,True,False,110,84,110,84,,
HumanEval+,HumanEval/132,sigil,True,0.0,False,False,,110,131,110,131,decode,"ValueError: Parse errors in Sigil source:
line 1, col 4: unexpected token 'TODO: manual conversion needed\n;; def is' in: ;; TODO: manual conversion needed"
HumanEval+,HumanEval/133,python,True,100.0,True,True,True,28,28,28,28,,
HumanEval+,HumanEval/133,kern_compact,True,100.0,True,True,True,28,23,28,23,,
HumanEval+,HumanEval/133,python_minifier,True,100.0,True,True,True,28,23,28,23,,
HumanEval+,HumanEval/133,sigil,True,0.0,False,False,,28,37,28,37,decode,"ValueError: Parse errors in Sigil source:
line 1, col 4: unexpected token 'TODO: manual conversion needed\n;; def su' in: ;; TODO: manual conversion needed"
HumanEval+,HumanEval/134,python,True,100.0,True,True,True,54,54,54,54,,
HumanEval+,HumanEval/134,kern_compact,True,100.0,True,True,True,54,40,54,42,,
HumanEval+,HumanEval/134,python_minifier,True,100.0,True,True,False,54,46,54,46,,
HumanEval+,HumanEval/134,sigil,True,100.0,False,False,,54,37,54,37,decode,"ValueError: Parse errors in Sigil source:
line 1, col 71: unexpected token ""[-1].isalpha() & tx[-2]==' '"" in: @cilc tx = len tx==0 ? False : None len tx==1 ? tx.isalpha() : None tx[-1].isalpha() & tx[-2]==' '"
HumanEval+,HumanEval/135,python,True,100.0,True,True,True,49,49,49,49,,
HumanEval+,HumanEval/135,kern_compact,True,100.0,True,True,True,49,34,49,34,,
HumanEval+,HumanEval/135,python_minifier,True,100.0,True,True,False,49,40,49,40,,
HumanEval+,HumanEval/135,sigil,True,0.0,False,False,,49,57,49,57,decode,"ValueError: Parse errors in Sigil source:
line 1, col 4: unexpected token 'TODO: manual conversion needed\n;; def ca' in: ;; TODO: manual conversion needed"
HumanEval+,HumanEval/136,python,True,100.0,True,True,True,60,60,61,61,,
HumanEval+,HumanEval/136,kern_compact,True,100.0,True,True,True,60,50,61,50,,
HumanEval+,HumanEval/136,python_minifier,True,100.0,True,True,False,60,49,61,50,,
HumanEval+,HumanEval/136,sigil,True,100.0,False,False,,60,40,61,40,decode,"ValueError: Parse errors in Sigil source:
line 1, col 54: unexpected token '->x>0 ls (neg==[] ? None : max neg pos==' in: @lsi ls = neg:list filter x->x<0 ls pos:list filter x->x>0 ls (neg==[] ? None : max neg pos==[] ? None : min pos)"
HumanEval+,HumanEval/137,python,True,100.0,True,True,True,57,57,57,57,,
HumanEval+,HumanEval/137,kern_compact,True,100.0,True,True,True,57,37,57,36,,
HumanEval+,HumanEval/137,python_minifier,True,100.0,True,True,False,57,38,57,37,,
HumanEval+,HumanEval/137,sigil,True,100.0,True,True,False,57,41,57,41,,
HumanEval+,HumanEval/138,python,True,100.0,True,True,True,24,24,24,24,,
HumanEval+,HumanEval/138,kern_compact,True,100.0,True,True,True,24,16,24,16,,
HumanEval+,HumanEval/138,python_minifier,True,100.0,True,True,True,24,18,24,18,,
HumanEval+,HumanEval/138,sigil,True,100.0,True,True,False,24,13,24,13,,
HumanEval+,HumanEval/139,python,True,100.0,True,True,True,46,46,46,46,,
HumanEval+,HumanEval/139,kern_compact,True,100.0,True,True,True,46,30,46,30,,
HumanEval+,HumanEval/139,python_minifier,True,100.0,True,True,False,46,33,46,33,,
HumanEval+,HumanEval/139,sigil,True,0.0,False,False,,46,56,46,56,decode,"ValueError: Parse errors in Sigil source:
line 1, col 4: unexpected token 'TODO: manual conversion needed\n;; def sp' in: ;; TODO: manual conversion needed"
HumanEval+,HumanEval/140,python,True,100.0,True,True,True,45,45,45,45,,
HumanEval+,HumanEval/140,kern_compact,True,100.0,True,True,True,45,34,45,34,,
HumanEval+,HumanEval/140,python_minifier,True,100.0,True,True,False,45,35,45,35,,
HumanEval+,HumanEval/140,sigil,True,0.0,False,False,,45,55,45,56,decode,"ValueError: Parse errors in Sigil source:
line 1, col 4: unexpected token 'TODO: manual conversion needed\n;; def fi' in: ;; TODO: manual conversion needed"
HumanEval+,HumanEval/141,python,True,100.0,True,True,True,114,114,115,115,,
HumanEval+,HumanEval/141,kern_compact,True,100.0,True,True,True,114,86,115,88,,
HumanEval+,HumanEval/141,python_minifier,True,100.0,True,True,False,114,89,115,92,,
HumanEval+,HumanEval/141,sigil,True,100.0,False,False,,114,94,115,95,decode,"ValueError: Parse errors in Sigil source:
line 1, col 72: unexpected token "".split '.' len f_list!=2 ? 'No' : None l"" in: @fnc fi = len list filter ch->ch.isdigit() fi>3 ? 'No' : None f_list:fi.split '.' len f_list!=2 ? 'No' : None len f_list[0]==0 ? 'No' : None !f_list[0][0].isalpha() ? 'No' : None f_list[1] not in ['…"
HumanEval+,HumanEval/142,python,True,100.0,True,True,True,70,70,70,70,,
HumanEval+,HumanEval/142,kern_compact,True,100.0,True,True,True,70,45,70,45,,
HumanEval+,HumanEval/142,python_minifier,True,100.0,True,True,False,70,52,70,52,,
HumanEval+,HumanEval/142,sigil,True,0.0,False,False,,70,85,70,85,decode,"ValueError: Parse errors in Sigil source:
line 1, col 4: unexpected token 'TODO: manual conversion needed\n;; def su' in: ;; TODO: manual conversion needed"
HumanEval+,HumanEval/143,python,True,100.0,True,True,True,69,69,69,69,,
HumanEval+,HumanEval/143,kern_compact,True,100.0,True,True,True,69,53,69,52,,
HumanEval+,HumanEval/143,python_minifier,True,100.0,True,True,False,69,52,69,52,,
HumanEval+,HumanEval/143,sigil,True,0.0,False,False,,69,81,69,81,decode,"ValueError: Parse errors in Sigil source:
line 1, col 4: unexpected token 'TODO: manual conversion needed\n;; def wo' in: ;; TODO: manual conversion needed"
HumanEval+,HumanEval/144,python,True,100.0,True,True,True,57,57,57,57,,
HumanEval+,HumanEval/144,kern_compact,True,100.0,True,True,True,57,32,57,32,,
HumanEval+,HumanEval/144,python_minifier,True,100.0,True,True,False,57,31,57,32,,
HumanEval+,HumanEval/144,sigil,True,100.0,False,False,,57,37,57,37,decode,"ValueError: Parse errors in Sigil source:
line 1, col 1: unexpected token ""@simp x n = (x1 x2):map int x.split '/'"" in: @simp x n = (x1 x2):map int x.split '/' (n1 n2):map int n.split '/' x1*n1%x2*n2==0"
HumanEval+,HumanEval/145,python,True,100.0,True,True,True,92,92,92,92,,
HumanEval+,HumanEval/145,kern_compact,True,100.0,True,True,True,92,54,92,54,,
HumanEval+,HumanEval/145,python_minifier,True,100.0,True,True,False,92,63,92,63,,
HumanEval+,HumanEval/145,sigil,True,0.0,False,False,,92,111,92,111,decode,"ValueError: Parse errors in Sigil source:
line 1, col 4: unexpected token 'TODO: manual conversion needed\n;; def or' in: ;; TODO: manual conversion needed"
HumanEval+,HumanEval/146,python,True,100.0,True,True,True,68,68,69,69,,
HumanEval+,HumanEval/146,kern_compact,True,100.0,True,True,True,68,49,69,50,,
HumanEval+,HumanEval/146,python_minifier,True,100.0,True,True,False,68,52,69,53,,
HumanEval+,HumanEval/146,sigil,True,0.0,False,False,,68,80,69,81,decode,"ValueError: Parse errors in Sigil source:
line 1, col 4: unexpected token 'TODO: manual conversion needed\n;; def sp' in: ;; TODO: manual conversion needed"
HumanEval+,HumanEval/147,python,True,100.0,True,True,True,104,104,104,104,,
HumanEval+,HumanEval/147,kern_compact,True,100.0,True,True,True,104,55,104,56,,
HumanEval+,HumanEval/147,python_minifier,True,100.0,True,True,False,104,59,104,59,,
HumanEval+,HumanEval/147,sigil,True,100.0,True,True,False,104,61,104,61,,
HumanEval+,HumanEval/148,python,True,100.0,True,True,True,115,115,114,114,,
HumanEval+,HumanEval/148,kern_compact,True,100.0,True,True,True,115,81,114,81,,
HumanEval+,HumanEval/148,python_minifier,True,100.0,True,True,False,115,84,114,83,,
HumanEval+,HumanEval/148,sigil,True,100.0,False,False,,115,96,114,96,decode,"ValueError: Parse errors in Sigil source:
line 1, col 158: unexpected token ':(planets.index pl planets.index pl2) i1' in: @bf pl pl2 = planets:['Mercury' 'Venus' 'Earth' 'Mars' 'Jupiter' 'Saturn' 'Uranus' 'Neptune'] pl not in planets | pl2 not in planets ? tuple() : None (i1 i2):(planets.index pl planets.index pl2) i1…"
HumanEval+,HumanEval/149,python,True,100.0,True,True,True,83,83,84,84,,
HumanEval+,HumanEval/149,kern_compact,True,100.0,True,True,True,83,63,84,64,,
HumanEval+,HumanEval/149,python_minifier,True,100.0,True,True,False,83,65,84,66,,
HumanEval+,HumanEval/149,sigil,True,0.0,False,False,,83,98,84,99,decode,"ValueError: Parse errors in Sigil source:
line 1, col 4: unexpected token 'TODO: manual conversion needed\n;; def so' in: ;; TODO: manual conversion needed"
HumanEval+,HumanEval/150,python,True,100.0,True,True,True,63,63,63,63,,
HumanEval+,HumanEval/150,kern_compact,True,100.0,True,True,True,63,43,63,43,,
HumanEval+,HumanEval/150,python_minifier,True,100.0,True,True,False,63,45,63,45,,
HumanEval+,HumanEval/150,sigil,True,0.0,False,False,,63,75,63,75,decode,"ValueError: Parse errors in Sigil source:
line 1, col 4: unexpected token 'TODO: manual conversion needed\n;; def x_' in: ;; TODO: manual conversion needed"
HumanEval+,HumanEval/151,python,True,100.0,True,True,True,52,52,52,52,,
HumanEval+,HumanEval/151,kern_compact,True,100.0,True,True,True,52,38,52,39,,
HumanEval+,HumanEval/151,python_minifier,True,100.0,True,True,False,52,42,52,42,,
HumanEval+,HumanEval/151,sigil,True,0.0,False,False,,52,64,52,65,decode,"ValueError: Parse errors in Sigil source:
line 1, col 4: unexpected token 'TODO: manual conversion needed\n;; def do' in: ;; TODO: manual conversion needed"
HumanEval+,HumanEval/152,python,True,100.0,True,True,True,27,27,27,27,,
HumanEval+,HumanEval/152,kern_compact,True,100.0,True,True,True,27,20,27,21,,
HumanEval+,HumanEval/152,python_minifier,True,100.0,True,True,False,27,22,27,23,,
HumanEval+,HumanEval/152,sigil,True,100.0,True,True,False,27,19,27,19,,
HumanEval+,HumanEval/153,python,True,100.0,True,True,True,102,102,102,102,,
HumanEval+,HumanEval/153,kern_compact,True,100.0,True,True,True,102,71,102,71,,
HumanEval+,HumanEval/153,python_minifier,True,100.0,True,True,False,102,81,102,80,,
HumanEval+,HumanEval/153,sigil,True,0.0,False,False,,102,123,102,123,decode,"ValueError: Parse errors in Sigil source:
line 1, col 4: unexpected token 'TODO: manual conversion needed\n;; def St' in: ;; TODO: manual conversion needed"
HumanEval+,HumanEval/154,python,True,100.0,True,True,True,60,60,60,60,,
HumanEval+,HumanEval/154,kern_compact,True,100.0,True,True,True,60,44,60,46,,
HumanEval+,HumanEval/154,python_minifier,True,100.0,True,True,False,60,50,60,50,,
HumanEval+,HumanEval/154,sigil,True,0.0,False,False,,60,74,60,74,decode,"ValueError: Parse errors in Sigil source:
line 1, col 4: unexpected token 'TODO: manual conversion needed\n;; def cy' in: ;; TODO: manual conversion needed"
HumanEval+,HumanEval/155,python,True,100.0,True,True,True,57,57,58,58,,
HumanEval+,HumanEval/155,kern_compact,True,100.0,True,True,True,57,41,58,42,,
HumanEval+,HumanEval/155,python_minifier,True,100.0,True,True,False,57,46,58,47,,
HumanEval+,HumanEval/155,sigil,True,0.0,False,False,,57,74,58,75,decode,"ValueError: Parse errors in Sigil source:
line 1, col 4: unexpected token 'TODO: manual conversion needed\n;; def ev' in: ;; TODO: manual conversion needed"
HumanEval+,HumanEval/156,python,True,100.0,True,True,True,177,177,178,178,,
HumanEval+,HumanEval/156,kern_compact,True,100.0,True,True,True,177,115,178,118,,
HumanEval+,HumanEval/156,python_minifier,True,100.0,True,True,False,177,123,178,125,,
HumanEval+,HumanEval/156,sigil,True,100.0,True,True,False,177,147,178,148,,
HumanEval+,HumanEval/157,python,True,100.0,True,True,True,59,59,59,59,,
HumanEval+,HumanEval/157,kern_compact,True,100.0,True,True,True,59,39,59,39,,
HumanEval+,HumanEval/157,python_minifier,True,100.0,True,True,True,59,41,59,41,,
HumanEval+,HumanEval/157,sigil,True,100.0,True,True,False,59,38,59,38,,
HumanEval+,HumanEval/158,python,True,100.0,True,True,True,70,70,70,70,,
HumanEval+,HumanEval/158,kern_compact,True,100.0,True,True,True,70,36,70,38,,
HumanEval+,HumanEval/158,python_minifier,True,100.0,True,True,False,70,40,70,40,,
HumanEval+,HumanEval/158,sigil,True,0.0,False,False,,70,81,70,81,decode,"ValueError: Parse errors in Sigil source:
line 1, col 4: unexpected token 'TODO: manual conversion needed\n;; def fi' in: ;; TODO: manual conversion needed"
HumanEval+,HumanEval/159,python,True,100.0,True,True,True,40,40,40,40,,
HumanEval+,HumanEval/159,kern_compact,True,100.0,True,True,True,40,28,40,28,,
HumanEval+,HumanEval/159,python_minifier,True,100.0,True,True,False,40,37,40,37,,
HumanEval+,HumanEval/159,sigil,True,100.0,True,True,False,40,25,40,25,,
HumanEval+,HumanEval/160,python,True,100.0,True,True,True,48,48,48,48,,
HumanEval+,HumanEval/160,kern_compact,True,100.0,True,True,True,48,39,48,39,,
HumanEval+,HumanEval/160,python_minifier,True,100.0,True,True,True,48,39,48,39,,
HumanEval+,HumanEval/160,sigil,True,0.0,False,False,,48,59,48,59,decode,"ValueError: Parse errors in Sigil source:
line 1, col 4: unexpected token 'TODO: manual conversion needed\n;; def do' in: ;; TODO: manual conversion needed"
HumanEval+,HumanEval/161,python,True,100.0,True,True,True,58,58,58,58,,
HumanEval+,HumanEval/161,kern_compact,True,100.0,True,True,True,58,39,58,39,,
HumanEval+,HumanEval/161,python_minifier,True,100.0,True,True,False,58,44,58,44,,
HumanEval+,HumanEval/161,sigil,True,0.0,False,False,,58,74,58,74,decode,"ValueError: Parse errors in Sigil source:
line 1, col 4: unexpected token 'TODO: manual conversion needed\n;; def so' in: ;; TODO: manual conversion needed"
HumanEval+,HumanEval/162,python,True,100.0,True,True,True,44,44,44,44,,
HumanEval+,HumanEval/162,kern_compact,True,100.0,True,True,True,44,36,44,36,,
HumanEval+,HumanEval/162,python_minifier,True,100.0,True,True,False,44,37,44,37,,
HumanEval+,HumanEval/162,sigil,True,0.0,False,False,,44,57,44,57,decode,"ValueError: Parse errors in Sigil source:
line 1, col 4: unexpected token 'TODO: manual conversion needed\n;; def st' in: ;; TODO: manual conversion needed"
HumanEval+,HumanEval/163,python,True,100.0,True,True,True,52,52,53,53,,
HumanEval+,HumanEval/163,kern_compact,True,100.0,True,True,True,52,35,53,36,,
HumanEval+,HumanEval/163,python_minifier,True,100.0,True,True,False,52,36,53,37,,
HumanEval+,HumanEval/163,sigil,True,100.0,False,False,,52,37,53,37,decode,"ValueError: Parse errors in Sigil source:
line 1, col 28: unexpected token ': None [i <- range a min b+1 10 i%2==0' in: @gi a b = a>b ? (a b):(b a) : None [i <- range a min b+1 10 i%2==0 & => i]"
MBPP+,Mbpp/2,python,True,100.0,True,True,True,30,30,30,30,,
MBPP+,Mbpp/2,kern_compact,True,100.0,True,True,True,30,24,30,24,,
MBPP+,Mbpp/2,python_minifier,True,100.0,True,True,True,30,26,30,26,,
MBPP+,Mbpp/2,sigil,True,100.0,True,True,False,30,13,30,13,,
MBPP+,Mbpp/3,python,True,100.0,True,True,True,53,53,53,53,,
MBPP+,Mbpp/3,kern_compact,True,100.0,True,True,True,53,37,53,39,,
MBPP+,Mbpp/3,python_minifier,True,100.0,True,True,False,53,40,53,40,,
MBPP+,Mbpp/3,sigil,True,50.0,False,False,,53,67,53,67,decode,"ValueError: Parse errors in Sigil source:
line 1, col 1: unexpected token '<math>\n;; TODO: manual conversion needed' in: <math>"
MBPP+,Mbpp/4,python,True,100.0,True,True,True,40,40,40,40,,
MBPP+,Mbpp/4,kern_compact,True,100.0,True,True,True,40,25,40,25,,
MBPP+,Mbpp/4,python_minifier,True,100.0,True,True,False,40,26,40,26,,
MBPP+,Mbpp/4,sigil,True,100.0,True,True,False,40,25,40,24,,
MBPP+,Mbpp/6,python,True,100.0,True,True,True,57,57,63,63,,
MBPP+,Mbpp/6,kern_compact,True,100.0,True,True,True,57,41,63,47,,
MBPP+,Mbpp/6,python_minifier,True,100.0,True,True,False,57,41,63,47,,
MBPP+,Mbpp/6,sigil,True,100.0,False,False,,57,36,63,40,decode,"ValueError: Parse errors in Sigil source:
line 2, col 1: unexpected token '@dAOB n:i n2:i = is_Power_Of_Two n^n2' in: @dAOB n:i n2:i = is_Power_Of_Two n^n2"
MBPP+,Mbpp/7,python,True,100.0,True,True,True,28,28,28,28,,
MBPP+,Mbpp/7,kern_compact,True,100.0,True,True,True,28,22,28,22,,
MBPP+,Mbpp/7,python_minifier,True,100.0,True,True,True,28,24,28,24,,
MBPP+,Mbpp/7,sigil,True,100.0,True,True,False,28,21,28,21,,
MBPP+,Mbpp/8,python,True,100.0,True,True,True,16,16,16,16,,
MBPP+,Mbpp/8,kern_compact,True,100.0,True,True,True,16,13,16,13,,
MBPP+,Mbpp/8,python_minifier,True,100.0,True,True,False,16,14,16,14,,
MBPP+,Mbpp/8,sigil,True,100.0,True,True,False,16,13,16,13,,
MBPP+,Mbpp/9,python,True,100.0,True,True,True,57,57,57,57,,
MBPP+,Mbpp/9,kern_compact,True,100.0,True,True,True,57,39,57,39,,
MBPP+,Mbpp/9,python_minifier,True,100.0,True,True,False,57,42,57,42,,
MBPP+,Mbpp/9,sigil,True,0.0,False,False,,57,66,57,66,decode,"ValueError: Parse errors in Sigil source:
line 1, col 4: unexpected token 'TODO: manual conversion needed\n;; def fi' in: ;; TODO: manual conversion needed"
MBPP+,Mbpp/11,python,True,100.0,True,True,True,41,41,41,41,,
MBPP+,Mbpp/11,kern_compact,True,100.0,True,True,True,41,29,41,29,,
MBPP+,Mbpp/11,python_minifier,True,100.0,True,True,True,41,31,41,31,,
MBPP+,Mbpp/11,sigil,True,100.0,False,False,,41,27,41,27,decode,"ValueError: Parse errors in Sigil source:
line 1, col 35: unexpected token ""[::-1].replace ch '' 1[::-1] s"" in: @rO s ch = s:s.replace ch '' 1 s:s[::-1].replace ch '' 1[::-1] s"
MBPP+,Mbpp/12,python,True,100.0,True,True,True,19,19,19,19,,
MBPP+,Mbpp/12,kern_compact,True,100.0,True,True,True,19,9,19,9,,
MBPP+,Mbpp/12,python_minifier,True,100.0,True,True,False,19,14,19,14,,
MBPP+,Mbpp/12,sigil,True,100.0,True,True,False,19,12,19,12,,
MBPP+,Mbpp/14,python,True,100.0,True,True,True,25,25,26,26,,
MBPP+,Mbpp/14,kern_compact,True,100.0,True,True,True,25,12,26,13,,
MBPP+,Mbpp/14,python_minifier,True,100.0,True,True,True,25,14,26,15,,
MBPP+,Mbpp/14,sigil,True,100.0,True,True,False,25,12,26,12,,
MBPP+,Mbpp/16,python,True,100.0,True,True,True,30,30,31,31,,
MBPP+,Mbpp/16,kern_compact,True,100.0,True,True,True,30,26,31,27,,
MBPP+,Mbpp/16,python_minifier,True,100.0,True,True,True,30,28,31,29,,
MBPP+,Mbpp/16,sigil,True,100.0,True,True,False,30,25,31,25,,
MBPP+,Mbpp/17,python,True,100.0,True,True,True,13,13,13,13,,
MBPP+,Mbpp/17,kern_compact,True,100.0,True,True,True,13,7,13,7,,
MBPP+,Mbpp/17,python_minifier,True,100.0,True,True,True,13,10,13,10,,
MBPP+,Mbpp/17,sigil,True,100.0,True,True,False,13,7,13,7,,
MBPP+,Mbpp/18,python,True,100.0,True,True,True,28,28,28,28,,
MBPP+,Mbpp/18,kern_compact,True,100.0,True,True,True,28,22,28,22,,
MBPP+,Mbpp/18,python_minifier,True,100.0,True,True,False,28,26,28,26,,
MBPP+,Mbpp/18,sigil,True,0.0,False,False,,28,38,28,38,decode,"ValueError: Parse errors in Sigil source:
line 1, col 4: unexpected token 'TODO: manual conversion needed\n;; def re' in: ;; TODO: manual conversion needed"
MBPP+,Mbpp/19,python,True,100.0,True,True,True,19,19,19,19,,
MBPP+,Mbpp/19,kern_compact,True,100.0,True,True,True,19,14,19,14,,
MBPP+,Mbpp/19,python_minifier,True,100.0,True,True,False,19,18,19,18,,
MBPP+,Mbpp/19,sigil,True,100.0,True,True,False,19,10,19,10,,
MBPP+,Mbpp/20,python,True,100.0,True,True,True,98,98,98,98,,
MBPP+,Mbpp/20,kern_compact,True,100.0,True,True,True,98,59,98,62,,
MBPP+,Mbpp/20,python_minifier,True,100.0,True,True,False,98,73,98,73,,
MBPP+,Mbpp/20,sigil,True,0.0,False,False,,98,118,98,118,decode,"ValueError: Parse errors in Sigil source:
line 1, col 4: unexpected token 'TODO: manual conversion needed\n;; def is' in: ;; TODO: manual conversion needed"
MBPP+,Mbpp/56,python,True,100.0,True,True,True,24,24,24,24,,
MBPP+,Mbpp/56,kern_compact,True,100.0,True,True,True,24,15,24,15,,
MBPP+,Mbpp/56,python_minifier,True,100.0,True,True,True,24,17,24,17,,
MBPP+,Mbpp/56,sigil,True,100.0,True,True,False,24,16,24,15,,
MBPP+,Mbpp/57,python,True,100.0,True,True,True,26,26,27,27,,
MBPP+,Mbpp/57,kern_compact,True,100.0,True,True,True,26,19,27,20,,
MBPP+,Mbpp/57,python_minifier,True,100.0,True,True,True,26,20,27,21,,
MBPP+,Mbpp/57,sigil,True,100.0,True,True,False,26,16,27,16,,
MBPP+,Mbpp/58,python,True,100.0,True,True,True,22,22,21,21,,
MBPP+,Mbpp/58,kern_compact,True,100.0,True,True,True,22,13,21,12,,
MBPP+,Mbpp/58,python_minifier,True,100.0,True,True,True,22,14,21,13,,
MBPP+,Mbpp/58,sigil,True,100.0,False,False,,22,10,21,11,decode,"ValueError: Parse errors in Sigil source:
line 1, col 1: unexpected token '@oS x y = x^y<0' in: @oS x y = x^y<0"
MBPP+,Mbpp/59,python,True,100.0,True,True,True,21,21,21,21,,
MBPP+,Mbpp/59,kern_compact,True,100.0,True,True,True,21,11,21,11,,
MBPP+,Mbpp/59,python_minifier,True,100.0,True,True,True,21,14,21,14,,
MBPP+,Mbpp/59,sigil,True,100.0,True,True,False,21,11,21,11,,
MBPP+,Mbpp/61,python,True,100.0,True,True,True,95,95,95,95,,
MBPP+,Mbpp/61,kern_compact,True,100.0,True,True,True,95,66,95,67,,
MBPP+,Mbpp/61,python_minifier,True,100.0,True,True,False,95,70,95,71,,
MBPP+,Mbpp/61,sigil,True,50.0,False,False,,95,110,95,110,decode,"ValueError: Parse errors in Sigil source:
line 1, col 1: unexpected token '<collections.defaultdict>\n;; TODO: manua' in: <collections.defaultdict>"
MBPP+,Mbpp/62,python,True,100.0,True,True,True,24,24,24,24,,
MBPP+,Mbpp/62,kern_compact,True,100.0,True,True,True,24,18,24,18,,
MBPP+,Mbpp/62,python_minifier,True,100.0,True,True,True,24,18,24,18,,
MBPP+,Mbpp/62,sigil,True,0.0,False,False,,24,33,24,33,decode,"ValueError: Parse errors in Sigil source:
line 1, col 4: unexpected token 'TODO: manual conversion needed\n;; def sm' in: ;; TODO: manual conversion needed"
MBPP+,Mbpp/63,python,True,100.0,True,True,True,23,23,23,23,,
MBPP+,Mbpp/63,kern_compact,True,100.0,True,True,True,23,17,23,17,,
MBPP+,Mbpp/63,python_minifier,True,100.0,True,True,False,23,20,23,20,,
MBPP+,Mbpp/63,sigil,True,100.0,False,False,,23,19,23,19,decode,"ValueError: Parse errors in Sigil source:
line 1, col 14: unexpected token '(abs(a - b) for a, b in test_list)' in: @md te = max (abs(a - b) for a, b in test_list)"
MBPP+,Mbpp/64,python,True,100.0,True,True,True,53,53,53,53,,
MBPP+,Mbpp/64,kern_compact,True,100.0,True,True,True,53,19,53,20,,
MBPP+,Mbpp/64,python_minifier,True,100.0,True,True,False,53,22,53,22,,
MBPP+,Mbpp/64,sigil,True,100.0,False,False,,53,14,53,14,decode,"ValueError: Parse errors in Sigil source:
line 1, col 23: unexpected token '->x[1] su' in: @sm su = su.sort key:x->x[1] su"
MBPP+,Mbpp/65,python,True,100.0,True,True,True,51,51,51,51,,
MBPP+,Mbpp/65,kern_compact,True,100.0,True,True,True,51,37,51,38,,
MBPP+,Mbpp/65,python_minifier,True,100.0,True,True,False,51,41,51,41,,
MBPP+,Mbpp/65,sigil,True,0.0,False,False,,51,67,51,67,decode,"ValueError: Parse errors in Sigil source:
line 1, col 4: unexpected token 'TODO: manual conversion needed\n;; def re' in: ;; TODO: manual conversion needed"
MBPP+,Mbpp/66,python,True,100.0,True,True,True,21,21,21,21,,
MBPP+,Mbpp/66,kern_compact,True,100.0,True,True,True,21,16,21,16,,
MBPP+,Mbpp/66,python_minifier,True,100.0,True,True,False,21,18,21,18,,
MBPP+,Mbpp/66,sigil,True,100.0,False,False,,21,16,21,16,decode,"ValueError: Parse errors in Sigil source:
line 1, col 13: unexpected token '[x <- l x>0 & => x]' in: @pc l = len [x <- l x>0 & => x]"
MBPP+,Mbpp/67,python,True,100.0,True,True,True,116,116,116,116,,
MBPP+,Mbpp/67,kern_compact,True,100.0,True,True,True,116,91,116,92,,
MBPP+,Mbpp/67,python_minifier,True,100.0,True,True,False,116,95,116,96,,
MBPP+,Mbpp/67,sigil,True,0.0,False,False,,116,132,116,132,decode,"ValueError: Parse errors in Sigil source:
line 1, col 4: unexpected token 'TODO: manual conversion needed\n;; def be' in: ;; TODO: manual conversion needed"
MBPP+,Mbpp/68,python,True,100.0,True,True,True,47,47,47,47,,
MBPP+,Mbpp/68,kern_compact,True,100.0,True,True,True,47,38,47,38,,
MBPP+,Mbpp/68,python_minifier,True,100.0,True,True,False,47,42,47,42,,
MBPP+,Mbpp/68,sigil,True,100.0,False,False,,47,42,47,42,decode,"ValueError: Parse errors in Sigil source:
line 1, col 13: unexpected token '(a <= b for a, b in zip(A, A[1:])) | all' in: @iM A = all (a <= b for a, b in zip(A, A[1:])) | all (a >= b for a, b in zip(A, A[1:]))"
MBPP+,Mbpp/69,python,True,100.0,True,True,True,43,43,44,44,,
MBPP+,Mbpp/69,kern_compact,True,100.0,True,True,True,43,38,44,39,,
MBPP+,Mbpp/69,python_minifier,True,100.0,True,True,False,43,39,44,40,,
MBPP+,Mbpp/69,sigil,True,100.0,True,False,,43,39,44,39,parse,"SyntaxError: invalid syntax (<unknown>, line 1)"
MBPP+,Mbpp/70,python,True,100.0,True,True,True,22,22,22,22,,
MBPP+,Mbpp/70,kern_compact,True,100.0,True,True,True,22,14,22,15,,
MBPP+,Mbpp/70,python_minifier,True,100.0,True,True,False,22,17,22,18,,
MBPP+,Mbpp/70,sigil,True,100.0,True,False,,22,16,22,16,parse,"SyntaxError: invalid syntax (<unknown>, line 2)"
MBPP+,Mbpp/71,python,True,100.0,True,True,True,113,113,113,113,,
MBPP+,Mbpp/71,kern_compact,True,100.0,True,True,True,113,75,113,75,,
MBPP+,Mbpp/71,python_minifier,True,100.0,True,True,False,113,87,113,88,,
MBPP+,Mbpp/71,sigil,True,0.0,False,False,,113,134,113,134,decode,"ValueError: Parse errors in Sigil source:
line 1, col 4: unexpected token 'TODO: manual conversion needed\n;; def co' in: ;; TODO: manual conversion needed"
MBPP+,Mbpp/72,python,True,100.0,True,True,True,44,44,44,44,,
MBPP+,Mbpp/72,kern_compact,True,100.0,True,True,True,44,10,44,10,,
MBPP+,Mbpp/72,python_minifier,True,100.0,True,True,True,44,12,44,12,,
MBPP+,Mbpp/72,sigil,True,100.0,True,True,False,44,9,44,10,,
MBPP+,Mbpp/74,python,True,100.0,True,True,True,78,78,78,78,,
MBPP+,Mbpp/74,kern_compact,True,100.0,True,True,True,78,56,78,55,,
MBPP+,Mbpp/74,python_minifier,True,100.0,True,True,False,78,64,78,64,,
MBPP+,Mbpp/74,sigil,True,0.0,False,False,,78,91,78,91,decode,"ValueError: Parse errors in Sigil source:
line 1, col 4: unexpected token 'TODO: manual conversion needed\n;; def is' in: ;; TODO: manual conversion needed"
MBPP+,Mbpp/75,python,True,100.0,True,True,True,36,36,37,37,,
MBPP+,Mbpp/75,kern_compact,True,100.0,True,True,True,36,25,37,26,,
MBPP+,Mbpp/75,python_minifier,True,100.0,True,True,False,36,29,37,31,,
MBPP+,Mbpp/75,sigil,True,100.0,False,False,,36,28,37,28,decode,"ValueError: Parse errors in Sigil source:
line 1, col 1: unexpected token '@ft te K = res:[sub <- te all (ele % K =' in: @ft te K = res:[sub <- te all (ele % K == 0 for ele in sub) & => sub] res"
MBPP+,Mbpp/77,python,True,100.0,True,True,True,18,18,18,18,,
MBPP+,Mbpp/77,kern_compact,True,100.0,True,True,True,18,10,18,10,,
MBPP+,Mbpp/77,python_minifier,True,100.0,True,True,True,18,12,18,12,,
MBPP+,Mbpp/77,sigil,True,100.0,True,True,False,18,10,18,10,,
MBPP+,Mbpp/79,python,True,100.0,True,True,True,19,19,19,19,,
MBPP+,Mbpp/79,kern_compact,True,100.0,True,True,True,19,10,19,10,,
MBPP+,Mbpp/79,python_minifier,True,100.0,True,True,True,19,12,19,12,,
MBPP+,Mbpp/79,sigil,True,100.0,True,True,False,19,10,19,10,,
MBPP+,Mbpp/80,python,True,100.0,True,True,True,30,30,29,29,,
MBPP+,Mbpp/80,kern_compact,True,100.0,True,True,True,30,17,29,17,,
MBPP+,Mbpp/80,python_minifier,True,100.0,True,True,True,30,19,29,18,,
MBPP+,Mbpp/80,sigil,True,100.0,True,True,False,30,13,29,13,,
MBPP+,Mbpp/82,python,True,100.0,True,True,True,25,25,26,26,,
MBPP+,Mbpp/82,kern_compact,True,100.0,True,True,True,25,19,26,21,,
MBPP+,Mbpp/82,python_minifier,True,100.0,True,True,True,25,19,26,20,,
MBPP+,Mbpp/82,sigil,True,100.0,True,True,False,25,20,26,21,,
MBPP+,Mbpp/84,python,True,100.0,True,True,True,87,87,90,90,,
MBPP+,Mbpp/84,kern_compact,True,100.0,True,True,True,87,62,90,65,,
MBPP+,Mbpp/84,python_minifier,True,100.0,True,True,False,87,65,90,65,,
MBPP+,Mbpp/84,sigil,True,0.0,False,False,,87,104,90,104,decode,"ValueError: Parse errors in Sigil source:
line 1, col 4: unexpected token 'TODO: manual conversion needed\n;; def se' in: ;; TODO: manual conversion needed"
MBPP+,Mbpp/85,python,True,100.0,True,True,True,23,23,24,24,,
MBPP+,Mbpp/85,kern_compact,True,100.0,True,True,True,23,14,24,16,,
MBPP+,Mbpp/85,python_minifier,True,100.0,True,True,True,23,17,24,19,,
MBPP+,Mbpp/85,sigil,True,100.0,True,True,False,23,14,24,15,,
MBPP+,Mbpp/86,python,True,100.0,True,True,True,25,25,25,25,,
MBPP+,Mbpp/86,kern_compact,True,100.0,True,True,True,25,15,25,15,,
MBPP+,Mbpp/86,python_minifier,True,100.0,True,True,True,25,17,25,17,,
MBPP+,Mbpp/86,sigil,True,100.0,True,True,False,25,12,25,12,,
MBPP+,Mbpp/87,python,True,100.0,True,True,True,43,43,44,44,,
MBPP+,Mbpp/87,kern_compact,True,100.0,True,True,True,43,32,44,33,,
MBPP+,Mbpp/87,python_minifier,True,100.0,True,True,False,43,36,44,37,,
MBPP+,Mbpp/87,sigil,True,100.0,True,True,False,43,27,44,28,,
MBPP+,Mbpp/88,python,True,100.0,True,True,True,24,24,24,24,,
MBPP+,Mbpp/88,kern_compact,True,100.0,True,True,True,24,13,24,13,,
MBPP+,Mbpp/88,python_minifier,True,100.0,True,True,False,24,18,24,18,,
MBPP+,Mbpp/88,sigil,True,100.0,True,True,False,24,15,24,15,,
MBPP+,Mbpp/89,python,True,100.0,True,True,True,14,14,14,14,,
MBPP+,Mbpp/89,kern_compact,True,100.0,True,True,True,14,7,14,7,,
MBPP+,Mbpp/89,python_minifier,True,100.0,True,True,True,14,9,14,9,,
MBPP+,Mbpp/89,sigil,True,100.0,True,True,False,14,7,14,7,,
MBPP+,Mbpp/90,python,True,100.0,True,True,True,19,19,19,19,,
MBPP+,Mbpp/90,kern_compact,True,100.0,True,True,True,19,15,19,15,,
MBPP+,Mbpp/90,python_minifier,True,100.0,True,True,False,19,17,19,17,,
MBPP+,Mbpp/90,sigil,True,100.0,True,False,,19,15,19,15,parse,"SyntaxError: invalid syntax (<unknown>, line 2)"
MBPP+,Mbpp/91,python,True,100.0,True,True,True,24,24,24,24,,
MBPP+,Mbpp/91,kern_compact,True,100.0,True,True,True,24,20,24,20,,
MBPP+,Mbpp/91,python_minifier,True,100.0,True,True,False,24,22,24,22,,
MBPP+,Mbpp/91,sigil,True,100.0,True,False,,24,17,24,17,parse,"SyntaxError: invalid syntax (<unknown>, line 2)"
MBPP+,Mbpp/92,python,True,100.0,True,True,True,54,54,56,56,,
MBPP+,Mbpp/92,kern_compact,True,100.0,True,True,True,54,42,56,44,,
MBPP+,Mbpp/92,python_minifier,True,100.0,True,True,False,54,45,56,45,,
MBPP+,Mbpp/92,sigil,True,100.0,False,False,,54,41,56,42,decode,"ValueError: Parse errors in Sigil source:
line 1, col 83: unexpected token '(a != b for a, b in zip(digits, digits[1' in: @iu n = digits:[digit <- str n => int digit] len set digits!=2 ? False : None all (a != b for a, b in zip(digits, digits[1:]))"
MBPP+,Mbpp/93,python,True,100.0,True,True,True,12,12,12,12,,
MBPP+,Mbpp/93,kern_compact,True,100.0,True,True,True,12,7,12,7,,
MBPP+,Mbpp/93,python_minifier,True,100.0,True,True,True,12,9,12,9,,
MBPP+,Mbpp/93,sigil,True,100.0,True,True,False,12,9,12,9,,
MBPP+,Mbpp/94,python,True,100.0,True,True,True,35,35,36,36,,
MBPP+,Mbpp/94,kern_compact,True,100.0,True,True,True,35,22,36,23,,
MBPP+,Mbpp/94,python_minifier,True,100.0,True,True,False,35,26,36,27,,
MBPP+,Mbpp/94,sigil,True,100.0,True,True,False,35,21,36,21,,
MBPP+,Mbpp/95,python,True,100.0,True,True,True,24,24,26,26,,
MBPP+,Mbpp/95,kern_compact,True,100.0,True,True,True,24,14,26,14,,
MBPP+,Mbpp/95,python_minifier,True,100.0,True,True,False,24,18,26,18,,
MBPP+,Mbpp/95,sigil,True,100.0,True,False,,24,16,26,19,parse,"SyntaxError: invalid syntax (<unknown>, line 2)"
MBPP+,Mbpp/96,python,True,100.0,True,True,True,30,30,30,30,,
MBPP+,Mbpp/96,kern_compact,True,100.0,True,True,True,30,23,30,23,,
MBPP+,Mbpp/96,python_minifier,True,100.0,True,True,False,30,24,30,24,,
MBPP+,Mbpp/96,sigil,True,100.0,True,False,,30,28,30,28,parse,"SyntaxError: invalid syntax (<unknown>, line 2)"
MBPP+,Mbpp/97,python,True,100.0,True,True,True,39,39,41,41,,
MBPP+,Mbpp/97,kern_compact,True,100.0,True,True,True,39,32,41,32,,
MBPP+,Mbpp/97,python_minifier,True,100.0,True,True,False,39,34,41,34,,
MBPP+,Mbpp/97,sigil,True,100.0,True,False,,39,31,41,33,parse,"SyntaxError: invalid syntax (<unknown>, line 2)"
MBPP+,Mbpp/98,python,True,100.0,True,True,True,31,31,31,31,,
MBPP+,Mbpp/98,kern_compact,True,100.0,True,True,True,31,24,31,25,,
MBPP+,Mbpp/98,python_minifier,True,100.0,True,True,False,31,28,31,28,,
MBPP+,Mbpp/98,sigil,True,0.0,False,False,,31,39,31,39,decode,"ValueError: Parse errors in Sigil source:
line 1, col 4: unexpected token 'TODO: manual conversion needed\n;; def mu' in: ;; TODO: manual conversion needed"
MBPP+,Mbpp/99,python,True,100.0,True,True,True,20,20,20,20,,
MBPP+,Mbpp/99,kern_compact,True,100.0,True,True,True,20,14,20,14,,
MBPP+,Mbpp/99,python_minifier,True,100.0,True,True,True,20,16,20,16,,
MBPP+,Mbpp/99,sigil,True,100.0,True,True,False,20,13,20,13,,
MBPP+,Mbpp/100,python,True,100.0,True,True,True,337,337,338,338,,
MBPP+,Mbpp/100,kern_compact,True,100.0,True,True,True,337,190,338,191,,
MBPP+,Mbpp/100,python_minifier,True,100.0,True,True,False,337,217,338,219,,
MBPP+,Mbpp/100,sigil,True,0.0,False,False,,337,340,338,341,decode,"ValueError: Parse errors in Sigil source:
line 1, col 4: unexpected token 'TODO: manual conversion needed\n;; def ne' in: ;; TODO: manual conversion needed"
MBPP+,Mbpp/101,python,True,100.0,True,True,True,16,16,15,15,,
MBPP+,Mbpp/101,kern_compact,True,100.0,True,True,True,16,11,15,11,,
MBPP+,Mbpp/101,python_minifier,True,100.0,True,True,True,16,13,15,12,,
MBPP+,Mbpp/101,sigil,True,100.0,True,True,False,16,10,15,10,,
MBPP+,Mbpp/102,python,True,100.0,True,True,True,24,24,24,24,,
MBPP+,Mbpp/102,kern_compact,True,100.0,True,True,True,24,22,24,22,,
MBPP+,Mbpp/102,python_minifier,True,100.0,True,True,False,24,23,24,23,,
MBPP+,Mbpp/102,sigil,True,100.0,True,False,,24,20,24,20,parse,"SyntaxError: invalid syntax (<unknown>, line 2)"
MBPP+,Mbpp/103,python,True,100.0,True,True,True,78,78,81,81,,
MBPP+,Mbpp/103,kern_compact,True,100.0,True,True,True,78,52,81,54,,
MBPP+,Mbpp/103,python_minifier,True,100.0,True,True,True,78,55,81,56,,
MBPP+,Mbpp/103,sigil,True,100.0,True,True,False,78,48,81,50,,
MBPP+,Mbpp/104,python,True,100.0,True,True,True,20,20,21,21,,
MBPP+,Mbpp/104,kern_compact,True,100.0,True,True,True,20,16,21,17,,
MBPP+,Mbpp/104,python_minifier,True,100.0,True,True,False,20,18,21,19,,
MBPP+,Mbpp/104,sigil,True,100.0,True,False,,20,12,21,12,parse,"SyntaxError: invalid syntax (<unknown>, line 1)"
MBPP+,Mbpp/105,python,True,100.0,True,True,True,12,12,12,12,,
MBPP+,Mbpp/105,kern_compact,True,100.0,True,True,True,12,6,12,6,,
MBPP+,Mbpp/105,python_minifier,True,100.0,True,True,True,12,8,12,8,,
MBPP+,Mbpp/105,sigil,True,100.0,True,True,False,12,6,12,7,,
MBPP+,Mbpp/106,python,True,100.0,True,True,True,21,21,21,21,,
MBPP+,Mbpp/106,kern_compact,True,100.0,True,True,True,21,16,21,16,,
MBPP+,Mbpp/106,python_minifier,True,100.0,True,True,True,21,18,21,18,,
MBPP+,Mbpp/106,sigil,True,100.0,True,True,False,21,11,21,11,,
MBPP+,Mbpp/108,python,True,100.0,True,True,True,27,27,28,28,,
MBPP+,Mbpp/108,kern_compact,True,100.0,True,True,True,27,23,28,24,,
MBPP+,Mbpp/108,python_minifier,True,100.0,True,True,True,27,25,28,26,,
MBPP+,Mbpp/108,sigil,True,100.0,True,True,False,27,21,28,21,,
MBPP+,Mbpp/109,python,True,100.0,True,True,True,48,48,47,47,,
MBPP+,Mbpp/109,kern_compact,True,100.0,True,True,True,48,30,47,29,,
MBPP+,Mbpp/109,python_minifier,True,100.0,True,True,False,48,34,47,33,,
MBPP+,Mbpp/109,sigil,True,0.0,False,False,,48,58,47,57,decode,"ValueError: Parse errors in Sigil source:
line 1, col 4: unexpected token 'TODO: manual conversion needed\n;; def od' in: ;; TODO: manual conversion needed"
MBPP+,Mbpp/111,python,True,100.0,True,True,True,22,22,23,23,,
MBPP+,Mbpp/111,kern_compact,True,100.0,True,True,True,22,18,23,19,,
MBPP+,Mbpp/111,python_minifier,True,100.0,True,True,True,22,20,23,21,,
MBPP+,Mbpp/111,sigil,True,100.0,True,True,False,22,12,23,13,,
MBPP+,Mbpp/113,python,True,100.0,True,True,True,47,47,48,48,,
MBPP+,Mbpp/113,kern_compact,True,100.0,True,True,True,47,34,48,35,,
MBPP+,Mbpp/113,python_minifier,True,100.0,True,True,False,47,41,48,42,,
MBPP+,Mbpp/113,sigil,True,100.0,False,False,,47,35,48,36,decode,"ValueError: Parse errors in Sigil source:
line 1, col 67: unexpected token ': None te.isdigit()' in: @ci te = te:te.strip() len te<1 ? None : te[0] in '+-' ? te:te[1:] : None te.isdigit()"
MBPP+,Mbpp/116,python,True,100.0,True,True,True,18,18,18,18,,
MBPP+,Mbpp/116,kern_compact,True,100.0,True,True,True,18,14,18,14,,
MBPP+,Mbpp/116,python_minifier,True,100.0,True,True,True,18,16,18,16,,
MBPP+,Mbpp/116,sigil,True,100.0,True,True,False,18,10,18,10,,
MBPP+,Mbpp/118,python,True,100.0,True,True,True,14,14,14,14,,
MBPP+,Mbpp/118,kern_compact,True,100.0,True,True,True,14,9,14,9,,
MBPP+,Mbpp/118,python_minifier,True,100.0,True,True,True,14,11,14,11,,
MBPP+,Mbpp/118,sigil,True,100.0,True,True,False,14,9,14,9,,
MBPP+,Mbpp/119,python,True,100.0,True,True,True,39,39,39,39,,
MBPP+,Mbpp/119,kern_compact,True,100.0,True,True,True,39,23,39,24,,
MBPP+,Mbpp/119,python_minifier,True,100.0,True,True,False,39,26,39,26,,
MBPP+,Mbpp/119,sigil,True,0.0,False,False,,39,47,39,47,decode,"ValueError: Parse errors in Sigil source:
line 1, col 4: unexpected token 'TODO: manual conversion needed\n;; def se' in: ;; TODO: manual conversion needed"
MBPP+,Mbpp/120,python,True,100.0,True,True,True,24,24,24,24,,
MBPP+,Mbpp/120,kern_compact,True,100.0,True,True,True,24,18,24,18,,
MBPP+,Mbpp/120,python_minifier,True,100.0,True,True,False,24,21,24,22,,
MBPP+,Mbpp/120,sigil,True,100.0,False,False,,24,19,24,19,decode,"ValueError: Parse errors in Sigil source:
line 1, col 15: unexpected token '(abs(x * y) for x, y in list1)' in: @mpt li = max (abs(x * y) for x, y in list1)"
MBPP+,Mbpp/123,python,True,100.0,True,True,True,157,157,153,153,,
MBPP+,Mbpp/123,kern_compact,True,100.0,True,True,True,157,97,153,98,,
MBPP+,Mbpp/123,python_minifier,True,100.0,True,True,False,157,116,153,116,,
MBPP+,Mbpp/123,sigil,True,0.0,False,False,,157,191,153,187,decode,"ValueError: Parse errors in Sigil source:
line 1, col 4: unexpected token 'TODO: manual conversion needed\n;; def di' in: ;; TODO: manual conversion needed"
MBPP+,Mbpp/124,python,True,100.0,True,True,True,23,23,23,23,,
MBPP+,Mbpp/124,kern_compact,True,100.0,True,True,True,23,14,23,14,,
MBPP+,Mbpp/124,python_minifier,True,100.0,True,True,False,23,19,23,19,,
MBPP+,Mbpp/124,sigil,True,100.0,True,True,False,23,15,23,15,,
MBPP+,Mbpp/125,python,True,100.0,True,True,True,73,73,73,73,,
MBPP+,Mbpp/125,kern_compact,True,100.0,True,True,True,73,38,73,39,,
MBPP+,Mbpp/125,python_minifier,True,100.0,True,True,False,73,48,73,48,,
MBPP+,Mbpp/125,sigil,True,0.0,False,False,,73,87,73,87,decode,"ValueError: Parse errors in Sigil source:
line 1, col 4: unexpected token 'TODO: manual conversion needed\n;; def fi' in: ;; TODO: manual conversion needed"
MBPP+,Mbpp/126,python,True,100.0,True,True,True,87,87,87,87,,
MBPP+,Mbpp/126,kern_compact,True,100.0,True,True,True,87,52,87,53,,
MBPP+,Mbpp/126,python_minifier,True,100.0,True,True,False,87,62,87,62,,
MBPP+,Mbpp/126,sigil,True,50.0,False,False,,87,96,87,96,decode,"ValueError: Parse errors in Sigil source:
line 1, col 1: unexpected token '<math>\n;; TODO: manual conversion needed' in: <math>"
MBPP+,Mbpp/127,python,True,100.0,True,True,True,14,14,14,14,,
MBPP+,Mbpp/127,kern_compact,True,100.0,True,True,True,14,7,14,7,,
MBPP+,Mbpp/127,python_minifier,True,100.0,True,True,True,14,9,14,9,,
MBPP+,Mbpp/127,sigil,True,100.0,True,True,False,14,7,14,7,,
MBPP+,Mbpp/128,python,True,100.0,True,True,True,26,26,26,26,,
MBPP+,Mbpp/128,kern_compact,True,100.0,True,True,True,26,20,26,21,,
MBPP+,Mbpp/128,python_minifier,True,100.0,True,True,True,26,20,26,21,,
MBPP+,Mbpp/128,sigil,True,100.0,True,True,False,26,16,26,17,,
MBPP+,Mbpp/129,python,True,100.0,True,True,True,143,143,143,143,,
MBPP+,Mbpp/129,kern_compact,True,100.0,True,True,True,143,103,143,105,,
MBPP+,Mbpp/129,python_minifier,True,100.0,True,True,False,143,104,143,104,,
MBPP+,Mbpp/129,sigil,True,100.0,True,False,,143,110,143,110,parse,"SyntaxError: expected 'else' after 'if' expression (<unknown>, line 2)"
MBPP+,Mbpp/130,python,True,100.0,True,True,True,41,41,41,41,,
MBPP+,Mbpp/130,kern_compact,True,100.0,True,True,True,41,31,41,32,,
MBPP+,Mbpp/130,python_minifier,True,100.0,True,True,False,41,32,41,33,,
MBPP+,Mbpp/130,sigil,True,50.0,False,False,,41,52,41,52,decode,"ValueError: Parse errors in Sigil source:
line 1, col 1: unexpected token '<collections.defaultdict>\n;; TODO: manua' in: <collections.defaultdict>"
MBPP+,Mbpp/131,python,True,100.0,True,True,True,68,68,67,67,,
MBPP+,Mbpp/131,kern_compact,True,100.0,True,True,True,68,61,67,61,,
MBPP+,Mbpp/131,python_minifier,True,100.0,True,True,False,68,58,67,58,,
MBPP+,Mbpp/131,sigil,True,100.0,False,False,,68,58,67,58,decode,"ValueError: Parse errors in Sigil source:
line 1, col 43: unexpected token ':[(i c) <- enumerate st is_vowel c & =>' in: @rv st = is_vowel:x->x in 'aeiouAEIOU' pos:[(i c) <- enumerate st is_vowel c & => i] ''.join (c if not is_vowel(c) else str1[pos.pop()] for c in str1)"
MBPP+,Mbpp/132,python,True,100.0,True,True,True,16,16,16,16,,
MBPP+,Mbpp/132,kern_compact,True,100.0,True,True,True,16,14,16,14,,
MBPP+,Mbpp/132,python_minifier,True,100.0,True,True,True,16,14,16,14,,
MBPP+,Mbpp/132,sigil,True,100.0,True,True,False,16,7,16,7,,
MBPP+,Mbpp/133,python,True,100.0,True,True,True,23,23,22,22,,
MBPP+,Mbpp/133,kern_compact,True,100.0,True,True,True,23,18,22,17,,
MBPP+,Mbpp/133,python_minifier,True,100.0,True,True,False,23,20,22,19,,
MBPP+,Mbpp/133,sigil,True,100.0,True,False,,23,17,22,17,parse,"SyntaxError: invalid syntax (<unknown>, line 2)"
MBPP+,Mbpp/135,python,True,100.0,True,True,True,20,20,20,20,,
MBPP+,Mbpp/135,kern_compact,True,100.0,True,True,True,20,12,20,12,,
MBPP+,Mbpp/135,python_minifier,True,100.0,True,True,True,20,14,20,14,,
MBPP+,Mbpp/135,sigil,True,100.0,True,True,False,20,10,20,10,,
MBPP+,Mbpp/137,python,True,100.0,True,True,True,47,47,47,47,,
MBPP+,Mbpp/137,kern_compact,True,100.0,True,True,True,47,38,47,38,,
MBPP+,Mbpp/137,python_minifier,True,100.0,True,True,False,47,43,47,43,,
MBPP+,Mbpp/137,sigil,True,100.0,True,False,,47,44,47,44,parse,"SyntaxError: expected 'else' after 'if' expression (<unknown>, line 2)"
MBPP+,Mbpp/138,python,True,100.0,True,True,True,28,28,31,31,,
MBPP+,Mbpp/138,kern_compact,True,100.0,True,True,True,28,19,31,22,,
MBPP+,Mbpp/138,python_minifier,True,100.0,True,True,True,28,21,31,24,,
MBPP+,Mbpp/138,sigil,True,100.0,True,True,False,28,15,31,15,,
MBPP+,Mbpp/139,python,True,100.0,True,True,True,22,22,22,22,,
MBPP+,Mbpp/139,kern_compact,True,100.0,True,True,True,22,14,22,15,,
MBPP+,Mbpp/139,python_minifier,True,100.0,True,True,True,22,17,22,18,,
MBPP+,Mbpp/139,sigil,True,100.0,True,True,False,22,12,22,13,,
MBPP+,Mbpp/140,python,True,100.0,True,True,True,23,23,25,25,,
MBPP+,Mbpp/140,kern_compact,True,100.0,True,True,True,23,19,25,19,,
MBPP+,Mbpp/140,python_minifier,True,100.0,True,True,False,23,21,25,21,,
MBPP+,Mbpp/140,sigil,True,100.0,True,False,,23,17,25,19,parse,"SyntaxError: invalid syntax (<unknown>, line 2)"
MBPP+,Mbpp/141,python,True,100.0,True,True,True,82,82,83,83,,
MBPP+,Mbpp/141,kern_compact,True,100.0,True,True,True,82,57,83,62,,
MBPP+,Mbpp/141,python_minifier,True,100.0,True,True,False,82,59,83,63,,
MBPP+,Mbpp/141,sigil,True,0.0,False,False,,82,97,83,98,decode,"ValueError: Parse errors in Sigil source:
line 1, col 4: unexpected token 'TODO: manual conversion needed\n;; def pa' in: ;; TODO: manual conversion needed"
MBPP+,Mbpp/142,python,True,100.0,True,True,True,35,35,35,35,,
MBPP+,Mbpp/142,kern_compact,True,100.0,True,True,True,35,29,35,29,,
MBPP+,Mbpp/142,python_minifier,True,100.0,True,True,False,35,32,35,32,,
MBPP+,Mbpp/142,sigil,True,100.0,False,False,,35,32,35,32,decode,"ValueError: Parse errors in Sigil source:
line 1, col 22: unexpected token '(m == n == o for m, n, o in zip(list1, l' in: @cs li li2 li3 = sum (m == n == o for m, n, o in zip(list1, list2, list3))"
MBPP+,Mbpp/145,python,True,100.0,True,True,True,19,19,19,19,,
MBPP+,Mbpp/145,kern_compact,True,100.0,True,True,True,19,13,19,13,,
MBPP+,Mbpp/145,python_minifier,True,100.0,True,True,True,19,15,19,15,,
MBPP+,Mbpp/145,sigil,True,100.0,True,True,False,19,8,19,8,,
MBPP+,Mbpp/160,python,True,100.0,True,True,True,66,66,66,66,,
MBPP+,Mbpp/160,kern_compact,True,100.0,True,True,True,66,38,66,39,,
MBPP+,Mbpp/160,python_minifier,True,100.0,True,True,False,66,40,66,40,,
MBPP+,Mbpp/160,sigil,True,0.0,False,False,,66,78,66,78,decode,"ValueError: Parse errors in Sigil source:
line 1, col 4: unexpected token 'TODO: manual conversion needed\n;; def fi' in: ;; TODO: manual conversion needed"
MBPP+,Mbpp/161,python,True,100.0,True,True,True,26,26,26,26,,
MBPP+,Mbpp/161,kern_compact,True,100.0,True,True,True,26,21,26,21,,
MBPP+,Mbpp/161,python_minifier,True,100.0,True,True,False,26,22,26,22,,
MBPP+,Mbpp/161,sigil,True,100.0,False,False,,26,19,26,19,decode,"ValueError: Parse errors in Sigil source:
line 1, col 1: unexpected token '@re li li2 = [x <- li x not in li2 & =>' in: @re li li2 = [x <- li x not in li2 & => x]"
MBPP+,Mbpp/162,python,True,100.0,True,True,True,39,39,39,39,,
MBPP+,Mbpp/162,kern_compact,True,100.0,True,True,True,39,27,39,28,,
MBPP+,Mbpp/162,python_minifier,True,100.0,True,True,False,39,29,39,29,,
MBPP+,Mbpp/162,sigil,True,100.0,True,False,,39,32,39,32,parse,"SyntaxError: invalid syntax (<unknown>, line 2)"
MBPP+,Mbpp/165,python,True,100.0,True,True,True,32,32,32,32,,
MBPP+,Mbpp/165,kern_compact,True,100.0,True,True,True,32,25,32,26,,
MBPP+,Mbpp/165,python_minifier,True,100.0,True,True,False,32,28,32,29,,
MBPP+,Mbpp/165,sigil,True,100.0,False,False,,32,27,32,27,decode,"ValueError: Parse errors in Sigil source:
line 1, col 15: unexpected token ""(ord(ch.lower()) - ord('a') == i for i,"" in: @ccp st = sum (ord(ch.lower()) - ord('a') == i for i, ch in enumerate(str1))"
MBPP+,Mbpp/166,python,True,100.0,True,True,True,54,54,54,54,,
MBPP+,Mbpp/166,kern_compact,True,100.0,True,True,True,54,38,54,40,,
MBPP+,Mbpp/166,python_minifier,True,100.0,True,True,False,54,41,54,42,,
MBPP+,Mbpp/166,sigil,True,100.0,False,False,,54,43,54,44,decode,"ValueError: Parse errors in Sigil source:
line 1, col 33: unexpected token '((a ^ b) % 2 == 0 for i, a in enumerate(' in: @fep A = len A<2 ? 0 : None sum ((a ^ b) % 2 == 0 for i, a in enumerate(A) for b in A[i + 1:])"
MBPP+,Mbpp/167,python,True,100.0,True,True,True,58,58,58,58,,
MBPP+,Mbpp/167,kern_compact,True,100.0,True,True,True,58,39,58,40,,
MBPP+,Mbpp/167,python_minifier,True,100.0,True,True,False,58,40,58,40,,
MBPP+,Mbpp/167,sigil,True,0.0,False,False,,58,68,58,68,decode,"ValueError: Parse errors in Sigil source:
line 1, col 4: unexpected token 'TODO: manual conversion needed\n;; def ne' in: ;; TODO: manual conversion needed"
MBPP+,Mbpp/168,python,True,100.0,True,True,True,13,13,13,13,,
MBPP+,Mbpp/168,kern_compact,True,100.0,True,True,True,13,8,13,8,,
MBPP+,Mbpp/168,python_minifier,True,100.0,True,True,True,13,10,13,10,,
MBPP+,Mbpp/168,sigil,True,100.0,True,True,False,13,8,13,8,,
MBPP+,Mbpp/170,python,True,100.0,True,True,True,27,27,27,27,,
MBPP+,Mbpp/170,kern_compact,True,100.0,True,True,True,27,16,27,16,,
MBPP+,Mbpp/170,python_minifier,True,100.0,True,True,True,27,18,27,18,,
MBPP+,Mbpp/170,sigil,True,100.0,True,True,False,27,13,27,13,,
MBPP+,Mbpp/171,python,True,100.0,True,True,True,15,15,15,15,,
MBPP+,Mbpp/171,kern_compact,True,100.0,True,True,True,15,9,15,9,,
MBPP+,Mbpp/171,python_minifier,True,100.0,True,True,True,15,11,15,11,,
MBPP+,Mbpp/171,sigil,True,100.0,True,True,False,15,7,15,7,,
MBPP+,Mbpp/172,python,True,100.0,True,True,True,15,15,15,15,,
MBPP+,Mbpp/172,kern_compact,True,100.0,True,True,True,15,11,15,11,,
MBPP+,Mbpp/172,python_minifier,True,100.0,True,True,True,15,13,15,13,,
MBPP+,Mbpp/172,sigil,True,100.0,True,True,False,15,9,15,9,,
MBPP+,Mbpp/222,python,True,100.0,True,True,True,25,25,26,26,,
MBPP+,Mbpp/222,kern_compact,True,100.0,True,True,True,25,20,26,21,,
MBPP+,Mbpp/222,python_minifier,True,100.0,True,True,False,25,24,26,25,,
MBPP+,Mbpp/222,sigil,True,100.0,True,False,,25,22,26,22,parse,"SyntaxError: invalid syntax (<unknown>, line 2)"
MBPP+,Mbpp/223,python,True,100.0,True,True,True,61,61,61,61,,
MBPP+,Mbpp/223,kern_compact,True,100.0,True,True,True,61,48,61,50,,
MBPP+,Mbpp/223,python_minifier,True,100.0,True,True,False,61,54,61,55,,
MBPP+,Mbpp/223,sigil,True,100.0,True,True,False,61,49,61,50,,
MBPP+,Mbpp/224,python,True,100.0,True,True,True,20,20,20,20,,
MBPP+,Mbpp/224,kern_compact,True,100.0,True,True,True,20,15,20,15,,
MBPP+,Mbpp/224,python_minifier,True,100.0,True,True,True,20,17,20,17,,
MBPP+,Mbpp/224,sigil,True,100.0,True,True,False,20,13,20,14,,
MBPP+,Mbpp/226,python,True,100.0,True,True,True,30,30,30,30,,
MBPP+,Mbpp/226,kern_compact,True,100.0,True,True,True,30,25,30,25,,
MBPP+,Mbpp/226,python_minifier,True,100.0,True,True,False,30,26,30,26,,
MBPP+,Mbpp/226,sigil,True,100.0,True,False,,30,26,30,25,parse,"SyntaxError: invalid syntax (<unknown>, line 2)"
MBPP+,Mbpp/227,python,True,100.0,True,True,True,19,19,19,19,,
MBPP+,Mbpp/227,kern_compact,True,100.0,True,True,True,19,12,19,12,,
MBPP+,Mbpp/227,python_minifier,True,100.0,True,True,True,19,14,19,14,,
MBPP+,Mbpp/227,sigil,True,100.0,True,True,False,19,10,19,10,,
MBPP+,Mbpp/230,python,True,100.0,True,True,True,18,18,18,18,,
MBPP+,Mbpp/230,kern_compact,True,100.0,True,True,True,18,13,18,13,,
MBPP+,Mbpp/230,python_minifier,True,100.0,True,True,True,18,15,18,15,,
MBPP+,Mbpp/230,sigil,True,100.0,True,True,False,18,10,18,10,,
MBPP+,Mbpp/232,python,True,100.0,True,True,True,23,23,24,24,,
MBPP+,Mbpp/232,kern_compact,True,100.0,True,True,True,23,19,24,19,,
MBPP+,Mbpp/232,python_minifier,True,100.0,True,True,True,23,20,24,21,,
MBPP+,Mbpp/232,sigil,True,100.0,True,True,False,23,15,24,15,,
MBPP+,Mbpp/233,python,True,100.0,True,True,True,27,27,27,27,,
MBPP+,Mbpp/233,kern_compact,True,100.0,True,True,True,27,17,27,18,,
MBPP+,Mbpp/233,python_minifier,True,100.0,True,True,True,27,20,27,21,,
MBPP+,Mbpp/233,sigil,True,100.0,True,True,False,27,14,27,15,,
MBPP+,Mbpp/234,python,True,100.0,True,True,True,13,13,13,13,,
MBPP+,Mbpp/234,kern_compact,True,100.0,True,True,True,13,7,13,7,,
MBPP+,Mbpp/234,python_minifier,True,100.0,True,True,True,13,9,13,9,,
MBPP+,Mbpp/234,sigil,True,100.0,True,True,False,13,7,13,7,,
MBPP+,Mbpp/235,python,True,100.0,True,True,True,36,36,36,36,,
MBPP+,Mbpp/235,kern_compact,True,100.0,True,True,True,36,23,36,24,,
MBPP+,Mbpp/235,python_minifier,True,100.0,True,True,False,36,25,36,26,,
MBPP+,Mbpp/235,sigil,True,0.0,False,False,,36,46,36,46,decode,"ValueError: Parse errors in Sigil source:
line 1, col 4: unexpected token 'TODO: manual conversion needed\n;; def ev' in: ;; TODO: manual conversion needed"
MBPP+,Mbpp/237,python,True,100.0,True,True,True,29,29,29,29,,
MBPP+,Mbpp/237,kern_compact,True,100.0,True,True,True,29,25,29,25,,
MBPP+,Mbpp/237,python_minifier,True,100.0,True,True,False,29,27,29,27,,
MBPP+,Mbpp/237,sigil,True,100.0,True,False,,29,21,29,21,parse,"SyntaxError: invalid syntax (<unknown>, line 4)"
MBPP+,Mbpp/238,python,True,100.0,True,True,True,33,33,33,33,,
MBPP+,Mbpp/238,kern_compact,True,100.0,True,True,True,33,19,33,19,,
MBPP+,Mbpp/238,python_minifier,True,100.0,True,True,False,33,21,33,21,,
MBPP+,Mbpp/238,sigil,True,100.0,True,True,False,33,17,33,18,,
MBPP+,Mbpp/239,python,True,100.0,True,True,True,142,142,143,143,,
MBPP+,Mbpp/239,kern_compact,True,100.0,True,True,True,142,107,143,109,,
MBPP+,Mbpp/239,python_minifier,True,100.0,True,True,False,142,113,143,113,,
MBPP+,Mbpp/239,sigil,True,0.0,False,False,,142,164,143,164,decode,"ValueError: Parse errors in Sigil source:
line 1, col 4: unexpected token 'TODO: manual conversion needed\n;; def ge' in: ;; TODO: manual conversion needed"
MBPP+,Mbpp/240,python,True,100.0,True,True,True,21,21,21,21,,
MBPP+,Mbpp/240,kern_compact,True,100.0,True,True,True,21,14,21,14,,
MBPP+,Mbpp/240,python_minifier,True,100.0,True,True,True,21,16,21,16,,
MBPP+,Mbpp/240,sigil,True,100.0,True,True,False,21,12,21,12,,
MBPP+,Mbpp/242,python,True,100.0,True,True,True,14,14,14,14,,
MBPP+,Mbpp/242,kern_compact,True,100.0,True,True,True,14,10,14,10,,
MBPP+,Mbpp/242,python_minifier,True,100.0,True,True,True,14,12,14,12,,
MBPP+,Mbpp/242,sigil,True,100.0,True,True,False,14,6,14,6,,
MBPP+,Mbpp/244,python,True,100.0,True,True,True,47,47,47,47,,
MBPP+,Mbpp/244,kern_compact,True,100.0,True,True,True,47,29,47,30,,
MBPP+,Mbpp/244,python_minifier,True,100.0,True,True,False,47,32,47,32,,
MBPP+,Mbpp/244,sigil,True,100.0,False,False,,47,31,47,30,decode,"ValueError: Parse errors in Sigil source:
line 2, col 35: unexpected token '.floor math.sqrt N+1 nextN*nextN' in: @nPS N = N<0 ? 0 : None nextN:math.floor math.sqrt N+1 nextN*nextN"
MBPP+,Mbpp/245,python,True,100.0,True,True,True,211,211,211,211,,
MBPP+,Mbpp/245,kern_compact,True,100.0,True,True,True,211,133,211,135,,
MBPP+,Mbpp/245,python_minifier,True,100.0,True,True,False,211,138,211,140,,
MBPP+,Mbpp/245,sigil,True,0.0,False,False,,211,220,211,222,decode,"ValueError: Parse errors in Sigil source:
line 1, col 4: unexpected token 'TODO: manual conversion needed\n;; def ma' in: ;; TODO: manual conversion needed"
MBPP+,Mbpp/247,python,True,100.0,True,True,True,134,134,134,134,,
MBPP+,Mbpp/247,kern_compact,True,100.0,True,True,True,134,105,134,106,,
MBPP+,Mbpp/247,python_minifier,True,100.0,True,True,False,134,110,134,110,,
MBPP+,Mbpp/247,sigil,True,0.0,False,False,,134,154,134,154,decode,"ValueError: Parse errors in Sigil source:
line 1, col 4: unexpected token 'TODO: manual conversion needed\n;; def lp' in: ;; TODO: manual conversion needed"
MBPP+,Mbpp/250,python,True,100.0,True,True,True,16,16,16,16,,
MBPP+,Mbpp/250,kern_compact,True,100.0,True,True,True,16,11,16,11,,
MBPP+,Mbpp/250,python_minifier,True,100.0,True,True,True,16,12,16,12,,
MBPP+,Mbpp/250,sigil,True,100.0,True,True,False,16,8,16,9,,
MBPP+,Mbpp/251,python,True,100.0,True,True,True,33,33,33,33,,
MBPP+,Mbpp/251,kern_compact,True,100.0,True,True,True,33,24,33,24,,
MBPP+,Mbpp/251,python_minifier,True,100.0,True,True,False,33,27,33,28,,
MBPP+,Mbpp/251,sigil,True,100.0,False,False,,33,22,33,22,decode,"ValueError: Parse errors in Sigil source:
line 1, col 1: unexpected token '@ie li el = li:[v for elt in list1 for v' in: @ie li el = li:[v for elt in list1 for v in (element, elt)] li"
MBPP+,Mbpp/252,python,True,100.0,True,True,True,19,19,19,19,,
MBPP+,Mbpp/252,kern_compact,True,100.0,True,True,True,19,12,19,12,,
MBPP+,Mbpp/252,python_minifier,True,100.0,True,True,True,19,15,19,15,,
MBPP+,Mbpp/252,sigil,True,100.0,True,True,False,19,12,19,12,,
MBPP+,Mbpp/253,python,True,100.0,True,True,True,21,21,22,22,,
MBPP+,Mbpp/253,kern_compact,True,100.0,True,True,True,21,16,22,17,,
MBPP+,Mbpp/253,python_minifier,True,100.0,True,True,False,21,18,22,19,,
MBPP+,Mbpp/253,sigil,True,100.0,True,False,,21,18,22,18,parse,"SyntaxError: invalid syntax (<unknown>, line 2)"
MBPP+,Mbpp/255,python,True,100.0,True,True,True,28,28,28,28,,
MBPP+,Mbpp/255,kern_compact,True,100.0,True,True,True,28,23,28,23,,
MBPP+,Mbpp/255,python_minifier,True,100.0,True,True,True,28,24,28,24,,
MBPP+,Mbpp/255,sigil,True,100.0,True,True,False,28,21,28,21,,
MBPP+,Mbpp/256,python,True,100.0,True,True,True,36,36,36,36,,
MBPP+,Mbpp/256,kern_compact,True,100.0,True,True,True,36,29,36,29,,
MBPP+,Mbpp/256,python_minifier,True,100.0,True,True,False,36,30,36,30,,
MBPP+,Mbpp/256,sigil,True,100.0,True,False,,36,33,36,33,parse,"SyntaxError: invalid syntax (<unknown>, line 2)"
MBPP+,Mbpp/257,python,True,100.0,True,True,True,14,14,14,14,,
MBPP+,Mbpp/257,kern_compact,True,100.0,True,True,True,14,8,14,9,,
MBPP+,Mbpp/257,python_minifier,True,100.0,True,True,True,14,9,14,9,,
MBPP+,Mbpp/257,sigil,True,100.0,True,True,False,14,9,14,9,,
MBPP+,Mbpp/259,python,True,100.0,True,True,True,51,51,51,51,,
MBPP+,Mbpp/259,kern_compact,True,100.0,True,True,True,51,41,51,40,,
MBPP+,Mbpp/259,python_minifier,True,100.0,True,True,False,51,42,51,42,,
MBPP+,Mbpp/259,sigil,True,100.0,False,False,,51,41,51,41,decode,"ValueError: Parse errors in Sigil source:
line 1, col 20: unexpected token '((max(a, c), max(b, d)) for (a, b), (c,' in: @me te te2 = tuple ((max(a, c), max(b, d)) for (a, b), (c, d) in zip(test_tup1, test_tup2))"
MBPP+,Mbpp/260,python,True,100.0,True,True,True,75,75,75,75,,
MBPP+,Mbpp/260,kern_compact,True,100.0,True,True,True,75,46,75,47,,
MBPP+,Mbpp/260,python_minifier,True,100.0,True,True,False,75,54,75,54,,
MBPP+,Mbpp/260,sigil,True,0.0,False,False,,75,95,75,95,decode,"ValueError: Parse errors in Sigil source:
line 1, col 4: unexpected token 'TODO: manual conversion needed\n;; def ne' in: ;; TODO: manual conversion needed"
MBPP+,Mbpp/261,python,True,100.0,True,True,True,40,40,40,40,,
MBPP+,Mbpp/261,kern_compact,True,100.0,True,True,True,40,28,40,28,,
MBPP+,Mbpp/261,python_minifier,True,100.0,True,True,False,40,31,40,31,,
MBPP+,Mbpp/261,sigil,True,100.0,False,False,,40,31,40,31,decode,"ValueError: Parse errors in Sigil source:
line 1, col 20: unexpected token '(ele1 / ele2 for ele1, ele2 in zip(test_' in: @de te te2 = tuple (ele1 / ele2 for ele1, ele2 in zip(test_tup1, test_tup2))"
MBPP+,Mbpp/262,python,True,100.0,True,True,True,21,21,21,21,,
MBPP+,Mbpp/262,kern_compact,True,100.0,True,True,True,21,16,21,18,,
MBPP+,Mbpp/262,python_minifier,True,100.0,True,True,False,21,20,21,20,,
MBPP+,Mbpp/262,sigil,True,100.0,True,True,False,21,13,21,15,,
MBPP+,Mbpp/264,python,True,100.0,True,True,True,50,50,50,50,,
MBPP+,Mbpp/264,kern_compact,True,100.0,True,True,True,50,32,50,33,,
MBPP+,Mbpp/264,python_minifier,True,100.0,True,True,False,50,34,50,34,,
MBPP+,Mbpp/264,sigil,True,100.0,False,False,,50,29,50,29,decode,"ValueError: Parse errors in Sigil source:
line 1, col 31: unexpected token ': d_age:21+h_-2*4 d_age' in: @da h_ = h_<=2 ? d_age:h_*10.5 : d_age:21+h_-2*4 d_age"
MBPP+,Mbpp/265,python,True,100.0,True,True,True,22,22,22,22,,
MBPP+,Mbpp/265,kern_compact,True,100.0,True,True,True,22,18,22,18,,
MBPP+,Mbpp/265,python_minifier,True,100.0,True,True,False,22,19,22,19,,
MBPP+,Mbpp/265,sigil,True,100.0,True,True,False,22,16,22,16,,
MBPP+,Mbpp/266,python,True,100.0,True,True,True,17,17,17,17,,
MBPP+,Mbpp/266,kern_compact,True,100.0,True,True,True,17,9,17,9,,
MBPP+,Mbpp/266,python_minifier,True,100.0,True,True,True,17,12,17,12,,
MBPP+,Mbpp/266,sigil,True,100.0,True,True,False,17,8,17,8,,
MBPP+,Mbpp/267,python,True,100.0,True,True,True,26,26,26,26,,
MBPP+,Mbpp/267,kern_compact,True,100.0,True,True,True,26,14,26,14,,
MBPP+,Mbpp/267,python_minifier,True,100.0,True,True,True,26,16,26,16,,
MBPP+,Mbpp/267,sigil,True,100.0,True,True,False,26,13,26,13,,
MBPP+,Mbpp/268,python,True,100.0,True,True,True,24,24,24,24,,
MBPP+,Mbpp/268,kern_compact,True,100.0,True,True,True,24,13,24,13,,
MBPP+,Mbpp/268,python_minifier,True,100.0,True,True,True,24,16,24,16,,
MBPP+,Mbpp/268,sigil,True,100.0,True,True,False,24,13,24,13,,
MBPP+,Mbpp/269,python,True,100.0,True,True,True,11,11,11,11,,
MBPP+,Mbpp/269,kern_compact,True,100.0,True,True,True,11,7,11,7,,
MBPP+,Mbpp/269,python_minifier,True,100.0,True,True,True,11,9,11,9,,
MBPP+,Mbpp/269,sigil,True,100.0,True,True,False,11,6,11,6,,
MBPP+,Mbpp/270,python,True,100.0,True,True,True,31,31,31,31,,
MBPP+,Mbpp/270,kern_compact,True,100.0,True,True,True,31,24,31,24,,
MBPP+,Mbpp/270,python_minifier,True,100.0,True,True,False,31,26,31,26,,
MBPP+,Mbpp/270,sigil,True,100.0,True,False,,31,25,31,25,parse,"SyntaxError: invalid syntax (<unknown>, line 2)"
MBPP+,Mbpp/271,python,True,100.0,True,True,True,35,35,35,35,,
MBPP+,Mbpp/271,kern_compact,True,100.0,True,True,True,35,25,35,25,,
MBPP+,Mbpp/271,python_minifier,True,100.0,True,True,False,35,27,35,27,,
MBPP+,Mbpp/271,sigil,True,100.0,True,False,,35,29,35,29,parse,"SyntaxError: invalid syntax (<unknown>, line 2)"
MBPP+,Mbpp/272,python,True,100.0,True,True,True,20,20,20,20,,
MBPP+,Mbpp/272,kern_compact,True,100.0,True,True,True,20,16,20,16,,
MBPP+,Mbpp/272,python_minifier,True,100.0,True,True,False,20,17,20,17,,
MBPP+,Mbpp/272,sigil,True,100.0,False,False,,20,13,20,13,decode,"ValueError: Parse errors in Sigil source:
line 1, col 1: unexpected token '@re te = [x <- te => x[-1]]' in: @re te = [x <- te => x[-1]]"
MBPP+,Mbpp/273,python,True,100.0,True,True,True,37,37,37,37,,
MBPP+,Mbpp/273,kern_compact,True,100.0,True,True,True,37,29,37,29,,
MBPP+,Mbpp/273,python_minifier,True,100.0,True,True,False,37,32,37,32,,
MBPP+,Mbpp/273,sigil,True,100.0,False,False,,37,27,37,27,decode,"ValueError: Parse errors in Sigil source:
line 1, col 20: unexpected token '(x - y for x, y in zip(test_tup1, test_t' in: @se te te2 = tuple (x - y for x, y in zip(test_tup1, test_tup2))"
MBPP+,Mbpp/274,python,True,100.0,True,True,True,27,27,28,28,,
MBPP+,Mbpp/274,kern_compact,True,100.0,True,True,True,27,17,28,18,,
MBPP+,Mbpp/274,python_minifier,True,100.0,True,True,True,27,20,28,21,,
MBPP+,Mbpp/274,sigil,True,100.0,False,False,,27,14,28,14,decode,"ValueError: Parse errors in Sigil source:
line 2, col 12: unexpected token '<<n-1' in: @ebCS n = 1<<n-1"
MBPP+,Mbpp/276,python,True,100.0,True,True,True,22,22,22,22,,
MBPP+,Mbpp/276,kern_compact,True,100.0,True,True,True,22,14,22,14,,
MBPP+,Mbpp/276,python_minifier,True,100.0,True,True,True,22,16,22,16,,
MBPP+,Mbpp/276,sigil,True,100.0,True,True,False,22,13,22,13,,
MBPP+,Mbpp/277,python,True,100.0,True,True,True,31,31,31,31,,
MBPP+,Mbpp/277,kern_compact,True,100.0,True,True,True,31,22,31,22,,
MBPP+,Mbpp/277,python_minifier,True,100.0,True,True,False,31,25,31,25,,
MBPP+,Mbpp/277,sigil,True,100.0,False,False,,31,23,31,23,decode,"ValueError: Parse errors in Sigil source:
line 1, col 1: unexpected token '@df di n = {key: value for key, value in' in: @df di n = {key: value for key, value in dict1.items() if value >= n}"
MBPP+,Mbpp/278,python,True,100.0,True,True,True,34,34,34,34,,
MBPP+,Mbpp/278,kern_compact,True,100.0,True,True,True,34,25,34,25,,
MBPP+,Mbpp/278,python_minifier,True,100.0,True,True,False,34,29,34,29,,
MBPP+,Mbpp/278,sigil,True,0.0,False,False,,34,44,34,44,decode,"ValueError: Parse errors in Sigil source:
line 1, col 4: unexpected token 'TODO: manual conversion needed\n;; def co' in: ;; TODO: manual conversion needed"
MBPP+,Mbpp/279,python,True,100.0,True,True,True,22,22,22,22,,
MBPP+,Mbpp/279,kern_compact,True,100.0,True,True,True,22,12,22,12,,
MBPP+,Mbpp/279,python_minifier,True,100.0,True,True,True,22,15,22,15,,
MBPP+,Mbpp/279,sigil,True,100.0,True,True,False,22,11,22,11,,
MBPP+,Mbpp/280,python,True,100.0,True,True,True,31,31,31,31,,
MBPP+,Mbpp/280,kern_compact,True,100.0,True,True,True,31,24,31,26,,
MBPP+,Mbpp/280,python_minifier,True,100.0,True,True,False,31,29,31,29,,
MBPP+,Mbpp/280,sigil,True,100.0,False,False,,31,20,31,20,decode,"ValueError: Parse errors in Sigil source:
line 1, col 1: unexpected token '@ss dl it = (it in dl it in dl ? dl.inde' in: @ss dl it = (it in dl it in dl ? dl.index it : -1)"
MBPP+,Mbpp/281,python,True,100.0,True,True,True,19,19,19,19,,
MBPP+,Mbpp/281,kern_compact,True,100.0,True,True,True,19,14,19,14,,
MBPP+,Mbpp/281,python_minifier,True,100.0,True,True,False,19,18,19,18,,
MBPP+,Mbpp/281,sigil,True,100.0,True,True,False,19,10,19,10,,
MBPP+,Mbpp/282,python,True,100.0,True,True,True,32,32,32,32,,
MBPP+,Mbpp/282,kern_compact,True,100.0,True,True,True,32,22,32,22,,
MBPP+,Mbpp/282,python_minifier,True,100.0,True,True,False,32,24,32,24,,
MBPP+,Mbpp/282,sigil,True,100.0,False,False,,32,23,32,23,decode,"ValueError: Parse errors in Sigil source:
line 1, col 1: unexpected token '@sl nu nu2 = [(num1 num2) <- zip nu nu2' in: @sl nu nu2 = [(num1 num2) <- zip nu nu2 => num1-num2]"
MBPP+,Mbpp/283,python,True,100.0,True,True,True,36,36,36,36,,
MBPP+,Mbpp/283,kern_compact,True,100.0,True,True,True,36,25,36,26,,
MBPP+,Mbpp/283,python_minifier,True,100.0,True,True,False,36,28,36,29,,
MBPP+,Mbpp/283,sigil,True,100.0,True,False,,36,29,36,28,parse,"SyntaxError: invalid syntax (<unknown>, line 2)"
MBPP+,Mbpp/284,python,True,100.0,True,True,True,21,21,21,21,,
MBPP+,Mbpp/284,kern_compact,True,100.0,True,True,True,21,17,21,17,,
MBPP+,Mbpp/284,python_minifier,True,100.0,True,True,False,21,19,21,19,,
MBPP+,Mbpp/284,sigil,True,100.0,True,False,,21,16,21,16,parse,"SyntaxError: invalid syntax (<unknown>, line 2)"
MBPP+,Mbpp/285,python,True,100.0,True,True,True,34,34,34,34,,
MBPP+,Mbpp/285,kern_compact,True,100.0,True,True,True,34,23,34,24,,
MBPP+,Mbpp/285,python_minifier,True,100.0,True,True,False,34,28,34,27,,
MBPP+,Mbpp/285,sigil,True,100.0,False,False,,34,24,34,23,decode,"ValueError: Parse errors in Sigil source:
line 2, col 56: unexpected token 'not None' in: @tmtt te = patterns:'ab{2,3}' re.search patterns te is not None"
MBPP+,Mbpp/286,python,True,100.0,True,True,True,70,70,70,70,,
MBPP+,Mbpp/286,kern_compact,True,100.0,True,True,True,70,38,70,38,,
MBPP+,Mbpp/286,python_minifier,True,100.0,True,True,False,70,41,70,41,,
MBPP+,Mbpp/286,sigil,True,0.0,False,False,,70,81,70,81,decode,"ValueError: Parse errors in Sigil source:
line 1, col 4: unexpected token 'TODO: manual conversion needed\n;; def ma' in: ;; TODO: manual conversion needed"
MBPP+,Mbpp/287,python,True,100.0,True,True,True,33,33,33,33,,
MBPP+,Mbpp/287,kern_compact,True,100.0,True,True,True,33,18,33,18,,
MBPP+,Mbpp/287,python_minifier,True,100.0,True,True,True,33,21,33,21,,
MBPP+,Mbpp/287,sigil,True,100.0,True,True,False,33,17,33,17,,
MBPP+,Mbpp/290,python,True,100.0,True,True,True,30,30,30,30,,
MBPP+,Mbpp/290,kern_compact,True,100.0,True,True,True,30,26,30,26,,
MBPP+,Mbpp/290,python_minifier,True,100.0,True,True,False,30,27,30,27,,
MBPP+,Mbpp/290,sigil,True,100.0,False,False,,30,22,30,22,decode,"ValueError: Parse errors in Sigil source:
line 1, col 14: unexpected token '[x <- li => (len x x)] key:x->x[0]' in: @ml li = max [x <- li => (len x x)] key:x->x[0]"
MBPP+,Mbpp/292,python,True,100.0,True,True,True,13,13,13,13,,
MBPP+,Mbpp/292,kern_compact,True,100.0,True,True,True,13,7,13,7,,
MBPP+,Mbpp/292,python_minifier,True,100.0,True,True,True,13,9,13,9,,
MBPP+,Mbpp/292,sigil,True,100.0,True,True,False,13,8,13,8,,
MBPP+,Mbpp/293,python,True,100.0,True,True,True,24,24,24,24,,
MBPP+,Mbpp/293,kern_compact,True,100.0,True,True,True,24,17,24,17,,
MBPP+,Mbpp/293,python_minifier,True,100.0,True,True,True,24,19,24,19,,
MBPP+,Mbpp/293,sigil,True,100.0,True,False,,24,14,24,14,parse,"SyntaxError: invalid syntax (<unknown>, line 3)"
MBPP+,Mbpp/294,python,True,100.0,True,True,True,30,30,30,30,,
MBPP+,Mbpp/294,kern_compact,True,100.0,True,True,True,30,17,30,17,,
MBPP+,Mbpp/294,python_minifier,True,100.0,True,True,False,30,21,30,21,,
MBPP+,Mbpp/294,sigil,True,100.0,True,False,,30,22,30,22,parse,"SyntaxError: invalid syntax (<unknown>, line 2)"
MBPP+,Mbpp/296,python,True,100.0,True,True,True,77,77,77,77,,
MBPP+,Mbpp/296,kern_compact,True,100.0,True,True,True,77,38,77,38,,
MBPP+,Mbpp/296,python_minifier,True,100.0,True,True,False,77,47,77,47,,
MBPP+,Mbpp/296,sigil,True,0.0,False,False,,77,69,77,69,decode,"ValueError: Parse errors in Sigil source:
line 1, col 4: unexpected token 'TODO: manual conversion needed\n;; def ge' in: ;; TODO: manual conversion needed"
MBPP+,Mbpp/297,python,True,100.0,True,True,True,42,42,42,42,,
MBPP+,Mbpp/297,kern_compact,True,100.0,True,True,True,42,33,42,33,,
MBPP+,Mbpp/297,python_minifier,True,100.0,True,True,False,42,35,42,35,,
MBPP+,Mbpp/297,sigil,True,0.0,False,False,,42,58,42,58,decode,"ValueError: Parse errors in Sigil source:
line 1, col 4: unexpected token 'TODO: manual conversion needed\n;; def fl' in: ;; TODO: manual conversion needed"
MBPP+,Mbpp/299,python,True,100.0,True,True,True,49,49,49,49,,
MBPP+,Mbpp/299,kern_compact,True,100.0,True,True,True,49,41,49,41,,
MBPP+,Mbpp/299,python_minifier,True,100.0,True,True,False,49,41,49,42,,
MBPP+,Mbpp/299,sigil,True,50.0,False,False,,49,60,49,60,decode,"ValueError: Parse errors in Sigil source:
line 1, col 1: unexpected token '<collections.defaultdict>\n;; TODO: manua' in: <collections.defaultdict>"
MBPP+,Mbpp/300,python,True,100.0,True,True,True,63,63,63,63,,
MBPP+,Mbpp/300,kern_compact,True,100.0,True,True,True,63,36,63,36,,
MBPP+,Mbpp/300,python_minifier,True,100.0,True,True,False,63,41,63,41,,
MBPP+,Mbpp/300,sigil,True,0.0,False,False,,63,76,63,76,decode,"ValueError: Parse errors in Sigil source:
line 1, col 4: unexpected token 'TODO: manual conversion needed\n;; def co' in: ;; TODO: manual conversion needed"
MBPP+,Mbpp/301,python,True,100.0,True,True,True,52,52,52,52,,
MBPP+,Mbpp/301,kern_compact,True,100.0,True,True,True,52,40,52,40,,
MBPP+,Mbpp/301,python_minifier,True,100.0,True,True,True,52,45,52,45,,
MBPP+,Mbpp/301,sigil,True,100.0,True,True,False,52,36,52,36,,
MBPP+,Mbpp/305,python,True,100.0,True,True,True,43,43,44,44,,
MBPP+,Mbpp/305,kern_compact,True,100.0,True,True,True,43,36,44,37,,
MBPP+,Mbpp/305,python_minifier,True,100.0,True,True,False,43,39,44,39,,
MBPP+,Mbpp/305,sigil,True,50.0,False,False,,43,55,44,55,decode,"ValueError: Parse errors in Sigil source:
line 1, col 1: unexpected token '<re>\n;; TODO: manual conversion needed\n;' in: <re>"
MBPP+,Mbpp/306,python,True,100.0,True,True,True,192,192,192,192,,
MBPP+,Mbpp/306,kern_compact,True,100.0,True,True,True,192,155,192,157,,
MBPP+,Mbpp/306,python_minifier,True,100.0,True,True,False,192,161,192,161,,
MBPP+,Mbpp/306,sigil,True,0.0,False,False,,192,219,192,219,decode,"ValueError: Parse errors in Sigil source:
line 1, col 4: unexpected token 'TODO: manual conversion needed\n;; def ma' in: ;; TODO: manual conversion needed"
MBPP+,Mbpp/308,python,True,100.0,True,True,True,39,39,40,40,,
MBPP+,Mbpp/308,kern_compact,True,100.0,True,True,True,39,29,40,30,,
MBPP+,Mbpp/308,python_minifier,True,100.0,True,True,False,39,34,40,36,,
MBPP+,Mbpp/308,sigil,True,100.0,False,False,,39,32,40,32,decode,"ValueError: Parse errors in Sigil source:
line 1, col 80: unexpected token '[:N] result' in: @lp nu nu2 N = result:sorted [x * y for x in nums1 for y in nums2] reverse:True[:N] result"
MBPP+,Mbpp/309,python,True,100.0,True,True,True,14,14,14,14,,
MBPP+,Mbpp/309,kern_compact,True,100.0,True,True,True,14,8,14,8,,
MBPP+,Mbpp/309,python_minifier,True,100.0,True,True,True,14,10,14,10,,
MBPP+,Mbpp/309,sigil,True,100.0,True,True,False,14,9,14,9,,
MBPP+,Mbpp/310,python,True,100.0,True,True,True,29,29,30,30,,
MBPP+,Mbpp/310,kern_compact,True,100.0,True,True,True,29,19,30,20,,
MBPP+,Mbpp/310,python_minifier,True,100.0,True,True,False,29,24,30,25,,
MBPP+,Mbpp/310,sigil,True,100.0,False,False,,29,22,30,23,decode,"ValueError: Parse errors in Sigil source:
line 1, col 24: unexpected token '(x for x in str1 if not x.isspace()) res' in: @stt st = result:tuple (x for x in str1 if not x.isspace()) result"
MBPP+,Mbpp/311,python,True,100.0,True,True,True,86,86,88,88,,
MBPP+,Mbpp/311,kern_compact,True,100.0,True,True,True,86,53,88,55,,
MBPP+,Mbpp/311,python_minifier,True,100.0,True,True,False,86,55,88,57,,
MBPP+,Mbpp/311,sigil,True,0.0,False,False,,86,91,88,93,decode,"ValueError: Parse errors in Sigil source:
line 1, col 4: unexpected token 'TODO: manual conversion needed\n;; def se' in: ;; TODO: manual conversion needed"
MBPP+,Mbpp/312,python,True,100.0,True,True,True,31,31,31,31,,
MBPP+,Mbpp/312,kern_compact,True,100.0,True,True,True,31,19,31,20,,
MBPP+,Mbpp/312,python_minifier,True,100.0,True,True,True,31,20,31,21,,
MBPP+,Mbpp/312,sigil,True,100.0,True,True,False,31,19,31,20,,
MBPP+,Mbpp/388,python,True,100.0,True,True,True,45,45,45,45,,
MBPP+,Mbpp/388,kern_compact,True,100.0,True,True,True,45,29,45,29,,
MBPP+,Mbpp/388,python_minifier,True,100.0,True,True,False,45,31,45,31,,
MBPP+,Mbpp/388,sigil,True,0.0,False,False,,45,51,45,51,decode,"ValueError: Parse errors in Sigil source:
line 1, col 4: unexpected token 'TODO: manual conversion needed\n;; def hi' in: ;; TODO: manual conversion needed"
MBPP+,Mbpp/389,python,True,100.0,True,True,True,53,53,56,56,,
MBPP+,Mbpp/389,kern_compact,True,100.0,True,True,True,53,33,56,38,,
MBPP+,Mbpp/389,python_minifier,True,100.0,True,True,True,53,37,56,40,,
MBPP+,Mbpp/389,sigil,True,100.0,True,True,False,53,33,56,35,,
MBPP+,Mbpp/390,python,True,100.0,True,True,True,22,22,22,22,,
MBPP+,Mbpp/390,kern_compact,True,100.0,True,True,True,22,16,22,16,,
MBPP+,Mbpp/390,python_minifier,True,100.0,True,True,False,22,17,22,17,,
MBPP+,Mbpp/390,sigil,True,100.0,True,False,,22,14,22,14,parse,"SyntaxError: invalid syntax (<unknown>, line 1)"
MBPP+,Mbpp/391,python,True,100.0,True,True,True,48,48,48,48,,
MBPP+,Mbpp/391,kern_compact,True,100.0,True,True,True,48,31,48,30,,
MBPP+,Mbpp/391,python_minifier,True,100.0,True,True,False,48,35,48,36,,
MBPP+,Mbpp/391,sigil,True,100.0,False,False,,48,34,48,34,decode,"ValueError: Parse errors in Sigil source:
line 1, col 1: unexpected token '@cld l1 l2 l3 = result:[(x y z) <- zip l' in: @cld l1 l2 l3 = result:[(x y z) <- zip l1 l2 l3 => {x:{y:z}}] result"
MBPP+,Mbpp/392,python,True,100.0,True,True,True,117,117,117,117,,
MBPP+,Mbpp/392,kern_compact,True,100.0,True,True,True,117,49,117,49,,
MBPP+,Mbpp/392,python_minifier,True,100.0,True,True,False,117,49,117,49,,
MBPP+,Mbpp/392,sigil,True,0.0,False,False,,117,75,117,75,decode,"ValueError: Parse errors in Sigil source:
line 1, col 4: unexpected token 'TODO: manual conversion needed\n;; def ge' in: ;; TODO: manual conversion needed"
MBPP+,Mbpp/394,python,True,100.0,True,True,True,23,23,23,23,,
MBPP+,Mbpp/394,kern_compact,True,100.0,True,True,True,23,18,23,18,,
MBPP+,Mbpp/394,python_minifier,True,100.0,True,True,False,23,21,23,21,,
MBPP+,Mbpp/394,sigil,True,100.0,True,True,False,23,10,23,10,,
MBPP+,Mbpp/395,python,True,100.0,True,True,True,36,36,36,36,,
MBPP+,Mbpp/395,kern_compact,True,100.0,True,True,True,36,24,36,25,,
MBPP+,Mbpp/395,python_minifier,True,100.0,True,True,False,36,25,36,25,,
MBPP+,Mbpp/395,sigil,True,0.0,False,False,,36,46,36,46,decode,"ValueError: Parse errors in Sigil source:
line 1, col 4: unexpected token 'TODO: manual conversion needed\n;; def fi' in: ;; TODO: manual conversion needed"
MBPP+,Mbpp/397,python,True,100.0,True,True,True,18,18,18,18,,
MBPP+,Mbpp/397,kern_compact,True,100.0,True,True,True,18,14,18,14,,
MBPP+,Mbpp/397,python_minifier,True,100.0,True,True,True,18,16,18,16,,
MBPP+,Mbpp/397,sigil,True,100.0,True,True,False,18,14,18,14,,
MBPP+,Mbpp/398,python,True,100.0,True,True,True,27,27,28,28,,
MBPP+,Mbpp/398,kern_compact,True,100.0,True,True,True,27,22,28,22,,
MBPP+,Mbpp/398,python_minifier,True,100.0,True,True,False,27,25,28,26,,
MBPP+,Mbpp/398,sigil,True,100.0,True,False,,27,23,28,24,parse,"SyntaxError: invalid syntax (<unknown>, line 2)"
MBPP+,Mbpp/404,python,True,100.0,True,True,True,13,13,13,13,,
MBPP+,Mbpp/404,kern_compact,True,100.0,True,True,True,13,8,13,8,,
MBPP+,Mbpp/404,python_minifier,True,100.0,True,True,True,13,10,13,10,,
MBPP+,Mbpp/404,sigil,True,100.0,True,True,False,13,8,13,8,,
MBPP+,Mbpp/405,python,True,100.0,True,True,True,20,20,20,20,,
MBPP+,Mbpp/405,kern_compact,True,100.0,True,True,True,20,14,20,14,,
MBPP+,Mbpp/405,python_minifier,True,100.0,True,True,True,20,16,20,16,,
MBPP+,Mbpp/405,sigil,True,100.0,True,True,False,20,8,20,8,,
MBPP+,Mbpp/406,python,True,100.0,True,True,True,18,18,18,18,,
MBPP+,Mbpp/406,kern_compact,True,100.0,True,True,True,18,10,18,10,,
MBPP+,Mbpp/406,python_minifier,True,100.0,True,True,True,18,12,18,12,,
MBPP+,Mbpp/406,sigil,True,100.0,True,True,False,18,10,18,10,,
MBPP+,Mbpp/409,python,True,100.0,True,True,True,22,22,22,22,,
MBPP+,Mbpp/409,kern_compact,True,100.0,True,True,True,22,16,22,16,,
MBPP+,Mbpp/409,python_minifier,True,100.0,True,True,False,22,19,22,20,,
MBPP+,Mbpp/409,sigil,True,100.0,False,False,,22,17,22,17,decode,"ValueError: Parse errors in Sigil source:
line 1, col 15: unexpected token '(x * y for x, y in list1)' in: @mpt li = min (x * y for x, y in list1)"
MBPP+,Mbpp/410,python,True,100.0,True,True,True,29,29,29,29,,
MBPP+,Mbpp/410,kern_compact,True,100.0,True,True,True,29,17,29,17,,
MBPP+,Mbpp/410,python_minifier,True,100.0,True,True,False,29,21,29,21,,
MBPP+,Mbpp/410,sigil,True,100.0,True,False,,29,22,29,22,parse,"SyntaxError: invalid syntax (<unknown>, line 2)"
MBPP+,Mbpp/412,python,True,100.0,True,True,True,23,23,24,24,,
MBPP+,Mbpp/412,kern_compact,True,100.0,True,True,True,23,17,24,18,,
MBPP+,Mbpp/412,python_minifier,True,100.0,True,True,False,23,18,24,19,,
MBPP+,Mbpp/412,sigil,True,100.0,False,False,,23,17,24,17,decode,"ValueError: Parse errors in Sigil source:
line 1, col 1: unexpected token '@ro l = [i <- l i%2==0 & => i]' in: @ro l = [i <- l i%2==0 & => i]"
MBPP+,Mbpp/413,python,True,100.0,True,True,True,22,22,23,23,,
MBPP+,Mbpp/413,kern_compact,True,100.0,True,True,True,22,17,23,18,,
MBPP+,Mbpp/413,python_minifier,True,100.0,True,True,False,22,18,23,19,,
MBPP+,Mbpp/413,sigil,True,100.0,True,True,False,22,13,23,13,,
MBPP+,Mbpp/414,python,True,100.0,True,True,True,22,22,22,22,,
MBPP+,Mbpp/414,kern_compact,True,100.0,True,True,True,22,18,22,18,,
MBPP+,Mbpp/414,python_minifier,True,100.0,True,True,False,22,19,22,19,,
MBPP+,Mbpp/414,sigil,True,100.0,True,False,,22,18,22,18,parse,"SyntaxError: invalid syntax (<unknown>, line 2)"
MBPP+,Mbpp/415,python,True,100.0,True,True,True,47,47,47,47,,
MBPP+,Mbpp/415,kern_compact,True,100.0,True,True,True,47,38,47,38,,
MBPP+,Mbpp/415,python_minifier,True,100.0,True,True,False,47,38,47,38,,
MBPP+,Mbpp/415,sigil,True,100.0,False,False,,47,37,47,37,decode,"ValueError: Parse errors in Sigil source:
line 1, col 1: unexpected token '@mP ar = pairs:[(a, b) for a in arr for' in: @mP ar = pairs:[(a, b) for a in arr for b in arr if a != b] max pairs key:x->x[0]*x[1]"
MBPP+,Mbpp/418,python,True,100.0,True,True,True,16,16,16,16,,
MBPP+,Mbpp/418,kern_compact,True,100.0,True,True,True,16,9,16,9,,
MBPP+,Mbpp/418,python_minifier,True,100.0,True,True,True,16,11,16,11,,
MBPP+,Mbpp/418,sigil,True,100.0,True,True,False,16,8,16,9,,
MBPP+,Mbpp/419,python,True,100.0,True,True,True,31,31,31,31,,
MBPP+,Mbpp/419,kern_compact,True,100.0,True,True,True,31,24,31,24,,
MBPP+,Mbpp/419,python_minifier,True,100.0,True,True,False,31,27,31,27,,
MBPP+,Mbpp/419,sigil,True,100.0,False,False,,31,17,31,18,decode,"ValueError: Parse errors in Sigil source:
line 1, col 24: unexpected token '[i <- li => round i]*l' in: @ras li = l:len li sum [i <- li => round i]*l"
MBPP+,Mbpp/420,python,True,100.0,True,True,True,30,30,30,30,,
MBPP+,Mbpp/420,kern_compact,True,100.0,True,True,True,30,15,30,15,,
MBPP+,Mbpp/420,python_minifier,True,100.0,True,True,True,30,18,30,18,,
MBPP+,Mbpp/420,sigil,True,100.0,True,True,False,30,14,30,15,,
MBPP+,Mbpp/421,python,True,100.0,True,True,True,51,51,51,51,,
MBPP+,Mbpp/421,kern_compact,True,100.0,True,True,True,51,39,51,41,,
MBPP+,Mbpp/421,python_minifier,True,100.0,True,True,False,51,39,51,41,,
MBPP+,Mbpp/421,sigil,True,100.0,False,False,,51,33,51,34,decode,"ValueError: Parse errors in Sigil source:
line 1, col 26: unexpected token '.join [ele <- te => str ele+delim] res:r' in: @ct te = delim:'-' res:''.join [ele <- te => str ele+delim] res:res[:len res-len delim] str res"
MBPP+,Mbpp/422,python,True,100.0,True,True,True,35,35,36,36,,
MBPP+,Mbpp/422,kern_compact,True,100.0,True,True,True,35,25,36,26,,
MBPP+,Mbpp/422,python_minifier,True,100.0,True,True,False,35,27,36,28,,
MBPP+,Mbpp/422,sigil,True,100.0,False,False,,35,22,36,22,decode,"ValueError: Parse errors in Sigil source:
line 1, col 15: unexpected token '[i <- range 1 n+1 => i**3]/n' in: @fAOC n = sum [i <- range 1 n+1 => i**3]/n"
MBPP+,Mbpp/424,python,True,100.0,True,True,True,21,21,21,21,,
MBPP+,Mbpp/424,kern_compact,True,100.0,True,True,True,21,17,21,17,,
MBPP+,Mbpp/424,python_minifier,True,100.0,True,True,False,21,18,21,18,,
MBPP+,Mbpp/424,sigil,True,100.0,False,False,,21,13,21,13,decode,"ValueError: Parse errors in Sigil source:
line 1, col 1: unexpected token '@er te = [ele <- te => ele[-1]]' in: @er te = [ele <- te => ele[-1]]"
MBPP+,Mbpp/425,python,True,100.0,True,True,True,24,24,26,26,,
MBPP+,Mbpp/425,kern_compact,True,100.0,True,True,True,24,18,26,18,,
MBPP+,Mbpp/425,python_minifier,True,100.0,True,True,False,24,20,26,20,,
MBPP+,Mbpp/425,sigil,True,100.0,True,False,,24,16,26,18,parse,"SyntaxError: invalid syntax (<unknown>, line 2)"
MBPP+,Mbpp/426,python,True,100.0,True,True,True,24,24,25,25,,
MBPP+,Mbpp/426,kern_compact,True,100.0,True,True,True,24,18,25,19,,
MBPP+,Mbpp/426,python_minifier,True,100.0,True,True,False,24,19,25,20,,
MBPP+,Mbpp/426,sigil,True,100.0,False,False,,24,17,25,17,decode,"ValueError: Parse errors in Sigil source:
line 1, col 1: unexpected token '@fo nu = [n <- nu n%2==1 & => n]' in: @fo nu = [n <- nu n%2==1 & => n]"
MBPP+,Mbpp/427,python,True,100.0,True,True,True,49,49,49,49,,
MBPP+,Mbpp/427,kern_compact,True,100.0,True,True,True,49,44,49,44,,
MBPP+,Mbpp/427,python_minifier,True,100.0,True,True,True,49,46,49,46,,
MBPP+,Mbpp/427,sigil,True,100.0,True,True,False,49,42,49,42,,
MBPP+,Mbpp/428,python,True,100.0,True,True,True,103,103,104,104,,
MBPP+,Mbpp/428,kern_compact,True,100.0,True,True,True,103,70,104,70,,
MBPP+,Mbpp/428,python_minifier,True,100.0,True,True,False,103,73,104,73,,
MBPP+,Mbpp/428,sigil,True,0.0,False,False,,103,120,104,121,decode,"ValueError: Parse errors in Sigil source:
line 1, col 4: unexpected token 'TODO: manual conversion needed\n;; def sh' in: ;; TODO: manual conversion needed"
MBPP+,Mbpp/429,python,True,100.0,True,True,True,36,36,37,37,,
MBPP+,Mbpp/429,kern_compact,True,100.0,True,True,True,36,29,37,30,,
MBPP+,Mbpp/429,python_minifier,True,100.0,True,True,False,36,31,37,32,,
MBPP+,Mbpp/429,sigil,True,100.0,False,False,,36,27,37,27,decode,"ValueError: Parse errors in Sigil source:
line 1, col 20: unexpected token '(x & y for x, y in zip(test_tup1, test_t' in: @at te te2 = tuple (x & y for x, y in zip(test_tup1, test_tup2))"
MBPP+,Mbpp/430,python,True,100.0,True,True,True,36,36,35,35,,
MBPP+,Mbpp/430,kern_compact,True,100.0,True,True,True,36,20,35,20,,
MBPP+,Mbpp/430,python_minifier,True,100.0,True,True,True,36,22,35,21,,
MBPP+,Mbpp/430,sigil,True,100.0,True,True,False,36,15,35,15,,
MBPP+,Mbpp/432,python,True,100.0,True,True,True,27,27,27,27,,
MBPP+,Mbpp/432,kern_compact,True,100.0,True,True,True,27,19,27,20,,
MBPP+,Mbpp/432,python_minifier,True,100.0,True,True,True,27,21,27,21,,
MBPP+,Mbpp/432,sigil,True,100.0,True,True,False,27,13,27,13,,
MBPP+,Mbpp/433,python,True,100.0,True,True,True,19,19,20,20,,
MBPP+,Mbpp/433,kern_compact,True,100.0,True,True,True,19,13,20,16,,
MBPP+,Mbpp/433,python_minifier,True,100.0,True,True,False,19,15,20,17,,
MBPP+,Mbpp/433,sigil,True,100.0,True,False,,19,15,20,15,parse,"SyntaxError: invalid syntax (<unknown>, line 2)"
MBPP+,Mbpp/435,python,True,100.0,True,True,True,29,29,29,29,,
MBPP+,Mbpp/435,kern_compact,True,100.0,True,True,True,29,17,29,17,,
MBPP+,Mbpp/435,python_minifier,True,100.0,True,True,True,29,18,29,18,,
MBPP+,Mbpp/435,sigil,True,100.0,False,False,,29,17,29,17,decode,"ValueError: Parse errors in Sigil source:
line 1, col 13: unexpected token '? n:-n : None n%10' in: @lD n = n<0 ? n:-n : None n%10"
MBPP+,Mbpp/436,python,True,100.0,True,True,True,23,23,23,23,,
MBPP+,Mbpp/436,kern_compact,True,100.0,True,True,True,23,18,23,18,,
MBPP+,Mbpp/436,python_minifier,True,100.0,True,True,False,23,19,23,19,,
MBPP+,Mbpp/436,sigil,True,100.0,False,False,,23,15,23,15,decode,"ValueError: Parse errors in Sigil source:
line 1, col 1: unexpected token '@nn li = [i <- li i<0 & => i]' in: @nn li = [i <- li i<0 & => i]"
MBPP+,Mbpp/437,python,True,100.0,True,True,True,16,16,17,17,,
MBPP+,Mbpp/437,kern_compact,True,100.0,True,True,True,16,12,17,13,,
MBPP+,Mbpp/437,python_minifier,True,100.0,True,True,True,16,14,17,15,,
MBPP+,Mbpp/437,sigil,True,100.0,True,True,False,16,10,17,10,,
MBPP+,Mbpp/439,python,True,100.0,True,True,True,17,17,17,17,,
MBPP+,Mbpp/439,kern_compact,True,100.0,True,True,True,17,13,17,13,,
MBPP+,Mbpp/439,python_minifier,True,100.0,True,True,True,17,15,17,15,,
MBPP+,Mbpp/439,sigil,True,100.0,True,True,False,17,10,17,10,,
MBPP+,Mbpp/440,python,True,100.0,True,True,True,40,40,40,40,,
MBPP+,Mbpp/440,kern_compact,True,100.0,True,True,True,40,34,40,34,,
MBPP+,Mbpp/440,python_minifier,True,100.0,True,True,False,40,35,40,35,,
MBPP+,Mbpp/440,sigil,True,50.0,False,False,,40,48,40,48,decode,"ValueError: Parse errors in Sigil source:
line 1, col 1: unexpected token '<re>\n;; TODO: manual conversion needed\n;' in: <re>"
MBPP+,Mbpp/441,python,True,100.0,True,True,True,16,16,16,16,,
MBPP+,Mbpp/441,kern_compact,True,100.0,True,True,True,16,8,16,8,,
MBPP+,Mbpp/441,python_minifier,True,100.0,True,True,True,16,11,16,11,,
MBPP+,Mbpp/441,sigil,True,100.0,True,True,False,16,8,16,8,,
MBPP+,Mbpp/445,python,True,100.0,True,True,True,54,54,55,55,,
MBPP+,Mbpp/445,kern_compact,True,100.0,True,True,True,54,38,55,39,,
MBPP+,Mbpp/445,python_minifier,True,100.0,True,True,False,54,42,55,44,,
MBPP+,Mbpp/445,sigil,True,100.0,False,False,,54,44,55,44,decode,"ValueError: Parse errors in Sigil source:
line 1, col 20: unexpected token '(tuple((a * b for a, b in zip(tup1, tup2' in: @im te te2 = tuple (tuple((a * b for a, b in zip(tup1, tup2))) for tup1, tup2 in zip(test_tup1, test_tup2))"
MBPP+,Mbpp/446,python,True,100.0,True,True,True,30,30,30,30,,
MBPP+,Mbpp/446,kern_compact,True,100.0,True,True,True,30,24,30,24,,
MBPP+,Mbpp/446,python_minifier,True,100.0,True,True,False,30,27,30,27,,
MBPP+,Mbpp/446,sigil,True,100.0,True,False,,30,21,30,22,parse,"SyntaxError: invalid syntax (<unknown>, line 4)"
MBPP+,Mbpp/447,python,True,100.0,True,True,True,17,17,17,17,,
MBPP+,Mbpp/447,kern_compact,True,100.0,True,True,True,17,13,17,13,,
MBPP+,Mbpp/447,python_minifier,True,100.0,True,True,False,17,14,17,14,,
MBPP+,Mbpp/447,sigil,True,100.0,True,True,False,17,13,17,13,,
MBPP+,Mbpp/448,python,True,100.0,True,True,True,114,114,114,114,,
MBPP+,Mbpp/448,kern_compact,True,100.0,True,True,True,114,60,114,63,,
MBPP+,Mbpp/448,python_minifier,True,100.0,True,True,False,114,73,114,72,,
MBPP+,Mbpp/448,sigil,True,0.0,False,False,,114,138,114,138,decode,"ValueError: Parse errors in Sigil source:
line 1, col 4: unexpected token 'TODO: manual conversion needed\n;; def ca' in: ;; TODO: manual conversion needed"
MBPP+,Mbpp/450,python,True,100.0,True,True,True,26,26,26,26,,
MBPP+,Mbpp/450,kern_compact,True,100.0,True,True,True,26,19,26,19,,
MBPP+,Mbpp/450,python_minifier,True,100.0,True,True,False,26,20,26,20,,
MBPP+,Mbpp/450,sigil,True,100.0,False,False,,26,17,26,17,decode,"ValueError: Parse errors in Sigil source:
line 1, col 1: unexpected token '@es st l = [e <- st len e==l & => e]' in: @es st l = [e <- st len e==l & => e]"
MBPP+,Mbpp/451,python,True,100.0,True,True,True,20,20,20,20,,
MBPP+,Mbpp/451,kern_compact,True,100.0,True,True,True,20,16,20,16,,
MBPP+,Mbpp/451,python_minifier,True,100.0,True,True,True,20,18,20,18,,
MBPP+,Mbpp/451,sigil,True,100.0,True,True,False,20,12,20,12,,
MBPP+,Mbpp/453,python,True,100.0,True,True,True,63,63,63,63,,
MBPP+,Mbpp/453,kern_compact,True,100.0,True,True,True,63,43,63,44,,
MBPP+,Mbpp/453,python_minifier,True,100.0,True,True,False,63,45,63,45,,
MBPP+,Mbpp/453,sigil,True,100.0,False,False,,63,42,63,42,decode,"ValueError: Parse errors in Sigil source:
line 2, col 33: unexpected token '[i <- range 2 n+1 n%i==0 & i%2==0 & => i' in: @sumo n = n%2!=0 ? 0 : None sum [i <- range 2 n+1 n%i==0 & i%2==0 & => i]"
MBPP+,Mbpp/454,python,True,100.0,True,True,True,19,19,19,19,,
MBPP+,Mbpp/454,kern_compact,True,100.0,True,True,True,19,14,19,14,,
MBPP+,Mbpp/454,python_minifier,True,100.0,True,True,True,19,15,19,14,,
MBPP+,Mbpp/454,sigil,True,100.0,True,True,False,19,13,19,13,,
MBPP+,Mbpp/455,python,True,100.0,True,True,True,38,38,38,38,,
MBPP+,Mbpp/455,kern_compact,True,100.0,True,True,True,38,28,38,28,,
MBPP+,Mbpp/455,python_minifier,True,100.0,True,True,True,38,30,38,30,,
MBPP+,Mbpp/455,sigil,True,100.0,True,True,False,38,22,38,22,,
MBPP+,Mbpp/456,python,True,100.0,True,True,True,21,21,21,21,,
MBPP+,Mbpp/456,kern_compact,True,100.0,True,True,True,21,17,21,17,,
MBPP+,Mbpp/456,python_minifier,True,100.0,True,True,False,21,18,21,18,,
MBPP+,Mbpp/456,sigil,True,100.0,True,True,False,21,14,21,14,,
MBPP+,Mbpp/457,python,True,100.0,True,True,True,16,16,16,16,,
MBPP+,Mbpp/457,kern_compact,True,100.0,True,True,True,16,9,16,9,,
MBPP+,Mbpp/457,python_minifier,True,100.0,True,True,True,16,11,16,11,,
MBPP+,Mbpp/457,sigil,True,100.0,True,True,False,16,8,16,9,,
MBPP+,Mbpp/458,python,True,100.0,True,True,True,13,13,13,13,,
MBPP+,Mbpp/458,kern_compact,True,100.0,True,True,True,13,7,13,7,,
MBPP+,Mbpp/458,python_minifier,True,100.0,True,True,True,13,9,13,9,,
MBPP+,Mbpp/458,sigil,True,100.0,True,True,False,13,7,13,7,,
MBPP+,Mbpp/459,python,True,100.0,True,True,True,23,23,23,23,,
MBPP+,Mbpp/459,kern_compact,True,100.0,True,True,True,23,20,23,20,,
MBPP+,Mbpp/459,python_minifier,True,100.0,True,True,False,23,21,23,21,,
MBPP+,Mbpp/459,sigil,True,100.0,True,False,,23,18,23,18,parse,"SyntaxError: invalid syntax (<unknown>, line 2)"
MBPP+,Mbpp/460,python,True,100.0,True,True,True,19,19,19,19,,
MBPP+,Mbpp/460,kern_compact,True,100.0,True,True,True,19,12,19,12,,
MBPP+,Mbpp/460,python_minifier,True,100.0,True,True,False,19,14,19,14,,
MBPP+,Mbpp/460,sigil,True,100.0,True,True,False,19,14,19,13,,
MBPP+,Mbpp/462,python,True,100.0,True,True,True,55,55,55,55,,
MBPP+,Mbpp/462,kern_compact,True,100.0,True,True,True,55,43,55,44,,
MBPP+,Mbpp/462,python_minifier,True,100.0,True,True,False,55,44,55,44,,
MBPP+,Mbpp/462,sigil,True,0.0,False,False,,55,68,55,68,decode,"ValueError: Parse errors in Sigil source:
line 1, col 4: unexpected token 'TODO: manual conversion needed\n;; def co' in: ;; TODO: manual conversion needed"
MBPP+,Mbpp/463,python,True,100.0,True,True,True,89,89,90,90,,
MBPP+,Mbpp/463,kern_compact,True,100.0,True,True,True,89,47,90,47,,
MBPP+,Mbpp/463,python_minifier,True,100.0,True,True,False,89,46,90,46,,
MBPP+,Mbpp/463,sigil,True,0.0,False,False,,89,104,90,105,decode,"ValueError: Parse errors in Sigil source:
line 1, col 4: unexpected token 'TODO: manual conversion needed\n;; def ma' in: ;; TODO: manual conversion needed"
MBPP+,Mbpp/465,python,True,100.0,True,True,True,36,36,36,36,,
MBPP+,Mbpp/465,kern_compact,True,100.0,True,True,True,36,23,36,23,,
MBPP+,Mbpp/465,python_minifier,True,100.0,True,True,False,36,30,36,30,,
MBPP+,Mbpp/465,sigil,True,100.0,False,False,,36,25,36,25,decode,"ValueError: Parse errors in Sigil source:
line 1, col 1: unexpected token '@de di = di:{key: value for key, value i' in: @de di = di:{key: value for key, value in dict1.items() if value is not None} di"
MBPP+,Mbpp/468,python,True,100.0,True,True,True,183,183,184,184,,
MBPP+,Mbpp/468,kern_compact,True,100.0,True,True,True,183,101,184,104,,
MBPP+,Mbpp/468,python_minifier,True,100.0,True,True,False,183,107,184,108,,
MBPP+,Mbpp/468,sigil,True,0.0,False,False,,183,187,184,188,decode,"ValueError: Parse errors in Sigil source:
line 1, col 4: unexpected token 'TODO: manual conversion needed\n;; def ma' in: ;; TODO: manual conversion needed"
MBPP+,Mbpp/470,python,True,100.0,True,True,True,32,32,32,32,,
MBPP+,Mbpp/470,kern_compact,True,100.0,True,True,True,32,25,32,25,,
MBPP+,Mbpp/470,python_minifier,True,100.0,True,True,False,32,29,32,29,,
MBPP+,Mbpp/470,sigil,True,100.0,False,False,,32,26,32,26,decode,"ValueError: Parse errors in Sigil source:
line 1, col 16: unexpected token '(a + b for a, b in zip(test_tup, test_tu' in: @ap te = tuple (a + b for a, b in zip(test_tup, test_tup[1:]))"
MBPP+,Mbpp/471,python,True,100.0,True,True,True,33,33,33,33,,
MBPP+,Mbpp/471,kern_compact,True,100.0,True,True,True,33,24,33,25,,
MBPP+,Mbpp/471,python_minifier,True,100.0,True,True,False,33,24,33,25,,
MBPP+,Mbpp/471,sigil,True,0.0,False,False,,33,40,33,40,decode,"ValueError: Parse errors in Sigil source:
line 1, col 4: unexpected token 'TODO: manual conversion needed\n;; def fi' in: ;; TODO: manual conversion needed"
MBPP+,Mbpp/472,python,True,100.0,True,True,True,25,25,26,26,,
MBPP+,Mbpp/472,kern_compact,True,100.0,True,True,True,25,18,26,19,,
MBPP+,Mbpp/472,python_minifier,True,100.0,True,True,True,25,20,26,21,,
MBPP+,Mbpp/472,sigil,True,100.0,True,True,False,25,15,26,16,,
MBPP+,Mbpp/473,python,True,100.0,True,True,True,41,41,42,42,,
MBPP+,Mbpp/473,kern_compact,True,100.0,True,True,True,41,36,42,37,,
MBPP+,Mbpp/473,python_minifier,True,100.0,True,True,False,41,38,42,39,,
MBPP+,Mbpp/473,sigil,True,100.0,False,False,,41,27,42,27,decode,"ValueError: Parse errors in Sigil source:
line 1, col 18: unexpected token '[ele <- te => tuple sorted ele]&set [ele' in: @ti te te2 = set [ele <- te => tuple sorted ele]&set [ele <- te2 => tuple sorted ele]"
MBPP+,Mbpp/474,python,True,100.0,True,True,True,22,22,22,22,,
MBPP+,Mbpp/474,kern_compact,True,100.0,True,True,True,22,15,22,15,,
MBPP+,Mbpp/474,python_minifier,True,100.0,True,True,True,22,17,22,17,,
MBPP+,Mbpp/474,sigil,True,100.0,True,True,False,22,10,22,10,,
MBPP+,Mbpp/475,python,True,100.0,True,True,True,24,24,24,24,,
MBPP+,Mbpp/475,kern_compact,True,100.0,True,True,True,24,21,24,21,,
MBPP+,Mbpp/475,python_minifier,True,100.0,True,True,True,24,22,24,22,,
MBPP+,Mbpp/475,sigil,True,100.0,False,False,,24,18,24,18,decode,"ValueError: Parse errors in Sigil source:
line 1, col 33: unexpected token '->x[1] reverse:True' in: @sc di = sorted di.items() key:x->x[1] reverse:True"
MBPP+,Mbpp/476,python,True,100.0,True,True,True,15,15,15,15,,
MBPP+,Mbpp/476,kern_compact,True,100.0,True,True,True,15,10,15,10,,
MBPP+,Mbpp/476,python_minifier,True,100.0,True,True,True,15,12,15,12,,
MBPP+,Mbpp/476,sigil,True,100.0,True,True,False,15,9,15,9,,
MBPP+,Mbpp/477,python,True,100.0,True,True,True,11,11,11,11,,
MBPP+,Mbpp/477,kern_compact,True,100.0,True,True,True,11,7,11,7,,
MBPP+,Mbpp/477,python_minifier,True,100.0,True,True,True,11,9,11,9,,
MBPP+,Mbpp/477,sigil,True,100.0,True,True,False,11,7,11,7,,
MBPP+,Mbpp/478,python,True,100.0,True,True,True,22,22,23,23,,
MBPP+,Mbpp/478,kern_compact,True,100.0,True,True,True,22,18,23,20,,
MBPP+,Mbpp/478,python_minifier,True,100.0,True,True,True,22,20,23,22,,
MBPP+,Mbpp/478,sigil,True,100.0,True,True,False,22,15,23,15,,
MBPP+,Mbpp/479,python,True,100.0,True,True,True,17,17,17,17,,
MBPP+,Mbpp/479,kern_compact,True,100.0,True,True,True,17,11,17,11,,
MBPP+,Mbpp/479,python_minifier,True,100.0,True,True,True,17,13,17,13,,
MBPP+,Mbpp/479,sigil,True,100.0,True,True,False,17,11,17,11,,
MBPP+,Mbpp/554,python,True,100.0,True,True,True,23,23,23,23,,
MBPP+,Mbpp/554,kern_compact,True,100.0,True,True,True,23,16,23,16,,
MBPP+,Mbpp/554,python_minifier,True,100.0,True,True,True,23,16,23,16,,
MBPP+,Mbpp/554,sigil,True,100.0,True,True,False,23,15,23,15,,
MBPP+,Mbpp/555,python,True,100.0,True,True,True,37,37,37,37,,
MBPP+,Mbpp/555,kern_compact,True,100.0,True,True,True,37,19,37,19,,
MBPP+,Mbpp/555,python_minifier,True,100.0,True,True,False,37,22,37,22,,
MBPP+,Mbpp/555,sigil,True,100.0,True,True,False,37,17,37,17,,
MBPP+,Mbpp/556,python,True,100.0,True,True,True,71,71,71,71,,
MBPP+,Mbpp/556,kern_compact,True,100.0,True,True,True,71,45,71,45,,
MBPP+,Mbpp/556,python_minifier,True,100.0,True,True,False,71,49,71,49,,
MBPP+,Mbpp/556,sigil,True,0.0,False,False,,71,81,71,81,decode,"ValueError: Parse errors in Sigil source:
line 1, col 4: unexpected token 'TODO: manual conversion needed\n;; def fi' in: ;; TODO: manual conversion needed"
MBPP+,Mbpp/557,python,True,100.0,True,True,True,11,11,11,11,,
MBPP+,Mbpp/557,kern_compact,True,100.0,True,True,True,11,8,11,8,,
MBPP+,Mbpp/557,python_minifier,True,100.0,True,True,True,11,10,11,10,,
MBPP+,Mbpp/557,sigil,True,100.0,True,True,False,11,8,11,8,,
MBPP+,Mbpp/558,python,True,100.0,True,True,True,42,42,42,42,,
MBPP+,Mbpp/558,kern_compact,True,100.0,True,True,True,42,31,42,31,,
MBPP+,Mbpp/558,python_minifier,True,100.0,True,True,False,42,34,42,34,,
MBPP+,Mbpp/558,sigil,True,100.0,False,False,,42,32,42,32,decode,"ValueError: Parse errors in Sigil source:
line 1, col 18: unexpected token '[(c1 c2) <- zip str n1 str n2 => abs int' in: @ddn n1 n2 = sum [(c1 c2) <- zip str n1 str n2 => abs int c1-int c2]"
MBPP+,Mbpp/559,python,True,100.0,True,True,True,98,98,98,98,,
MBPP+,Mbpp/559,kern_compact,True,100.0,True,True,True,98,44,98,44,,
MBPP+,Mbpp/559,python_minifier,True,100.0,True,True,False,98,48,98,48,,
MBPP+,Mbpp/559,sigil,True,0.0,False,False,,98,112,98,112,decode,"ValueError: Parse errors in Sigil source:
line 1, col 4: unexpected token 'TODO: manual conversion needed\n;; def ma' in: ;; TODO: manual conversion needed"
MBPP+,Mbpp/560,python,True,100.0,True,True,True,29,29,29,29,,
MBPP+,Mbpp/560,kern_compact,True,100.0,True,True,True,29,24,29,24,,
MBPP+,Mbpp/560,python_minifier,True,100.0,True,True,True,29,26,29,26,,
MBPP+,Mbpp/560,sigil,True,100.0,True,True,False,29,13,29,13,,
MBPP+,Mbpp/562,python,True,100.0,True,True,True,18,18,18,18,,
MBPP+,Mbpp/562,kern_compact,True,100.0,True,True,True,18,11,18,11,,
MBPP+,Mbpp/562,python_minifier,True,100.0,True,True,True,18,13,18,13,,
MBPP+,Mbpp/562,sigil,True,100.0,True,True,False,18,9,18,11,,
MBPP+,Mbpp/563,python,True,100.0,True,True,True,22,22,20,20,,
MBPP+,Mbpp/563,kern_compact,True,100.0,True,True,True,22,17,20,15,,
MBPP+,Mbpp/563,python_minifier,True,100.0,True,True,True,22,19,20,17,,
MBPP+,Mbpp/563,sigil,True,100.0,True,True,False,22,16,20,14,,
MBPP+,Mbpp/564,python,True,100.0,True,True,True,59,59,59,59,,
MBPP+,Mbpp/564,kern_compact,True,100.0,True,True,True,59,36,59,36,,
MBPP+,Mbpp/564,python_minifier,True,100.0,True,True,False,59,41,59,41,,
MBPP+,Mbpp/564,sigil,True,0.0,False,False,,59,65,59,65,decode,"ValueError: Parse errors in Sigil source:
line 1, col 4: unexpected token 'TODO: manual conversion needed\n;; def co' in: ;; TODO: manual conversion needed"
MBPP+,Mbpp/565,python,True,100.0,True,True,True,11,11,11,11,,
MBPP+,Mbpp/565,kern_compact,True,100.0,True,True,True,11,6,11,6,,
MBPP+,Mbpp/565,python_minifier,True,100.0,True,True,True,11,8,11,8,,
MBPP+,Mbpp/565,sigil,True,100.0,True,True,False,11,7,11,6,,
MBPP+,Mbpp/566,python,True,100.0,True,True,True,15,15,15,15,,
MBPP+,Mbpp/566,kern_compact,True,100.0,True,True,True,15,10,15,10,,
MBPP+,Mbpp/566,python_minifier,True,100.0,True,True,True,15,12,15,12,,
MBPP+,Mbpp/566,sigil,True,100.0,True,True,False,15,9,15,9,,
MBPP+,Mbpp/567,python,True,100.0,True,True,True,29,29,29,29,,
MBPP+,Mbpp/567,kern_compact,True,100.0,True,True,True,29,23,29,23,,
MBPP+,Mbpp/567,python_minifier,True,100.0,True,True,False,29,28,29,28,,
MBPP+,Mbpp/567,sigil,True,100.0,False,False,,29,24,29,24,decode,"ValueError: Parse errors in Sigil source:
line 1, col 14: unexpected token '(a <= b for a, b in zip(list1, list1[1:]' in: @il li = all (a <= b for a, b in zip(list1, list1[1:]))"
MBPP+,Mbpp/568,python,True,100.0,True,True,True,15,15,14,14,,
MBPP+,Mbpp/568,kern_compact,True,100.0,True,True,True,15,12,14,12,,
MBPP+,Mbpp/568,python_minifier,True,100.0,True,True,False,15,14,14,14,,
MBPP+,Mbpp/568,sigil,True,100.0,True,True,False,15,11,14,11,,
MBPP+,Mbpp/569,python,True,100.0,True,True,True,17,17,18,18,,
MBPP+,Mbpp/569,kern_compact,True,100.0,True,True,True,17,12,18,13,,
MBPP+,Mbpp/569,python_minifier,True,100.0,True,True,True,17,14,18,15,,
MBPP+,Mbpp/569,sigil,True,100.0,True,True,False,17,8,18,8,,
MBPP+,Mbpp/572,python,True,100.0,True,True,True,22,22,22,22,,
MBPP+,Mbpp/572,kern_compact,True,100.0,True,True,True,22,18,22,18,,
MBPP+,Mbpp/572,python_minifier,True,100.0,True,True,False,22,19,22,19,,
MBPP+,Mbpp/572,sigil,True,100.0,False,False,,22,18,22,17,decode,"ValueError: Parse errors in Sigil source:
line 1, col 1: unexpected token '@tun nu = [n <- nu nu.count n==1 & => n]' in: @tun nu = [n <- nu nu.count n==1 & => n]"
MBPP+,Mbpp/573,python,True,100.0,True,True,True,28,28,28,28,,
MBPP+,Mbpp/573,kern_compact,True,100.0,True,True,True,28,24,28,25,,
MBPP+,Mbpp/573,python_minifier,True,100.0,True,True,False,28,24,28,24,,
MBPP+,Mbpp/573,sigil,True,0.0,False,False,,28,38,28,38,decode,"ValueError: Parse errors in Sigil source:
line 1, col 4: unexpected token 'TODO: manual conversion needed\n;; def un' in: ;; TODO: manual conversion needed"
MBPP+,Mbpp/576,python,True,100.0,True,True,True,71,71,71,71,,
MBPP+,Mbpp/576,kern_compact,True,100.0,True,True,True,71,45,71,45,,
MBPP+,Mbpp/576,python_minifier,True,100.0,True,True,False,71,53,71,53,,
MBPP+,Mbpp/576,sigil,True,0.0,False,False,,71,87,71,87,decode,"ValueError: Parse errors in Sigil source:
line 1, col 4: unexpected token 'TODO: manual conversion needed\n;; def is' in: ;; TODO: manual conversion needed"
MBPP+,Mbpp/577,python,True,100.0,True,True,True,75,75,75,75,,
MBPP+,Mbpp/577,kern_compact,True,100.0,True,True,True,75,35,75,39,,
MBPP+,Mbpp/577,python_minifier,True,100.0,True,True,True,75,44,75,44,,
MBPP+,Mbpp/577,sigil,True,100.0,True,True,False,75,34,75,34,,
MBPP+,Mbpp/578,python,True,100.0,True,True,True,36,36,36,36,,
MBPP+,Mbpp/578,kern_compact,True,100.0,True,True,True,36,28,36,28,,
MBPP+,Mbpp/578,python_minifier,True,100.0,True,True,False,36,29,36,29,,
MBPP+,Mbpp/578,sigil,True,100.0,True,False,,36,28,36,28,parse,"SyntaxError: invalid syntax (<unknown>, line 2)"
MBPP+,Mbpp/579,python,True,100.0,True,True,True,32,32,32,32,,
MBPP+,Mbpp/579,kern_compact,True,100.0,True,True,True,32,26,32,26,,
MBPP+,Mbpp/579,python_minifier,True,100.0,True,True,True,32,28,32,28,,
MBPP+,Mbpp/579,sigil,True,100.0,False,False,,32,13,32,13,decode,"ValueError: Parse errors in Sigil source:
line 1, col 1: unexpected token '@fd te te2 = tuple set te^set te2' in: @fd te te2 = tuple set te^set te2"
MBPP+,Mbpp/580,python,True,100.0,True,True,True,73,73,73,73,,
MBPP+,Mbpp/580,kern_compact,True,100.0,True,True,True,73,49,73,49,,
MBPP+,Mbpp/580,python_minifier,True,100.0,True,True,False,73,55,73,55,,
MBPP+,Mbpp/580,sigil,True,50.0,False,False,,73,76,73,76,decode,"ValueError: Parse errors in Sigil source:
line 1, col 4: unexpected token 'TODO: manual conversion needed\n;; def ev' in: ;; TODO: manual conversion needed"
MBPP+,Mbpp/581,python,True,100.0,True,True,True,24,24,24,24,,
MBPP+,Mbpp/581,kern_compact,True,100.0,True,True,True,24,15,24,15,,
MBPP+,Mbpp/581,python_minifier,True,100.0,True,True,True,24,18,24,18,,
MBPP+,Mbpp/581,sigil,True,100.0,True,True,False,24,14,24,14,,
MBPP+,Mbpp/583,python,True,100.0,True,True,True,58,58,58,58,,
MBPP+,Mbpp/583,kern_compact,True,100.0,True,True,True,58,40,58,42,,
MBPP+,Mbpp/583,python_minifier,True,100.0,True,True,False,58,46,58,46,,
MBPP+,Mbpp/583,sigil,True,0.0,False,False,,58,70,58,70,decode,"ValueError: Parse errors in Sigil source:
line 1, col 4: unexpected token 'TODO: manual conversion needed\n;; def ca' in: ;; TODO: manual conversion needed"
MBPP+,Mbpp/585,python,True,100.0,True,True,True,35,35,36,36,,
MBPP+,Mbpp/585,kern_compact,True,100.0,True,True,True,35,25,36,25,,
MBPP+,Mbpp/585,python_minifier,True,100.0,True,True,False,35,28,36,28,,
MBPP+,Mbpp/585,sigil,True,100.0,False,False,,35,28,36,27,decode,"ValueError: Parse errors in Sigil source:
line 2, col 53: unexpected token ""->s['price'] expensive_items"" in: @ei it n = expensive_items:heapq.nlargest n it key:s->s['price'] expensive_items"
MBPP+,Mbpp/586,python,True,100.0,True,True,True,19,19,19,19,,
MBPP+,Mbpp/586,kern_compact,True,100.0,True,True,True,19,14,19,14,,
MBPP+,Mbpp/586,python_minifier,True,100.0,True,True,True,19,16,19,16,,
MBPP+,Mbpp/586,sigil,True,100.0,True,True,False,19,13,19,13,,
MBPP+,Mbpp/587,python,True,100.0,True,True,True,13,13,13,13,,
MBPP+,Mbpp/587,kern_compact,True,100.0,True,True,True,13,9,13,9,,
MBPP+,Mbpp/587,python_minifier,True,100.0,True,True,True,13,11,13,11,,
MBPP+,Mbpp/587,sigil,True,100.0,True,True,False,13,6,13,6,,
MBPP+,Mbpp/588,python,True,100.0,True,True,True,15,15,15,15,,
MBPP+,Mbpp/588,kern_compact,True,100.0,True,True,True,15,10,15,10,,
MBPP+,Mbpp/588,python_minifier,True,100.0,True,True,True,15,12,15,12,,
MBPP+,Mbpp/588,sigil,True,100.0,True,True,False,15,8,15,8,,
MBPP+,Mbpp/589,python,True,100.0,True,True,True,71,71,71,71,,
MBPP+,Mbpp/589,kern_compact,True,100.0,True,True,True,71,51,71,51,,
MBPP+,Mbpp/589,python_minifier,True,100.0,True,True,True,71,51,71,51,,
MBPP+,Mbpp/589,sigil,True,100.0,False,False,,71,51,71,51,decode,"ValueError: Parse errors in Sigil source:
line 2, col 28: unexpected token ': None b<0 ? [] : None a<0 ? a:0 : None' in: @ps a b = a>b ? (a b):(b a) : None b<0 ? [] : None a<0 ? a:0 : None list filter x->math.sqrt x.is_integer() range a b+1"
MBPP+,Mbpp/590,python,True,100.0,True,True,True,46,46,46,46,,
MBPP+,Mbpp/590,kern_compact,True,100.0,True,True,True,46,32,46,31,,
MBPP+,Mbpp/590,python_minifier,True,100.0,True,True,False,46,33,46,33,,
MBPP+,Mbpp/590,sigil,True,100.0,False,False,,46,31,46,31,decode,"ValueError: Parse errors in Sigil source:
line 2, col 47: unexpected token '.rect 2 cmath.pi (cn cn1)' in: @pr x y = cn:cmath.polar complex x y cn1:cmath.rect 2 cmath.pi (cn cn1)"
MBPP+,Mbpp/591,python,True,100.0,True,True,True,26,26,29,29,,
MBPP+,Mbpp/591,kern_compact,True,100.0,True,True,True,26,23,29,23,,
MBPP+,Mbpp/591,python_minifier,True,100.0,True,True,False,26,26,29,26,,
MBPP+,Mbpp/591,sigil,True,100.0,True,True,False,26,19,29,19,,
MBPP+,Mbpp/592,python,True,100.0,True,True,True,116,116,119,119,,
MBPP+,Mbpp/592,kern_compact,True,100.0,True,True,True,116,74,119,77,,
MBPP+,Mbpp/592,python_minifier,True,100.0,True,True,False,116,78,119,81,,
MBPP+,Mbpp/592,sigil,True,50.0,False,False,,116,108,119,110,decode,"ValueError: Parse errors in Sigil source:
line 1, col 4: unexpected token 'TODO: manual conversion needed\n;; def bi' in: ;; TODO: manual conversion needed"
MBPP+,Mbpp/593,python,True,100.0,True,True,True,21,21,21,21,,
MBPP+,Mbpp/593,kern_compact,True,100.0,True,True,True,21,18,21,18,,
MBPP+,Mbpp/593,python_minifier,True,100.0,True,True,True,21,20,21,20,,
MBPP+,Mbpp/593,sigil,True,100.0,True,True,False,21,16,21,16,,
MBPP+,Mbpp/594,python,True,100.0,True,True,True,61,61,64,64,,
MBPP+,Mbpp/594,kern_compact,True,100.0,True,True,True,61,47,64,48,,
MBPP+,Mbpp/594,python_minifier,True,100.0,True,True,False,61,52,64,53,,
MBPP+,Mbpp/594,sigil,True,100.0,True,False,,61,52,64,54,parse,"SyntaxError: invalid syntax (<unknown>, line 2)"
MBPP+,Mbpp/596,python,True,100.0,True,True,True,18,18,18,18,,
MBPP+,Mbpp/596,kern_compact,True,100.0,True,True,True,18,14,18,14,,
MBPP+,Mbpp/596,python_minifier,True,100.0,True,True,True,18,16,18,16,,
MBPP+,Mbpp/596,sigil,True,100.0,True,True,False,18,11,18,11,,
MBPP+,Mbpp/597,python,True,100.0,True,True,True,26,26,26,26,,
MBPP+,Mbpp/597,kern_compact,True,100.0,True,True,True,26,20,26,21,,
MBPP+,Mbpp/597,python_minifier,True,100.0,True,True,True,26,22,26,23,,
MBPP+,Mbpp/597,sigil,True,100.0,True,True,False,26,16,26,16,,
MBPP+,Mbpp/598,python,True,100.0,True,True,True,32,32,32,32,,
MBPP+,Mbpp/598,kern_compact,True,100.0,True,True,True,32,25,32,25,,
MBPP+,Mbpp/598,python_minifier,True,100.0,True,True,False,32,30,32,30,,
MBPP+,Mbpp/598,sigil,True,100.0,False,False,,32,21,32,22,decode,"ValueError: Parse errors in Sigil source:
line 1, col 31: unexpected token '[i <- str nu => int i**order]==nu' in: @an nu = order:len str nu sum [i <- str nu => int i**order]==nu"
MBPP+,Mbpp/599,python,True,100.0,True,True,True,32,32,32,32,,
MBPP+,Mbpp/599,kern_compact,True,100.0,True,True,True,32,21,32,22,,
MBPP+,Mbpp/599,python_minifier,True,100.0,True,True,False,32,25,32,25,,
MBPP+,Mbpp/599,sigil,True,100.0,True,True,False,32,23,32,23,,
MBPP+,Mbpp/600,python,True,100.0,True,True,True,19,19,19,19,,
MBPP+,Mbpp/600,kern_compact,True,100.0,True,True,True,19,10,19,10,,
MBPP+,Mbpp/600,python_minifier,True,100.0,True,True,True,19,12,19,12,,
MBPP+,Mbpp/600,sigil,True,100.0,True,True,False,19,10,19,10,,
MBPP+,Mbpp/602,python,True,100.0,True,True,True,44,44,44,44,,
MBPP+,Mbpp/602,kern_compact,True,100.0,True,True,True,44,30,44,31,,
MBPP+,Mbpp/602,python_minifier,True,100.0,True,True,False,44,32,44,32,,
MBPP+,Mbpp/602,sigil,True,0.0,False,False,,44,54,44,54,decode,"ValueError: Parse errors in Sigil source:
line 1, col 4: unexpected token 'TODO: manual conversion needed\n;; def fi' in: ;; TODO: manual conversion needed"
MBPP+,Mbpp/603,python,True,100.0,True,True,True,113,113,113,113,,
MBPP+,Mbpp/603,kern_compact,True,100.0,True,True,True,113,64,113,64,,
MBPP+,Mbpp/603,python_minifier,True,100.0,True,True,False,113,68,113,66,,
MBPP+,Mbpp/603,sigil,True,0.0,False,False,,113,133,113,133,decode,"ValueError: Parse errors in Sigil source:
line 1, col 4: unexpected token 'TODO: manual conversion needed\n;; def ge' in: ;; TODO: manual conversion needed"
MBPP+,Mbpp/604,python,True,100.0,True,True,True,15,15,15,15,,
MBPP+,Mbpp/604,kern_compact,True,100.0,True,True,True,15,12,15,12,,
MBPP+,Mbpp/604,python_minifier,True,100.0,True,True,True,15,14,15,14,,
MBPP+,Mbpp/604,sigil,True,100.0,True,True,False,15,11,15,11,,
MBPP+,Mbpp/605,python,True,100.0,True,True,True,54,54,54,54,,
MBPP+,Mbpp/605,kern_compact,True,100.0,True,True,True,54,36,54,38,,
MBPP+,Mbpp/605,python_minifier,True,100.0,True,True,False,54,45,54,45,,
MBPP+,Mbpp/605,sigil,True,50.0,False,False,,54,66,54,66,decode,"ValueError: Parse errors in Sigil source:
line 1, col 1: unexpected token '<math>\n;; TODO: manual conversion needed' in: <math>"
MBPP+,Mbpp/606,python,True,100.0,True,True,True,21,21,21,21,,
MBPP+,Mbpp/606,kern_compact,True,100.0,True,True,True,21,14,21,15,,
MBPP+,Mbpp/606,python_minifier,True,100.0,True,True,True,21,16,21,17,,
MBPP+,Mbpp/606,sigil,True,100.0,True,True,False,21,12,21,13,,
MBPP+,Mbpp/607,python,True,100.0,True,True,True,53,53,53,53,,
MBPP+,Mbpp/607,kern_compact,True,100.0,True,True,True,53,35,53,35,,
MBPP+,Mbpp/607,python_minifier,True,100.0,True,True,False,53,36,53,36,,
MBPP+,Mbpp/607,sigil,True,100.0,False,False,,53,38,53,38,decode,"ValueError: Parse errors in Sigil source:
line 2, col 70: unexpected token '.start() e:match.end() (match.re.pattern' in: @fl te pa = match:re.search pa te match is None ? None : None s:match.start() e:match.end() (match.re.pattern s e)"
MBPP+,Mbpp/608,python,True,100.0,True,True,True,114,114,114,114,,
MBPP+,Mbpp/608,kern_compact,True,100.0,True,True,True,114,91,114,92,,
MBPP+,Mbpp/608,python_minifier,True,100.0,True,True,False,114,95,114,96,,
MBPP+,Mbpp/608,sigil,True,0.0,False,False,,114,132,114,132,decode,"ValueError: Parse errors in Sigil source:
line 1, col 4: unexpected token 'TODO: manual conversion needed\n;; def be' in: ;; TODO: manual conversion needed"
MBPP+,Mbpp/610,python,True,100.0,True,True,True,25,25,25,25,,
MBPP+,Mbpp/610,kern_compact,True,100.0,True,True,True,25,19,25,19,,
MBPP+,Mbpp/610,python_minifier,True,100.0,True,True,False,25,23,25,23,,
MBPP+,Mbpp/610,sigil,True,100.0,True,True,False,25,15,25,15,,
MBPP+,Mbpp/611,python,True,100.0,True,True,True,23,23,24,24,,
MBPP+,Mbpp/611,kern_compact,True,100.0,True,True,True,23,18,24,19,,
MBPP+,Mbpp/611,python_minifier,True,100.0,True,True,False,23,20,24,21,,
MBPP+,Mbpp/611,sigil,True,100.0,False,False,,23,14,24,14,decode,"ValueError: Parse errors in Sigil source:
line 1, col 17: unexpected token '[sub <- te => sub[N]]' in: @mon te N = max [sub <- te => sub[N]]"
MBPP+,Mbpp/612,python,True,100.0,True,True,True,21,21,22,22,,
MBPP+,Mbpp/612,kern_compact,True,100.0,True,True,True,21,14,22,15,,
MBPP+,Mbpp/612,python_minifier,True,100.0,True,True,False,21,16,22,17,,
MBPP+,Mbpp/612,sigil,True,100.0,True,True,False,21,16,22,16,,
MBPP+,Mbpp/614,python,True,100.0,True,True,True,18,18,18,18,,
MBPP+,Mbpp/614,kern_compact,True,100.0,True,True,True,18,13,18,13,,
MBPP+,Mbpp/614,python_minifier,True,100.0,True,True,True,18,15,18,15,,
MBPP+,Mbpp/614,sigil,True,100.0,True,True,False,18,8,18,8,,
MBPP+,Mbpp/615,python,True,100.0,True,True,True,28,28,28,28,,
MBPP+,Mbpp/615,kern_compact,True,100.0,True,True,True,28,18,28,18,,
MBPP+,Mbpp/615,python_minifier,True,100.0,True,True,False,28,22,28,23,,
MBPP+,Mbpp/615,sigil,True,100.0,True,True,False,28,19,28,19,,
MBPP+,Mbpp/616,python,True,100.0,True,True,True,49,49,49,49,,
MBPP+,Mbpp/616,kern_compact,True,100.0,True,True,True,49,30,49,30,,
MBPP+,Mbpp/616,python_minifier,True,100.0,True,True,False,49,35,49,35,,
MBPP+,Mbpp/616,sigil,True,100.0,False,False,,49,34,49,34,decode,"ValueError: Parse errors in Sigil source:
line 1, col 24: unexpected token '(ele1 % ele2 for ele1, ele2 in zip(test_' in: @tm te te2 = res:tuple (ele1 % ele2 for ele1, ele2 in zip(test_tup1, test_tup2)) res"
MBPP+,Mbpp/618,python,True,100.0,True,True,True,34,34,34,34,,
MBPP+,Mbpp/618,kern_compact,True,100.0,True,True,True,34,26,34,26,,
MBPP+,Mbpp/618,python_minifier,True,100.0,True,True,False,34,28,34,28,,
MBPP+,Mbpp/618,sigil,True,100.0,True,True,False,34,19,34,19,,
MBPP+,Mbpp/619,python,True,100.0,True,True,True,48,48,50,50,,
MBPP+,Mbpp/619,kern_compact,True,100.0,True,True,True,48,36,50,40,,
MBPP+,Mbpp/619,python_minifier,True,100.0,True,True,False,48,40,50,42,,
MBPP+,Mbpp/619,sigil,True,100.0,False,False,,48,42,50,44,decode,"ValueError: Parse errors in Sigil source:
line 1, col 74: unexpected token '.join (i for i in test_str if not i.isdi' in: @mn te = num_str:''.join (i for i in test_str if i.isdigit()) else_str:''.join (i for i in test_str if not i.isdigit()) else_str+num_str"
MBPP+,Mbpp/620,python,True,100.0,True,True,True,116,116,116,116,,
MBPP+,Mbpp/620,kern_compact,True,100.0,True,True,True,116,82,116,83,,
MBPP+,Mbpp/620,python_minifier,True,100.0,True,True,False,116,87,116,87,,
MBPP+,Mbpp/620,sigil,True,0.0,False,False,,116,137,116,137,decode,"ValueError: Parse errors in Sigil source:
line 1, col 4: unexpected token 'TODO: manual conversion needed\n;; def la' in: ;; TODO: manual conversion needed"
MBPP+,Mbpp/622,python,True,100.0,True,True,True,176,176,177,177,,
MBPP+,Mbpp/622,kern_compact,True,100.0,True,True,True,176,101,177,104,,
MBPP+,Mbpp/622,python_minifier,True,100.0,True,True,False,176,117,177,123,,
MBPP+,Mbpp/622,sigil,True,0.0,False,False,,176,208,177,209,decode,"ValueError: Parse errors in Sigil source:
line 1, col 4: unexpected token 'TODO: manual conversion needed\n;; def ge' in: ;; TODO: manual conversion needed"
MBPP+,Mbpp/623,python,True,100.0,True,True,True,26,26,26,26,,
MBPP+,Mbpp/623,kern_compact,True,100.0,True,True,True,26,16,26,16,,
MBPP+,Mbpp/623,python_minifier,True,100.0,True,True,False,26,19,26,19,,
MBPP+,Mbpp/623,sigil,True,100.0,True,True,False,26,17,26,17,,
MBPP+,Mbpp/624,python,True,100.0,True,True,True,11,11,11,11,,
MBPP+,Mbpp/624,kern_compact,True,100.0,True,True,True,11,7,11,7,,
MBPP+,Mbpp/624,python_minifier,True,100.0,True,True,True,11,9,11,9,,
MBPP+,Mbpp/624,sigil,True,100.0,True,True,False,11,7,11,7,,
MBPP+,Mbpp/626,python,True,100.0,True,True,True,26,26,26,26,,
MBPP+,Mbpp/626,kern_compact,True,100.0,True,True,True,26,13,26,13,,
MBPP+,Mbpp/626,python_minifier,True,100.0,True,True,False,26,14,26,14,,
MBPP+,Mbpp/626,sigil,True,100.0,True,True,False,26,13,26,13,,
MBPP+,Mbpp/628,python,True,100.0,True,True,True,15,15,15,15,,
MBPP+,Mbpp/628,kern_compact,True,100.0,True,True,True,15,11,15,11,,
MBPP+,Mbpp/628,python_minifier,True,100.0,True,True,True,15,13,15,13,,
MBPP+,Mbpp/628,sigil,True,100.0,True,True,False,15,11,15,11,,
MBPP+,Mbpp/629,python,True,100.0,True,True,True,23,23,23,23,,
MBPP+,Mbpp/629,kern_compact,True,100.0,True,True,True,23,16,23,16,,
MBPP+,Mbpp/629,python_minifier,True,100.0,True,True,False,23,17,23,17,,
MBPP+,Mbpp/629,sigil,True,100.0,False,False,,23,18,23,18,decode,"ValueError: Parse errors in Sigil source:
line 1, col 1: unexpected token '@Spli l = [num <- l num%2==0 & => num]' in: @Spli l = [num <- l num%2==0 & => num]"
MBPP+,Mbpp/630,python,True,100.0,True,True,True,83,83,83,83,,
MBPP+,Mbpp/630,kern_compact,True,100.0,True,True,True,83,62,83,62,,
MBPP+,Mbpp/630,python_minifier,True,100.0,True,True,False,83,67,83,67,,
MBPP+,Mbpp/630,sigil,True,100.0,True,False,,83,62,83,62,parse,"SyntaxError: invalid syntax (<unknown>, line 2)"
MBPP+,Mbpp/631,python,True,100.0,True,True,True,32,32,32,32,,
MBPP+,Mbpp/631,kern_compact,True,100.0,True,True,True,32,26,32,26,,
MBPP+,Mbpp/631,python_minifier,True,100.0,True,True,False,32,28,32,28,,
MBPP+,Mbpp/631,sigil,True,100.0,True,False,,32,26,32,26,parse,"SyntaxError: invalid syntax (<unknown>, line 2)"
MBPP+,Mbpp/632,python,True,100.0,True,True,True,42,42,42,42,,
MBPP+,Mbpp/632,kern_compact,True,100.0,True,True,True,42,31,42,32,,
MBPP+,Mbpp/632,python_minifier,True,100.0,True,True,False,42,34,42,34,,
MBPP+,Mbpp/632,sigil,True,100.0,False,False,,42,27,42,27,decode,"ValueError: Parse errors in Sigil source:
line 1, col 36: unexpected token ':[i <- nu i!=0 & => i] front+zeros' in: @mz nu = zeros:[0]*nu.count 0 front:[i <- nu i!=0 & => i] front+zeros"
MBPP+,Mbpp/633,python,True,100.0,True,True,True,59,59,60,60,,
MBPP+,Mbpp/633,kern_compact,True,100.0,True,True,True,59,38,60,39,,
MBPP+,Mbpp/633,python_minifier,True,100.0,True,True,False,59,41,60,42,,
MBPP+,Mbpp/633,sigil,True,0.0,False,False,,59,66,60,67,decode,"ValueError: Parse errors in Sigil source:
line 1, col 4: unexpected token 'TODO: manual conversion needed\n;; def pa' in: ;; TODO: manual conversion needed"
MBPP+,Mbpp/635,python,True,100.0,True,True,True,39,39,40,40,,
MBPP+,Mbpp/635,kern_compact,True,100.0,True,True,True,39,33,40,35,,
MBPP+,Mbpp/635,python_minifier,True,100.0,True,True,False,39,37,40,39,,
MBPP+,Mbpp/635,sigil,True,100.0,False,False,,39,26,40,26,decode,"ValueError: Parse errors in Sigil source:
line 2, col 24: unexpected token '[_ <- range len it => hq.heappop it]' in: @hs it = hq.heapify it [_ <- range len it => hq.heappop it]"
MBPP+,Mbpp/637,python,True,100.0,True,True,True,23,23,23,23,,
MBPP+,Mbpp/637,kern_compact,True,100.0,True,True,True,23,17,23,17,,
MBPP+,Mbpp/637,python_minifier,True,100.0,True,True,True,23,19,23,19,,
MBPP+,Mbpp/637,sigil,True,100.0,True,True,False,23,8,23,8,,
MBPP+,Mbpp/638,python,True,100.0,True,True,True,68,68,70,70,,
MBPP+,Mbpp/638,kern_compact,True,100.0,True,True,True,68,43,70,45,,
MBPP+,Mbpp/638,python_minifier,True,100.0,True,True,False,68,46,70,48,,
MBPP+,Mbpp/638,sigil,True,100.0,True,True,False,68,52,70,54,,
MBPP+,Mbpp/639,python,True,100.0,True,True,True,43,43,43,43,,
MBPP+,Mbpp/639,kern_compact,True,100.0,True,True,True,43,40,43,40,,
MBPP+,Mbpp/639,python_minifier,True,100.0,True,True,False,43,42,43,42,,
MBPP+,Mbpp/639,sigil,True,100.0,True,True,False,43,29,43,29,,
MBPP+,Mbpp/641,python,True,100.0,True,True,True,25,25,25,25,,
MBPP+,Mbpp/641,kern_compact,True,100.0,True,True,True,25,15,25,15,,
MBPP+,Mbpp/641,python_minifier,True,100.0,True,True,True,25,17,25,17,,
MBPP+,Mbpp/641,sigil,True,100.0,True,False,,25,13,25,13,parse,"SyntaxError: invalid syntax (<unknown>, line 1)"
MBPP+,Mbpp/643,python,True,100.0,True,True,True,29,29,29,29,,
MBPP+,Mbpp/643,kern_compact,True,100.0,True,True,True,29,20,29,20,,
MBPP+,Mbpp/643,python_minifier,True,100.0,True,True,True,29,25,29,24,,
MBPP+,Mbpp/643,sigil,True,100.0,False,False,,29,20,29,20,decode,"ValueError: Parse errors in Sigil source:
line 2, col 38: unexpected token 'not None' in: @tmwm te = re.search '\\Bz\\B' te is not None"
MBPP+,Mbpp/644,python,True,100.0,True,True,True,25,25,25,25,,
MBPP+,Mbpp/644,kern_compact,True,100.0,True,True,True,25,18,25,18,,
MBPP+,Mbpp/644,python_minifier,True,100.0,True,True,True,25,20,25,20,,
MBPP+,Mbpp/644,sigil,True,100.0,True,False,,25,17,25,17,parse,"SyntaxError: invalid syntax (<unknown>, line 1)"
MBPP+,Mbpp/720,python,True,100.0,True,True,True,24,24,24,24,,
MBPP+,Mbpp/720,kern_compact,True,100.0,True,True,True,24,17,24,17,,
MBPP+,Mbpp/720,python_minifier,True,100.0,True,True,True,24,19,24,19,,
MBPP+,Mbpp/720,sigil,True,100.0,True,True,False,24,12,24,12,,
MBPP+,Mbpp/721,python,True,100.0,True,True,True,209,209,209,209,,
MBPP+,Mbpp/721,kern_compact,True,100.0,True,True,True,209,149,209,150,,
MBPP+,Mbpp/721,python_minifier,True,100.0,True,True,False,209,157,209,158,,
MBPP+,Mbpp/721,sigil,True,0.0,False,False,,209,206,209,206,decode,"ValueError: Parse errors in Sigil source:
line 1, col 4: unexpected token 'TODO: manual conversion needed\n;; def ma' in: ;; TODO: manual conversion needed"
MBPP+,Mbpp/722,python,True,100.0,True,True,True,38,38,38,38,,
MBPP+,Mbpp/722,kern_compact,True,100.0,True,True,True,38,30,38,30,,
MBPP+,Mbpp/722,python_minifier,True,100.0,True,True,False,38,33,38,33,,
MBPP+,Mbpp/722,sigil,True,100.0,False,False,,38,33,38,33,decode,"ValueError: Parse errors in Sigil source:
line 1, col 1: unexpected token '@fd st h w = {k: s for k, s in students.' in: @fd st h w = {k: s for k, s in students.items() if s[0] >= h and s[1] >= w}"
MBPP+,Mbpp/723,python,True,100.0,True,True,True,33,33,33,33,,
MBPP+,Mbpp/723,kern_compact,True,100.0,True,True,True,33,24,33,24,,
MBPP+,Mbpp/723,python_minifier,True,100.0,True,True,False,33,28,33,28,,
MBPP+,Mbpp/723,sigil,True,100.0,True,True,False,33,19,33,20,,
MBPP+,Mbpp/724,python,True,100.0,True,True,True,26,26,26,26,,
MBPP+,Mbpp/724,kern_compact,True,100.0,True,True,True,26,22,26,22,,
MBPP+,Mbpp/724,python_minifier,True,100.0,True,True,False,26,24,26,24,,
MBPP+,Mbpp/724,sigil,True,100.0,False,False,,26,17,26,17,decode,"ValueError: Parse errors in Sigil source:
line 1, col 18: unexpected token '[i <- str pow ba po => int i]' in: @pbs ba po = sum [i <- str pow ba po => int i]"
MBPP+,Mbpp/725,python,True,100.0,True,True,True,25,25,23,23,,
MBPP+,Mbpp/725,kern_compact,True,100.0,True,True,True,25,20,23,18,,
MBPP+,Mbpp/725,python_minifier,True,100.0,True,True,True,25,22,23,20,,
MBPP+,Mbpp/725,sigil,True,100.0,True,True,False,25,16,23,14,,
MBPP+,Mbpp/726,python,True,100.0,True,True,True,31,31,31,31,,
MBPP+,Mbpp/726,kern_compact,True,100.0,True,True,True,31,24,31,24,,
MBPP+,Mbpp/726,python_minifier,True,100.0,True,True,False,31,28,31,29,,
MBPP+,Mbpp/726,sigil,True,100.0,False,False,,31,26,31,26,decode,"ValueError: Parse errors in Sigil source:
line 1, col 16: unexpected token '(i * j for i, j in zip(test_tup, test_tu' in: @me te = tuple (i * j for i, j in zip(test_tup, test_tup[1:]))"
MBPP+,Mbpp/728,python,True,100.0,True,True,True,29,29,29,29,,
MBPP+,Mbpp/728,kern_compact,True,100.0,True,True,True,29,22,29,22,,
MBPP+,Mbpp/728,python_minifier,True,100.0,True,True,False,29,24,29,24,,
MBPP+,Mbpp/728,sigil,True,100.0,False,False,,29,19,29,19,decode,"ValueError: Parse errors in Sigil source:
line 1, col 1: unexpected token '@sl ls ls2 = [(a b) <- zip ls ls2 => a+b' in: @sl ls ls2 = [(a b) <- zip ls ls2 => a+b]"
MBPP+,Mbpp/730,python,True,100.0,True,True,True,26,26,26,26,,
MBPP+,Mbpp/730,kern_compact,True,100.0,True,True,True,26,21,26,21,,
MBPP+,Mbpp/730,python_minifier,True,100.0,True,True,False,26,22,26,22,,
MBPP+,Mbpp/730,sigil,True,100.0,False,False,,26,19,26,19,decode,"ValueError: Parse errors in Sigil source:
line 1, col 1: unexpected token '<itertools.groupby>\n@cd nu = [(key _) <-' in: <itertools.groupby>"
MBPP+,Mbpp/731,python,True,100.0,True,True,True,36,36,36,36,,
MBPP+,Mbpp/731,kern_compact,True,100.0,True,True,True,36,25,36,25,,
MBPP+,Mbpp/731,python_minifier,True,100.0,True,True,False,36,26,36,26,,
MBPP+,Mbpp/731,sigil,True,100.0,True,True,False,36,20,36,20,,
MBPP+,Mbpp/732,python,True,100.0,True,True,True,21,21,20,20,,
MBPP+,Mbpp/732,kern_compact,True,100.0,True,True,True,21,18,20,18,,
MBPP+,Mbpp/732,python_minifier,True,100.0,True,True,True,21,20,20,20,,
MBPP+,Mbpp/732,sigil,True,100.0,True,True,False,21,15,20,15,,
MBPP+,Mbpp/733,python,True,100.0,True,True,True,101,101,101,101,,
MBPP+,Mbpp/733,kern_compact,True,100.0,True,True,True,101,62,101,61,,
MBPP+,Mbpp/733,python_minifier,True,100.0,True,True,False,101,69,101,69,,
MBPP+,Mbpp/733,sigil,True,0.0,False,False,,101,117,101,117,decode,"ValueError: Parse errors in Sigil source:
line 1, col 4: unexpected token 'TODO: manual conversion needed\n;; def fi' in: ;; TODO: manual conversion needed"
MBPP+,Mbpp/734,python,True,100.0,True,True,True,66,66,68,68,,
MBPP+,Mbpp/734,kern_compact,True,100.0,True,True,True,66,35,68,37,,
MBPP+,Mbpp/734,python_minifier,True,100.0,True,True,False,66,43,68,44,,
MBPP+,Mbpp/734,sigil,True,0.0,False,False,,66,66,68,68,decode,"ValueError: Parse errors in Sigil source:
line 1, col 4: unexpected token 'TODO: manual conversion needed\n;; def su' in: ;; TODO: manual conversion needed"
MBPP+,Mbpp/735,python,True,100.0,True,True,True,62,62,62,62,,
MBPP+,Mbpp/735,kern_compact,True,100.0,True,True,True,62,51,62,52,,
MBPP+,Mbpp/735,python_minifier,True,100.0,True,True,False,62,53,62,53,,
MBPP+,Mbpp/735,sigil,True,100.0,False,False,,62,53,62,53,decode,"ValueError: Parse errors in Sigil source:
line 1, col 37: unexpected token "".join [i <- binary[1:-1] => i=='1' ? '0'"" in: @tmb n = binary:bin n[2:] toggled:''.join [i <- binary[1:-1] => i=='1' ? '0' : '1'] int binary[0]+toggled+binary[-1] 2"
MBPP+,Mbpp/736,python,True,100.0,True,True,True,25,25,25,25,,
MBPP+,Mbpp/736,kern_compact,True,100.0,True,True,True,25,19,25,19,,
MBPP+,Mbpp/736,python_minifier,True,100.0,True,True,True,25,21,25,21,,
MBPP+,Mbpp/736,sigil,True,100.0,True,True,False,25,17,25,17,,
MBPP+,Mbpp/737,python,True,100.0,True,True,True,37,37,37,37,,
MBPP+,Mbpp/737,kern_compact,True,100.0,True,True,True,37,30,37,31,,
MBPP+,Mbpp/737,python_minifier,True,100.0,True,True,False,37,32,37,32,,
MBPP+,Mbpp/737,sigil,True,100.0,True,True,False,37,29,37,29,,
MBPP+,Mbpp/739,python,True,100.0,True,True,True,33,33,33,33,,
MBPP+,Mbpp/739,kern_compact,True,100.0,True,True,True,33,25,33,26,,
MBPP+,Mbpp/739,python_minifier,True,100.0,True,True,False,33,26,33,27,,
MBPP+,Mbpp/739,sigil,True,100.0,True,True,False,33,23,33,24,,
MBPP+,Mbpp/740,python,True,100.0,True,True,True,37,37,37,37,,
MBPP+,Mbpp/740,kern_compact,True,100.0,True,True,True,37,29,37,29,,
MBPP+,Mbpp/740,python_minifier,True,100.0,True,True,False,37,32,37,32,,
MBPP+,Mbpp/740,sigil,True,100.0,True,False,,37,32,37,32,parse,"SyntaxError: invalid syntax (<unknown>, line 2)"
MBPP+,Mbpp/741,python,True,100.0,True,True,True,26,26,26,26,,
MBPP+,Mbpp/741,kern_compact,True,100.0,True,True,True,26,21,26,22,,
MBPP+,Mbpp/741,python_minifier,True,100.0,True,True,False,26,23,26,24,,
MBPP+,Mbpp/741,sigil,True,100.0,True,False,,26,19,26,21,parse,"SyntaxError: invalid syntax (<unknown>, line 2)"
MBPP+,Mbpp/742,python,True,100.0,True,True,True,24,24,22,22,,
MBPP+,Mbpp/742,kern_compact,True,100.0,True,True,True,24,20,22,18,,
MBPP+,Mbpp/742,python_minifier,True,100.0,True,True,True,24,22,22,20,,
MBPP+,Mbpp/742,sigil,True,100.0,True,True,False,24,15,22,15,,
MBPP+,Mbpp/743,python,True,100.0,True,True,True,19,19,19,19,,
MBPP+,Mbpp/743,kern_compact,True,100.0,True,True,True,19,14,19,14,,
MBPP+,Mbpp/743,python_minifier,True,100.0,True,True,True,19,16,19,16,,
MBPP+,Mbpp/743,sigil,True,100.0,False,False,,19,14,19,14,decode,"ValueError: Parse errors in Sigil source:
line 1, col 12: unexpected token '[-m:]+l[:-m]' in: @rr l m = l[-m:]+l[:-m]"
MBPP+,Mbpp/744,python,True,100.0,True,True,True,21,21,21,21,,
MBPP+,Mbpp/744,kern_compact,True,100.0,True,True,True,21,16,21,16,,
MBPP+,Mbpp/744,python_minifier,True,100.0,True,True,False,21,19,21,19,,
MBPP+,Mbpp/744,sigil,True,100.0,True,False,,21,16,21,16,parse,"SyntaxError: invalid syntax (<unknown>, line 2)"
MBPP+,Mbpp/745,python,True,100.0,True,True,True,56,56,56,56,,
MBPP+,Mbpp/745,kern_compact,True,100.0,True,True,True,56,45,56,45,,
MBPP+,Mbpp/745,python_minifier,True,100.0,True,True,False,56,43,56,43,,
MBPP+,Mbpp/745,sigil,True,100.0,False,False,,56,36,56,36,decode,"ValueError: Parse errors in Sigil source:
line 1, col 1: unexpected token '@dbd st en = [n <- range st en+1 !any ma' in: @dbd st en = [n <- range st en+1 !any map x->int x==0 | n%int x!=0 str n & => n]"
MBPP+,Mbpp/748,python,True,100.0,True,True,True,34,34,34,34,,
MBPP+,Mbpp/748,kern_compact,True,100.0,True,True,True,34,28,34,28,,
MBPP+,Mbpp/748,python_minifier,True,100.0,True,True,True,34,30,34,30,,
MBPP+,Mbpp/748,sigil,True,100.0,True,True,False,34,24,34,25,,
MBPP+,Mbpp/749,python,True,100.0,True,True,True,21,21,21,21,,
MBPP+,Mbpp/749,kern_compact,True,100.0,True,True,True,21,17,21,17,,
MBPP+,Mbpp/749,python_minifier,True,100.0,True,True,False,21,19,21,19,,
MBPP+,Mbpp/749,sigil,True,100.0,False,False,,21,13,21,13,decode,"ValueError: Parse errors in Sigil source:
line 1, col 18: unexpected token '[x <- nu => int x]' in: @sns nu = sorted [x <- nu => int x]"
MBPP+,Mbpp/750,python,True,100.0,True,True,True,21,21,21,21,,
MBPP+,Mbpp/750,kern_compact,True,100.0,True,True,True,21,16,21,16,,
MBPP+,Mbpp/750,python_minifier,True,100.0,True,True,True,21,18,21,18,,
MBPP+,Mbpp/750,sigil,True,100.0,True,True,False,21,11,21,11,,
MBPP+,Mbpp/751,python,True,100.0,True,True,True,135,135,135,135,,
MBPP+,Mbpp/751,kern_compact,True,100.0,True,True,True,135,92,135,92,,
MBPP+,Mbpp/751,python_minifier,True,100.0,True,True,False,135,101,135,101,,
MBPP+,Mbpp/751,sigil,True,100.0,True,True,False,135,92,135,92,,
MBPP+,Mbpp/752,python,True,100.0,True,True,True,77,77,77,77,,
MBPP+,Mbpp/752,kern_compact,True,100.0,True,True,True,77,54,77,54,,
MBPP+,Mbpp/752,python_minifier,True,100.0,True,True,False,77,56,77,56,,
MBPP+,Mbpp/752,sigil,True,0.0,False,False,,77,92,77,92,decode,"ValueError: Parse errors in Sigil source:
line 1, col 4: unexpected token 'TODO: manual conversion needed\n;; def ja' in: ;; TODO: manual conversion needed"
MBPP+,Mbpp/753,python,True,100.0,True,True,True,34,34,34,34,,
MBPP+,Mbpp/753,kern_compact,True,100.0,True,True,True,34,20,34,20,,
MBPP+,Mbpp/753,python_minifier,True,100.0,True,True,False,34,24,34,24,,
MBPP+,Mbpp/753,sigil,True,100.0,False,False,,34,19,34,19,decode,"ValueError: Parse errors in Sigil source:
line 1, col 31: unexpected token '->x[1][:K] res' in: @mk te K = res:sorted te key:x->x[1][:K] res"
MBPP+,Mbpp/754,python,True,100.0,True,True,True,42,42,42,42,,
MBPP+,Mbpp/754,kern_compact,True,100.0,True,True,True,42,32,42,32,,
MBPP+,Mbpp/754,python_minifier,True,100.0,True,True,False,42,34,42,34,,
MBPP+,Mbpp/754,sigil,True,100.0,False,False,,42,31,42,31,decode,"ValueError: Parse errors in Sigil source:
line 1, col 1: unexpected token '@eil l1 l2 l3 = [(a b c) <- zip l1 l2 l3' in: @eil l1 l2 l3 = [(a b c) <- zip l1 l2 l3 a==b==c & => a]"
MBPP+,Mbpp/755,python,True,100.0,True,True,True,36,36,36,36,,
MBPP+,Mbpp/755,kern_compact,True,100.0,True,True,True,36,21,36,21,,
MBPP+,Mbpp/755,python_minifier,True,100.0,True,True,False,36,24,36,24,,
MBPP+,Mbpp/755,sigil,True,100.0,True,True,False,36,24,36,24,,
MBPP+,Mbpp/757,python,True,100.0,True,True,True,31,31,31,31,,
MBPP+,Mbpp/757,kern_compact,True,100.0,True,True,True,31,26,31,26,,
MBPP+,Mbpp/757,python_minifier,True,100.0,True,True,False,31,31,31,31,,
MBPP+,Mbpp/757,sigil,True,100.0,False,False,,31,28,31,28,decode,"ValueError: Parse errors in Sigil source:
line 1, col 15: unexpected token '(test_list[i + 1:].count(s[::-1]) for i,' in: @crp te = sum (test_list[i + 1:].count(s[::-1]) for i, s in enumerate(test_list))"
MBPP+,Mbpp/758,python,True,100.0,True,True,True,25,25,26,26,,
MBPP+,Mbpp/758,kern_compact,True,100.0,True,True,True,25,21,26,22,,
MBPP+,Mbpp/758,python_minifier,True,100.0,True,True,False,25,25,26,26,,
MBPP+,Mbpp/758,sigil,True,100.0,True,False,,25,19,26,19,parse,"SyntaxError: invalid syntax (<unknown>, line 2)"
MBPP+,Mbpp/759,python,True,100.0,True,True,True,48,48,49,49,,
MBPP+,Mbpp/759,kern_compact,True,100.0,True,True,True,48,36,49,36,,
MBPP+,Mbpp/759,python_minifier,True,100.0,True,True,False,48,38,49,37,,
MBPP+,Mbpp/759,sigil,True,0.0,False,False,,48,57,49,57,decode,"ValueError: Parse errors in Sigil source:
line 1, col 4: unexpected token 'TODO: manual conversion needed\n;; def is' in: ;; TODO: manual conversion needed"
MBPP+,Mbpp/760,python,True,100.0,True,True,True,18,18,18,18,,
MBPP+,Mbpp/760,kern_compact,True,100.0,True,True,True,18,13,18,14,,
MBPP+,Mbpp/760,python_minifier,True,100.0,True,True,False,18,19,18,20,,
MBPP+,Mbpp/760,sigil,True,100.0,True,True,False,18,13,18,13,,
MBPP+,Mbpp/762,python,True,100.0,True,True,True,36,36,36,36,,
MBPP+,Mbpp/762,kern_compact,True,100.0,True,True,True,36,31,36,31,,
MBPP+,Mbpp/762,python_minifier,True,100.0,True,True,False,36,31,36,31,,
MBPP+,Mbpp/762,sigil,True,100.0,True,True,False,36,20,36,20,,
MBPP+,Mbpp/763,python,True,100.0,True,True,True,66,66,66,66,,
MBPP+,Mbpp/763,kern_compact,True,100.0,True,True,True,66,46,66,45,,
MBPP+,Mbpp/763,python_minifier,True,100.0,True,True,False,66,52,66,52,,
MBPP+,Mbpp/763,sigil,True,0.0,False,False,,66,78,66,78,decode,"ValueError: Parse errors in Sigil source:
line 1, col 4: unexpected token 'TODO: manual conversion needed\n;; def fi' in: ;; TODO: manual conversion needed"
MBPP+,Mbpp/764,python,True,100.0,True,True,True,17,17,18,18,,
MBPP+,Mbpp/764,kern_compact,True,100.0,True,True,True,17,13,18,14,,
MBPP+,Mbpp/764,python_minifier,True,100.0,True,True,False,17,15,18,16,,
MBPP+,Mbpp/764,sigil,True,100.0,True,False,,17,14,18,15,parse,"SyntaxError: invalid syntax (<unknown>, line 2)"
MBPP+,Mbpp/765,python,True,100.0,True,True,True,40,40,40,40,,
MBPP+,Mbpp/765,kern_compact,True,100.0,True,True,True,40,29,40,29,,
MBPP+,Mbpp/765,python_minifier,True,100.0,True,True,True,40,30,40,30,,
MBPP+,Mbpp/765,sigil,True,100.0,True,True,False,40,25,40,25,,
MBPP+,Mbpp/766,python,True,100.0,True,True,True,21,21,21,21,,
MBPP+,Mbpp/766,kern_compact,True,100.0,True,True,True,21,16,21,16,,
MBPP+,Mbpp/766,python_minifier,True,100.0,True,True,True,21,18,21,18,,
MBPP+,Mbpp/766,sigil,True,100.0,True,True,False,21,14,21,14,,
MBPP+,Mbpp/767,python,True,100.0,True,True,True,54,54,54,54,,
MBPP+,Mbpp/767,kern_compact,True,100.0,True,True,True,54,34,54,35,,
MBPP+,Mbpp/767,python_minifier,True,100.0,True,True,False,54,41,54,41,,
MBPP+,Mbpp/767,sigil,True,0.0,False,False,,54,66,54,66,decode,"ValueError: Parse errors in Sigil source:
line 1, col 4: unexpected token 'TODO: manual conversion needed\n;; def ge' in: ;; TODO: manual conversion needed"
MBPP+,Mbpp/769,python,True,100.0,True,True,True,31,31,31,31,,
MBPP+,Mbpp/769,kern_compact,True,100.0,True,True,True,31,25,31,25,,
MBPP+,Mbpp/769,python_minifier,True,100.0,True,True,True,31,27,31,27,,
MBPP+,Mbpp/769,sigil,True,100.0,True,True,False,31,19,31,19,,
MBPP+,Mbpp/770,python,True,100.0,True,True,True,61,61,61,61,,
MBPP+,Mbpp/770,kern_compact,True,100.0,True,True,True,61,38,61,38,,
MBPP+,Mbpp/770,python_minifier,True,100.0,True,True,False,61,40,61,40,,
MBPP+,Mbpp/770,sigil,True,0.0,False,False,,61,72,61,72,decode,"ValueError: Parse errors in Sigil source:
line 1, col 4: unexpected token 'TODO: manual conversion needed\n;; def od' in: ;; TODO: manual conversion needed"
MBPP+,Mbpp/771,python,True,100.0,True,True,True,136,136,136,136,,
MBPP+,Mbpp/771,kern_compact,True,100.0,True,True,True,136,105,136,107,,
MBPP+,Mbpp/771,python_minifier,True,100.0,True,True,False,136,120,136,120,,
MBPP+,Mbpp/771,sigil,True,50.0,False,False,,136,153,136,153,decode,"ValueError: Parse errors in Sigil source:
line 1, col 1: unexpected token '<collections.deque>\n;; TODO: manual conv' in: <collections.deque>"
MBPP+,Mbpp/772,python,True,100.0,True,True,True,30,30,30,30,,
MBPP+,Mbpp/772,kern_compact,True,100.0,True,True,True,30,24,30,24,,
MBPP+,Mbpp/772,python_minifier,True,100.0,True,True,False,30,26,30,26,,
MBPP+,Mbpp/772,sigil,True,100.0,False,False,,30,22,30,22,decode,"ValueError: Parse errors in Sigil source:
line 1, col 21: unexpected token '[i <- te.split() len i!=K & => i]' in: @rl te K = ' '.join [i <- te.split() len i!=K & => i]"
MBPP+,Mbpp/773,python,True,100.0,True,True,True,49,49,49,49,,
MBPP+,Mbpp/773,kern_compact,True,100.0,True,True,True,49,39,49,38,,
MBPP+,Mbpp/773,python_minifier,True,100.0,True,True,False,49,36,49,36,,
MBPP+,Mbpp/773,sigil,True,50.0,False,False,,49,62,49,62,decode,"ValueError: Parse errors in Sigil source:
line 1, col 1: unexpected token '<re>\n;; TODO: manual conversion needed\n;' in: <re>"
MBPP+,Mbpp/775,python,True,100.0,True,True,True,24,24,24,24,,
MBPP+,Mbpp/775,kern_compact,True,100.0,True,True,True,24,19,24,19,,
MBPP+,Mbpp/775,python_minifier,True,100.0,True,True,False,24,21,24,21,,
MBPP+,Mbpp/775,sigil,True,100.0,True,False,,24,22,24,22,parse,"SyntaxError: invalid syntax (<unknown>, line 2)"
MBPP+,Mbpp/777,python,True,100.0,True,True,True,13,13,13,13,,
MBPP+,Mbpp/777,kern_compact,True,100.0,True,True,True,13,8,13,8,,
MBPP+,Mbpp/777,python_minifier,True,100.0,True,True,True,13,10,13,10,,
MBPP+,Mbpp/777,sigil,True,100.0,True,True,False,13,7,13,7,,
MBPP+,Mbpp/778,python,True,100.0,True,True,True,30,30,30,30,,
MBPP+,Mbpp/778,kern_compact,True,100.0,True,True,True,30,26,30,26,,
MBPP+,Mbpp/778,python_minifier,True,100.0,True,True,False,30,28,30,28,,
MBPP+,Mbpp/778,sigil,True,100.0,False,False,,30,22,30,22,decode,"ValueError: Parse errors in Sigil source:
line 1, col 1: unexpected token '<itertools.groupby>\n@pcd li = [(_ group)' in: <itertools.groupby>"
MBPP+,Mbpp/780,python,True,100.0,True,True,True,34,34,34,34,,
MBPP+,Mbpp/780,kern_compact,True,100.0,True,True,True,34,29,34,29,,
MBPP+,Mbpp/780,python_minifier,True,100.0,True,True,False,34,31,34,31,,
MBPP+,Mbpp/780,sigil,True,100.0,True,True,False,34,25,34,25,,
MBPP+,Mbpp/781,python,True,100.0,True,True,True,92,92,93,93,,
MBPP+,Mbpp/781,kern_compact,True,100.0,True,True,True,92,50,93,51,,
MBPP+,Mbpp/781,python_minifier,True,100.0,True,True,False,92,57,93,58,,
MBPP+,Mbpp/781,sigil,True,50.0,False,False,,92,93,93,94,decode,"ValueError: Parse errors in Sigil source:
line 1, col 1: unexpected token '<math>\n;; TODO: manual conversion needed' in: <math>"
MBPP+,Mbpp/782,python,True,100.0,True,True,True,88,88,88,88,,
MBPP+,Mbpp/782,kern_compact,True,100.0,True,True,True,88,38,88,38,,
MBPP+,Mbpp/782,python_minifier,True,100.0,True,True,False,88,42,88,42,,
MBPP+,Mbpp/782,sigil,True,0.0,False,False,,88,77,88,77,decode,"ValueError: Parse errors in Sigil source:
line 1, col 4: unexpected token 'TODO: manual conversion needed\n;; def od' in: ;; TODO: manual conversion needed"
MBPP+,Mbpp/784,python,True,100.0,True,True,True,61,61,64,64,,
MBPP+,Mbpp/784,kern_compact,True,100.0,True,True,True,61,47,64,48,,
MBPP+,Mbpp/784,python_minifier,True,100.0,True,True,False,61,52,64,53,,
MBPP+,Mbpp/784,sigil,True,100.0,True,False,,61,54,64,56,parse,"SyntaxError: invalid syntax (<unknown>, line 2)"
MBPP+,Mbpp/785,python,True,100.0,True,True,True,34,34,34,34,,
MBPP+,Mbpp/785,kern_compact,True,100.0,True,True,True,34,31,34,31,,
MBPP+,Mbpp/785,python_minifier,True,100.0,True,True,False,34,34,34,34,,
MBPP+,Mbpp/785,sigil,True,100.0,True,False,,34,31,34,30,parse,"SyntaxError: invalid syntax (<unknown>, line 2)"
MBPP+,Mbpp/786,python,True,100.0,True,True,True,25,25,25,25,,
MBPP+,Mbpp/786,kern_compact,True,100.0,True,True,True,25,19,25,19,,
MBPP+,Mbpp/786,python_minifier,True,100.0,True,True,True,25,21,25,21,,
MBPP+,Mbpp/786,sigil,True,100.0,True,True,False,25,17,25,17,,
MBPP+,Mbpp/787,python,True,100.0,True,True,True,29,29,29,29,,
MBPP+,Mbpp/787,kern_compact,True,100.0,True,True,True,29,20,29,21,,
MBPP+,Mbpp/787,python_minifier,True,100.0,True,True,False,29,22,29,22,,
MBPP+,Mbpp/787,sigil,True,100.0,True,True,False,29,19,29,19,,
MBPP+,Mbpp/788,python,True,100.0,True,True,True,20,20,20,20,,
MBPP+,Mbpp/788,kern_compact,True,100.0,True,True,True,20,14,20,14,,
MBPP+,Mbpp/788,python_minifier,True,100.0,True,True,True,20,16,20,16,,
MBPP+,Mbpp/788,sigil,True,100.0,True,True,False,20,12,20,12,,
MBPP+,Mbpp/790,python,True,100.0,True,True,True,23,23,23,23,,
MBPP+,Mbpp/790,kern_compact,True,100.0,True,True,True,23,20,23,20,,
MBPP+,Mbpp/790,python_minifier,True,100.0,True,True,False,23,22,23,22,,
MBPP+,Mbpp/790,sigil,True,100.0,True,False,,23,24,23,24,parse,"SyntaxError: invalid syntax (<unknown>, line 2)"
MBPP+,Mbpp/791,python,True,100.0,True,True,True,25,25,25,25,,
MBPP+,Mbpp/791,kern_compact,True,100.0,True,True,True,25,21,25,21,,
MBPP+,Mbpp/791,python_minifier,True,100.0,True,True,False,25,23,25,23,,
MBPP+,Mbpp/791,sigil,True,100.0,False,False,,25,20,25,20,decode,"ValueError: Parse errors in Sigil source:
line 1, col 1: unexpected token '@rn te = tuple (e for e in test_tup if n' in: @rn te = tuple (e for e in test_tup if not isinstance(e, tuple))"
MBPP+,Mbpp/792,python,True,100.0,True,True,True,22,22,23,23,,
MBPP+,Mbpp/792,kern_compact,True,100.0,True,True,True,22,16,23,17,,
MBPP+,Mbpp/792,python_minifier,True,100.0,True,True,False,22,18,23,19,,
MBPP+,Mbpp/792,sigil,True,100.0,True,False,,22,18,23,18,parse,"SyntaxError: invalid syntax (<unknown>, line 1)"
MBPP+,Mbpp/793,python,True,100.0,True,True,True,22,22,22,22,,
MBPP+,Mbpp/793,kern_compact,True,100.0,True,True,True,22,15,22,15,,
MBPP+,Mbpp/793,python_minifier,True,100.0,True,True,True,22,17,22,17,,
MBPP+,Mbpp/793,sigil,True,100.0,True,True,False,22,15,22,15,,
MBPP+,Mbpp/794,python,True,100.0,True,True,True,32,32,32,32,,
MBPP+,Mbpp/794,kern_compact,True,100.0,True,True,True,32,23,32,24,,
MBPP+,Mbpp/794,python_minifier,True,100.0,True,True,False,32,25,32,25,,
MBPP+,Mbpp/794,sigil,True,100.0,True,True,False,32,20,32,20,,
MBPP+,Mbpp/796,python,True,100.0,True,True,True,12,12,12,12,,
MBPP+,Mbpp/796,kern_compact,True,100.0,True,True,True,12,8,12,8,,
MBPP+,Mbpp/796,python_minifier,True,100.0,True,True,True,12,10,12,10,,
MBPP+,Mbpp/796,sigil,True,100.0,True,True,False,12,8,12,8,,
MBPP+,Mbpp/797,python,True,100.0,True,True,True,55,55,58,58,,
MBPP+,Mbpp/797,kern_compact,True,100.0,True,True,True,55,32,58,35,,
MBPP+,Mbpp/797,python_minifier,True,100.0,True,True,False,55,38,58,41,,
MBPP+,Mbpp/797,sigil,True,100.0,True,True,False,55,32,58,35,,
MBPP+,Mbpp/798,python,True,100.0,True,True,True,12,12,12,12,,
MBPP+,Mbpp/798,kern_compact,True,100.0,True,True,True,12,6,12,6,,
MBPP+,Mbpp/798,python_minifier,True,100.0,True,True,True,12,9,12,9,,
MBPP+,Mbpp/798,sigil,True,100.0,True,True,False,12,7,12,7,,
MBPP+,Mbpp/799,python,True,100.0,True,True,True,31,31,31,31,,
MBPP+,Mbpp/799,kern_compact,True,100.0,True,True,True,31,17,31,17,,
MBPP+,Mbpp/799,python_minifier,True,100.0,True,True,False,31,19,31,19,,
MBPP+,Mbpp/799,sigil,True,100.0,False,False,,31,18,31,18,decode,"ValueError: Parse errors in Sigil source:
line 1, col 24: unexpected token '<<d|n>>INT_BITS-d' in: @lr n d = INT_BITS:32 n<<d|n>>INT_BITS-d"
MBPP+,Mbpp/800,python,True,100.0,True,True,True,13,13,13,13,,
MBPP+,Mbpp/800,kern_compact,True,100.0,True,True,True,13,10,13,10,,
MBPP+,Mbpp/800,python_minifier,True,100.0,True,True,True,13,12,13,12,,
MBPP+,Mbpp/800,sigil,True,100.0,True,True,False,13,9,13,9,,
MBPP+,Mbpp/801,python,True,100.0,True,True,True,54,54,54,54,,
MBPP+,Mbpp/801,kern_compact,True,100.0,True,True,True,54,31,54,33,,
MBPP+,Mbpp/801,python_minifier,True,100.0,True,True,False,54,37,54,37,,
MBPP+,Mbpp/801,sigil,True,100.0,True,True,False,54,31,54,31,,
MBPP+,Mbpp/803,python,True,100.0,True,True,True,36,36,38,38,,
MBPP+,Mbpp/803,kern_compact,True,100.0,True,True,True,36,27,38,30,,
MBPP+,Mbpp/803,python_minifier,True,100.0,True,True,True,36,28,38,30,,
MBPP+,Mbpp/803,sigil,True,100.0,True,True,False,36,23,38,23,,
MBPP+,Mbpp/804,python,True,100.0,True,True,True,23,23,23,23,,
MBPP+,Mbpp/804,kern_compact,True,100.0,True,True,True,23,16,23,16,,
MBPP+,Mbpp/804,python_minifier,True,100.0,True,True,False,23,18,23,18,,
MBPP+,Mbpp/804,sigil,True,100.0,True,False,,23,18,23,18,parse,"SyntaxError: invalid syntax (<unknown>, line 2)"
MBPP+,Mbpp/805,python,True,100.0,True,True,True,16,16,16,16,,
MBPP+,Mbpp/805,kern_compact,True,100.0,True,True,True,16,12,16,12,,
MBPP+,Mbpp/805,python_minifier,True,100.0,True,True,True,16,14,16,14,,
MBPP+,Mbpp/805,sigil,True,100.0,True,True,False,16,10,16,10,,
MBPP+,Mbpp/806,python,True,100.0,True,True,True,86,86,86,86,,
MBPP+,Mbpp/806,kern_compact,True,100.0,True,True,True,86,59,86,59,,
MBPP+,Mbpp/806,python_minifier,True,100.0,True,True,False,86,65,86,65,,
MBPP+,Mbpp/806,sigil,True,0.0,False,False,,86,103,86,103,decode,"ValueError: Parse errors in Sigil source:
line 1, col 4: unexpected token 'TODO: manual conversion needed\n;; def ma' in: ;; TODO: manual conversion needed"
MBPP+,Mbpp/807,python,True,100.0,True,True,True,31,31,34,34,,
MBPP+,Mbpp/807,kern_compact,True,100.0,True,True,True,31,19,34,20,,
MBPP+,Mbpp/807,python_minifier,True,100.0,True,True,False,31,25,34,26,,
MBPP+,Mbpp/807,sigil,True,100.0,True,False,,31,26,34,28,parse,"SyntaxError: invalid syntax (<unknown>, line 2)"
MBPP+,Mbpp/808,python,True,100.0,True,True,True,18,18,18,18,,
MBPP+,Mbpp/808,kern_compact,True,100.0,True,True,True,18,12,18,12,,
MBPP+,Mbpp/808,python_minifier,True,100.0,True,True,True,18,14,18,14,,
MBPP+,Mbpp/808,sigil,True,100.0,True,True,False,18,8,18,9,,
MBPP+,Mbpp/809,python,True,100.0,True,True,True,37,37,37,37,,
MBPP+,Mbpp/809,kern_compact,True,100.0,True,True,True,37,29,37,30,,
MBPP+,Mbpp/809,python_minifier,True,100.0,True,True,False,37,32,37,32,,
MBPP+,Mbpp/809,sigil,True,100.0,False,False,,37,27,37,27,decode,"ValueError: Parse errors in Sigil source:
line 1, col 18: unexpected token '(x > y for x, y in zip(test_tup1, test_t' in: @cs te te2 = all (x > y for x, y in zip(test_tup1, test_tup2))"
BigCodeBench,BigCodeBench/0,python,True,100.0,True,True,True,111,111,115,115,,
BigCodeBench,BigCodeBench/0,kern_compact,True,100.0,True,True,True,111,72,115,74,,
BigCodeBench,BigCodeBench/0,python_minifier,True,100.0,True,True,False,111,75,115,78,,
BigCodeBench,BigCodeBench/0,sigil,True,66.66666666666666,False,False,,111,130,115,134,decode,"ValueError: Parse errors in Sigil source:
line 1, col 1: unexpected token '<itertools>\n<random.shuffle>\n;; TODO: ma' in: <itertools>"
BigCodeBench,BigCodeBench/1,python,True,100.0,True,True,True,62,62,68,68,,
BigCodeBench,BigCodeBench/1,kern_compact,True,100.0,True,True,True,62,46,68,53,,
BigCodeBench,BigCodeBench/1,python_minifier,True,100.0,True,True,False,62,51,68,57,,
BigCodeBench,BigCodeBench/1,sigil,True,75.0,False,False,,62,74,68,80,decode,"ValueError: Parse errors in Sigil source:
line 1, col 1: unexpected token '<collections>\n<random>\n<string>\n;; TODO:' in: <collections>"
BigCodeBench,BigCodeBench/2,python,True,100.0,True,True,True,74,74,75,75,,
BigCodeBench,BigCodeBench/2,kern_compact,True,100.0,True,True,True,74,60,75,61,,
BigCodeBench,BigCodeBench/2,python_minifier,True,100.0,True,True,False,74,61,75,62,,
BigCodeBench,BigCodeBench/2,sigil,True,100.0,False,False,,74,65,75,66,decode,"ValueError: Parse errors in Sigil source:
line 3, col 159: unexpected token '->statistics.mean item[1] reverse:True s' in: @tf LE = random_dict:{k: [random.randint(0, 100) for _ in range(random.randint(1, 10))] for k in LETTERS} sorted_dict:dict sorted random_dict.items() key:item->statistics.mean item[1] reverse:True …"
BigCodeBench,BigCodeBench/3,python,True,100.0,True,True,True,73,73,74,74,,
BigCodeBench,BigCodeBench/3,kern_compact,True,100.0,True,True,True,73,55,74,56,,
BigCodeBench,BigCodeBench/3,python_minifier,True,100.0,True,True,False,73,61,74,62,,
BigCodeBench,BigCodeBench/3,sigil,True,100.0,False,False,,73,62,74,63,decode,"ValueError: Parse errors in Sigil source:
line 3, col 116: unexpected token ':{k: np.mean(v) for k, v in random_dict.' in: @tf LE = random_dict:{k: [random.randint(0, 100) for _ in range(random.randint(1, 10))] for k in LETTERS} mean_dict:{k: np.mean(v) for k, v in random_dict.items()} mean_dict"
BigCodeBench,BigCodeBench/4,python,True,100.0,True,True,True,33,33,33,33,,
BigCodeBench,BigCodeBench/4,kern_compact,True,100.0,True,True,True,33,26,33,26,,
BigCodeBench,BigCodeBench/4,python_minifier,True,100.0,True,True,False,33,29,33,29,,
BigCodeBench,BigCodeBench/4,sigil,True,100.0,True,True,False,33,27,33,27,,
BigCodeBench,BigCodeBench/5,python,True,100.0,True,True,True,110,110,111,111,,
BigCodeBench,BigCodeBench/5,kern_compact,True,100.0,True,True,True,110,82,111,85,,
BigCodeBench,BigCodeBench/5,python_minifier,True,100.0,True,True,False,110,89,111,91,,
BigCodeBench,BigCodeBench/5,sigil,True,100.0,False,False,,110,83,111,84,decode,"ValueError: Parse errors in Sigil source:
line 3, col 114: unexpected token ':{k: math.sqrt(sum(((i - sum(v) / len(v)' in: @tf LE = random_dict:{k: [random.randint(0, 100) for _ in range(random.randint(1, 10))] for k in LETTERS} sd_dict:{k: math.sqrt(sum(((i - sum(v) / len(v)) ** 2 for i in v)) / len(v)) for k, v in ra…"
BigCodeBench,BigCodeBench/6,python,True,100.0,True,True,True,84,84,84,84,,
BigCodeBench,BigCodeBench/6,kern_compact,True,100.0,True,True,True,84,68,84,69,,
BigCodeBench,BigCodeBench/6,python_minifier,True,100.0,True,True,False,84,70,84,72,,
BigCodeBench,BigCodeBench/6,sigil,True,100.0,False,False,,84,62,84,62,decode,"ValueError: Parse errors in Sigil source:
line 1, col 1: unexpected token '<os>\n<re>\n@tf pa lo = log_files:[f <- os' in: <os>"
BigCodeBench,BigCodeBench/7,python,True,100.0,True,True,True,113,113,113,113,,
BigCodeBench,BigCodeBench/7,kern_compact,True,100.0,True,True,True,113,74,113,74,,
BigCodeBench,BigCodeBench/7,python_minifier,True,100.0,True,True,False,113,80,113,80,,
BigCodeBench,BigCodeBench/7,sigil,True,75.0,False,False,,113,124,113,124,decode,"ValueError: Parse errors in Sigil source:
line 1, col 1: unexpected token '<csv>\n<collections>\n<operator>\n;; TODO:' in: <csv>"
BigCodeBench,BigCodeBench/8,python,True,100.0,True,True,True,91,91,91,91,,
BigCodeBench,BigCodeBench/8,kern_compact,True,100.0,True,True,True,91,66,91,67,,
BigCodeBench,BigCodeBench/8,python_minifier,True,100.0,True,True,False,91,70,91,71,,
BigCodeBench,BigCodeBench/8,sigil,True,100.0,True,True,False,91,65,91,65,,
BigCodeBench,BigCodeBench/9,python,True,100.0,True,True,True,83,83,86,86,,
BigCodeBench,BigCodeBench/9,kern_compact,True,100.0,True,True,True,83,71,86,74,,
BigCodeBench,BigCodeBench/9,python_minifier,True,100.0,True,True,False,83,75,86,78,,
BigCodeBench,BigCodeBench/9,sigil,True,100.0,False,False,,83,66,86,69,decode,"ValueError: Parse errors in Sigil source:
line 4, col 163: unexpected token '.gca() (df ax)' in: @tf li = df:pd.DataFrame li columns:['Category' 'Value'] plt.figure figsize:(10 5) sns.barplot x:'Category' y:'Value' data:df plt.title 'Category vs Value' ax:plt.gca() (df ax)"
BigCodeBench,BigCodeBench/10,python,True,100.0,True,True,True,130,130,131,131,,
BigCodeBench,BigCodeBench/10,kern_compact,True,100.0,True,True,True,130,92,131,95,,
BigCodeBench,BigCodeBench/10,python_minifier,True,100.0,True,True,False,130,94,131,96,,
BigCodeBench,BigCodeBench/10,sigil,True,80.0,False,False,,130,149,131,150,decode,"ValueError: Parse errors in Sigil source:
line 1, col 1: unexpected token '<numpy>\n<itertools>\n<random>\n<statistics' in: <numpy>"
BigCodeBench,BigCodeBench/11,python,True,100.0,True,True,True,130,130,130,130,,
BigCodeBench,BigCodeBench/11,kern_compact,True,100.0,True,True,True,130,83,130,84,,
BigCodeBench,BigCodeBench/11,python_minifier,True,100.0,True,True,False,130,87,130,88,,
BigCodeBench,BigCodeBench/11,sigil,True,100.0,False,False,,130,96,130,96,decode,"ValueError: Parse errors in Sigil source:
line 4, col 191: unexpected token '.percentile random_nums 25 p50:np.percen' in: @tf T1 ma = int_list:[x <- T1 => list map int x] flattened_list:list itertools.chain *int_list total_nums:sum flattened_list random_nums:[_ <- range total_nums => random.randint 0 ma] p25:np.percen…"
BigCodeBench,BigCodeBench/12,python,True,100.0,True,True,True,198,198,202,202,,
BigCodeBench,BigCodeBench/12,kern_compact,True,100.0,True,True,True,198,155,202,160,,
BigCodeBench,BigCodeBench/12,python_minifier,True,100.0,True,True,False,198,149,202,153,,
BigCodeBench,BigCodeBench/12,sigil,True,80.0,False,False,,198,220,202,224,decode,"ValueError: Parse errors in Sigil source:
line 1, col 1: unexpected token '<subprocess>\n<os>\n<json>\n<datetime.datet' in: <subprocess>"
BigCodeBench,BigCodeBench/13,python,True,100.0,True,True,True,315,315,314,314,,
BigCodeBench,BigCodeBench/13,kern_compact,True,100.0,True,True,True,315,236,314,236,,
BigCodeBench,BigCodeBench/13,python_minifier,True,100.0,True,True,False,315,240,314,239,,
BigCodeBench,BigCodeBench/13,sigil,True,75.0,False,False,,315,308,314,307,decode,"ValueError: Parse errors in Sigil source:
line 1, col 1: unexpected token '<subprocess>\n<ftplib>\n<os>\n;; TODO: manu' in: <subprocess>"
BigCodeBench,BigCodeBench/14,python,True,100.0,True,True,True,154,154,160,160,,
BigCodeBench,BigCodeBench/14,kern_compact,True,100.0,True,True,True,154,116,160,121,,
BigCodeBench,BigCodeBench/14,python_minifier,True,100.0,True,True,False,154,117,160,122,,
BigCodeBench,BigCodeBench/14,sigil,True,75.0,False,False,,154,162,160,167,decode,"ValueError: Parse errors in Sigil source:
line 1, col 1: unexpected token '<configparser>\n<os>\n<shutil>\n;; TODO: ma' in: <configparser>"
BigCodeBench,BigCodeBench/15,python,True,100.0,True,True,True,232,232,235,235,,
BigCodeBench,BigCodeBench/15,kern_compact,True,100.0,True,False,,232,158,235,162,parse,"SyntaxError: unterminated string literal (detected at line 16) (<unknown>, line 16)"
BigCodeBench,BigCodeBench/15,python_minifier,True,100.0,True,True,False,232,164,235,168,,
BigCodeBench,BigCodeBench/15,sigil,True,75.0,False,False,,232,222,235,225,decode,"ValueError: Parse errors in Sigil source:
line 1, col 1: unexpected token '<subprocess>\n<csv>\n<os>\n;; TODO: manual' in: <subprocess>"
BigCodeBench,BigCodeBench/16,python,True,100.0,True,True,True,138,138,141,141,,
BigCodeBench,BigCodeBench/16,kern_compact,True,100.0,True,True,True,138,110,141,114,,
BigCodeBench,BigCodeBench/16,python_minifier,True,100.0,True,True,False,138,117,141,121,,
BigCodeBench,BigCodeBench/16,sigil,True,75.0,False,False,,138,159,141,162,decode,"ValueError: Parse errors in Sigil source:
line 1, col 1: unexpected token '<os>\n<glob>\n<subprocess>\n;; TODO: manual' in: <os>"
BigCodeBench,BigCodeBench/17,python,True,100.0,True,True,True,141,141,142,142,,
BigCodeBench,BigCodeBench/17,kern_compact,True,100.0,True,True,True,141,98,142,99,,
BigCodeBench,BigCodeBench/17,python_minifier,True,100.0,True,True,False,141,100,142,101,,
BigCodeBench,BigCodeBench/17,sigil,True,75.0,False,False,,141,140,142,141,decode,"ValueError: Parse errors in Sigil source:
line 1, col 1: unexpected token '<subprocess>\n<psutil>\n<time>\n;; TODO: ma' in: <subprocess>"
BigCodeBench,BigCodeBench/18,python,True,100.0,True,True,True,201,201,199,199,,
BigCodeBench,BigCodeBench/18,kern_compact,True,100.0,True,True,True,201,144,199,146,,
BigCodeBench,BigCodeBench/18,python_minifier,True,100.0,True,True,False,201,157,199,158,,
BigCodeBench,BigCodeBench/18,sigil,True,83.33333333333334,False,False,,201,215,199,213,decode,"ValueError: Parse errors in Sigil source:
line 1, col 1: unexpected token '<subprocess>\n<csv>\n<glob>\n<random>\n<os>' in: <subprocess>"
BigCodeBench,BigCodeBench/19,python,True,100.0,True,True,True,119,119,124,124,,
BigCodeBench,BigCodeBench/19,kern_compact,True,100.0,True,True,True,119,91,124,96,,
BigCodeBench,BigCodeBench/19,python_minifier,True,100.0,True,True,False,119,97,124,101,,
BigCodeBench,BigCodeBench/19,sigil,True,75.0,False,False,,119,137,124,141,decode,"ValueError: Parse errors in Sigil source:
line 1, col 1: unexpected token '<os>\n<glob>\n<zipfile>\n;; TODO: manual co' in: <os>"
BigCodeBench,BigCodeBench/20,python,True,100.0,True,True,True,91,91,95,95,,
BigCodeBench,BigCodeBench/20,kern_compact,True,100.0,True,True,True,91,67,95,70,,
BigCodeBench,BigCodeBench/20,python_minifier,True,100.0,True,True,False,91,69,95,70,,
BigCodeBench,BigCodeBench/20,sigil,True,100.0,False,False,,91,62,95,65,decode,"ValueError: Parse errors in Sigil source:
line 4, col 45: unexpected token "":df['dict_column'].apply ast.literal_eva"" in: @tf cs = df:pd.read_csv cs df['dict_column']:df['dict_column'].apply ast.literal_eval df['hue_column']:df['dict_column'].apply str ax:sns.pairplot df hue:'hue_column' (df ax)"
BigCodeBench,BigCodeBench/21,python,True,100.0,True,True,True,87,87,87,87,,
BigCodeBench,BigCodeBench/21,kern_compact,True,100.0,True,True,True,87,63,87,64,,
BigCodeBench,BigCodeBench/21,python_minifier,True,100.0,True,True,False,87,66,87,66,,
BigCodeBench,BigCodeBench/21,sigil,True,100.0,False,False,,87,73,87,73,decode,"ValueError: Parse errors in Sigil source:
line 3, col 39: unexpected token "":platform.system() system_info['Architec"" in: @tf = system_info:{} system_info['OS']:platform.system() system_info['Architecture']:platform.architecture()[0] total_memory:psutil.virtual_memory().total used_memory:psutil.virtual_memory().used sy…"
BigCodeBench,BigCodeBench/22,python,True,100.0,True,True,True,76,76,76,76,,
BigCodeBench,BigCodeBench/22,kern_compact,True,100.0,True,True,True,76,60,76,60,,
BigCodeBench,BigCodeBench/22,python_minifier,True,100.0,True,True,False,76,66,76,66,,
BigCodeBench,BigCodeBench/22,sigil,True,100.0,False,False,,76,60,76,61,decode,"ValueError: Parse errors in Sigil source:
line 1, col 1: unexpected token '<collections>\n<itertools.zip_longest>\n<r' in: <collections>"
BigCodeBench,BigCodeBench/23,python,True,100.0,True,True,True,89,89,90,90,,
BigCodeBench,BigCodeBench/23,kern_compact,True,100.0,True,True,True,89,68,90,68,,
BigCodeBench,BigCodeBench/23,python_minifier,True,100.0,True,True,False,89,71,90,71,,
BigCodeBench,BigCodeBench/23,sigil,True,100.0,False,False,,89,64,90,64,decode,"ValueError: Parse errors in Sigil source:
line 1, col 1: unexpected token '<numpy>\n<itertools.zip_longest>\n@tf l1 l' in: <numpy>"
BigCodeBench,BigCodeBench/24,python,True,100.0,True,True,True,84,84,86,86,,
BigCodeBench,BigCodeBench/24,kern_compact,True,100.0,True,True,True,84,67,86,69,,
BigCodeBench,BigCodeBench/24,python_minifier,True,100.0,True,True,False,84,74,86,76,,
BigCodeBench,BigCodeBench/24,sigil,True,75.0,False,False,,84,98,86,100,decode,"ValueError: Parse errors in Sigil source:
line 1, col 1: unexpected token '<base64>\n<hashlib>\n<os>\n;; TODO: manual' in: <base64>"
BigCodeBench,BigCodeBench/25,python,True,100.0,True,True,True,46,46,48,48,,
BigCodeBench,BigCodeBench/25,kern_compact,True,100.0,True,True,True,46,35,48,35,,
BigCodeBench,BigCodeBench/25,python_minifier,True,100.0,True,True,False,46,36,48,36,,
BigCodeBench,BigCodeBench/25,sigil,True,100.0,False,False,,46,38,48,37,decode,"ValueError: Parse errors in Sigil source:
line 4, col 48: unexpected token '.compress json_str.encode() base64.b64en' in: @tf da = json_str:json.dumps da compressed:zlib.compress json_str.encode() base64.b64encode compressed.decode()"
BigCodeBench,BigCodeBench/26,python,True,100.0,True,True,True,62,62,63,63,,
BigCodeBench,BigCodeBench/26,kern_compact,True,100.0,True,True,True,62,51,63,53,,
BigCodeBench,BigCodeBench/26,python_minifier,True,100.0,True,True,False,62,52,63,54,,
BigCodeBench,BigCodeBench/26,sigil,True,100.0,False,False,,62,49,63,50,decode,"ValueError: Parse errors in Sigil source:
line 3, col 88: unexpected token '.encrypt me.encode() base64.b64encode en' in: @tf me en = fernet:Fernet base64.urlsafe_b64encode en.encode() encrypted_message:fernet.encrypt me.encode() base64.b64encode encrypted_message.decode()"
BigCodeBench,BigCodeBench/27,python,True,100.0,True,True,True,116,116,116,116,,
BigCodeBench,BigCodeBench/27,kern_compact,True,100.0,True,True,True,116,66,116,66,,
BigCodeBench,BigCodeBench/27,python_minifier,True,100.0,True,True,False,116,68,116,68,,
BigCodeBench,BigCodeBench/27,sigil,True,100.0,False,False,,116,54,116,54,decode,"ValueError: Parse errors in Sigil source:
line 4, col 75: unexpected token '.dumps d encoded_data:base64.b64encode j' in: @tf d:dict DA>s = d['timestamp']:datetime.now().strftime DA json_data:json.dumps d encoded_data:base64.b64encode json_data.encode 'ascii'.decode 'ascii' encoded_data"
BigCodeBench,BigCodeBench/28,python,True,100.0,True,True,True,69,69,69,69,,
BigCodeBench,BigCodeBench/28,kern_compact,True,100.0,True,True,True,69,49,69,49,,
BigCodeBench,BigCodeBench/28,python_minifier,True,100.0,True,True,False,69,56,69,56,,
BigCodeBench,BigCodeBench/28,sigil,True,100.0,False,False,,69,53,69,53,decode,"ValueError: Parse errors in Sigil source:
line 4, col 56: unexpected token "".b64encode json_data.encode 'ascii'.deco"" in: @tf da ur = json_data:json.dumps da encoded_data:base64.b64encode json_data.encode 'ascii'.decode 'ascii' response:requests.post ur json:{'payload':encoded_data} response"
BigCodeBench,BigCodeBench/29,python,True,100.0,True,True,True,77,77,77,77,,
BigCodeBench,BigCodeBench/29,kern_compact,True,100.0,True,True,True,77,52,77,52,,
BigCodeBench,BigCodeBench/29,python_minifier,True,100.0,True,True,False,77,58,77,58,,
BigCodeBench,BigCodeBench/29,sigil,True,100.0,False,False,,77,62,77,62,decode,"ValueError: Parse errors in Sigil source:
line 4, col 58: unexpected token '.fit_transform da standardized_data_str:' in: @tf da = scaler:StandardScaler() standardized_data:scaler.fit_transform da standardized_data_str:np.array2string standardized_data encoded_data:base64.b64encode standardized_data_str.encode 'ascii'.…"
BigCodeBench,BigCodeBench/30,python,True,100.0,True,True,True,261,261,266,266,,
BigCodeBench,BigCodeBench/30,kern_compact,True,100.0,True,True,True,261,213,266,226,,
BigCodeBench,BigCodeBench/30,python_minifier,True,100.0,True,True,False,261,237,266,244,,
BigCodeBench,BigCodeBench/30,sigil,True,75.0,False,False,,261,265,266,269,decode,"ValueError: Parse errors in Sigil source:
line 1, col 1: unexpected token '<json>\n<os>\n<re>\n;; TODO: manual convers' in: <json>"
BigCodeBench,BigCodeBench/31,python,True,100.0,True,True,True,148,148,152,152,,
BigCodeBench,BigCodeBench/31,kern_compact,True,100.0,True,True,True,148,101,152,106,,
BigCodeBench,BigCodeBench/31,python_minifier,True,100.0,True,True,False,148,103,152,108,,
BigCodeBench,BigCodeBench/31,sigil,True,100.0,False,False,,148,104,152,108,decode,"ValueError: Parse errors in Sigil source:
line 1, col 1: unexpected token '<nltk>\n<string.punctuation>\n<seaborn>\n<m' in: <nltk>"
BigCodeBench,BigCodeBench/32,python,True,100.0,True,True,True,53,53,55,55,,
BigCodeBench,BigCodeBench/32,kern_compact,True,100.0,True,True,True,53,43,55,44,,
BigCodeBench,BigCodeBench/32,python_minifier,True,100.0,True,True,False,53,44,55,45,,
BigCodeBench,BigCodeBench/32,sigil,True,100.0,False,False,,53,44,55,45,decode,"ValueError: Parse errors in Sigil source:
line 3, col 101: unexpected token '.find ta tag_content ? tag_content.strin' in: @tf ur ta = response:requests.get ur soup:BeautifulSoup response.text 'html.parser' tag_content:soup.find ta tag_content ? tag_content.string : None"
BigCodeBench,BigCodeBench/33,python,True,100.0,True,True,True,56,56,56,56,,
BigCodeBench,BigCodeBench/33,kern_compact,True,100.0,True,True,True,56,41,56,41,,
BigCodeBench,BigCodeBench/33,python_minifier,True,100.0,True,True,False,56,45,56,45,,
BigCodeBench,BigCodeBench/33,sigil,True,100.0,False,False,,56,41,56,41,decode,"ValueError: Parse errors in Sigil source:
line 3, col 105: unexpected token '.array [product] product_array' in: @tf li = second_values:[pair <- li => pair[1]] product:reduce np.multiply second_values product_array:np.array [product] product_array"
BigCodeBench,BigCodeBench/34,python,True,100.0,True,True,True,134,134,135,135,,
BigCodeBench,BigCodeBench/34,kern_compact,True,100.0,True,True,True,134,79,135,83,,
BigCodeBench,BigCodeBench/34,python_minifier,True,100.0,True,True,False,134,85,135,87,,
BigCodeBench,BigCodeBench/34,sigil,True,75.0,False,False,,134,108,135,110,decode,"ValueError: Parse errors in Sigil source:
line 1, col 1: unexpected token '<re>\n<wordcloud.WordCloud>\n<matplotlib.p' in: <re>"
BigCodeBench,BigCodeBench/35,python,True,100.0,True,True,True,90,90,93,93,,
BigCodeBench,BigCodeBench/35,kern_compact,True,100.0,True,True,True,90,76,93,81,,
BigCodeBench,BigCodeBench/35,python_minifier,True,100.0,True,True,False,90,79,93,83,,
BigCodeBench,BigCodeBench/35,sigil,True,66.66666666666666,False,False,,90,103,93,106,decode,"ValueError: Parse errors in Sigil source:
line 1, col 1: unexpected token '<seaborn>\n<matplotlib.pyplot>\n;; TODO: m' in: <seaborn>"
BigCodeBench,BigCodeBench/36,python,True,100.0,True,True,True,265,265,266,266,,
BigCodeBench,BigCodeBench/36,kern_compact,True,100.0,True,False,,265,155,266,160,parse,"SyntaxError: invalid decimal literal (<unknown>, line 6)"
BigCodeBench,BigCodeBench/36,python_minifier,True,100.0,True,True,False,265,162,266,165,,
BigCodeBench,BigCodeBench/36,sigil,True,80.0,False,False,,265,236,266,238,decode,"ValueError: Parse errors in Sigil source:
line 1, col 1: unexpected token '<numpy>\n<scipy.stats>\n<matplotlib.pyplot' in: <numpy>"
BigCodeBench,BigCodeBench/37,python,True,100.0,True,True,True,148,148,151,151,,
BigCodeBench,BigCodeBench/37,kern_compact,True,100.0,True,True,True,148,122,151,126,,
BigCodeBench,BigCodeBench/37,python_minifier,True,100.0,True,True,False,148,123,151,130,,
BigCodeBench,BigCodeBench/37,sigil,True,100.0,False,False,,148,119,151,120,decode,"ValueError: Parse errors in Sigil source:
line 5, col 86: unexpected token '.fit X y feature_imp:pd.Series model.fea' in: @tf df ta = X:df.drop ta axis:1 y:df[ta] model:RandomForestClassifier random_state:42.fit X y feature_imp:pd.Series model.feature_importances_ index:X.columns.sort_values ascending:False plt.figure …"
BigCodeBench,BigCodeBench/38,python,True,100.0,True,True,True,131,131,132,132,,
BigCodeBench,BigCodeBench/38,kern_compact,True,100.0,True,True,True,131,104,132,105,,
BigCodeBench,BigCodeBench/38,python_minifier,True,100.0,True,True,False,131,108,132,109,,
BigCodeBench,BigCodeBench/38,sigil,True,100.0,False,False,,131,106,132,108,decode,"ValueError: Parse errors in Sigil source:
line 1, col 1: unexpected token '<pandas>\n<sklearn.preprocessing.Standard' in: <pandas>"
BigCodeBench,BigCodeBench/39,python,True,100.0,True,True,True,172,172,176,176,,
BigCodeBench,BigCodeBench/39,kern_compact,True,100.0,True,True,True,172,127,176,132,,
BigCodeBench,BigCodeBench/39,python_minifier,True,100.0,True,True,False,172,130,176,136,,
BigCodeBench,BigCodeBench/39,sigil,True,100.0,False,False,,172,137,176,142,decode,"ValueError: Parse errors in Sigil source:
line 1, col 1: unexpected token '<numpy>\n<scipy.stats.ttest_1samp>\n<matpl' in: <numpy>"
BigCodeBench,BigCodeBench/40,python,True,100.0,True,True,True,116,116,119,119,,
BigCodeBench,BigCodeBench/40,kern_compact,True,100.0,True,True,True,116,92,119,94,,
BigCodeBench,BigCodeBench/40,python_minifier,True,100.0,True,True,False,116,96,119,98,,
BigCodeBench,BigCodeBench/40,sigil,True,100.0,False,False,,116,94,119,95,decode,"ValueError: Parse errors in Sigil source:
line 4, col 104: unexpected token '.DataFrame z_scores columns:feature_colu' in: @tf da = z_scores:zscore da axis:1 feature_columns:[i <- range da.shape[1] => 'Feature '+str i+1] df:pd.DataFrame z_scores columns:feature_columns df['Mean']:df.mean axis:1 correlation_matrix:df.co…"
BigCodeBench,BigCodeBench/41,python,True,100.0,True,True,True,87,87,89,89,,
BigCodeBench,BigCodeBench/41,kern_compact,True,100.0,True,True,True,87,73,89,77,,
BigCodeBench,BigCodeBench/41,python_minifier,True,100.0,True,True,False,87,77,89,81,,
BigCodeBench,BigCodeBench/41,sigil,True,100.0,False,False,,87,71,89,74,decode,"ValueError: Parse errors in Sigil source:
line 4, col 39: unexpected token "".DataFrame skewness columns:['Skewness']"" in: @tf da = skewness:skew da axis:1 df:pd.DataFrame skewness columns:['Skewness'] plt.figure figsize:(10 5) df['Skewness'].plot kind:'hist' title:'Distribution of Skewness' (df plt.gca())"
BigCodeBench,BigCodeBench/42,python,True,100.0,True,True,True,144,144,147,147,,
BigCodeBench,BigCodeBench/42,kern_compact,True,100.0,True,True,True,144,114,147,117,,
BigCodeBench,BigCodeBench/42,python_minifier,True,100.0,True,True,False,144,117,147,120,,
BigCodeBench,BigCodeBench/42,sigil,True,100.0,False,False,,144,113,147,117,decode,"ValueError: Parse errors in Sigil source:
line 4, col 57: unexpected token '.fit_transform da df:pd.DataFrame transf' in: @tf da n_ = pca:PCA n_components:n_ transformed_data:pca.fit_transform da df:pd.DataFrame transformed_data columns:[i <- range transformed_data.shape[1] => f""Component {i+1}""] df['Mean']:df.mean axi…"
BigCodeBench,BigCodeBench/43,python,True,100.0,True,True,True,76,76,77,77,,
BigCodeBench,BigCodeBench/43,kern_compact,True,100.0,True,True,True,76,64,77,63,,
BigCodeBench,BigCodeBench/43,python_minifier,True,100.0,True,True,False,76,68,77,67,,
BigCodeBench,BigCodeBench/43,sigil,True,66.66666666666666,False,False,,76,91,77,91,decode,"ValueError: Parse errors in Sigil source:
line 1, col 1: unexpected token '<numpy>\n<seaborn>\n;; TODO: manual conver' in: <numpy>"
BigCodeBench,BigCodeBench/44,python,True,100.0,True,True,True,82,82,83,83,,
BigCodeBench,BigCodeBench/44,kern_compact,True,100.0,True,True,True,82,70,83,72,,
BigCodeBench,BigCodeBench/44,python_minifier,True,100.0,True,True,False,82,78,83,80,,
BigCodeBench,BigCodeBench/44,sigil,True,100.0,False,False,,82,68,83,71,decode,"ValueError: Parse errors in Sigil source:
line 3, col 74: unexpected token ':scaler.fit_transform df[df.columns] plt' in: @tf df = df:df.fillna df.mean axis:0 scaler:MinMaxScaler() df[df.columns]:scaler.fit_transform df[df.columns] plt.figure figsize:(10 5) df.boxplot grid:False vert:False fontsize:15 (df plt.gca())"
BigCodeBench,BigCodeBench/45,python,True,100.0,True,True,True,170,170,172,172,,
BigCodeBench,BigCodeBench/45,kern_compact,True,100.0,True,True,True,170,107,172,112,,
BigCodeBench,BigCodeBench/45,python_minifier,True,100.0,True,True,False,170,106,172,111,,
BigCodeBench,BigCodeBench/45,sigil,True,100.0,False,False,,170,122,172,123,decode,"ValueError: Parse errors in Sigil source:
line 1, col 1: unexpected token '<pandas>\n<numpy>\n<sklearn.decomposition.' in: <pandas>"
BigCodeBench,BigCodeBench/46,python,True,100.0,True,True,True,95,95,96,96,,
BigCodeBench,BigCodeBench/46,kern_compact,True,100.0,True,True,True,95,59,96,60,,
BigCodeBench,BigCodeBench/46,python_minifier,True,100.0,True,True,False,95,62,96,63,,
BigCodeBench,BigCodeBench/46,sigil,True,100.0,False,False,,95,57,96,58,decode,"ValueError: Parse errors in Sigil source:
line 3, col 43: unexpected token '.apply zscore axes:df.hist grid:False bi' in: @tf df = df:df.fillna df.mean axis:0 df:df.apply zscore axes:df.hist grid:False bins:10 layout:(1 df.shape[1]) plt.tight_layout() (df axes)"
BigCodeBench,BigCodeBench/47,python,True,100.0,True,True,True,87,87,91,91,,
BigCodeBench,BigCodeBench/47,kern_compact,True,100.0,True,True,True,87,74,91,77,,
BigCodeBench,BigCodeBench/47,python_minifier,True,100.0,True,True,False,87,79,91,82,,
BigCodeBench,BigCodeBench/47,sigil,True,100.0,False,False,,87,76,91,80,decode,"ValueError: Parse errors in Sigil source:
line 4, col 76: unexpected token ':scaler.fit_transform df[df.columns] plt' in: @tf df = df:df.fillna df.mean axis:0 scaler:StandardScaler() df[df.columns]:scaler.fit_transform df[df.columns] plt.figure figsize:(10 5) heatmap:sns.heatmap df.corr() annot:True cmap:'coolwarm' (df…"
BigCodeBench,BigCodeBench/48,python,True,100.0,True,True,True,127,127,127,127,,
BigCodeBench,BigCodeBench/48,kern_compact,True,100.0,True,True,True,127,103,127,105,,
BigCodeBench,BigCodeBench/48,python_minifier,True,100.0,True,True,False,127,105,127,108,,
BigCodeBench,BigCodeBench/48,sigil,True,83.33333333333334,False,False,,127,140,127,141,decode,"ValueError: Parse errors in Sigil source:
line 1, col 1: unexpected token '<time>\n<datetime.datetime>\n<random>\n<mat' in: <time>"
BigCodeBench,BigCodeBench/49,python,True,100.0,True,True,True,114,114,116,116,,
BigCodeBench,BigCodeBench/49,kern_compact,True,100.0,True,True,True,114,94,116,100,,
BigCodeBench,BigCodeBench/49,python_minifier,True,100.0,True,True,False,114,100,116,105,,
BigCodeBench,BigCodeBench/49,sigil,True,80.0,False,False,,114,123,116,126,decode,"ValueError: Parse errors in Sigil source:
line 1, col 1: unexpected token '<datetime.datetime>\n<pandas>\n<matplotlib' in: <datetime.datetime>"
BigCodeBench,BigCodeBench/50,python,True,100.0,True,True,True,197,197,195,195,,
BigCodeBench,BigCodeBench/50,kern_compact,True,100.0,True,True,True,197,157,195,156,,
BigCodeBench,BigCodeBench/50,python_minifier,True,100.0,True,True,False,197,155,195,156,,
BigCodeBench,BigCodeBench/50,sigil,True,100.0,False,False,,197,160,195,159,decode,"ValueError: Parse errors in Sigil source:
line 1, col 1: unexpected token '<datetime.datetime>\n<pandas>\n<pytz>\n<mat' in: <datetime.datetime>"
BigCodeBench,BigCodeBench/51,python,True,100.0,True,True,True,217,217,219,219,,
BigCodeBench,BigCodeBench/51,kern_compact,True,100.0,True,True,True,217,131,219,134,,
BigCodeBench,BigCodeBench/51,python_minifier,True,100.0,True,True,False,217,133,219,135,,
BigCodeBench,BigCodeBench/51,sigil,True,100.0,False,False,,217,143,219,146,decode,"ValueError: Parse errors in Sigil source:
line 3, col 140: unexpected token "":kmeans.fit_predict selected_df[['Age' '"" in: @tf df n:i n2:i = selected_df:df[df['Age']>n&df['Height']<n2].copy() len selected_df>=3 ? kmeans:KMeans n_clusters:3 selected_df['Cluster']:kmeans.fit_predict selected_df[['Age' 'Height']] plt.figu…"
BigCodeBench,BigCodeBench/52,python,True,100.0,True,True,True,89,89,89,89,,
BigCodeBench,BigCodeBench/52,kern_compact,True,100.0,True,True,True,89,67,89,67,,
BigCodeBench,BigCodeBench/52,python_minifier,True,100.0,True,True,False,89,70,89,70,,
BigCodeBench,BigCodeBench/52,sigil,True,100.0,False,False,,89,72,89,72,decode,"ValueError: Parse errors in Sigil source:
line 1, col 1: unexpected token ""<pandas>\n<regex>\nSTOPWORDS:['a' 'an' 'th"" in: <pandas>"
BigCodeBench,BigCodeBench/53,python,True,100.0,True,True,True,138,138,140,140,,
BigCodeBench,BigCodeBench/53,kern_compact,True,100.0,True,True,True,138,115,140,117,,
BigCodeBench,BigCodeBench/53,python_minifier,True,100.0,True,True,False,138,121,140,122,,
BigCodeBench,BigCodeBench/53,sigil,True,83.33333333333334,False,False,,138,149,140,151,decode,"ValueError: Parse errors in Sigil source:
line 1, col 1: unexpected token '<pandas>\n<regex>\n<seaborn>\n<matplotlib.p' in: <pandas>"
BigCodeBench,BigCodeBench/54,python,True,100.0,True,True,True,94,94,98,98,,
BigCodeBench,BigCodeBench/54,kern_compact,True,100.0,True,True,True,94,72,98,77,,
BigCodeBench,BigCodeBench/54,python_minifier,True,100.0,True,True,False,94,75,98,80,,
BigCodeBench,BigCodeBench/54,sigil,True,100.0,False,False,,94,76,98,81,decode,"ValueError: Parse errors in Sigil source:
line 4, col 51: unexpected token ':[sentence <- sentences len sentence.str' in: @tf te = sentences:re.split '\\.\\s*' te sentences:[sentence <- sentences len sentence.strip()!=0 & => sentence] vectorizer:CountVectorizer() dtm:vectorizer.fit_transform sentences df:pd.DataFrame d…"
BigCodeBench,BigCodeBench/55,python,True,100.0,True,True,True,128,128,128,128,,
BigCodeBench,BigCodeBench/55,kern_compact,True,100.0,True,True,True,128,94,128,96,,
BigCodeBench,BigCodeBench/55,python_minifier,True,100.0,True,True,False,128,100,128,101,,
BigCodeBench,BigCodeBench/55,sigil,True,75.0,False,False,,128,143,128,144,decode,"ValueError: Parse errors in Sigil source:
line 1, col 1: unexpected token ""<re>\n<pandas>\nSTOPWORDS:['Those' 'are' '"" in: <re>"
BigCodeBench,BigCodeBench/56,python,True,100.0,True,True,True,103,103,105,105,,
BigCodeBench,BigCodeBench/56,kern_compact,True,100.0,True,True,True,103,72,105,74,,
BigCodeBench,BigCodeBench/56,python_minifier,True,100.0,True,True,False,103,75,105,77,,
BigCodeBench,BigCodeBench/56,sigil,True,100.0,False,False,,103,66,105,68,decode,"ValueError: Parse errors in Sigil source:
line 3, col 67: unexpected token '.findall pattern te data:[match <- match' in: @tf te = pattern:'Score: (.*?), Category: (.*?)(\\n|$)' matches:re.findall pattern te data:[match <- matches => match[:2]] df:pd.DataFrame data columns:['Score' 'Category'] df['Score']:df['Score'].a…"
BigCodeBench,BigCodeBench/57,python,True,100.0,True,True,True,91,91,94,94,,
BigCodeBench,BigCodeBench/57,kern_compact,True,100.0,True,True,True,91,75,94,77,,
BigCodeBench,BigCodeBench/57,python_minifier,True,100.0,True,True,False,91,76,94,78,,
BigCodeBench,BigCodeBench/57,sigil,True,100.0,False,False,,91,67,94,70,decode,"ValueError: Parse errors in Sigil source:
line 4, col 44: unexpected token '.corr().round 2 plt.figure figsize:(10 8' in: @tf s:s s2:s = data:pd.read_csv s corr:data.corr().round 2 plt.figure figsize:(10 8) sns.heatmap corr annot:True cmap:'coolwarm' cbar:True plt.title s2 (corr plt.gca())"
BigCodeBench,BigCodeBench/58,python,True,100.0,True,True,True,131,131,132,132,,
BigCodeBench,BigCodeBench/58,kern_compact,True,100.0,True,True,True,131,102,132,106,,
BigCodeBench,BigCodeBench/58,python_minifier,True,100.0,True,True,False,131,106,132,110,,
BigCodeBench,BigCodeBench/58,sigil,True,100.0,False,False,,131,95,132,97,decode,"ValueError: Parse errors in Sigil source:
line 4, col 58: unexpected token ':plt.subplots() ax.hist samples bins:30' in: @tf mu si nu = samples:np.random.normal mu si nu (fig ax):plt.subplots() ax.hist samples bins:30 density:True alpha:0.6 color:'g' (xmin xmax):plt.xlim() x:np.linspace xmin xmax 100 p:stats.norm.pdf x…"
BigCodeBench,BigCodeBench/59,python,True,100.0,True,True,True,102,102,103,103,,
BigCodeBench,BigCodeBench/59,kern_compact,True,100.0,True,True,True,102,82,103,83,,
BigCodeBench,BigCodeBench/59,python_minifier,True,100.0,True,True,False,102,87,103,89,,
BigCodeBench,BigCodeBench/59,sigil,True,100.0,False,False,,102,76,103,78,decode,"ValueError: Parse errors in Sigil source:
line 4, col 82: unexpected token 'wordcloud:WordCloud().generate text plt' in: @tf pa = !{text:wikipedia.page pa.content}~>{print f""An error occured: {e}"" None} wordcloud:WordCloud().generate text plt.figure figsize:(10 5) plt.imshow wordcloud interpolation:'bilinear' plt.axis …"
BigCodeBench,BigCodeBench/60,python,True,100.0,True,True,True,84,84,85,85,,
BigCodeBench,BigCodeBench/60,kern_compact,True,100.0,True,True,True,84,60,85,61,,
BigCodeBench,BigCodeBench/60,python_minifier,True,100.0,True,True,False,84,63,85,64,,
BigCodeBench,BigCodeBench/60,sigil,True,100.0,False,False,,84,41,85,42,decode,CodegenError: WithExpr in expression position is not supported; it must be the last statement in a function body. Use the |~ operator at statement level.
BigCodeBench,BigCodeBench/61,python,True,100.0,True,True,True,225,225,226,226,,
BigCodeBench,BigCodeBench/61,kern_compact,True,100.0,True,True,True,225,138,226,142,,
BigCodeBench,BigCodeBench/61,python_minifier,True,100.0,True,True,False,225,139,226,143,,
BigCodeBench,BigCodeBench/61,sigil,True,100.0,False,False,,225,149,226,152,decode,"ValueError: Parse errors in Sigil source:
line 1, col 1: unexpected token '<numpy>\n<matplotlib.pyplot>\n<datetime.da' in: <numpy>"
BigCodeBench,BigCodeBench/62,python,True,100.0,True,True,True,90,90,91,91,,
BigCodeBench,BigCodeBench/62,kern_compact,True,100.0,True,True,True,90,71,91,72,,
BigCodeBench,BigCodeBench/62,python_minifier,True,100.0,True,True,False,90,72,91,73,,
BigCodeBench,BigCodeBench/62,sigil,True,100.0,False,False,,90,57,91,58,decode,"ValueError: Parse errors in Sigil source:
line 1, col 1: unexpected token '<random>\n<matplotlib.pyplot>\n<seaborn>\n@' in: <random>"
BigCodeBench,BigCodeBench/63,python,True,100.0,True,True,True,131,131,133,133,,
BigCodeBench,BigCodeBench/63,kern_compact,True,100.0,True,True,True,131,88,133,93,,
BigCodeBench,BigCodeBench/63,python_minifier,True,100.0,True,True,False,131,91,133,96,,
BigCodeBench,BigCodeBench/63,sigil,True,100.0,False,False,,131,94,133,97,decode,"ValueError: Parse errors in Sigil source:
line 3, col 40: unexpected token "".DataFrame car_data columns:['Car' 'Colo"" in: @tf ca = car_data:list ca.items() df:pd.DataFrame car_data columns:['Car' 'Color'] color_counts:df['Color'].value_counts() figure:plt.figure() plt.bar color_counts.keys() color_counts.values color:'…"
BigCodeBench,BigCodeBench/64,python,True,100.0,True,True,True,120,120,124,124,,
BigCodeBench,BigCodeBench/64,kern_compact,True,100.0,True,True,True,120,96,124,98,,
BigCodeBench,BigCodeBench/64,python_minifier,True,100.0,True,True,False,120,98,124,101,,
BigCodeBench,BigCodeBench/64,sigil,True,100.0,False,False,,120,103,124,107,decode,"ValueError: Parse errors in Sigil source:
line 1, col 1: unexpected token '<pandas>\n<seaborn>\n<matplotlib.pyplot>\nC' in: <pandas>"
BigCodeBench,BigCodeBench/65,python,True,100.0,True,True,True,137,137,138,138,,
BigCodeBench,BigCodeBench/65,kern_compact,True,100.0,True,True,True,137,108,138,113,,
BigCodeBench,BigCodeBench/65,python_minifier,True,100.0,True,True,False,137,108,138,113,,
BigCodeBench,BigCodeBench/65,sigil,True,100.0,False,False,,137,112,138,114,decode,"ValueError: Parse errors in Sigil source:
line 1, col 1: unexpected token ""<pandas>\n<matplotlib.pyplot>\nCOLUMNS:['c"" in: <pandas>"
BigCodeBench,BigCodeBench/66,python,True,100.0,True,True,True,86,86,88,88,,
BigCodeBench,BigCodeBench/66,kern_compact,True,100.0,True,True,True,86,71,88,71,,
BigCodeBench,BigCodeBench/66,python_minifier,True,100.0,True,True,False,86,71,88,71,,
BigCodeBench,BigCodeBench/66,sigil,True,100.0,False,False,,86,73,88,74,decode,"ValueError: Parse errors in Sigil source:
line 1, col 1: unexpected token ""<pandas>\n<seaborn>\nCOLUMNS:['col1' 'col2"" in: <pandas>"
BigCodeBench,BigCodeBench/67,python,True,100.0,True,True,True,86,86,87,87,,
BigCodeBench,BigCodeBench/67,kern_compact,True,100.0,True,True,True,86,64,87,65,,
BigCodeBench,BigCodeBench/67,python_minifier,True,100.0,True,True,False,86,69,87,70,,
BigCodeBench,BigCodeBench/67,sigil,True,75.0,False,False,,86,98,87,99,decode,"ValueError: Parse errors in Sigil source:
line 1, col 1: unexpected token '<pandas>\n<re>\n<os>\n;; TODO: manual conve' in: <pandas>"
BigCodeBench,BigCodeBench/68,python,True,100.0,True,True,True,81,81,81,81,,
BigCodeBench,BigCodeBench/68,kern_compact,True,100.0,True,True,True,81,62,81,62,,
BigCodeBench,BigCodeBench/68,python_minifier,True,100.0,True,True,False,81,62,81,62,,
BigCodeBench,BigCodeBench/68,sigil,True,100.0,False,False,,81,51,81,50,decode,"ValueError: Parse errors in Sigil source:
line 3, col 80: unexpected token "".histplot data:df x:'Age' kde:True (df a"" in: @tf da em = df:pd.read_csv da df:df[df['Employee ID'].str.startswith em] ax:sns.histplot data:df x:'Age' kde:True (df ax)"
BigCodeBench,BigCodeBench/69,python,True,100.0,True,True,True,136,136,138,138,,
BigCodeBench,BigCodeBench/69,kern_compact,True,100.0,True,True,True,136,101,138,102,,
BigCodeBench,BigCodeBench/69,python_minifier,True,100.0,True,True,False,136,104,138,105,,
BigCodeBench,BigCodeBench/69,sigil,True,75.0,False,False,,136,149,138,152,decode,"ValueError: Parse errors in Sigil source:
line 1, col 1: unexpected token '<random>\n<matplotlib.pyplot>\nSALARY_RANG' in: <random>"
BigCodeBench,BigCodeBench/70,python,True,100.0,True,True,True,135,135,138,138,,
BigCodeBench,BigCodeBench/70,kern_compact,True,100.0,True,True,True,135,101,138,104,,
BigCodeBench,BigCodeBench/70,python_minifier,True,100.0,True,True,False,135,111,138,113,,
BigCodeBench,BigCodeBench/70,sigil,True,100.0,False,False,,135,107,138,110,decode,"ValueError: Parse errors in Sigil source:
line 1, col 1: unexpected token ""<pandas>\n<json>\n<numpy>\nCOLUMNS:['email'"" in: <pandas>"
BigCodeBench,BigCodeBench/71,python,True,100.0,True,True,True,108,108,108,108,,
BigCodeBench,BigCodeBench/71,kern_compact,True,100.0,True,True,True,108,93,108,92,,
BigCodeBench,BigCodeBench/71,python_minifier,True,100.0,True,True,False,108,95,108,94,,
BigCodeBench,BigCodeBench/71,sigil,True,100.0,False,False,,108,85,108,84,decode,"ValueError: Parse errors in Sigil source:
line 5, col 38: unexpected token "":df['list'].map ast.literal_eval df['sum"" in: @tf cs = df:pd.read_csv cs df['list']:df['list'].map ast.literal_eval df['sum']:df['list'].apply sum df['mean']:df['list'].apply np.mean df['std']:df['list'].apply np.std plot:sns.histplot df['mean'…"
BigCodeBench,BigCodeBench/72,python,True,100.0,True,True,True,180,180,182,182,,
BigCodeBench,BigCodeBench/72,kern_compact,True,100.0,True,True,True,180,140,182,143,,
BigCodeBench,BigCodeBench/72,python_minifier,True,100.0,True,True,False,180,158,182,162,,
BigCodeBench,BigCodeBench/72,sigil,True,80.0,False,False,,180,200,182,202,decode,"ValueError: Parse errors in Sigil source:
line 1, col 1: unexpected token '<pandas>\n<os>\n<numpy>\n<ast>\n;; TODO: man' in: <pandas>"
BigCodeBench,BigCodeBench/73,python,True,100.0,True,True,True,138,138,139,139,,
BigCodeBench,BigCodeBench/73,kern_compact,True,100.0,True,True,True,138,116,139,118,,
BigCodeBench,BigCodeBench/73,python_minifier,True,100.0,True,True,False,138,122,139,123,,
BigCodeBench,BigCodeBench/73,sigil,True,100.0,False,False,,138,110,139,112,decode,"ValueError: Parse errors in Sigil source:
line 6, col 39: unexpected token "".read_sql_query 'SELECT * FROM EmailData"" in: @tf db = conn:sqlite3.connect db df:pd.read_sql_query 'SELECT * FROM EmailData' conn df['list']:df['list'].map ast.literal_eval df['sum']:df['list'].apply np.sum df['mean']:df['list'].apply np.mean …"
BigCodeBench,BigCodeBench/74,python,True,100.0,True,True,True,134,134,136,136,,
BigCodeBench,BigCodeBench/74,kern_compact,True,100.0,True,True,True,134,97,136,100,,
BigCodeBench,BigCodeBench/74,python_minifier,True,100.0,True,True,False,134,102,136,104,,
BigCodeBench,BigCodeBench/74,sigil,True,66.66666666666666,False,False,,134,135,136,137,decode,"ValueError: Parse errors in Sigil source:
line 1, col 1: unexpected token '<socket>\n<requests>\n;; TODO: manual conv' in: <socket>"
BigCodeBench,BigCodeBench/75,python,True,100.0,True,True,True,298,298,303,303,,
BigCodeBench,BigCodeBench/75,kern_compact,True,100.0,True,True,True,298,227,303,233,,
BigCodeBench,BigCodeBench/75,python_minifier,True,100.0,True,True,False,298,254,303,261,,
BigCodeBench,BigCodeBench/75,sigil,True,83.33333333333334,False,False,,298,300,303,304,decode,"ValueError: Parse errors in Sigil source:
line 1, col 1: unexpected token '<pandas>\n<numpy>\n<itertools>\n<datetime.d' in: <pandas>"
BigCodeBench,BigCodeBench/76,python,True,100.0,True,True,True,130,130,138,138,,
BigCodeBench,BigCodeBench/76,kern_compact,True,100.0,True,True,True,130,107,138,115,,
BigCodeBench,BigCodeBench/76,python_minifier,True,100.0,True,True,False,130,107,138,116,,
BigCodeBench,BigCodeBench/76,sigil,True,75.0,False,False,,130,148,138,155,decode,"ValueError: Parse errors in Sigil source:
line 1, col 1: unexpected token '<random>\n<string>\n<django.http.HttpRespo' in: <random>"
BigCodeBench,BigCodeBench/77,python,True,100.0,True,True,True,133,133,141,141,,
BigCodeBench,BigCodeBench/77,kern_compact,True,100.0,True,True,True,133,107,141,115,,
BigCodeBench,BigCodeBench/77,python_minifier,True,100.0,True,True,False,133,112,141,118,,
BigCodeBench,BigCodeBench/77,sigil,True,100.0,False,False,,133,104,141,109,decode,"ValueError: Parse errors in Sigil source:
line 1, col 1: unexpected token '<hashlib>\n<base64>\n<binascii>\n<django.ht' in: <hashlib>"
BigCodeBench,BigCodeBench/78,python,True,100.0,True,True,True,91,91,93,93,,
BigCodeBench,BigCodeBench/78,kern_compact,True,100.0,True,True,True,91,72,93,76,,
BigCodeBench,BigCodeBench/78,python_minifier,True,100.0,True,True,False,91,75,93,78,,
BigCodeBench,BigCodeBench/78,sigil,True,100.0,False,False,,91,74,93,75,decode,"ValueError: Parse errors in Sigil source:
line 5, col 47: unexpected token '.writer csv_io writer.writerow he writer' in: @tf re he cs = csv_io:io.StringIO() writer:csv.writer csv_io writer.writerow he writer.writerows cs csv_io.seek 0 response:FileResponse csv_io as_attachment:True filename:'data.csv' response['Conten…"
BigCodeBench,BigCodeBench/79,python,True,100.0,True,True,True,132,132,136,136,,
BigCodeBench,BigCodeBench/79,kern_compact,True,100.0,True,True,True,132,94,136,98,,
BigCodeBench,BigCodeBench/79,python_minifier,True,100.0,True,True,False,132,95,136,99,,
BigCodeBench,BigCodeBench/79,sigil,True,80.0,False,False,,132,138,136,140,decode,"ValueError: Parse errors in Sigil source:
line 1, col 1: unexpected token '<zipfile>\n<io>\n<django.http.FileResponse' in: <zipfile>"
BigCodeBench,BigCodeBench/80,python,True,100.0,True,True,True,88,88,89,89,,
BigCodeBench,BigCodeBench/80,kern_compact,True,100.0,True,True,True,88,74,89,76,,
BigCodeBench,BigCodeBench/80,python_minifier,True,100.0,True,True,False,88,79,89,81,,
BigCodeBench,BigCodeBench/80,sigil,True,80.0,False,False,,88,113,89,114,decode,"ValueError: Parse errors in Sigil source:
line 1, col 1: unexpected token '<flask.Flask>\n<flask.render_template>\n<f' in: <flask.Flask>"
BigCodeBench,BigCodeBench/81,python,True,100.0,True,True,True,87,87,87,87,,
BigCodeBench,BigCodeBench/81,kern_compact,True,100.0,True,True,True,87,69,87,69,,
BigCodeBench,BigCodeBench/81,python_minifier,True,100.0,True,True,False,87,77,87,77,,
BigCodeBench,BigCodeBench/81,sigil,True,75.0,False,False,,87,114,87,114,decode,"ValueError: Parse errors in Sigil source:
line 1, col 1: unexpected token '<flask.Flask>\n<flask_restful.Resource>\n<' in: <flask.Flask>"
BigCodeBench,BigCodeBench/82,python,True,100.0,True,True,True,391,391,396,396,,
BigCodeBench,BigCodeBench/82,kern_compact,True,100.0,True,True,True,391,319,396,327,,
BigCodeBench,BigCodeBench/82,python_minifier,True,100.0,True,True,False,391,345,396,351,,
BigCodeBench,BigCodeBench/82,sigil,True,77.77777777777779,False,False,,391,489,396,494,decode,"ValueError: Parse errors in Sigil source:
line 1, col 1: unexpected token '<flask.Flask>\n<flask.render_template>\n<f' in: <flask.Flask>"
BigCodeBench,BigCodeBench/83,python,True,100.0,True,True,True,171,171,171,171,,
BigCodeBench,BigCodeBench/83,kern_compact,True,100.0,True,True,True,171,141,171,141,,
BigCodeBench,BigCodeBench/83,python_minifier,True,100.0,True,True,False,171,151,171,151,,
BigCodeBench,BigCodeBench/83,sigil,True,66.66666666666666,False,False,,171,200,171,200,decode,"ValueError: Parse errors in Sigil source:
line 1, col 1: unexpected token '<flask.Flask>\n<flask_mail.Mail>\n<flask_m' in: <flask.Flask>"
BigCodeBench,BigCodeBench/84,python,True,100.0,True,True,True,347,347,355,355,,
BigCodeBench,BigCodeBench/84,kern_compact,True,100.0,True,True,True,347,295,355,308,,
BigCodeBench,BigCodeBench/84,python_minifier,True,100.0,True,True,False,347,305,355,314,,
BigCodeBench,BigCodeBench/84,sigil,True,66.66666666666666,False,False,,347,375,355,381,decode,"ValueError: Parse errors in Sigil source:
line 1, col 1: unexpected token '<numpy>\n<pandas>\n;; TODO: manual convers' in: <numpy>"
BigCodeBench,BigCodeBench/85,python,True,100.0,True,True,True,192,192,192,192,,
BigCodeBench,BigCodeBench/85,kern_compact,True,100.0,True,True,True,192,151,192,152,,
BigCodeBench,BigCodeBench/85,python_minifier,True,100.0,True,True,False,192,165,192,169,,
BigCodeBench,BigCodeBench/85,sigil,True,75.0,False,False,,192,212,192,212,decode,"ValueError: Parse errors in Sigil source:
line 1, col 1: unexpected token '<numpy>\n<pandas>\n<datetime.timedelta>\n;;' in: <numpy>"
BigCodeBench,BigCodeBench/86,python,True,100.0,True,True,True,119,119,120,120,,
BigCodeBench,BigCodeBench/86,kern_compact,True,100.0,True,True,True,119,98,120,99,,
BigCodeBench,BigCodeBench/86,python_minifier,True,100.0,True,True,False,119,101,120,102,,
BigCodeBench,BigCodeBench/86,sigil,True,100.0,False,False,,119,83,120,84,decode,"ValueError: Parse errors in Sigil source:
line 3, col 101: unexpected token "".DataFrame scores_data columns:['Student"" in: @tf st se = np.random.seed se scores_data:[student <- st => (student np.random.randint 0 100)] df:pd.DataFrame scores_data columns:['Student' 'Score'] df.sort_values 'Score' inplace:True ax:df.plot…"
BigCodeBench,BigCodeBench/87,python,True,100.0,True,True,True,107,107,110,110,,
BigCodeBench,BigCodeBench/87,kern_compact,True,100.0,True,True,True,107,80,110,81,,
BigCodeBench,BigCodeBench/87,python_minifier,True,100.0,True,True,False,107,83,110,84,,
BigCodeBench,BigCodeBench/87,sigil,True,66.66666666666666,False,False,,107,112,110,117,decode,"ValueError: Parse errors in Sigil source:
line 1, col 1: unexpected token '<pandas>\n<random.choices>\n<random.seed>' in: <pandas>"
BigCodeBench,BigCodeBench/88,python,True,100.0,True,True,True,120,120,121,121,,
BigCodeBench,BigCodeBench/88,kern_compact,True,100.0,True,True,True,120,99,121,100,,
BigCodeBench,BigCodeBench/88,python_minifier,True,100.0,True,True,False,120,104,121,105,,
BigCodeBench,BigCodeBench/88,sigil,True,75.0,False,False,,120,138,121,139,decode,"ValueError: Parse errors in Sigil source:
line 1, col 1: unexpected token '<numpy>\n<pandas>\n<datetime.datetime>\n<da' in: <numpy>"
BigCodeBench,BigCodeBench/89,python,True,100.0,True,True,True,277,277,284,284,,
BigCodeBench,BigCodeBench/89,kern_compact,True,100.0,True,True,True,277,154,284,156,,
BigCodeBench,BigCodeBench/89,python_minifier,True,100.0,True,True,False,277,154,284,157,,
BigCodeBench,BigCodeBench/89,sigil,True,100.0,False,False,,277,177,284,181,decode,"ValueError: Parse errors in Sigil source:
line 5, col 58: unexpected token '[(: co)] scaler:StandardScaler() standar' in: @tf da co ou = data_copy:np.copy da column_data:data_copy[(: co)] scaler:StandardScaler() standardized_data:scaler.fit_transform column_data.reshape -1 1 z_scores:np.abs stats.zscore standardized_da…"
BigCodeBench,BigCodeBench/90,python,True,100.0,True,True,True,264,264,272,272,,
BigCodeBench,BigCodeBench/90,kern_compact,True,100.0,True,True,True,264,178,272,188,,
BigCodeBench,BigCodeBench/90,python_minifier,True,100.0,True,True,False,264,178,272,185,,
BigCodeBench,BigCodeBench/90,sigil,True,66.66666666666666,False,False,,264,271,272,279,decode,"ValueError: Parse errors in Sigil source:
line 1, col 1: unexpected token '<numpy>\n<math>\n;; TODO: manual conversio' in: <numpy>"
BigCodeBench,BigCodeBench/91,python,True,100.0,True,True,True,156,156,158,158,,
BigCodeBench,BigCodeBench/91,kern_compact,True,100.0,True,True,True,156,119,158,121,,
BigCodeBench,BigCodeBench/91,python_minifier,True,100.0,True,True,False,156,129,158,132,,
BigCodeBench,BigCodeBench/91,sigil,True,66.66666666666666,False,False,,156,174,158,177,decode,"ValueError: Parse errors in Sigil source:
line 1, col 1: unexpected token '<scipy.stats.linregress>\n<matplotlib.pyp' in: <scipy.stats.linregress>"
BigCodeBench,BigCodeBench/92,python,True,100.0,True,True,True,232,232,238,238,,
BigCodeBench,BigCodeBench/92,kern_compact,True,100.0,True,True,True,232,191,238,197,,
BigCodeBench,BigCodeBench/92,python_minifier,True,100.0,True,True,False,232,198,238,205,,
BigCodeBench,BigCodeBench/92,sigil,True,80.0,False,False,,232,252,238,260,decode,"ValueError: Parse errors in Sigil source:
line 1, col 1: unexpected token '<pandas>\n<matplotlib.pyplot>\n<sklearn.cl' in: <pandas>"
BigCodeBench,BigCodeBench/93,python,True,100.0,True,True,True,136,136,140,140,,
BigCodeBench,BigCodeBench/93,kern_compact,True,100.0,True,True,True,136,108,140,112,,
BigCodeBench,BigCodeBench/93,python_minifier,True,100.0,True,True,False,136,113,140,117,,
BigCodeBench,BigCodeBench/93,sigil,True,80.0,False,False,,136,150,140,155,decode,"ValueError: Parse errors in Sigil source:
line 1, col 1: unexpected token '<numpy>\n<pandas>\n<matplotlib.pyplot>\n<sk' in: <numpy>"
BigCodeBench,BigCodeBench/94,python,True,100.0,True,True,True,158,158,158,158,,
BigCodeBench,BigCodeBench/94,kern_compact,True,100.0,True,True,True,158,121,158,123,,
BigCodeBench,BigCodeBench/94,python_minifier,True,100.0,True,True,False,158,128,158,130,,
BigCodeBench,BigCodeBench/94,sigil,True,100.0,False,False,,158,114,158,115,decode,"ValueError: Parse errors in Sigil source:
line 4, col 58: unexpected token ':plt.subplots() ax.hist samples bins:30' in: @tf me st nu = samples:np.random.normal me st nu (fig ax):plt.subplots() ax.hist samples bins:30 density:True alpha:0.6 color:'g' (xmin xmax):ax.get_xlim() x:np.linspace xmin xmax 100 p:norm.pdf x me…"
BigCodeBench,BigCodeBench/95,python,True,100.0,True,True,True,244,244,246,246,,
BigCodeBench,BigCodeBench/95,kern_compact,True,100.0,True,True,True,244,175,246,179,,
BigCodeBench,BigCodeBench/95,python_minifier,True,100.0,True,True,False,244,197,246,201,,
BigCodeBench,BigCodeBench/95,sigil,True,66.66666666666666,False,False,,244,259,246,262,decode,"ValueError: Parse errors in Sigil source:
line 1, col 1: unexpected token '<pandas>\n<random.randint>\n<random.unifor' in: <pandas>"
BigCodeBench,BigCodeBench/96,python,True,100.0,True,True,True,94,94,94,94,,
BigCodeBench,BigCodeBench/96,kern_compact,True,100.0,True,True,True,94,74,94,74,,
BigCodeBench,BigCodeBench/96,python_minifier,True,100.0,True,True,False,94,79,94,79,,
BigCodeBench,BigCodeBench/96,sigil,True,75.0,False,False,,94,109,94,109,decode,"ValueError: Parse errors in Sigil source:
line 1, col 1: unexpected token '<csv>\n<collections.Counter>\n<operator>\n;' in: <csv>"
BigCodeBench,BigCodeBench/97,python,True,100.0,True,True,True,84,84,84,84,,
BigCodeBench,BigCodeBench/97,kern_compact,True,100.0,True,True,True,84,60,84,61,,
BigCodeBench,BigCodeBench/97,python_minifier,True,100.0,True,True,False,84,67,84,67,,
BigCodeBench,BigCodeBench/97,sigil,True,75.0,False,False,,84,101,84,101,decode,"ValueError: Parse errors in Sigil source:
line 1, col 1: unexpected token '<math>\n<itertools>\n<functools.reduce>\n;;' in: <math>"
BigCodeBench,BigCodeBench/98,python,True,100.0,True,True,True,75,75,80,80,,
BigCodeBench,BigCodeBench/98,kern_compact,True,100.0,True,True,True,75,55,80,59,,
BigCodeBench,BigCodeBench/98,python_minifier,True,100.0,True,True,False,75,57,80,61,,
BigCodeBench,BigCodeBench/98,sigil,True,100.0,False,False,,75,55,80,60,decode,"ValueError: Parse errors in Sigil source:
line 4, col 104: unexpected token '.join strings character_counter:Counter' in: @tf nu st = strings:[_ <- range nu => ''.join random.choices string.ascii_lowercase k:st] characters:''.join strings character_counter:Counter characters most_common_characters:character_counter.mos…"
BigCodeBench,BigCodeBench/99,python,True,100.0,True,True,True,145,145,148,148,,
BigCodeBench,BigCodeBench/99,kern_compact,True,100.0,True,True,True,145,95,148,96,,
BigCodeBench,BigCodeBench/99,python_minifier,True,100.0,True,True,False,145,99,148,100,,
BigCodeBench,BigCodeBench/99,sigil,True,100.0,False,False,,145,95,148,98,decode,"ValueError: Parse errors in Sigil source:
line 5, col 63: unexpected token '.DataFrame data:iris.data columns:iris.f' in: @tf = plt.rc 'font' family:'Arial' iris:load_iris() iris_df:pd.DataFrame data:iris.data columns:iris.feature_names iris_df['species']:iris.target pair_plot:sns.pairplot iris_df hue:'species' vars:ir…"
BigCodeBench,BigCodeBench/100,python,True,100.0,True,True,True,151,151,152,152,,
BigCodeBench,BigCodeBench/100,kern_compact,True,100.0,True,True,True,151,127,152,130,,
BigCodeBench,BigCodeBench/100,python_minifier,True,100.0,True,True,False,151,127,152,130,,
BigCodeBench,BigCodeBench/100,sigil,True,80.0,False,False,,151,167,152,169,decode,"ValueError: Parse errors in Sigil source:
line 1, col 1: unexpected token '<matplotlib.pyplot>\n<pandas>\n<random>\n<d' in: <matplotlib.pyplot>"
BigCodeBench,BigCodeBench/101,python,True,100.0,True,True,True,369,369,378,378,,
BigCodeBench,BigCodeBench/101,kern_compact,True,100.0,True,True,True,369,207,378,210,,
BigCodeBench,BigCodeBench/101,python_minifier,True,100.0,True,True,False,369,210,378,215,,
BigCodeBench,BigCodeBench/101,sigil,True,80.0,False,False,,369,275,378,281,decode,"ValueError: Parse errors in Sigil source:
line 1, col 1: unexpected token '<matplotlib.pyplot>\n<pandas>\n<seaborn>\n<' in: <matplotlib.pyplot>"
BigCodeBench,BigCodeBench/102,python,True,100.0,True,True,True,107,107,107,107,,
BigCodeBench,BigCodeBench/102,kern_compact,True,100.0,True,True,True,107,71,107,72,,
BigCodeBench,BigCodeBench/102,python_minifier,True,100.0,True,True,False,107,72,107,73,,
BigCodeBench,BigCodeBench/102,sigil,True,100.0,False,False,,107,81,107,81,decode,"ValueError: Parse errors in Sigil source:
line 5, col 91: unexpected token '.DataFrame data:DIABETES.data columns:DI' in: @tf = font:{'family':'Arial'} plt.rc 'font' **font DIABETES:load_diabetes() diabetes_df:pd.DataFrame data:DIABETES.data columns:DIABETES.feature_names pair_plot:sns.pairplot diabetes_df (pair_plot.f…"
BigCodeBench,BigCodeBench/103,python,True,100.0,True,True,True,164,164,165,165,,
BigCodeBench,BigCodeBench/103,kern_compact,True,100.0,True,True,True,164,137,165,139,,
BigCodeBench,BigCodeBench/103,python_minifier,True,100.0,True,True,False,164,139,165,142,,
BigCodeBench,BigCodeBench/103,sigil,True,66.66666666666666,False,False,,164,172,165,174,decode,"ValueError: Parse errors in Sigil source:
line 1, col 1: unexpected token '<matplotlib.pyplot>\n<pandas>\n;; TODO: ma' in: <matplotlib.pyplot>"
BigCodeBench,BigCodeBench/104,python,True,100.0,True,True,True,210,210,212,212,,
BigCodeBench,BigCodeBench/104,kern_compact,True,100.0,True,True,True,210,177,212,182,,
BigCodeBench,BigCodeBench/104,python_minifier,True,100.0,True,True,False,210,180,212,184,,
BigCodeBench,BigCodeBench/104,sigil,True,75.0,False,False,,210,227,212,231,decode,"ValueError: Parse errors in Sigil source:
line 1, col 1: unexpected token '<pandas>\n<matplotlib.pyplot>\n<itertools.' in: <pandas>"
BigCodeBench,BigCodeBench/105,python,True,100.0,True,True,True,210,210,218,218,,
BigCodeBench,BigCodeBench/105,kern_compact,True,100.0,True,True,True,210,174,218,182,,
BigCodeBench,BigCodeBench/105,python_minifier,True,100.0,True,True,False,210,179,218,186,,
BigCodeBench,BigCodeBench/105,sigil,True,75.0,False,False,,210,231,218,239,decode,"ValueError: Parse errors in Sigil source:
line 1, col 1: unexpected token '<pandas>\n<matplotlib.pyplot>\n<seaborn>\n;' in: <pandas>"
BigCodeBench,BigCodeBench/106,python,True,100.0,True,True,True,198,198,201,201,,
BigCodeBench,BigCodeBench/106,kern_compact,True,100.0,True,True,True,198,166,201,171,,
BigCodeBench,BigCodeBench/106,python_minifier,True,100.0,True,True,False,198,173,201,180,,
BigCodeBench,BigCodeBench/106,sigil,True,75.0,False,False,,198,221,201,225,decode,"ValueError: Parse errors in Sigil source:
line 1, col 1: unexpected token '<pandas>\n<sklearn.linear_model.LinearReg' in: <pandas>"
BigCodeBench,BigCodeBench/107,python,True,100.0,True,True,True,230,230,233,233,,
BigCodeBench,BigCodeBench/107,kern_compact,True,100.0,True,True,True,230,196,233,202,,
BigCodeBench,BigCodeBench/107,python_minifier,True,100.0,True,True,False,230,202,233,209,,
BigCodeBench,BigCodeBench/107,sigil,True,75.0,False,False,,230,250,233,254,decode,"ValueError: Parse errors in Sigil source:
line 1, col 1: unexpected token '<pandas>\n<sklearn.cluster.KMeans>\n<matpl' in: <pandas>"
BigCodeBench,BigCodeBench/108,python,True,100.0,True,True,True,302,302,312,312,,
BigCodeBench,BigCodeBench/108,kern_compact,True,100.0,True,True,True,302,240,312,250,,
BigCodeBench,BigCodeBench/108,python_minifier,True,100.0,True,True,False,302,252,312,261,,
BigCodeBench,BigCodeBench/108,sigil,True,75.0,False,False,,302,295,312,305,decode,"ValueError: Parse errors in Sigil source:
line 1, col 1: unexpected token '<pandas>\n<matplotlib.pyplot>\n<statsmodel' in: <pandas>"
BigCodeBench,BigCodeBench/109,python,True,100.0,True,True,True,176,176,180,180,,
BigCodeBench,BigCodeBench/109,kern_compact,True,100.0,True,True,True,176,148,180,154,,
BigCodeBench,BigCodeBench/109,python_minifier,True,100.0,True,True,False,176,161,180,167,,
BigCodeBench,BigCodeBench/109,sigil,True,66.66666666666666,False,False,,176,192,180,197,decode,"ValueError: Parse errors in Sigil source:
line 1, col 1: unexpected token '<pandas>\n<matplotlib.pyplot>\n;; TODO: ma' in: <pandas>"
BigCodeBench,BigCodeBench/110,python,True,100.0,True,True,True,164,164,168,168,,
BigCodeBench,BigCodeBench/110,kern_compact,True,100.0,True,True,True,164,134,168,141,,
BigCodeBench,BigCodeBench/110,python_minifier,True,100.0,True,True,False,164,139,168,144,,
BigCodeBench,BigCodeBench/110,sigil,True,66.66666666666666,False,False,,164,182,168,187,decode,"ValueError: Parse errors in Sigil source:
line 1, col 1: unexpected token '<pandas>\n<matplotlib.pyplot>\n;; TODO: ma' in: <pandas>"
BigCodeBench,BigCodeBench/111,python,True,100.0,True,True,True,148,148,154,154,,
BigCodeBench,BigCodeBench/111,kern_compact,True,100.0,True,True,True,148,127,154,132,,
BigCodeBench,BigCodeBench/111,python_minifier,True,100.0,True,True,False,148,139,154,145,,
BigCodeBench,BigCodeBench/111,sigil,True,66.66666666666666,False,False,,148,165,154,170,decode,"ValueError: Parse errors in Sigil source:
line 1, col 1: unexpected token '<pandas>\n<seaborn>\n;; TODO: manual conve' in: <pandas>"
BigCodeBench,BigCodeBench/112,python,True,100.0,True,True,True,102,102,105,105,,
BigCodeBench,BigCodeBench/112,kern_compact,True,100.0,True,True,True,102,86,105,92,,
BigCodeBench,BigCodeBench/112,python_minifier,True,100.0,True,True,False,102,89,105,95,,
BigCodeBench,BigCodeBench/112,sigil,True,66.66666666666666,False,False,,102,113,105,117,decode,"ValueError: Parse errors in Sigil source:
line 1, col 1: unexpected token '<pandas>\n<matplotlib.pyplot>\n;; TODO: ma' in: <pandas>"
BigCodeBench,BigCodeBench/113,python,True,100.0,True,True,True,163,163,164,164,,
BigCodeBench,BigCodeBench/113,kern_compact,True,100.0,True,False,,163,125,164,127,parse,"SyntaxError: unterminated string literal (detected at line 16) (<unknown>, line 16)"
BigCodeBench,BigCodeBench/113,python_minifier,True,100.0,True,True,False,163,128,164,129,,
BigCodeBench,BigCodeBench/113,sigil,True,75.0,False,False,,163,185,164,186,decode,"ValueError: Parse errors in Sigil source:
line 1, col 1: unexpected token '<json>\n<collections.Counter>\n<random>\n;;' in: <json>"
BigCodeBench,BigCodeBench/114,python,True,100.0,True,True,True,87,87,90,90,,
BigCodeBench,BigCodeBench/114,kern_compact,True,100.0,True,True,True,87,68,90,70,,
BigCodeBench,BigCodeBench/114,python_minifier,True,100.0,True,True,False,87,73,90,75,,
BigCodeBench,BigCodeBench/114,sigil,True,66.66666666666666,False,False,,87,100,90,103,decode,"ValueError: Parse errors in Sigil source:
line 1, col 1: unexpected token '<numpy>\n<sklearn.preprocessing.MinMaxSca' in: <numpy>"
BigCodeBench,BigCodeBench/115,python,True,100.0,True,True,True,96,96,97,97,,
BigCodeBench,BigCodeBench/115,kern_compact,True,100.0,True,True,True,96,74,97,76,,
BigCodeBench,BigCodeBench/115,python_minifier,True,100.0,True,True,False,96,78,97,79,,
BigCodeBench,BigCodeBench/115,sigil,True,75.0,False,False,,96,111,97,112,decode,"ValueError: Parse errors in Sigil source:
line 1, col 1: unexpected token '<numpy>\n<scipy.stats.mode>\n<scipy.stats.' in: <numpy>"
BigCodeBench,BigCodeBench/116,python,True,100.0,True,True,True,99,99,99,99,,
BigCodeBench,BigCodeBench/116,kern_compact,True,100.0,True,True,True,99,70,99,73,,
BigCodeBench,BigCodeBench/116,python_minifier,True,100.0,True,True,False,99,73,99,75,,
BigCodeBench,BigCodeBench/116,sigil,True,100.0,True,True,False,99,62,99,63,,
BigCodeBench,BigCodeBench/117,python,True,100.0,True,True,True,231,231,232,232,,
BigCodeBench,BigCodeBench/117,kern_compact,True,100.0,True,True,True,231,187,232,189,,
BigCodeBench,BigCodeBench/117,python_minifier,True,100.0,True,True,False,231,197,232,198,,
BigCodeBench,BigCodeBench/117,sigil,True,75.0,False,False,,231,249,232,250,decode,"ValueError: Parse errors in Sigil source:
line 1, col 1: unexpected token '<pandas>\n<numpy>\n<random.choice>\n<random' in: <pandas>"
BigCodeBench,BigCodeBench/118,python,True,100.0,True,True,True,90,90,90,90,,
BigCodeBench,BigCodeBench/118,kern_compact,True,100.0,True,True,True,90,71,90,72,,
BigCodeBench,BigCodeBench/118,python_minifier,True,100.0,True,True,False,90,76,90,76,,
BigCodeBench,BigCodeBench/118,sigil,True,66.66666666666666,False,False,,90,109,90,109,decode,"ValueError: Parse errors in Sigil source:
line 1, col 1: unexpected token '<os>\n<shutil>\n;; TODO: manual conversion' in: <os>"
BigCodeBench,BigCodeBench/119,python,True,100.0,True,True,True,78,78,78,78,,
BigCodeBench,BigCodeBench/119,kern_compact,True,100.0,True,True,True,78,62,78,63,,
BigCodeBench,BigCodeBench/119,python_minifier,True,100.0,True,True,False,78,63,78,64,,
BigCodeBench,BigCodeBench/119,sigil,True,100.0,True,True,False,78,56,78,57,,
BigCodeBench,BigCodeBench/120,python,True,100.0,True,True,True,159,159,163,163,,
BigCodeBench,BigCodeBench/120,kern_compact,True,100.0,True,True,False,159,134,163,139,ast,normalized AST differs
BigCodeBench,BigCodeBench/120,python_minifier,True,100.0,True,True,False,159,140,163,144,,
BigCodeBench,BigCodeBench/120,sigil,True,75.0,False,False,,159,173,163,176,decode,"ValueError: Parse errors in Sigil source:
line 1, col 1: unexpected token '<pandas>\n<datetime.datetime>\n<datetime.t' in: <pandas>"
BigCodeBench,BigCodeBench/121,python,True,100.0,True,True,True,188,188,191,191,,
BigCodeBench,BigCodeBench/121,kern_compact,True,100.0,True,True,True,188,147,191,150,,
BigCodeBench,BigCodeBench/121,python_minifier,True,100.0,True,True,False,188,152,191,156,,
BigCodeBench,BigCodeBench/121,sigil,True,66.66666666666666,False,False,,188,209,191,212,decode,"ValueError: Parse errors in Sigil source:
line 1, col 1: unexpected token '<pandas>\n<numpy>\n;; TODO: manual convers' in: <pandas>"
BigCodeBench,BigCodeBench/122,python,True,100.0,True,True,True,53,53,53,53,,
BigCodeBench,BigCodeBench/122,kern_compact,True,100.0,True,True,True,53,36,53,36,,
BigCodeBench,BigCodeBench/122,python_minifier,True,100.0,True,True,False,53,41,53,41,,
BigCodeBench,BigCodeBench/122,sigil,True,100.0,False,False,,53,36,53,36,decode,"ValueError: Parse errors in Sigil source:
line 3, col 96: unexpected token '.random.rand size random_array' in: @tf my = random_number:random.randint 0 100 my.append random_number size:sum my random_array:np.random.rand size random_array"
BigCodeBench,BigCodeBench/123,python,True,100.0,True,True,True,140,140,146,146,,
BigCodeBench,BigCodeBench/123,kern_compact,True,100.0,True,True,True,140,113,146,118,,
BigCodeBench,BigCodeBench/123,python_minifier,True,100.0,True,True,False,140,122,146,126,,
BigCodeBench,BigCodeBench/123,sigil,True,75.0,False,False,,140,156,146,162,decode,"ValueError: Parse errors in Sigil source:
line 1, col 1: unexpected token '<pandas>\n<os>\n<glob>\n;; TODO: manual con' in: <pandas>"
BigCodeBench,BigCodeBench/124,python,True,100.0,True,True,True,193,193,196,196,,
BigCodeBench,BigCodeBench/124,kern_compact,True,100.0,True,True,True,193,154,196,161,,
BigCodeBench,BigCodeBench/124,python_minifier,True,100.0,True,True,False,193,155,196,161,,
BigCodeBench,BigCodeBench/124,sigil,True,75.0,False,False,,193,217,196,220,decode,"ValueError: Parse errors in Sigil source:
line 1, col 1: unexpected token '<random.randint>\n<random.seed>\n<time>\n<m' in: <random.randint>"
BigCodeBench,BigCodeBench/125,python,True,100.0,True,True,True,107,107,108,108,,
BigCodeBench,BigCodeBench/125,kern_compact,True,100.0,True,True,True,107,81,108,82,,
BigCodeBench,BigCodeBench/125,python_minifier,True,100.0,True,True,False,107,82,108,84,,
BigCodeBench,BigCodeBench/125,sigil,True,80.0,False,False,,107,125,108,126,decode,"ValueError: Parse errors in Sigil source:
line 1, col 1: unexpected token '<collections.defaultdict>\n<itertools>\n<j' in: <collections.defaultdict>"
BigCodeBench,BigCodeBench/126,python,True,100.0,True,True,True,176,176,176,176,,
BigCodeBench,BigCodeBench/126,kern_compact,True,100.0,True,True,True,176,130,176,131,,
BigCodeBench,BigCodeBench/126,python_minifier,True,100.0,True,True,False,176,136,176,137,,
BigCodeBench,BigCodeBench/126,sigil,True,80.0,False,False,,176,189,176,189,decode,"ValueError: Parse errors in Sigil source:
line 1, col 1: unexpected token '<pandas>\n<random.randint>\n<random.seed>' in: <pandas>"
BigCodeBench,BigCodeBench/127,python,True,100.0,True,True,True,128,128,129,129,,
BigCodeBench,BigCodeBench/127,kern_compact,True,100.0,True,True,True,128,103,129,104,,
BigCodeBench,BigCodeBench/127,python_minifier,True,100.0,True,True,False,128,110,129,111,,
BigCodeBench,BigCodeBench/127,sigil,True,80.0,False,False,,128,149,129,150,decode,"ValueError: Parse errors in Sigil source:
line 1, col 1: unexpected token '<os>\n<shutil>\n<glob>\n<hashlib>\n;; TODO:' in: <os>"
BigCodeBench,BigCodeBench/128,python,True,100.0,True,True,True,184,184,187,187,,
BigCodeBench,BigCodeBench/128,kern_compact,True,100.0,True,True,True,184,139,187,149,,
BigCodeBench,BigCodeBench/128,python_minifier,True,100.0,True,True,False,184,143,187,156,,
BigCodeBench,BigCodeBench/128,sigil,True,80.0,False,False,,184,201,187,205,decode,"ValueError: Parse errors in Sigil source:
line 1, col 1: unexpected token '<numpy>\n<matplotlib.pyplot>\n<random.rand' in: <numpy>"
BigCodeBench,BigCodeBench/129,python,True,100.0,True,True,True,284,284,290,290,,
BigCodeBench,BigCodeBench/129,kern_compact,True,100.0,True,True,True,284,210,290,219,,
BigCodeBench,BigCodeBench/129,python_minifier,True,100.0,True,True,False,284,221,290,228,,
BigCodeBench,BigCodeBench/129,sigil,True,75.0,False,False,,284,276,290,282,decode,"ValueError: Parse errors in Sigil source:
line 1, col 1: unexpected token '<requests>\n<bs4.BeautifulSoup>\n<pandas>' in: <requests>"
BigCodeBench,BigCodeBench/130,python,True,100.0,True,True,True,91,91,92,92,,
BigCodeBench,BigCodeBench/130,kern_compact,True,100.0,True,True,True,91,70,92,72,,
BigCodeBench,BigCodeBench/130,python_minifier,True,100.0,True,True,False,91,72,92,74,,
BigCodeBench,BigCodeBench/130,sigil,True,100.0,False,False,,91,75,92,74,decode,"ValueError: Parse errors in Sigil source:
line 5, col 45: unexpected token "".unhexlify he.replace '\\\\x' '' salted_da"" in: @tf he sa = salt:os.urandom sa data:binascii.unhexlify he.replace '\\x' '' salted_data:salt+data hash_value:hashlib.sha256 salted_data.hexdigest() (base64.b64encode salt.decode 'utf-8' hash_value)"
BigCodeBench,BigCodeBench/131,python,True,100.0,True,True,True,91,91,92,92,,
BigCodeBench,BigCodeBench/131,kern_compact,True,100.0,True,True,True,91,70,92,72,,
BigCodeBench,BigCodeBench/131,python_minifier,True,100.0,True,True,False,91,72,92,74,,
BigCodeBench,BigCodeBench/131,sigil,True,100.0,False,False,,91,75,92,74,decode,"ValueError: Parse errors in Sigil source:
line 5, col 45: unexpected token "".unhexlify he.replace '\\\\x' '' salted_da"" in: @tf he sa = salt:os.urandom sa data:binascii.unhexlify he.replace '\\x' '' salted_data:salt+data hash_value:hashlib.sha256 salted_data.hexdigest() (base64.b64encode salt.decode 'utf-8' hash_value)"
BigCodeBench,BigCodeBench/132,python,True,100.0,True,True,True,164,164,166,166,,
BigCodeBench,BigCodeBench/132,kern_compact,True,100.0,True,True,True,164,126,166,130,,
BigCodeBench,BigCodeBench/132,python_minifier,True,100.0,True,True,False,164,128,166,131,,
BigCodeBench,BigCodeBench/132,sigil,True,80.0,False,False,,164,181,166,184,decode,"ValueError: Parse errors in Sigil source:
line 1, col 1: unexpected token '<binascii>\n<numpy>\n<matplotlib.pyplot>\n<' in: <binascii>"
BigCodeBench,BigCodeBench/133,python,True,100.0,True,True,True,157,157,160,160,,
BigCodeBench,BigCodeBench/133,kern_compact,True,100.0,True,True,True,157,115,160,122,,
BigCodeBench,BigCodeBench/133,python_minifier,True,100.0,True,True,False,157,119,160,126,,
BigCodeBench,BigCodeBench/133,sigil,True,75.0,False,False,,157,174,160,178,decode,"ValueError: Parse errors in Sigil source:
line 1, col 1: unexpected token '<pandas>\n<matplotlib.pyplot>\n<sklearn.pr' in: <pandas>"
BigCodeBench,BigCodeBench/134,python,True,100.0,True,True,True,111,111,114,114,,
BigCodeBench,BigCodeBench/134,kern_compact,True,100.0,True,True,True,111,88,114,94,,
BigCodeBench,BigCodeBench/134,python_minifier,True,100.0,True,True,False,111,92,114,97,,
BigCodeBench,BigCodeBench/134,sigil,True,66.66666666666666,False,False,,111,125,114,129,decode,"ValueError: Parse errors in Sigil source:
line 1, col 1: unexpected token '<pandas>\n<matplotlib.pyplot>\n;; TODO: ma' in: <pandas>"
BigCodeBench,BigCodeBench/135,python,True,100.0,True,True,True,152,152,156,156,,
BigCodeBench,BigCodeBench/135,kern_compact,True,100.0,True,True,True,152,125,156,132,,
BigCodeBench,BigCodeBench/135,python_minifier,True,100.0,True,True,False,152,130,156,136,,
BigCodeBench,BigCodeBench/135,sigil,True,83.33333333333334,False,False,,152,166,156,170,decode,"ValueError: Parse errors in Sigil source:
line 1, col 1: unexpected token '<numpy>\n<pandas>\n<sklearn.impute.SimpleI' in: <numpy>"
BigCodeBench,BigCodeBench/136,python,True,100.0,True,True,True,160,160,171,171,,
BigCodeBench,BigCodeBench/136,kern_compact,True,100.0,True,True,True,160,132,171,139,,
BigCodeBench,BigCodeBench/136,python_minifier,True,100.0,True,True,False,160,124,171,133,,
BigCodeBench,BigCodeBench/136,sigil,True,75.0,False,False,,160,181,171,192,decode,"ValueError: Parse errors in Sigil source:
line 1, col 1: unexpected token '<pandas>\n<sklearn.decomposition.PCA>\n<ma' in: <pandas>"
BigCodeBench,BigCodeBench/137,python,True,100.0,True,True,True,77,77,81,81,,
BigCodeBench,BigCodeBench/137,kern_compact,True,100.0,True,True,True,77,53,81,57,,
BigCodeBench,BigCodeBench/137,python_minifier,True,100.0,True,True,False,77,58,81,61,,
BigCodeBench,BigCodeBench/137,sigil,True,66.66666666666666,False,False,,77,79,81,82,decode,"ValueError: Parse errors in Sigil source:
line 1, col 1: unexpected token '<pandas>\n<scipy.stats.skew>\n;; TODO: man' in: <pandas>"
BigCodeBench,BigCodeBench/138,python,True,100.0,True,True,True,117,117,120,120,,
BigCodeBench,BigCodeBench/138,kern_compact,True,100.0,True,True,True,117,103,120,107,,
BigCodeBench,BigCodeBench/138,python_minifier,True,100.0,True,True,False,117,103,120,107,,
BigCodeBench,BigCodeBench/138,sigil,True,66.66666666666666,False,False,,117,130,120,134,decode,"ValueError: Parse errors in Sigil source:
line 1, col 1: unexpected token '<pandas>\n<matplotlib.pyplot>\n;; TODO: ma' in: <pandas>"
BigCodeBench,BigCodeBench/139,python,True,100.0,True,True,True,136,136,141,141,,
BigCodeBench,BigCodeBench/139,kern_compact,True,100.0,True,True,True,136,110,141,119,,
BigCodeBench,BigCodeBench/139,python_minifier,True,100.0,True,True,False,136,112,141,119,,
BigCodeBench,BigCodeBench/139,sigil,True,75.0,False,False,,136,151,141,157,decode,"ValueError: Parse errors in Sigil source:
line 1, col 1: unexpected token '<pandas>\n<numpy>\n<matplotlib.pyplot>\n;;' in: <pandas>"
BigCodeBench,BigCodeBench/140,python,True,100.0,True,True,True,124,124,130,130,,
BigCodeBench,BigCodeBench/140,kern_compact,True,100.0,True,True,True,124,110,130,119,,
BigCodeBench,BigCodeBench/140,python_minifier,True,100.0,True,True,False,124,117,130,123,,
BigCodeBench,BigCodeBench/140,sigil,True,66.66666666666666,False,False,,124,142,130,147,decode,"ValueError: Parse errors in Sigil source:
line 1, col 1: unexpected token '<pandas>\n<sklearn.preprocessing.Standard' in: <pandas>"
BigCodeBench,BigCodeBench/141,python,True,100.0,True,True,True,152,152,155,155,,
BigCodeBench,BigCodeBench/141,kern_compact,True,100.0,True,True,True,152,114,155,118,,
BigCodeBench,BigCodeBench/141,python_minifier,True,100.0,True,True,False,152,124,155,127,,
BigCodeBench,BigCodeBench/141,sigil,True,75.0,False,False,,152,161,155,164,decode,"ValueError: Parse errors in Sigil source:
line 1, col 1: unexpected token '<numpy>\n<pandas>\n<statistics>\n;; TODO: m' in: <numpy>"
BigCodeBench,BigCodeBench/142,python,True,100.0,True,True,True,151,151,151,151,,
BigCodeBench,BigCodeBench/142,kern_compact,True,100.0,True,True,True,151,121,151,123,,
BigCodeBench,BigCodeBench/142,python_minifier,True,100.0,True,True,False,151,122,151,124,,
BigCodeBench,BigCodeBench/142,sigil,True,100.0,False,False,,151,121,151,122,decode,"ValueError: Parse errors in Sigil source:
line 3, col 51: unexpected token ':plt.subplots 2 axs[0].plot x_values np.' in: @tf = x_values:np.linspace 0 2*np.pi 400 (fig axs):plt.subplots 2 axs[0].plot x_values np.sin x_values axs[0].set_title 'Sine function' axs[0].set_xlabel 'x' axs[0].set_ylabel 'sin(x)' axs[1].plot x…"
BigCodeBench,BigCodeBench/143,python,True,100.0,True,True,True,204,204,204,204,,
BigCodeBench,BigCodeBench/143,kern_compact,True,100.0,True,True,True,204,124,204,127,,
BigCodeBench,BigCodeBench/143,python_minifier,True,100.0,True,True,False,204,123,204,126,,
BigCodeBench,BigCodeBench/143,sigil,True,100.0,False,False,,204,123,204,125,decode,"ValueError: Parse errors in Sigil source:
line 3, col 48: unexpected token "":plt.subplots() ax.plot X y '-r' label:'"" in: @tf = X:np.linspace -10 10 400 y:2*X+1 (fig ax):plt.subplots() ax.plot X y '-r' label:'y=2x+1' solution_y:2*2+1 ax.plot 2 solution_y 'go' label:'Solution at x=2' ax.set_title 'Solution of the equati…"
BigCodeBench,BigCodeBench/144,python,True,100.0,True,True,True,116,116,119,119,,
BigCodeBench,BigCodeBench/144,kern_compact,True,100.0,True,True,True,116,90,119,93,,
BigCodeBench,BigCodeBench/144,python_minifier,True,100.0,True,True,False,116,94,119,97,,
BigCodeBench,BigCodeBench/144,sigil,True,66.66666666666666,False,False,,116,129,119,133,decode,"ValueError: Parse errors in Sigil source:
line 1, col 1: unexpected token '<ipaddress>\n<requests>\n;; TODO: manual c' in: <ipaddress>"
BigCodeBench,BigCodeBench/145,python,True,100.0,True,True,True,87,87,89,89,,
BigCodeBench,BigCodeBench/145,kern_compact,True,100.0,True,True,True,87,71,89,74,,
BigCodeBench,BigCodeBench/145,python_minifier,True,100.0,True,True,False,87,80,89,82,,
BigCodeBench,BigCodeBench/145,sigil,True,66.66666666666666,False,False,,87,101,89,103,decode,"ValueError: Parse errors in Sigil source:
line 1, col 1: unexpected token '<csv>\n<ipaddress.IPv4Network>\n;; TODO: m' in: <csv>"
BigCodeBench,BigCodeBench/146,python,True,100.0,True,True,True,82,82,82,82,,
BigCodeBench,BigCodeBench/146,kern_compact,True,100.0,True,True,True,82,69,82,68,,
BigCodeBench,BigCodeBench/146,python_minifier,True,100.0,True,True,False,82,71,82,71,,
BigCodeBench,BigCodeBench/146,sigil,True,66.66666666666666,False,False,,82,99,82,99,decode,"ValueError: Parse errors in Sigil source:
line 1, col 1: unexpected token '<subprocess>\n<ipaddress.IPv4Network>\n;;' in: <subprocess>"
BigCodeBench,BigCodeBench/147,python,True,100.0,True,True,True,147,147,148,148,,
BigCodeBench,BigCodeBench/147,kern_compact,True,100.0,True,True,True,147,115,148,117,,
BigCodeBench,BigCodeBench/147,python_minifier,True,100.0,True,True,False,147,118,148,120,,
BigCodeBench,BigCodeBench/147,sigil,True,75.0,False,False,,147,176,148,177,decode,"ValueError: Parse errors in Sigil source:
line 1, col 1: unexpected token '<socket>\n<ipaddress.IPv4Network>\n<thread' in: <socket>"
BigCodeBench,BigCodeBench/148,python,True,100.0,True,True,True,51,51,53,53,,
BigCodeBench,BigCodeBench/148,kern_compact,True,100.0,True,True,True,51,42,53,44,,
BigCodeBench,BigCodeBench/148,python_minifier,True,100.0,True,True,False,51,40,53,40,,
BigCodeBench,BigCodeBench/148,sigil,True,100.0,False,False,,51,37,53,39,decode,"ValueError: Parse errors in Sigil source:
line 1, col 1: unexpected token '<pandas>\n<sklearn.preprocessing.LabelEnc' in: <pandas>"
BigCodeBench,BigCodeBench/149,python,True,100.0,True,True,True,127,127,128,128,,
BigCodeBench,BigCodeBench/149,kern_compact,True,100.0,True,True,True,127,81,128,83,,
BigCodeBench,BigCodeBench/149,python_minifier,True,100.0,True,True,False,127,98,128,99,,
BigCodeBench,BigCodeBench/149,sigil,True,100.0,False,False,,127,90,128,91,decode,"ValueError: Parse errors in Sigil source:
line 1, col 1: unexpected token ""<pandas>\n<numpy>\nDEFAULT_COLUMNS:['Eleme"" in: <pandas>"
BigCodeBench,BigCodeBench/150,python,True,100.0,True,True,True,203,203,204,204,,
BigCodeBench,BigCodeBench/150,kern_compact,True,100.0,True,True,True,203,132,204,133,,
BigCodeBench,BigCodeBench/150,python_minifier,True,100.0,True,True,False,203,139,204,141,,
BigCodeBench,BigCodeBench/150,sigil,True,66.66666666666666,False,False,,203,200,204,201,decode,"ValueError: Parse errors in Sigil source:
line 1, col 1: unexpected token '<pandas>\n<numpy>\n;; TODO: manual convers' in: <pandas>"
BigCodeBench,BigCodeBench/151,python,True,100.0,True,True,True,187,187,191,191,,
BigCodeBench,BigCodeBench/151,kern_compact,True,100.0,True,True,True,187,114,191,119,,
BigCodeBench,BigCodeBench/151,python_minifier,True,100.0,True,True,False,187,119,191,125,,
BigCodeBench,BigCodeBench/151,sigil,True,66.66666666666666,False,False,,187,166,191,169,decode,"ValueError: Parse errors in Sigil source:
line 1, col 1: unexpected token '<pandas>\n<sklearn.preprocessing.MinMaxSc' in: <pandas>"
BigCodeBench,BigCodeBench/152,python,True,100.0,True,True,True,169,169,168,168,,
BigCodeBench,BigCodeBench/152,kern_compact,True,100.0,True,True,True,169,121,168,120,,
BigCodeBench,BigCodeBench/152,python_minifier,True,100.0,True,True,False,169,122,168,122,,
BigCodeBench,BigCodeBench/152,sigil,True,83.33333333333334,False,False,,169,175,168,174,decode,"ValueError: Parse errors in Sigil source:
line 1, col 1: unexpected token '<pandas>\n<numpy>\n<random.randint>\nSTUDEN' in: <pandas>"
BigCodeBench,BigCodeBench/153,python,True,100.0,True,True,True,49,49,50,50,,
BigCodeBench,BigCodeBench/153,kern_compact,True,100.0,True,True,True,49,39,50,40,,
BigCodeBench,BigCodeBench/153,python_minifier,True,100.0,True,True,False,49,42,50,43,,
BigCodeBench,BigCodeBench/153,sigil,True,100.0,False,False,,49,40,50,41,decode,"ValueError: Parse errors in Sigil source:
line 3, col 38: unexpected token "".fit_transform da df:pd.DataFrame {'Cate"" in: @tf da = le:LabelEncoder() encoded:le.fit_transform da df:pd.DataFrame {'Category':da, 'Encoded':encoded} df"
BigCodeBench,BigCodeBench/154,python,True,100.0,True,True,True,81,81,84,84,,
BigCodeBench,BigCodeBench/154,kern_compact,True,100.0,True,True,True,81,60,84,61,,
BigCodeBench,BigCodeBench/154,python_minifier,True,100.0,True,True,False,81,62,84,63,,
BigCodeBench,BigCodeBench/154,sigil,True,80.0,False,False,,81,97,84,99,decode,"ValueError: Parse errors in Sigil source:
line 1, col 1: unexpected token '<re>\n<os>\n<glob>\n<mimetypes>\n;; TODO: ma' in: <re>"
BigCodeBench,BigCodeBench/155,python,True,100.0,True,True,True,121,121,122,122,,
BigCodeBench,BigCodeBench/155,kern_compact,True,100.0,True,True,True,121,75,122,78,,
BigCodeBench,BigCodeBench/155,python_minifier,True,100.0,True,True,False,121,77,122,80,,
BigCodeBench,BigCodeBench/155,sigil,True,100.0,False,False,,121,80,122,82,decode,"ValueError: Parse errors in Sigil source:
line 1, col 1: unexpected token '<pandas>\n<matplotlib.pyplot>\nCOLUMN_NAME' in: <pandas>"
BigCodeBench,BigCodeBench/156,python,True,100.0,True,True,True,116,116,117,117,,
BigCodeBench,BigCodeBench/156,kern_compact,True,100.0,True,True,True,116,85,117,88,,
BigCodeBench,BigCodeBench/156,python_minifier,True,100.0,True,True,False,116,89,117,93,,
BigCodeBench,BigCodeBench/156,sigil,True,100.0,False,False,,116,96,117,99,decode,"ValueError: Parse errors in Sigil source:
line 4, col 101: unexpected token '.fit_transform da df:pd.DataFrame normal' in: @tf da = COLUMN_NAMES:['A' 'B' 'C' 'D' 'E' 'F' 'G' 'H'] scaler:MinMaxScaler() normalized_data:scaler.fit_transform da df:pd.DataFrame normalized_data columns:COLUMN_NAMES df['Average']:df.mean axis…"
BigCodeBench,BigCodeBench/157,python,True,100.0,True,True,True,122,122,128,128,,
BigCodeBench,BigCodeBench/157,kern_compact,True,100.0,True,True,True,122,78,128,82,,
BigCodeBench,BigCodeBench/157,python_minifier,True,100.0,True,True,False,122,84,128,87,,
BigCodeBench,BigCodeBench/157,sigil,True,66.66666666666666,False,False,,122,109,128,113,decode,"ValueError: Parse errors in Sigil source:
line 1, col 1: unexpected token '<pandas>\n<seaborn>\n;; TODO: manual conve' in: <pandas>"
BigCodeBench,BigCodeBench/158,python,True,100.0,True,True,True,77,77,77,77,,
BigCodeBench,BigCodeBench/158,kern_compact,True,100.0,True,True,True,77,61,77,58,,
BigCodeBench,BigCodeBench/158,python_minifier,True,100.0,True,True,False,77,64,77,61,,
BigCodeBench,BigCodeBench/158,sigil,True,100.0,False,False,,77,62,77,59,decode,"ValueError: Parse errors in Sigil source:
line 5, col 61: unexpected token '.read().decode() json_data:json.loads da' in: @tf ur fi = response:urllib.request.urlopen ur data:response.read().decode() json_data:json.loads data gzip.open fi 'wb' |~ f_out -> f_out.write json.dumps json_data.encode() fi"
BigCodeBench,BigCodeBench/159,python,True,100.0,True,True,True,61,61,62,62,,
BigCodeBench,BigCodeBench/159,kern_compact,True,100.0,True,True,True,61,51,62,51,,
BigCodeBench,BigCodeBench/159,python_minifier,True,100.0,True,True,False,61,54,62,55,,
BigCodeBench,BigCodeBench/159,sigil,True,100.0,False,False,,61,49,62,50,decode,CodegenError: WithExpr in expression position is not supported; it must be the last statement in a function body. Use the |~ operator at statement level.
BigCodeBench,BigCodeBench/160,python,True,100.0,True,True,True,162,162,165,165,,
BigCodeBench,BigCodeBench/160,kern_compact,True,100.0,True,True,True,162,118,165,120,,
BigCodeBench,BigCodeBench/160,python_minifier,True,100.0,True,True,False,162,118,165,119,,
BigCodeBench,BigCodeBench/160,sigil,True,80.0,False,False,,162,164,165,166,decode,"ValueError: Parse errors in Sigil source:
line 1, col 1: unexpected token '<pandas>\n<seaborn>\n<scipy.stats>\nCOLUMN_' in: <pandas>"
BigCodeBench,BigCodeBench/161,python,True,100.0,True,True,True,241,241,245,245,,
BigCodeBench,BigCodeBench/161,kern_compact,True,100.0,True,True,True,241,187,245,196,,
BigCodeBench,BigCodeBench/161,python_minifier,True,100.0,True,True,False,241,193,245,198,,
BigCodeBench,BigCodeBench/161,sigil,True,75.0,False,False,,241,260,245,264,decode,"ValueError: Parse errors in Sigil source:
line 1, col 1: unexpected token '<re>\n<pandas>\n<datetime.datetime>\n;; TOD' in: <re>"
BigCodeBench,BigCodeBench/162,python,True,100.0,True,True,True,179,179,179,179,,
BigCodeBench,BigCodeBench/162,kern_compact,True,100.0,True,True,True,179,97,179,99,,
BigCodeBench,BigCodeBench/162,python_minifier,True,100.0,True,True,False,179,99,179,101,,
BigCodeBench,BigCodeBench/162,sigil,True,100.0,False,False,,179,99,179,100,decode,"ValueError: Parse errors in Sigil source:
line 4, col 50: unexpected token "":[word <- words word!='' & => len word]"" in: @tf te rw = words:re.split '\\W+' te word_lengths:[word <- words word!='' & => len word] (fig ax):plt.subplots() word_lengths ? bins:np.arange max word_lengths+2-0.5 : bins:[] ax.hist word_lengths bi…"
BigCodeBench,BigCodeBench/163,python,True,100.0,True,True,True,130,130,132,132,,
BigCodeBench,BigCodeBench/163,kern_compact,True,100.0,True,True,True,130,110,132,112,,
BigCodeBench,BigCodeBench/163,python_minifier,True,100.0,True,True,False,130,114,132,116,,
BigCodeBench,BigCodeBench/163,sigil,True,66.66666666666666,False,False,,130,144,132,146,decode,"ValueError: Parse errors in Sigil source:
line 1, col 1: unexpected token '<numpy>\n<pandas>\n;; TODO: manual convers' in: <numpy>"
BigCodeBench,BigCodeBench/164,python,True,100.0,True,True,True,112,112,113,113,,
BigCodeBench,BigCodeBench/164,kern_compact,True,100.0,True,True,True,112,95,113,99,,
BigCodeBench,BigCodeBench/164,python_minifier,True,100.0,True,True,False,112,100,113,105,,
BigCodeBench,BigCodeBench/164,sigil,True,100.0,False,False,,112,78,113,80,decode,"ValueError: Parse errors in Sigil source:
line 4, col 78: unexpected token '.DataFrame np.random.uniform da[0] da[1]' in: @tf nu da = np.random.seed 0 columns:[i <- range nu => f""Label{i+1}""] data:pd.DataFrame np.random.uniform da[0] da[1] size:(nu nu) columns:columns (fig ax):plt.subplots() data.plot kind:'bar' stacke…"
BigCodeBench,BigCodeBench/165,python,True,100.0,True,True,True,107,107,108,108,,
BigCodeBench,BigCodeBench/165,kern_compact,True,100.0,True,True,True,107,90,108,93,,
BigCodeBench,BigCodeBench/165,python_minifier,True,100.0,True,True,False,107,94,108,99,,
BigCodeBench,BigCodeBench/165,sigil,True,100.0,False,False,,107,84,108,86,decode,"ValueError: Parse errors in Sigil source:
line 4, col 49: unexpected token '.DataFrame {label: [randint(rand_range[0' in: @tf nu ra = labels:['A' 'B' 'C' 'D' 'E'] data:pd.DataFrame {label: [randint(rand_range[0], rand_range[1]) for _ in range(num_rows)] for label in labels} (fig ax):plt.subplots() data.plot kind:'bar' …"
BigCodeBench,BigCodeBench/166,python,True,100.0,True,True,True,150,150,152,152,,
BigCodeBench,BigCodeBench/166,kern_compact,True,100.0,True,True,True,150,125,152,129,,
BigCodeBench,BigCodeBench/166,python_minifier,True,100.0,True,True,False,150,128,152,131,,
BigCodeBench,BigCodeBench/166,sigil,True,75.0,False,False,,150,163,152,166,decode,"ValueError: Parse errors in Sigil source:
line 1, col 1: unexpected token '<pandas>\n<datetime.datetime>\n<holidays>' in: <pandas>"
BigCodeBench,BigCodeBench/167,python,True,100.0,True,True,True,107,107,108,108,,
BigCodeBench,BigCodeBench/167,kern_compact,True,100.0,True,True,True,107,90,108,94,,
BigCodeBench,BigCodeBench/167,python_minifier,True,100.0,True,True,False,107,95,108,99,,
BigCodeBench,BigCodeBench/167,sigil,True,100.0,False,False,,107,83,108,85,decode,"ValueError: Parse errors in Sigil source:
line 4, col 59: unexpected token '.DataFrame {label: [randint(*integer_ran' in: @tf nu in = LABELS:[i <- range nu => f""Type{i+1}""] data:pd.DataFrame {label: [randint(*integer_range) for _ in range(num_types)] for label in LABELS} (fig ax):plt.subplots() data.plot kind:'barh' st…"
BigCodeBench,BigCodeBench/168,python,True,100.0,True,True,True,152,152,153,153,,
BigCodeBench,BigCodeBench/168,kern_compact,True,100.0,True,True,True,152,93,153,98,,
BigCodeBench,BigCodeBench/168,python_minifier,True,100.0,True,True,False,152,102,153,106,,
BigCodeBench,BigCodeBench/168,sigil,True,100.0,False,False,,152,85,153,87,decode,"ValueError: Parse errors in Sigil source:
line 4, col 64: unexpected token ': None data:pd.DataFrame np.random.rand' in: @tf nu da la = la is None ? la:[i <- range nu => f""Group{i+1}""] : None data:pd.DataFrame np.random.rand da nu columns:la (fig ax):plt.subplots() data.plot kind:'bar' stacked:True ax:ax plot_filename:…"
BigCodeBench,BigCodeBench/169,python,True,100.0,True,True,True,150,150,154,154,,
BigCodeBench,BigCodeBench/169,kern_compact,True,100.0,True,True,True,150,126,154,134,,
BigCodeBench,BigCodeBench/169,python_minifier,True,100.0,True,True,False,150,136,154,142,,
BigCodeBench,BigCodeBench/169,sigil,True,75.0,False,False,,150,168,154,173,decode,"ValueError: Parse errors in Sigil source:
line 1, col 1: unexpected token '<numpy>\n<matplotlib.pyplot>\n<scipy.ndima' in: <numpy>"
BigCodeBench,BigCodeBench/170,python,True,100.0,True,True,True,83,83,84,84,,
BigCodeBench,BigCodeBench/170,kern_compact,True,100.0,True,True,True,83,56,84,57,,
BigCodeBench,BigCodeBench/170,python_minifier,True,100.0,True,True,False,83,60,84,61,,
BigCodeBench,BigCodeBench/170,sigil,True,100.0,False,False,,83,50,84,51,decode,"ValueError: Parse errors in Sigil source:
line 4, col 83: unexpected token '.text df:pd.read_csv StringIO csv_data s' in: @tf cs so = response:requests.get cs response.raise_for_status() csv_data:response.text df:pd.read_csv StringIO csv_data sorted_df:df.sort_values by:so sorted_df"
BigCodeBench,BigCodeBench/171,python,True,100.0,True,True,True,160,160,162,162,,
BigCodeBench,BigCodeBench/171,kern_compact,True,100.0,True,True,True,160,110,162,112,,
BigCodeBench,BigCodeBench/171,python_minifier,True,100.0,True,True,False,160,115,162,117,,
BigCodeBench,BigCodeBench/171,sigil,True,100.0,False,False,,160,117,162,119,decode,"ValueError: Parse errors in Sigil source:
line 1, col 1: unexpected token '<random>\n<pandas>\n<collections>\nVEGETABL' in: <random>"
BigCodeBench,BigCodeBench/172,python,True,100.0,True,True,True,120,120,122,122,,
BigCodeBench,BigCodeBench/172,kern_compact,True,100.0,True,True,True,120,56,122,58,,
BigCodeBench,BigCodeBench/172,python_minifier,True,100.0,True,True,False,120,58,122,60,,
BigCodeBench,BigCodeBench/172,sigil,True,66.66666666666666,False,False,,120,89,122,91,decode,"ValueError: Parse errors in Sigil source:
line 1, col 1: unexpected token '<json>\n<datetime.datetime>\n;; TODO: manu' in: <json>"
BigCodeBench,BigCodeBench/173,python,True,100.0,True,True,True,107,107,105,105,,
BigCodeBench,BigCodeBench/173,kern_compact,True,100.0,True,True,True,107,76,105,76,,
BigCodeBench,BigCodeBench/173,python_minifier,True,100.0,True,True,False,107,80,105,80,,
BigCodeBench,BigCodeBench/173,sigil,True,100.0,False,False,,107,90,105,88,decode,"ValueError: Parse errors in Sigil source:
line 3, col 72: unexpected token ':{country: np.random.randint(1000000000,' in: @tf co = COUNTRIES:['USA' 'UK' 'China' 'Japan' 'Australia'] country_gdp:{country: np.random.randint(1000000000, 100000000000, dtype=np.int64) for country in COUNTRIES if country in country_dict.valu…"
BigCodeBench,BigCodeBench/174,python,True,100.0,True,True,True,78,78,81,81,,
BigCodeBench,BigCodeBench/174,kern_compact,True,100.0,True,True,True,78,59,81,62,,
BigCodeBench,BigCodeBench/174,python_minifier,True,100.0,True,True,False,78,64,81,67,,
BigCodeBench,BigCodeBench/174,sigil,True,66.66666666666666,False,False,,78,86,81,89,decode,"ValueError: Parse errors in Sigil source:
line 1, col 1: unexpected token '<pandas>\n<numpy>\n;; TODO: manual convers' in: <pandas>"
BigCodeBench,BigCodeBench/175,python,True,100.0,True,True,True,195,195,204,204,,
BigCodeBench,BigCodeBench/175,kern_compact,True,100.0,True,True,True,195,148,204,151,,
BigCodeBench,BigCodeBench/175,python_minifier,True,100.0,True,True,False,195,147,204,151,,
BigCodeBench,BigCodeBench/175,sigil,True,100.0,False,False,,195,156,204,166,decode,"ValueError: Parse errors in Sigil source:
line 3, col 149: unexpected token "".compile '(how|what)' re.IGNORECASE inte"" in: @tf df = df.empty | 'Likes' not in df.columns | 'Views' not in df.columns | 'Title' not in df.columns ? (fig ax):plt.subplots() ax : None pattern:re.compile '(how|what)' re.IGNORECASE interesting_v…"
BigCodeBench,BigCodeBench/176,python,True,100.0,True,True,True,106,106,106,106,,
BigCodeBench,BigCodeBench/176,kern_compact,True,100.0,True,True,True,106,78,106,78,,
BigCodeBench,BigCodeBench/176,python_minifier,True,100.0,True,True,False,106,80,106,80,,
BigCodeBench,BigCodeBench/176,sigil,True,66.66666666666666,False,False,,106,122,106,122,decode,"ValueError: Parse errors in Sigil source:
line 1, col 1: unexpected token '<re>\n<socket>\n;; TODO: manual conversion' in: <re>"
BigCodeBench,BigCodeBench/177,python,True,100.0,True,True,True,173,173,178,178,,
BigCodeBench,BigCodeBench/177,kern_compact,True,100.0,True,True,True,173,128,178,133,,
BigCodeBench,BigCodeBench/177,python_minifier,True,100.0,True,True,False,173,133,178,137,,
BigCodeBench,BigCodeBench/177,sigil,True,75.0,False,False,,173,185,178,189,decode,"ValueError: Parse errors in Sigil source:
line 1, col 1: unexpected token '<re>\n<nltk>\n<string.punctuation>\n;; TODO' in: <re>"
BigCodeBench,BigCodeBench/178,python,True,100.0,True,True,True,92,92,92,92,,
BigCodeBench,BigCodeBench/178,kern_compact,True,100.0,True,True,True,92,66,92,67,,
BigCodeBench,BigCodeBench/178,python_minifier,True,100.0,True,True,False,92,74,92,74,,
BigCodeBench,BigCodeBench/178,sigil,True,100.0,False,False,,92,62,92,62,decode,"ValueError: Parse errors in Sigil source:
line 1, col 1: unexpected token ""<re>\n<json>\nIP_REGEX:'[0-9]+(?:\\\\.[0-9]+"" in: <re>"
BigCodeBench,BigCodeBench/179,python,True,100.0,True,True,True,204,204,212,212,,
BigCodeBench,BigCodeBench/179,kern_compact,True,100.0,True,True,True,204,139,212,150,,
BigCodeBench,BigCodeBench/179,python_minifier,True,100.0,True,True,False,204,145,212,155,,
BigCodeBench,BigCodeBench/179,sigil,True,100.0,False,False,,204,149,212,157,decode,"ValueError: Parse errors in Sigil source:
line 5, col 55: unexpected token ""!set ['Title' 'Content'].issubset df.co"" in: @tf df = pattern:re.compile '(how|what)' re.IGNORECASE !set ['Title' 'Content'].issubset df.columns ? (fig ax):plt.subplots() ax : None interesting_articles:df[df['Title'].apply x->bool pattern.searc…"
BigCodeBench,BigCodeBench/180,python,True,100.0,True,True,True,183,183,189,189,,
BigCodeBench,BigCodeBench/180,kern_compact,True,100.0,True,True,True,183,137,189,145,,
BigCodeBench,BigCodeBench/180,python_minifier,True,100.0,True,True,False,183,137,189,145,,
BigCodeBench,BigCodeBench/180,sigil,True,83.33333333333334,False,False,,183,193,189,199,decode,"ValueError: Parse errors in Sigil source:
line 1, col 1: unexpected token '<PIL.Image>\n<numpy>\n<skimage.transform.r' in: <PIL.Image>"
BigCodeBench,BigCodeBench/181,python,True,100.0,True,True,True,74,74,76,76,,
BigCodeBench,BigCodeBench/181,kern_compact,True,100.0,True,True,True,74,45,76,48,,
BigCodeBench,BigCodeBench/181,python_minifier,True,100.0,True,True,False,74,49,76,52,,
BigCodeBench,BigCodeBench/181,sigil,True,100.0,True,True,False,74,43,76,44,,
BigCodeBench,BigCodeBench/182,python,True,100.0,True,True,True,121,121,125,125,,
BigCodeBench,BigCodeBench/182,kern_compact,True,100.0,True,True,True,121,98,125,102,,
BigCodeBench,BigCodeBench/182,python_minifier,True,100.0,True,True,False,121,97,125,101,,
BigCodeBench,BigCodeBench/182,sigil,True,100.0,False,False,,121,101,125,105,decode,"ValueError: Parse errors in Sigil source:
line 4, col 79: unexpected token ""[df['Title'].apply x->bool pattern.searc"" in: @tf df = pattern:re.compile '(how|what)' re.IGNORECASE interesting_articles:df[df['Title'].apply x->bool pattern.search x] interesting_articles.empty ? [] : None vectorizer:CountVectorizer() X:vecto…"
BigCodeBench,BigCodeBench/183,python,True,100.0,True,True,True,63,63,65,65,,
BigCodeBench,BigCodeBench/183,kern_compact,True,100.0,True,True,True,63,37,65,40,,
BigCodeBench,BigCodeBench/183,python_minifier,True,100.0,True,True,False,63,39,65,42,,
BigCodeBench,BigCodeBench/183,sigil,True,100.0,False,False,,63,38,65,39,decode,"ValueError: Parse errors in Sigil source:
line 3, col 84: unexpected token "".uuid4() response['UUID']:str request_uu"" in: @tf da = response:HttpResponse da content_type:'application/json' request_uuid:uuid.uuid4() response['UUID']:str request_uuid response"
BigCodeBench,BigCodeBench/184,python,True,100.0,True,True,True,450,450,452,452,,
BigCodeBench,BigCodeBench/184,kern_compact,True,100.0,True,True,True,450,313,452,316,,
BigCodeBench,BigCodeBench/184,python_minifier,True,100.0,True,True,False,450,322,452,325,,
BigCodeBench,BigCodeBench/184,sigil,True,80.0,False,False,,450,456,452,458,decode,"ValueError: Parse errors in Sigil source:
line 1, col 1: unexpected token '<pandas>\n<re>\n<sklearn.feature_extractio' in: <pandas>"
BigCodeBench,BigCodeBench/185,python,True,100.0,True,True,True,251,251,252,252,,
BigCodeBench,BigCodeBench/185,kern_compact,True,100.0,True,True,True,251,211,252,211,,
BigCodeBench,BigCodeBench/185,python_minifier,True,100.0,True,True,False,251,226,252,226,,
BigCodeBench,BigCodeBench/185,sigil,True,75.0,False,False,,251,273,252,274,decode,"ValueError: Parse errors in Sigil source:
line 1, col 1: unexpected token '<pandas>\n<numpy>\n<folium>\n;; TODO: manua' in: <pandas>"
BigCodeBench,BigCodeBench/186,python,True,100.0,True,True,True,189,189,192,192,,
BigCodeBench,BigCodeBench/186,kern_compact,True,100.0,True,True,True,189,161,192,163,,
BigCodeBench,BigCodeBench/186,python_minifier,True,100.0,True,True,False,189,168,192,169,,
BigCodeBench,BigCodeBench/186,sigil,True,66.66666666666666,False,False,,189,209,192,212,decode,"ValueError: Parse errors in Sigil source:
line 1, col 1: unexpected token '<geopy.distance.geodesic>\n<folium>\n;; TO' in: <geopy.distance.geodesic>"
BigCodeBench,BigCodeBench/187,python,True,100.0,True,True,True,207,207,205,205,,
BigCodeBench,BigCodeBench/187,kern_compact,True,100.0,True,True,True,207,170,205,168,,
BigCodeBench,BigCodeBench/187,python_minifier,True,100.0,True,True,False,207,186,205,184,,
BigCodeBench,BigCodeBench/187,sigil,True,75.0,False,False,,207,221,205,221,decode,"ValueError: Parse errors in Sigil source:
line 1, col 1: unexpected token '<numpy>\n<geopandas>\n<shapely.geometry.Po' in: <numpy>"
BigCodeBench,BigCodeBench/188,python,True,100.0,True,True,True,287,287,288,288,,
BigCodeBench,BigCodeBench/188,kern_compact,True,100.0,True,True,True,287,196,288,197,,
BigCodeBench,BigCodeBench/188,python_minifier,True,100.0,True,True,False,287,194,288,195,,
BigCodeBench,BigCodeBench/188,sigil,True,75.0,False,False,,287,280,288,281,decode,"ValueError: Parse errors in Sigil source:
line 1, col 1: unexpected token '<pandas>\n<folium>\n<geopy.geocoders.Photo' in: <pandas>"
BigCodeBench,BigCodeBench/189,python,True,100.0,True,True,True,90,90,89,89,,
BigCodeBench,BigCodeBench/189,kern_compact,True,100.0,True,True,True,90,67,89,67,,
BigCodeBench,BigCodeBench/189,python_minifier,True,100.0,True,True,False,90,67,89,67,,
BigCodeBench,BigCodeBench/189,sigil,True,100.0,False,False,,90,70,89,70,decode,"ValueError: Parse errors in Sigil source:
line 1, col 1: unexpected token '<re>\n<json>\n<requests>\n@tf s:s>list = !{' in: <re>"
BigCodeBench,BigCodeBench/190,python,True,100.0,True,True,True,246,246,250,250,,
BigCodeBench,BigCodeBench/190,kern_compact,True,100.0,True,False,,246,178,250,180,parse,"SyntaxError: f-string: unmatched '[' (<unknown>, line 15)"
BigCodeBench,BigCodeBench/190,python_minifier,True,100.0,True,True,False,246,183,250,185,,
BigCodeBench,BigCodeBench/190,sigil,True,85.71428571428571,False,False,,246,226,250,228,decode,"ValueError: Parse errors in Sigil source:
line 1, col 1: unexpected token '<sqlite3>\n<pandas>\n<csv>\n<io.StringIO>\nD' in: <sqlite3>"
BigCodeBench,BigCodeBench/191,python,True,100.0,True,True,True,82,82,81,81,,
BigCodeBench,BigCodeBench/191,kern_compact,True,100.0,True,True,True,82,61,81,60,,
BigCodeBench,BigCodeBench/191,python_minifier,True,100.0,True,True,False,82,66,81,65,,
BigCodeBench,BigCodeBench/191,sigil,True,66.66666666666666,False,False,,82,98,81,97,decode,"ValueError: Parse errors in Sigil source:
line 1, col 1: unexpected token '<random>\n<scipy.stats>\n;; TODO: manual c' in: <random>"
BigCodeBench,BigCodeBench/192,python,True,100.0,True,True,True,281,281,282,282,,
BigCodeBench,BigCodeBench/192,kern_compact,True,100.0,True,True,True,281,229,282,230,,
BigCodeBench,BigCodeBench/192,python_minifier,True,100.0,True,True,False,281,234,282,235,,
BigCodeBench,BigCodeBench/192,sigil,True,100.0,False,False,,281,187,282,186,decode,"ValueError: Parse errors in Sigil source:
line 1, col 1: unexpected token ""<re>\n<smtplib>\nTEXT:'Josie Smith [3996 C"" in: <re>"
BigCodeBench,BigCodeBench/193,python,True,100.0,True,True,True,345,345,346,346,,
BigCodeBench,BigCodeBench/193,kern_compact,True,100.0,True,True,True,345,274,346,283,,
BigCodeBench,BigCodeBench/193,python_minifier,True,100.0,True,True,False,345,284,346,289,,
BigCodeBench,BigCodeBench/193,sigil,True,80.0,False,False,,345,344,346,345,decode,"ValueError: Parse errors in Sigil source:
line 1, col 1: unexpected token '<pandas>\n<numpy>\n<random.choice>\nDATA_TY' in: <pandas>"
BigCodeBench,BigCodeBench/194,python,True,100.0,True,True,True,103,103,103,103,,
BigCodeBench,BigCodeBench/194,kern_compact,True,100.0,True,True,True,103,79,103,80,,
BigCodeBench,BigCodeBench/194,python_minifier,True,100.0,True,True,False,103,80,103,81,,
BigCodeBench,BigCodeBench/194,sigil,True,100.0,False,False,,103,80,103,81,decode,"ValueError: Parse errors in Sigil source:
line 1, col 1: unexpected token ""<numpy>\n<matplotlib.pyplot>\nBAR_COLOR:['"" in: <numpy>"
BigCodeBench,BigCodeBench/195,python,True,100.0,True,True,True,106,106,106,106,,
BigCodeBench,BigCodeBench/195,kern_compact,True,100.0,True,True,True,106,65,106,65,,
BigCodeBench,BigCodeBench/195,python_minifier,True,100.0,True,True,False,106,67,106,67,,
BigCodeBench,BigCodeBench/195,sigil,True,75.0,False,False,,106,107,106,107,decode,"ValueError: Parse errors in Sigil source:
line 1, col 1: unexpected token '<subprocess>\n<platform>\n<time>\n;; TODO:' in: <subprocess>"
BigCodeBench,BigCodeBench/196,python,True,100.0,True,True,True,121,121,122,122,,
BigCodeBench,BigCodeBench/196,kern_compact,True,100.0,True,True,True,121,96,122,97,,
BigCodeBench,BigCodeBench/196,python_minifier,True,100.0,True,True,False,121,99,122,100,,
BigCodeBench,BigCodeBench/196,sigil,True,80.0,False,False,,121,128,122,129,decode,"ValueError: Parse errors in Sigil source:
line 1, col 1: unexpected token '<random>\n<seaborn>\n<numpy>\n<matplotlib.p' in: <random>"
BigCodeBench,BigCodeBench/197,python,True,100.0,True,True,True,101,101,103,103,,
BigCodeBench,BigCodeBench/197,kern_compact,True,100.0,True,True,True,101,79,103,82,,
BigCodeBench,BigCodeBench/197,python_minifier,True,100.0,True,True,False,101,79,103,83,,
BigCodeBench,BigCodeBench/197,sigil,True,100.0,False,False,,101,80,103,81,decode,"ValueError: Parse errors in Sigil source:
line 4, col 71: unexpected token '->abs l1[i]-l2[i] largest_diffs:[i <- la' in: @tf l1 l2 N = largest_diff_indices:heapq.nlargest N range len l1 key:i->abs l1[i]-l2[i] largest_diffs:[i <- largest_diff_indices => math.sqrt l1[i]-l2[i]**2] (fig ax):plt.subplots() ax.plot largest_…"
BigCodeBench,BigCodeBench/198,python,True,100.0,True,True,True,120,120,122,122,,
BigCodeBench,BigCodeBench/198,kern_compact,True,100.0,True,True,True,120,80,122,83,,
BigCodeBench,BigCodeBench/198,python_minifier,True,100.0,True,True,False,120,84,122,85,,
BigCodeBench,BigCodeBench/198,sigil,True,100.0,False,False,,120,87,122,91,decode,"ValueError: Parse errors in Sigil source:
line 5, col 47: unexpected token '.array da avg:statistics.mean da greater' in: @tf da va = !da ? (np.array [] 0) : None da:np.array da avg:statistics.mean da greater_avg:da[da>avg] da.sort() bpoint:bisect.bisect_right da va num_greater_value:len da-bpoint plt.hist da bins:10 p…"
BigCodeBench,BigCodeBench/199,python,True,100.0,True,True,True,307,307,304,304,,
BigCodeBench,BigCodeBench/199,kern_compact,True,100.0,True,True,True,307,238,304,237,,
BigCodeBench,BigCodeBench/199,python_minifier,True,100.0,True,True,False,307,266,304,266,,
BigCodeBench,BigCodeBench/199,sigil,True,80.0,False,False,,307,308,304,306,decode,"ValueError: Parse errors in Sigil source:
line 1, col 1: unexpected token '<pandas>\n<pytz>\n<datetime.datetime>\n<ran' in: <pandas>"
BigCodeBench,BigCodeBench/200,python,True,100.0,True,True,True,130,130,132,132,,
BigCodeBench,BigCodeBench/200,kern_compact,True,100.0,True,True,True,130,85,132,88,,
BigCodeBench,BigCodeBench/200,python_minifier,True,100.0,True,True,False,130,85,132,87,,
BigCodeBench,BigCodeBench/200,sigil,True,100.0,False,False,,130,91,132,95,decode,"ValueError: Parse errors in Sigil source:
line 5, col 88: unexpected token '.mean numbers greater_avg:[x <- numbers' in: @tf n va = n<1 ? ([] 0) : None numbers:[_ <- range n => random.random()] avg:statistics.mean numbers greater_avg:[x <- numbers x>avg & => x] numbers.sort() bpoint:bisect.bisect_right numbers va num_g…"
BigCodeBench,BigCodeBench/201,python,True,100.0,True,True,True,148,148,153,153,,
BigCodeBench,BigCodeBench/201,kern_compact,True,100.0,True,True,True,148,105,153,109,,
BigCodeBench,BigCodeBench/201,python_minifier,True,100.0,True,True,False,148,113,153,116,,
BigCodeBench,BigCodeBench/201,sigil,True,66.66666666666666,False,False,,148,163,153,168,decode,"ValueError: Parse errors in Sigil source:
line 1, col 1: unexpected token '<bisect>\n<statistics>\n;; TODO: manual co' in: <bisect>"
BigCodeBench,BigCodeBench/202,python,True,100.0,True,True,True,238,238,249,249,,
BigCodeBench,BigCodeBench/202,kern_compact,True,100.0,True,True,True,238,221,249,231,,
BigCodeBench,BigCodeBench/202,python_minifier,True,100.0,True,True,False,238,229,249,239,,
BigCodeBench,BigCodeBench/202,sigil,True,75.0,False,False,,238,273,249,284,decode,"ValueError: Parse errors in Sigil source:
line 1, col 1: unexpected token '<re>\n<json>\n<collections.Counter>\n;; TOD' in: <re>"
BigCodeBench,BigCodeBench/203,python,True,100.0,True,True,True,231,231,234,234,,
BigCodeBench,BigCodeBench/203,kern_compact,True,100.0,True,True,True,231,178,234,178,,
BigCodeBench,BigCodeBench/203,python_minifier,True,100.0,True,True,False,231,183,234,184,,
BigCodeBench,BigCodeBench/203,sigil,True,100.0,False,False,,231,142,234,142,decode,"ValueError: Parse errors in Sigil source:
line 1, col 1: unexpected token ""<json>\n<smtplib>\nSMTP_SERVER:'smtp.gmail"" in: <json>"
BigCodeBench,BigCodeBench/204,python,True,100.0,True,True,True,119,119,121,121,,
BigCodeBench,BigCodeBench/204,kern_compact,True,100.0,True,True,True,119,98,121,100,,
BigCodeBench,BigCodeBench/204,python_minifier,True,100.0,True,True,False,119,99,121,101,,
BigCodeBench,BigCodeBench/204,sigil,True,100.0,False,False,,119,97,121,100,decode,"ValueError: Parse errors in Sigil source:
line 4, col 33: unexpected token '.median L mode:Counter L.most_common 1[0' in: @tf L = mean:np.mean L median:np.median L mode:Counter L.most_common 1[0][0] std_dev:np.std L plt.hist L bins:'auto' plt.title 'Histogram of Data' plt.xlabel 'Value' plt.ylabel 'Frequency' {'mean':m…"
BigCodeBench,BigCodeBench/205,python,True,100.0,True,True,True,92,92,92,92,,
BigCodeBench,BigCodeBench/205,kern_compact,True,100.0,True,True,True,92,68,92,69,,
BigCodeBench,BigCodeBench/205,python_minifier,True,100.0,True,True,False,92,71,92,71,,
BigCodeBench,BigCodeBench/205,sigil,True,100.0,False,False,,92,68,92,70,decode,"ValueError: Parse errors in Sigil source:
line 3, col 55: unexpected token '.PIPE stderr:subprocess.PIPE shell:True' in: @ec co = process:subprocess.Popen co stdout:subprocess.PIPE stderr:subprocess.PIPE shell:True (output _):process.communicate() output"
BigCodeBench,BigCodeBench/206,python,True,100.0,True,True,True,110,110,113,113,,
BigCodeBench,BigCodeBench/206,kern_compact,True,100.0,True,True,True,110,79,113,84,,
BigCodeBench,BigCodeBench/206,python_minifier,True,100.0,True,True,False,110,84,113,87,,
BigCodeBench,BigCodeBench/206,sigil,True,75.0,False,False,,110,129,113,132,decode,"ValueError: Parse errors in Sigil source:
line 1, col 1: unexpected token '<csv>\n<json>\n<os>\n;; TODO: manual conver' in: <csv>"
BigCodeBench,BigCodeBench/207,python,True,100.0,True,True,True,39,39,39,39,,
BigCodeBench,BigCodeBench/207,kern_compact,True,100.0,True,True,True,39,33,39,33,,
BigCodeBench,BigCodeBench/207,python_minifier,True,100.0,True,True,False,39,35,39,35,,
BigCodeBench,BigCodeBench/207,sigil,True,100.0,False,False,,39,33,39,33,decode,"ValueError: Parse errors in Sigil source:
line 3, col 50: unexpected token 'in.group() response:requests.get endpoin' in: @tf in = endpoint:re.search 'https?:\\/\\/[^ ]+' in.group() response:requests.get endpoint response.json()"
BigCodeBench,BigCodeBench/208,python,True,100.0,True,True,True,144,144,147,147,,
BigCodeBench,BigCodeBench/208,kern_compact,True,100.0,True,True,True,144,112,147,116,,
BigCodeBench,BigCodeBench/208,python_minifier,True,100.0,True,True,False,144,118,147,121,,
BigCodeBench,BigCodeBench/208,sigil,True,75.0,False,False,,144,165,147,169,decode,"ValueError: Parse errors in Sigil source:
line 1, col 1: unexpected token '<numpy>\n<matplotlib.pyplot>\n<pandas>\n;;' in: <numpy>"
BigCodeBench,BigCodeBench/209,python,True,100.0,True,True,True,122,122,122,122,,
BigCodeBench,BigCodeBench/209,kern_compact,True,100.0,True,True,True,122,97,122,98,,
BigCodeBench,BigCodeBench/209,python_minifier,True,100.0,True,True,False,122,98,122,99,,
BigCodeBench,BigCodeBench/209,sigil,True,100.0,False,False,,122,100,122,103,decode,"ValueError: Parse errors in Sigil source:
line 4, col 53: unexpected token '.array da x:tuples[(: 0)] y:tuples[(: 1)' in: @tf da = max_tuple:max da key:itemgetter 1 tuples:np.array da x:tuples[(: 0)] y:tuples[(: 1)] (fig ax):plt.subplots() ax.scatter x y label:'Data' ax.scatter *max_tuple color:'red' label:'Max Tuple' …"
BigCodeBench,BigCodeBench/210,python,True,100.0,True,True,True,155,155,156,156,,
BigCodeBench,BigCodeBench/210,kern_compact,True,100.0,True,True,True,155,114,156,116,,
BigCodeBench,BigCodeBench/210,python_minifier,True,100.0,True,True,False,155,116,156,118,,
BigCodeBench,BigCodeBench/210,sigil,True,100.0,False,False,,155,125,156,127,decode,"ValueError: Parse errors in Sigil source:
line 4, col 128: unexpected token ':zip *letter_counts.items() plt.figure()' in: @tf da = letter_counts:collections.Counter [item <- da => item[0]] max_value_letter:max da key:itemgetter 1[0] (letters counts):zip *letter_counts.items() plt.figure() ax:plt.bar letters counts lab…"
BigCodeBench,BigCodeBench/211,python,True,100.0,True,True,True,126,126,128,128,,
BigCodeBench,BigCodeBench/211,kern_compact,True,100.0,True,True,True,126,88,128,88,,
BigCodeBench,BigCodeBench/211,python_minifier,True,100.0,True,True,False,126,97,128,97,,
BigCodeBench,BigCodeBench/211,sigil,True,100.0,False,False,,126,93,128,94,decode,"ValueError: Parse errors in Sigil source:
line 4, col 69: unexpected token ': None response:requests.get ur headers' in: @tf ur de he = he is None ? he:{'accept':'application/octet-stream'} : None response:requests.get ur headers:he filename:os.path.basename ur zip_path:os.path.join de filename open zip_path 'wb' |~ f …"
BigCodeBench,BigCodeBench/212,python,True,100.0,True,True,True,132,132,132,132,,
BigCodeBench,BigCodeBench/212,kern_compact,True,100.0,True,True,True,132,102,132,103,,
BigCodeBench,BigCodeBench/212,python_minifier,True,100.0,True,True,False,132,103,132,104,,
BigCodeBench,BigCodeBench/212,sigil,True,100.0,False,False,,132,111,132,112,decode,"ValueError: Parse errors in Sigil source:
line 4, col 55: unexpected token '.array da x:points[(: 0)] y:points[(: 1)' in: @tf da = max_y_point:max da key:itemgetter 1 points:np.array da x:points[(: 0)] y:points[(: 1)] (fig ax):plt.subplots() ax.scatter x y label:'Points' ax.scatter *max_y_point color:'red' label:'Max Y…"
BigCodeBench,BigCodeBench/213,python,True,100.0,True,True,True,136,136,132,132,,
BigCodeBench,BigCodeBench/213,kern_compact,True,100.0,True,True,True,136,101,132,102,,
BigCodeBench,BigCodeBench/213,python_minifier,True,100.0,True,True,False,136,101,132,102,,
BigCodeBench,BigCodeBench/213,sigil,True,80.0,False,False,,136,152,132,150,decode,"ValueError: Parse errors in Sigil source:
line 1, col 1: unexpected token '<time>\n<random>\n<matplotlib.pyplot>\n<sci' in: <time>"
BigCodeBench,BigCodeBench/214,python,True,100.0,True,True,True,175,175,177,177,,
BigCodeBench,BigCodeBench/214,kern_compact,True,100.0,True,True,True,175,146,177,154,,
BigCodeBench,BigCodeBench/214,python_minifier,True,100.0,True,True,False,175,154,177,160,,
BigCodeBench,BigCodeBench/214,sigil,True,80.0,False,False,,175,193,177,196,decode,"ValueError: Parse errors in Sigil source:
line 1, col 1: unexpected token '<random>\n<numpy>\n<cv2>\n<matplotlib.pyplo' in: <random>"
BigCodeBench,BigCodeBench/215,python,True,100.0,True,True,True,113,113,116,116,,
BigCodeBench,BigCodeBench/215,kern_compact,True,100.0,True,True,True,113,85,116,87,,
BigCodeBench,BigCodeBench/215,python_minifier,True,100.0,True,True,False,113,86,116,88,,
BigCodeBench,BigCodeBench/215,sigil,True,83.33333333333334,False,False,,113,121,116,123,decode,"ValueError: Parse errors in Sigil source:
line 1, col 1: unexpected token '<requests>\n<json>\n<pandas>\n<seaborn>\nHEA' in: <requests>"
BigCodeBench,BigCodeBench/216,python,True,100.0,True,True,True,110,110,110,110,,
BigCodeBench,BigCodeBench/216,kern_compact,True,100.0,True,True,True,110,85,110,85,,
BigCodeBench,BigCodeBench/216,python_minifier,True,100.0,True,True,False,110,90,110,91,,
BigCodeBench,BigCodeBench/216,sigil,True,80.0,False,False,,110,122,110,122,decode,"ValueError: Parse errors in Sigil source:
line 1, col 1: unexpected token '<pandas>\n<os>\n<json>\n<collections.Counte' in: <pandas>"
BigCodeBench,BigCodeBench/217,python,True,100.0,True,True,True,193,193,194,194,,
BigCodeBench,BigCodeBench/217,kern_compact,True,100.0,True,True,True,193,157,194,159,,
BigCodeBench,BigCodeBench/217,python_minifier,True,100.0,True,True,False,193,161,194,163,,
BigCodeBench,BigCodeBench/217,sigil,True,100.0,False,False,,193,138,194,139,decode,"ValueError: Parse errors in Sigil source:
line 4, col 46: unexpected token '.random.normal mu si sa (fig ax):plt.sub' in: @tf mu si sa se = np.random.seed se sample:np.random.normal mu si sa (fig ax):plt.subplots() ax.hist sample bins:30 density:True alpha:0.5 label:'Sample Histogram' (xmin xmax):ax.get_xlim() x:np.lin…"
BigCodeBench,BigCodeBench/218,python,True,100.0,True,True,True,224,224,232,232,,
BigCodeBench,BigCodeBench/218,kern_compact,True,100.0,True,True,True,224,146,232,154,,
BigCodeBench,BigCodeBench/218,python_minifier,True,100.0,True,True,False,224,150,232,157,,
BigCodeBench,BigCodeBench/218,sigil,True,80.0,False,False,,224,201,232,208,decode,"ValueError: Parse errors in Sigil source:
line 1, col 1: unexpected token '<pandas>\n<sklearn.preprocessing.Standard' in: <pandas>"
BigCodeBench,BigCodeBench/219,python,True,100.0,True,True,True,132,132,136,136,,
BigCodeBench,BigCodeBench/219,kern_compact,True,100.0,True,True,True,132,97,136,102,,
BigCodeBench,BigCodeBench/219,python_minifier,True,100.0,True,True,False,132,100,136,105,,
BigCodeBench,BigCodeBench/219,sigil,True,100.0,False,False,,132,95,136,99,decode,"ValueError: Parse errors in Sigil source:
line 4, col 85: unexpected token ':x->(math.degrees x x) mean:statistics.m' in: @tf in = fft:np.abs np.fft.fft [x <- in => math.degrees x] sorted_list:sorted in key:x->(math.degrees x x) mean:statistics.mean sorted_list median:statistics.median sorted_list mode:statistics.mode …"
BigCodeBench,BigCodeBench/220,python,True,100.0,True,True,True,86,86,86,86,,
BigCodeBench,BigCodeBench/220,kern_compact,True,100.0,True,True,True,86,72,86,72,,
BigCodeBench,BigCodeBench/220,python_minifier,True,100.0,True,True,False,86,76,86,76,,
BigCodeBench,BigCodeBench/220,sigil,True,75.0,False,False,,86,104,86,104,decode,"ValueError: Parse errors in Sigil source:
line 1, col 1: unexpected token '<random.choice>\n<turtle>\n<time>\n;; TODO:' in: <random.choice>"
BigCodeBench,BigCodeBench/221,python,True,100.0,True,True,True,169,169,170,170,,
BigCodeBench,BigCodeBench/221,kern_compact,True,100.0,True,True,True,169,110,170,111,,
BigCodeBench,BigCodeBench/221,python_minifier,True,100.0,True,True,False,169,114,170,114,,
BigCodeBench,BigCodeBench/221,sigil,True,75.0,False,False,,169,160,170,161,decode,"ValueError: Parse errors in Sigil source:
line 1, col 1: unexpected token ""<numpy>\n<scipy.stats>\nFEATURES:['feature"" in: <numpy>"
BigCodeBench,BigCodeBench/222,python,True,100.0,True,True,True,105,105,104,104,,
BigCodeBench,BigCodeBench/222,kern_compact,True,100.0,True,True,True,105,73,104,75,,
BigCodeBench,BigCodeBench/222,python_minifier,True,100.0,True,True,False,105,75,104,77,,
BigCodeBench,BigCodeBench/222,sigil,True,100.0,False,False,,105,75,104,76,decode,"ValueError: Parse errors in Sigil source:
line 4, col 37: unexpected token '->(math.degrees x x) cumsum:np.cumsum so' in: @tf li = sorted_list:sorted li key:x->(math.degrees x x) cumsum:np.cumsum sorted_list ax:plt.plot cumsum[0].axes ax.set_title 'Cumulative Sum Plot' ax.set_xlabel 'Index' ax.set_ylabel 'Cumulative Su…"
BigCodeBench,BigCodeBench/223,python,True,100.0,True,True,True,152,152,156,156,,
BigCodeBench,BigCodeBench/223,kern_compact,True,100.0,True,True,True,152,99,156,103,,
BigCodeBench,BigCodeBench/223,python_minifier,True,100.0,True,True,False,152,112,156,116,,
BigCodeBench,BigCodeBench/223,sigil,True,66.66666666666666,False,False,,152,137,156,141,decode,"ValueError: Parse errors in Sigil source:
line 1, col 1: unexpected token '<pandas>\n<sklearn.preprocessing.LabelEnc' in: <pandas>"
BigCodeBench,BigCodeBench/224,python,True,100.0,True,True,True,248,248,251,251,,
BigCodeBench,BigCodeBench/224,kern_compact,True,100.0,True,True,True,248,181,251,187,,
BigCodeBench,BigCodeBench/224,python_minifier,True,100.0,True,True,False,248,186,251,192,,
BigCodeBench,BigCodeBench/224,sigil,True,75.0,False,False,,248,248,251,253,decode,"ValueError: Parse errors in Sigil source:
line 1, col 1: unexpected token '<numpy>\n<matplotlib.pyplot>\n<scipy.fft.f' in: <numpy>"
BigCodeBench,BigCodeBench/225,python,True,100.0,True,True,True,123,123,127,127,,
BigCodeBench,BigCodeBench/225,kern_compact,True,100.0,True,True,True,123,82,127,86,,
BigCodeBench,BigCodeBench/225,python_minifier,True,100.0,True,True,False,123,88,127,92,,
BigCodeBench,BigCodeBench/225,sigil,True,66.66666666666666,False,False,,123,115,127,120,decode,"ValueError: Parse errors in Sigil source:
line 1, col 1: unexpected token '<pandas>\n<matplotlib.pyplot>\n;; TODO: ma' in: <pandas>"
BigCodeBench,BigCodeBench/226,python,True,100.0,True,True,True,138,138,138,138,,
BigCodeBench,BigCodeBench/226,kern_compact,True,100.0,True,True,True,138,109,138,111,,
BigCodeBench,BigCodeBench/226,python_minifier,True,100.0,True,True,False,138,111,138,113,,
BigCodeBench,BigCodeBench/226,sigil,True,75.0,False,False,,138,154,138,155,decode,"ValueError: Parse errors in Sigil source:
line 1, col 1: unexpected token '<numpy>\n<math>\n<matplotlib.pyplot>\n;; TO' in: <numpy>"
BigCodeBench,BigCodeBench/227,python,True,100.0,True,True,True,247,247,250,250,,
BigCodeBench,BigCodeBench/227,kern_compact,True,100.0,True,True,True,247,157,250,158,,
BigCodeBench,BigCodeBench/227,python_minifier,True,100.0,True,True,False,247,161,250,162,,
BigCodeBench,BigCodeBench/227,sigil,True,83.33333333333334,False,False,,247,200,250,203,decode,"ValueError: Parse errors in Sigil source:
line 1, col 1: unexpected token '<numpy>\n<os>\n<soundfile>\n<librosa>\n<matp' in: <numpy>"
BigCodeBench,BigCodeBench/228,python,True,100.0,True,True,True,120,120,125,125,,
BigCodeBench,BigCodeBench/228,kern_compact,True,100.0,True,True,True,120,80,125,84,,
BigCodeBench,BigCodeBench/228,python_minifier,True,100.0,True,True,False,120,85,125,89,,
BigCodeBench,BigCodeBench/228,sigil,True,75.0,False,False,,120,108,125,113,decode,"ValueError: Parse errors in Sigil source:
line 1, col 1: unexpected token ""<pandas>\n<numpy>\nCOLUMNS:['column1' 'col"" in: <pandas>"
BigCodeBench,BigCodeBench/229,python,True,100.0,True,True,True,193,193,195,195,,
BigCodeBench,BigCodeBench/229,kern_compact,True,100.0,True,True,True,193,147,195,149,,
BigCodeBench,BigCodeBench/229,python_minifier,True,100.0,True,True,False,193,152,195,154,,
BigCodeBench,BigCodeBench/229,sigil,True,80.0,False,False,,193,210,195,212,decode,"ValueError: Parse errors in Sigil source:
line 1, col 1: unexpected token '<json>\n<random>\n<datetime.datetime>\n<dat' in: <json>"
BigCodeBench,BigCodeBench/230,python,True,100.0,True,True,True,173,173,175,175,,
BigCodeBench,BigCodeBench/230,kern_compact,True,100.0,True,True,True,173,138,175,139,,
BigCodeBench,BigCodeBench/230,python_minifier,True,100.0,True,True,False,173,150,175,151,,
BigCodeBench,BigCodeBench/230,sigil,True,100.0,False,False,,173,133,175,135,decode,"ValueError: Parse errors in Sigil source:
line 1, col 1: unexpected token '<matplotlib.pyplot>\n<pandas>\n<seaborn>\nC' in: <matplotlib.pyplot>"
BigCodeBench,BigCodeBench/231,python,True,100.0,True,True,True,274,274,277,277,,
BigCodeBench,BigCodeBench/231,kern_compact,True,100.0,True,True,True,274,184,277,190,,
BigCodeBench,BigCodeBench/231,python_minifier,True,100.0,True,True,False,274,187,277,193,,
BigCodeBench,BigCodeBench/231,sigil,True,85.71428571428571,False,False,,274,202,277,205,decode,"ValueError: Parse errors in Sigil source:
line 1, col 1: unexpected token '<numpy>\n<scipy.stats>\n<matplotlib.pyplot' in: <numpy>"
BigCodeBench,BigCodeBench/232,python,True,100.0,True,True,True,93,93,96,96,,
BigCodeBench,BigCodeBench/232,kern_compact,True,100.0,True,True,True,93,75,96,78,,
BigCodeBench,BigCodeBench/232,python_minifier,True,100.0,True,True,False,93,80,96,83,,
BigCodeBench,BigCodeBench/232,sigil,True,66.66666666666666,False,False,,93,103,96,106,decode,"ValueError: Parse errors in Sigil source:
line 1, col 1: unexpected token '<pandas>\n<collections>\n;; TODO: manual c' in: <pandas>"
BigCodeBench,BigCodeBench/233,python,True,100.0,True,True,True,161,161,162,162,,
BigCodeBench,BigCodeBench/233,kern_compact,True,100.0,True,True,True,161,110,162,114,,
BigCodeBench,BigCodeBench/233,python_minifier,True,100.0,True,True,False,161,121,162,125,,
BigCodeBench,BigCodeBench/233,sigil,True,75.0,False,False,,161,133,162,134,decode,"ValueError: Parse errors in Sigil source:
line 1, col 1: unexpected token '<random>\n<matplotlib.pyplot>\n;; TODO: ma' in: <random>"
BigCodeBench,BigCodeBench/234,python,True,100.0,True,True,True,181,181,184,184,,
BigCodeBench,BigCodeBench/234,kern_compact,True,100.0,True,True,True,181,154,184,158,,
BigCodeBench,BigCodeBench/234,python_minifier,True,100.0,True,True,False,181,157,184,162,,
BigCodeBench,BigCodeBench/234,sigil,True,75.0,False,False,,181,200,184,204,decode,"ValueError: Parse errors in Sigil source:
line 1, col 1: unexpected token '<pandas>\n<scipy.stats>\n<matplotlib.pyplo' in: <pandas>"
BigCodeBench,BigCodeBench/235,python,True,100.0,True,True,True,261,261,262,262,,
BigCodeBench,BigCodeBench/235,kern_compact,True,100.0,True,True,True,261,187,262,190,,
BigCodeBench,BigCodeBench/235,python_minifier,True,100.0,True,True,False,261,195,262,197,,
BigCodeBench,BigCodeBench/235,sigil,True,100.0,False,False,,261,174,262,177,decode,"ValueError: Parse errors in Sigil source:
line 4, col 51: unexpected token '.random.normal mu si nu (fig ax):plt.sub' in: @tf mu si se nu nu2 = np.random.seed se samples:np.random.normal mu si nu (fig ax):plt.subplots() (count bins ignored):ax.hist samples nu2 density:True ax.plot bins 1/si*np.sqrt 2*np.pi*np.exp -bins…"
BigCodeBench,BigCodeBench/236,python,True,100.0,True,True,True,166,166,171,171,,
BigCodeBench,BigCodeBench/236,kern_compact,True,100.0,True,True,True,166,124,171,128,,
BigCodeBench,BigCodeBench/236,python_minifier,True,100.0,True,True,False,166,137,171,141,,
BigCodeBench,BigCodeBench/236,sigil,True,80.0,False,False,,166,183,171,189,decode,"ValueError: Parse errors in Sigil source:
line 1, col 1: unexpected token '<pandas>\n<sklearn.model_selection.train_' in: <pandas>"
BigCodeBench,BigCodeBench/237,python,True,100.0,True,True,True,169,169,173,173,,
BigCodeBench,BigCodeBench/237,kern_compact,True,100.0,True,True,True,169,113,173,115,,
BigCodeBench,BigCodeBench/237,python_minifier,True,100.0,True,True,False,169,123,173,125,,
BigCodeBench,BigCodeBench/237,sigil,True,75.0,False,False,,169,184,173,189,decode,"ValueError: Parse errors in Sigil source:
line 1, col 1: unexpected token '<numpy>\n<sklearn.decomposition.PCA>\n<mat' in: <numpy>"
BigCodeBench,BigCodeBench/238,python,True,100.0,True,True,True,128,128,128,128,,
BigCodeBench,BigCodeBench/238,kern_compact,True,100.0,True,True,True,128,105,128,107,,
BigCodeBench,BigCodeBench/238,python_minifier,True,100.0,True,True,False,128,113,128,115,,
BigCodeBench,BigCodeBench/238,sigil,True,100.0,False,False,,128,107,128,109,decode,"ValueError: Parse errors in Sigil source:
line 4, col 89: unexpected token "":scaler.fit_transform df[['Age' 'Score']"" in: @tf df = df:df.drop_duplicates subset:'Name' scaler:StandardScaler() df[['Age' 'Score']]:scaler.fit_transform df[['Age' 'Score']] plt.figure figsize:(8 6) plt.scatter df['Age'] df['Score'] plt.xlabe…"
BigCodeBench,BigCodeBench/239,python,True,100.0,True,True,True,215,215,215,215,,
BigCodeBench,BigCodeBench/239,kern_compact,True,100.0,True,True,True,215,142,215,145,,
BigCodeBench,BigCodeBench/239,python_minifier,True,100.0,True,True,False,215,149,215,152,,
BigCodeBench,BigCodeBench/239,sigil,True,100.0,False,False,,215,152,215,153,decode,"ValueError: Parse errors in Sigil source:
line 4, col 23: unexpected token ""[(a b) <- or => b] computed_stats:{'mean"" in: @tf or = arr:np.array [(a b) <- or => b] computed_stats:{'mean':np.mean arr, 'std':np.std arr, 'min':np.min arr, 'max':np.max arr} (fig ax):plt.subplots() ax.hist arr density:True alpha:0.6 bins:'au…"
BigCodeBench,BigCodeBench/240,python,True,100.0,True,True,True,81,81,82,82,,
BigCodeBench,BigCodeBench/240,kern_compact,True,100.0,True,True,True,81,64,82,66,,
BigCodeBench,BigCodeBench/240,python_minifier,True,100.0,True,True,False,81,66,82,68,,
BigCodeBench,BigCodeBench/240,sigil,True,100.0,False,False,,81,42,82,43,decode,"ValueError: Parse errors in Sigil source:
line 3, col 75: unexpected token '.DataFrame data columns:[co] data_df' in: @tf n_ mi ma co = data:[_ <- range n_ => round uniform mi ma 3] data_df:pd.DataFrame data columns:[co] data_df"
BigCodeBench,BigCodeBench/241,python,True,100.0,True,True,True,139,139,139,139,,
BigCodeBench,BigCodeBench/241,kern_compact,True,100.0,True,True,True,139,88,139,90,,
BigCodeBench,BigCodeBench/241,python_minifier,True,100.0,True,True,False,139,88,139,90,,
BigCodeBench,BigCodeBench/241,sigil,True,100.0,False,False,,139,92,139,93,decode,"ValueError: Parse errors in Sigil source:
line 4, col 23: unexpected token '[(a b) <- or => b] arr.size==0 ? norm_ar' in: @tf or = arr:np.array [(a b) <- or => b] arr.size==0 ? norm_arr:arr : norm_arr:preprocessing.normalize [arr][0] (fig ax):plt.subplots() ax.plot arr label:'Original' ax.plot norm_arr label:'Normalize…"
BigCodeBench,BigCodeBench/242,python,True,100.0,True,True,True,214,214,226,226,,
BigCodeBench,BigCodeBench/242,kern_compact,True,100.0,True,True,True,214,166,226,179,,
BigCodeBench,BigCodeBench/242,python_minifier,True,100.0,True,True,False,214,169,226,183,,
BigCodeBench,BigCodeBench/242,sigil,True,66.66666666666666,False,False,,214,238,226,251,decode,"ValueError: Parse errors in Sigil source:
line 1, col 1: unexpected token '<cv2>\n<matplotlib.pyplot>\n;; TODO: manua' in: <cv2>"
BigCodeBench,BigCodeBench/243,python,True,100.0,True,True,True,104,104,106,106,,
BigCodeBench,BigCodeBench/243,kern_compact,True,100.0,True,True,True,104,80,106,84,,
BigCodeBench,BigCodeBench/243,python_minifier,True,100.0,True,True,False,104,87,106,90,,
BigCodeBench,BigCodeBench/243,sigil,True,100.0,False,False,,104,75,106,77,decode,"ValueError: Parse errors in Sigil source:
line 1, col 1: unexpected token '<pandas>\n<random>\nN_DATA_POINTS:10000\nMI' in: <pandas>"
BigCodeBench,BigCodeBench/244,python,True,100.0,True,True,True,92,92,93,93,,
BigCodeBench,BigCodeBench/244,kern_compact,True,100.0,True,True,True,92,68,93,70,,
BigCodeBench,BigCodeBench/244,python_minifier,True,100.0,True,True,False,92,70,93,72,,
BigCodeBench,BigCodeBench/244,sigil,True,100.0,False,False,,92,72,93,75,decode,"ValueError: Parse errors in Sigil source:
line 4, col 23: unexpected token '[(_ b) <- or => b] arr.size==0 ? fft_dat' in: @tf or = arr:np.array [(_ b) <- or => b] arr.size==0 ? fft_data:np.array [] (arr fft_data None) : None fft_data:fft arr (_ ax):plt.subplots() ax.hist np.abs fft_data (arr fft_data ax)"
BigCodeBench,BigCodeBench/245,python,True,100.0,True,True,True,126,126,127,127,,
BigCodeBench,BigCodeBench/245,kern_compact,True,100.0,True,True,True,126,102,127,104,,
BigCodeBench,BigCodeBench/245,python_minifier,True,100.0,True,True,False,126,104,127,106,,
BigCodeBench,BigCodeBench/245,sigil,True,100.0,False,False,,126,90,127,91,decode,"ValueError: Parse errors in Sigil source:
line 4, col 79: unexpected token "".DataFrame data columns:['Value'] mean:d"" in: @tf n_ mi ma = data:[_ <- range n_ => round random.uniform mi ma 3] data_df:pd.DataFrame data columns:['Value'] mean:data_df['Value'].mean() median:data_df['Value'].median() mode:stats.mode data_df[…"
BigCodeBench,BigCodeBench/246,python,True,100.0,True,True,True,154,154,154,154,,
BigCodeBench,BigCodeBench/246,kern_compact,True,100.0,True,True,True,154,108,154,113,,
BigCodeBench,BigCodeBench/246,python_minifier,True,100.0,True,True,False,154,109,154,113,,
BigCodeBench,BigCodeBench/246,sigil,True,80.0,False,False,,154,173,154,175,decode,"ValueError: Parse errors in Sigil source:
line 1, col 1: unexpected token '<numpy>\n<matplotlib.pyplot>\n<scipy.fft.f' in: <numpy>"
BigCodeBench,BigCodeBench/247,python,True,100.0,True,True,True,146,146,149,149,,
BigCodeBench,BigCodeBench/247,kern_compact,True,100.0,True,True,True,146,114,149,118,,
BigCodeBench,BigCodeBench/247,python_minifier,True,100.0,True,True,False,146,123,149,128,,
BigCodeBench,BigCodeBench/247,sigil,True,85.71428571428571,False,False,,146,152,149,156,decode,"ValueError: Parse errors in Sigil source:
line 1, col 1: unexpected token '<pandas>\n<random>\n<sklearn.preprocessing' in: <pandas>"
BigCodeBench,BigCodeBench/248,python,True,100.0,True,True,True,107,107,108,108,,
BigCodeBench,BigCodeBench/248,kern_compact,True,100.0,True,True,True,107,79,108,82,,
BigCodeBench,BigCodeBench/248,python_minifier,True,100.0,True,True,False,107,81,108,84,,
BigCodeBench,BigCodeBench/248,sigil,True,75.0,False,False,,107,119,108,121,decode,"ValueError: Parse errors in Sigil source:
line 1, col 1: unexpected token '<numpy>\n<matplotlib.pyplot>\n<itertools>' in: <numpy>"
BigCodeBench,BigCodeBench/249,python,True,100.0,True,True,True,109,109,110,110,,
BigCodeBench,BigCodeBench/249,kern_compact,True,100.0,True,True,True,109,81,110,83,,
BigCodeBench,BigCodeBench/249,python_minifier,True,100.0,True,True,False,109,83,110,85,,
BigCodeBench,BigCodeBench/249,sigil,True,100.0,False,False,,109,70,110,71,decode,"ValueError: Parse errors in Sigil source:
line 4, col 82: unexpected token "".DataFrame data columns:['Value'] (train"" in: @tf n_ mi ma te = data:[_ <- range n_ => round random.uniform mi ma 3] data_df:pd.DataFrame data columns:['Value'] (train_data test_data):train_test_split data_df test_size:te (train_data test_data)"
BigCodeBench,BigCodeBench/250,python,True,100.0,True,True,True,114,114,114,114,,
BigCodeBench,BigCodeBench/250,kern_compact,True,100.0,True,True,True,114,86,114,87,,
BigCodeBench,BigCodeBench/250,python_minifier,True,100.0,True,True,False,114,88,114,89,,
BigCodeBench,BigCodeBench/250,sigil,True,100.0,False,False,,114,86,114,86,decode,"ValueError: Parse errors in Sigil source:
line 4, col 70: unexpected token '.nan mean_values:[column <- unzipped_dat' in: @tf da js = unzipped_data:list itertools.zip_longest *da fillvalue:np.nan mean_values:[column <- unzipped_data[1:] => np.nanmean column] results:{'Position {}'.format(i + 1): mean_value for i, mean_…"
BigCodeBench,BigCodeBench/251,python,True,100.0,True,True,True,133,133,136,136,,
BigCodeBench,BigCodeBench/251,kern_compact,True,100.0,True,True,True,133,109,136,116,,
BigCodeBench,BigCodeBench/251,python_minifier,True,100.0,True,True,False,133,108,136,115,,
BigCodeBench,BigCodeBench/251,sigil,True,66.66666666666666,False,False,,133,144,136,148,decode,"ValueError: Parse errors in Sigil source:
line 1, col 1: unexpected token '<pandas>\n<matplotlib.pyplot>\n;; TODO: ma' in: <pandas>"
BigCodeBench,BigCodeBench/252,python,True,100.0,True,True,True,90,90,91,91,,
BigCodeBench,BigCodeBench/252,kern_compact,True,100.0,True,True,True,90,70,91,71,,
BigCodeBench,BigCodeBench/252,python_minifier,True,100.0,True,True,False,90,72,91,73,,
BigCodeBench,BigCodeBench/252,sigil,True,75.0,False,False,,90,96,91,98,decode,"ValueError: Parse errors in Sigil source:
line 1, col 1: unexpected token '<matplotlib.pyplot>\n<itertools.zip_longe' in: <matplotlib.pyplot>"
BigCodeBench,BigCodeBench/253,python,True,100.0,True,True,True,108,108,109,109,,
BigCodeBench,BigCodeBench/253,kern_compact,True,100.0,True,True,True,108,79,109,81,,
BigCodeBench,BigCodeBench/253,python_minifier,True,100.0,True,True,False,108,81,109,82,,
BigCodeBench,BigCodeBench/253,sigil,True,100.0,False,False,,108,81,109,81,decode,"ValueError: Parse errors in Sigil source:
line 1, col 1: unexpected token ""<numpy>\n<random>\nCOLORS:['b' 'g' 'r' 'c'"" in: <numpy>"
BigCodeBench,BigCodeBench/254,python,True,100.0,True,True,True,66,66,66,66,,
BigCodeBench,BigCodeBench/254,kern_compact,True,100.0,True,True,True,66,29,66,29,,
BigCodeBench,BigCodeBench/254,python_minifier,True,100.0,True,True,False,66,33,66,33,,
BigCodeBench,BigCodeBench/254,sigil,True,100.0,False,False,,66,30,66,30,decode,"ValueError: Parse errors in Sigil source:
line 3, col 59: unexpected token '.dumps str square_root json_str' in: @tf de pr = square_root:round math.sqrt de 2 json_str:json.dumps str square_root json_str"
BigCodeBench,BigCodeBench/255,python,True,100.0,True,True,True,110,110,111,111,,
BigCodeBench,BigCodeBench/255,kern_compact,True,100.0,True,True,True,110,89,111,91,,
BigCodeBench,BigCodeBench/255,python_minifier,True,100.0,True,True,False,110,95,111,97,,
BigCodeBench,BigCodeBench/255,sigil,True,75.0,False,False,,110,118,111,120,decode,"ValueError: Parse errors in Sigil source:
line 1, col 1: unexpected token '<matplotlib>\n<numpy>\nFUNCTIONS:[np.sin n' in: <matplotlib>"
BigCodeBench,BigCodeBench/256,python,True,100.0,True,True,True,232,232,232,232,,
BigCodeBench,BigCodeBench/256,kern_compact,True,100.0,True,True,False,232,135,232,139,ast,normalized AST differs
BigCodeBench,BigCodeBench/256,python_minifier,True,100.0,True,True,False,232,141,232,144,,
BigCodeBench,BigCodeBench/256,sigil,True,80.0,False,False,,232,190,232,191,decode,"ValueError: Parse errors in Sigil source:
line 1, col 1: unexpected token '<json>\n<random>\n<hashlib>\n<datetime.date' in: <json>"
BigCodeBench,BigCodeBench/257,python,True,100.0,True,True,True,67,67,67,67,,
BigCodeBench,BigCodeBench/257,kern_compact,True,100.0,True,True,True,67,51,67,52,,
BigCodeBench,BigCodeBench/257,python_minifier,True,100.0,True,True,False,67,53,67,54,,
BigCodeBench,BigCodeBench/257,sigil,True,100.0,True,True,False,67,40,67,41,,
BigCodeBench,BigCodeBench/258,python,True,100.0,True,True,True,280,280,275,275,,
BigCodeBench,BigCodeBench/258,kern_compact,True,100.0,True,True,True,280,179,275,184,,
BigCodeBench,BigCodeBench/258,python_minifier,True,100.0,True,True,False,280,213,275,210,,
BigCodeBench,BigCodeBench/258,sigil,True,100.0,False,False,,280,198,275,194,decode,"ValueError: Parse errors in Sigil source:
line 1, col 1: unexpected token ""<json>\n<random>\nDATA:[{'name':'John', 'a"" in: <json>"
BigCodeBench,BigCodeBench/259,python,True,100.0,True,True,True,85,85,86,86,,
BigCodeBench,BigCodeBench/259,kern_compact,True,100.0,True,True,True,85,67,86,69,,
BigCodeBench,BigCodeBench/259,python_minifier,True,100.0,True,True,False,85,70,86,72,,
BigCodeBench,BigCodeBench/259,sigil,True,66.66666666666666,False,False,,85,97,86,99,decode,"ValueError: Parse errors in Sigil source:
line 1, col 1: unexpected token '<matplotlib>\n<numpy>\n;; TODO: manual con' in: <matplotlib>"
BigCodeBench,BigCodeBench/260,python,True,100.0,True,True,True,119,119,119,119,,
BigCodeBench,BigCodeBench/260,kern_compact,True,100.0,True,True,True,119,87,119,87,,
BigCodeBench,BigCodeBench/260,python_minifier,True,100.0,True,True,False,119,93,119,93,,
BigCodeBench,BigCodeBench/260,sigil,True,83.33333333333334,False,False,,119,134,119,134,decode,"ValueError: Parse errors in Sigil source:
line 1, col 1: unexpected token ""<json>\n<os>\n<glob>\nKEY:'mynewkey'\nVALUE:"" in: <json>"
BigCodeBench,BigCodeBench/261,python,True,100.0,True,True,True,101,101,103,103,,
BigCodeBench,BigCodeBench/261,kern_compact,True,100.0,True,True,True,101,83,103,85,,
BigCodeBench,BigCodeBench/261,python_minifier,True,100.0,True,True,False,101,88,103,90,,
BigCodeBench,BigCodeBench/261,sigil,True,66.66666666666666,False,False,,101,113,103,116,decode,"ValueError: Parse errors in Sigil source:
line 1, col 1: unexpected token '<matplotlib.pyplot>\n<numpy>\n;; TODO: man' in: <matplotlib.pyplot>"
BigCodeBench,BigCodeBench/262,python,True,100.0,True,True,True,108,108,109,109,,
BigCodeBench,BigCodeBench/262,kern_compact,True,100.0,True,True,True,108,71,109,71,,
BigCodeBench,BigCodeBench/262,python_minifier,True,100.0,True,True,False,108,77,109,77,,
BigCodeBench,BigCodeBench/262,sigil,True,100.0,False,False,,108,72,109,73,decode,"ValueError: Parse errors in Sigil source:
line 4, col 53: unexpected token '.Counter di.values() ax:sns.barplot y:li' in: @tf di ne ne2 = di[ne]:ne2 values_counts:collections.Counter di.values() ax:sns.barplot y:list values_counts.keys() x:list values_counts.values() plt.title 'Distribution of Dictionary Values' plt.xl…"
BigCodeBench,BigCodeBench/263,python,True,100.0,True,True,True,140,140,143,143,,
BigCodeBench,BigCodeBench/263,kern_compact,True,100.0,True,True,True,140,105,143,107,,
BigCodeBench,BigCodeBench/263,python_minifier,True,100.0,True,True,False,140,110,143,112,,
BigCodeBench,BigCodeBench/263,sigil,True,83.33333333333334,False,False,,140,154,143,156,decode,"ValueError: Parse errors in Sigil source:
line 1, col 1: unexpected token '<os>\n<glob>\n<shutil>\n<time>\nFILE_EXTENSI' in: <os>"
BigCodeBench,BigCodeBench/264,python,True,100.0,True,True,True,158,158,160,160,,
BigCodeBench,BigCodeBench/264,kern_compact,True,100.0,True,True,True,158,95,160,100,,
BigCodeBench,BigCodeBench/264,python_minifier,True,100.0,True,True,False,158,106,160,110,,
BigCodeBench,BigCodeBench/264,sigil,True,75.0,False,False,,158,136,160,139,decode,"ValueError: Parse errors in Sigil source:
line 1, col 1: unexpected token '<numpy>\n<matplotlib.pyplot>\n<pandas>\n;;' in: <numpy>"
BigCodeBench,BigCodeBench/265,python,True,100.0,True,True,True,138,138,138,138,,
BigCodeBench,BigCodeBench/265,kern_compact,True,100.0,True,True,True,138,66,138,67,,
BigCodeBench,BigCodeBench/265,python_minifier,True,100.0,True,True,False,138,72,138,72,,
BigCodeBench,BigCodeBench/265,sigil,True,100.0,False,False,,138,72,138,72,decode,"ValueError: Parse errors in Sigil source:
line 4, col 39: unexpected token "".Counter da.values() json_data:{'data':d"" in: @tf da js = da['a']:1 freq:collections.Counter da.values() json_data:{'data':da, 'freq':dict freq} json_file_path:os.path.join os.getcwd() js open json_file_path 'w' |~ json_file -> json.dump json_d…"
BigCodeBench,BigCodeBench/266,python,True,100.0,True,True,True,145,145,147,147,,
BigCodeBench,BigCodeBench/266,kern_compact,True,100.0,True,True,True,145,110,147,112,,
BigCodeBench,BigCodeBench/266,python_minifier,True,100.0,True,True,False,145,118,147,118,,
BigCodeBench,BigCodeBench/266,sigil,True,83.33333333333334,False,False,,145,160,147,162,decode,"ValueError: Parse errors in Sigil source:
line 1, col 1: unexpected token '<os>\n<os.path>\n<csv>\n<collections>\nFILE_' in: <os>"
BigCodeBench,BigCodeBench/267,python,True,100.0,True,True,True,191,191,192,192,,
BigCodeBench,BigCodeBench/267,kern_compact,True,100.0,True,True,True,191,119,192,121,,
BigCodeBench,BigCodeBench/267,python_minifier,True,100.0,True,True,False,191,120,192,122,,
BigCodeBench,BigCodeBench/267,sigil,True,100.0,False,False,,191,109,192,110,decode,"ValueError: Parse errors in Sigil source:
line 4, col 32: unexpected token '.array list da.values() time:np.linspace' in: @tf da sa = da['a']:1 signal:np.array list da.values() time:np.linspace 0 2 2*sa False signal:np.sin np.outer time signal*np.pi fft:fftpack.fft signal (fig ax):plt.subplots figsize:(12 6) ax.plot np…"
BigCodeBench,BigCodeBench/268,python,True,100.0,True,True,True,100,100,100,100,,
BigCodeBench,BigCodeBench/268,kern_compact,True,100.0,True,True,True,100,77,100,78,,
BigCodeBench,BigCodeBench/268,python_minifier,True,100.0,True,True,False,100,77,100,78,,
BigCodeBench,BigCodeBench/268,sigil,True,100.0,False,False,,100,84,100,84,decode,"ValueError: Parse errors in Sigil source:
line 1, col 1: unexpected token ""<collections>\n<random>\nLETTERS:['a' 'b'"" in: <collections>"
BigCodeBench,BigCodeBench/269,python,True,100.0,True,True,True,236,236,239,239,,
BigCodeBench,BigCodeBench/269,kern_compact,True,100.0,True,True,True,236,149,239,152,,
BigCodeBench,BigCodeBench/269,python_minifier,True,100.0,True,True,False,236,152,239,155,,
BigCodeBench,BigCodeBench/269,sigil,True,100.0,False,False,,236,151,239,156,decode,"ValueError: Parse errors in Sigil source:
line 5, col 57: unexpected token '.array list da.values() mean:round np.me' in: @tf da = SCALER_RANGE:(0 1) da.update dict a:1 values:np.array list da.values() mean:round np.mean values 2 median:np.median values (mode_value _):stats.mode values scaler:MinMaxScaler feature_range…"
BigCodeBench,BigCodeBench/270,python,True,100.0,True,True,True,36,36,36,36,,
BigCodeBench,BigCodeBench/270,kern_compact,True,100.0,True,True,True,36,31,36,31,,
BigCodeBench,BigCodeBench/270,python_minifier,True,100.0,True,True,False,36,32,36,32,,
BigCodeBench,BigCodeBench/270,sigil,True,100.0,True,True,False,36,27,36,27,,
BigCodeBench,BigCodeBench/271,python,True,100.0,True,True,True,157,157,161,161,,
BigCodeBench,BigCodeBench/271,kern_compact,True,100.0,True,True,False,157,88,161,91,ast,normalized AST differs
BigCodeBench,BigCodeBench/271,python_minifier,True,100.0,True,True,False,157,86,161,89,,
BigCodeBench,BigCodeBench/271,sigil,True,80.0,False,False,,157,129,161,132,decode,"ValueError: Parse errors in Sigil source:
line 1, col 1: unexpected token '<random>\n<string>\n<hashlib>\n<time>\n;; TO' in: <random>"
BigCodeBench,BigCodeBench/272,python,True,100.0,True,True,True,287,287,291,291,,
BigCodeBench,BigCodeBench/272,kern_compact,True,100.0,True,True,True,287,184,291,184,,
BigCodeBench,BigCodeBench/272,python_minifier,True,100.0,True,True,False,287,200,291,200,,
BigCodeBench,BigCodeBench/272,sigil,True,75.0,False,False,,287,278,291,281,decode,"ValueError: Parse errors in Sigil source:
line 1, col 1: unexpected token '<cgi>\n<http.server>\n<json>\n;; TODO: manu' in: <cgi>"
BigCodeBench,BigCodeBench/273,python,True,100.0,True,True,True,235,235,239,239,,
BigCodeBench,BigCodeBench/273,kern_compact,True,100.0,True,True,True,235,177,239,177,,
BigCodeBench,BigCodeBench/273,python_minifier,True,100.0,True,True,False,235,202,239,202,,
BigCodeBench,BigCodeBench/273,sigil,True,83.33333333333334,False,False,,235,258,239,261,decode,"ValueError: Parse errors in Sigil source:
line 1, col 1: unexpected token '<cgi>\n<http.server>\n<json>\nSUCCESS_RESPO' in: <cgi>"
BigCodeBench,BigCodeBench/274,python,True,100.0,True,True,True,318,318,325,325,,
BigCodeBench,BigCodeBench/274,kern_compact,True,100.0,True,True,True,318,253,325,255,,
BigCodeBench,BigCodeBench/274,python_minifier,True,100.0,True,True,False,318,270,325,273,,
BigCodeBench,BigCodeBench/274,sigil,True,83.33333333333334,False,False,,318,363,325,368,decode,"ValueError: Parse errors in Sigil source:
line 1, col 1: unexpected token '<cgi>\n<http.server>\n<smtplib>\n<email.mim' in: <cgi>"
BigCodeBench,BigCodeBench/275,python,True,100.0,True,True,True,60,60,61,61,,
BigCodeBench,BigCodeBench/275,kern_compact,True,100.0,True,True,True,60,45,61,46,,
BigCodeBench,BigCodeBench/275,python_minifier,True,100.0,True,True,False,60,49,61,50,,
BigCodeBench,BigCodeBench/275,sigil,True,66.66666666666666,False,False,,60,72,61,73,decode,"ValueError: Parse errors in Sigil source:
line 1, col 1: unexpected token '<numpy>\n<itertools.combinations>\n;; TODO' in: <numpy>"
BigCodeBench,BigCodeBench/276,python,True,100.0,True,True,True,152,152,151,151,,
BigCodeBench,BigCodeBench/276,kern_compact,True,100.0,True,True,True,152,108,151,112,,
BigCodeBench,BigCodeBench/276,python_minifier,True,100.0,True,True,False,152,110,151,114,,
BigCodeBench,BigCodeBench/276,sigil,True,100.0,False,False,,152,118,151,118,decode,"ValueError: Parse errors in Sigil source:
line 4, col 52: unexpected token ':plt.subplots() ax.hist max_values bins:' in: @tf ma = max_values:[row <- ma => max row] (fig ax):plt.subplots() ax.hist max_values bins:10 density:True alpha:0.6 color:'g' (xmin xmax):plt.xlim() x:np.linspace xmin xmax 100 p:stats.norm.pdf x n…"
BigCodeBench,BigCodeBench/277,python,True,100.0,True,True,True,93,93,93,93,,
BigCodeBench,BigCodeBench/277,kern_compact,True,100.0,True,True,True,93,77,93,78,,
BigCodeBench,BigCodeBench/277,python_minifier,True,100.0,True,True,False,93,79,93,81,,
BigCodeBench,BigCodeBench/277,sigil,True,100.0,False,False,,93,79,93,79,decode,"ValueError: Parse errors in Sigil source:
line 4, col 133: unexpected token '->math.hypot pair[0][0]-pair[1][0] pair[' in: @tf n = n<2 ? None : None points:[i <- range n => (random.random() random.random())] closest_pair:min combinations points 2 key:pair->math.hypot pair[0][0]-pair[1][0] pair[0][1]-pair[1][1] closest_…"
BigCodeBench,BigCodeBench/278,python,True,100.0,True,True,True,133,133,133,133,,
BigCodeBench,BigCodeBench/278,kern_compact,True,100.0,True,True,True,133,106,133,107,,
BigCodeBench,BigCodeBench/278,python_minifier,True,100.0,True,True,False,133,110,133,113,,
BigCodeBench,BigCodeBench/278,sigil,True,100.0,False,False,,133,91,133,90,decode,"ValueError: Parse errors in Sigil source:
line 4, col 35: unexpected token '.random.uniform -10 10 b:np.random.unifo' in: @tf pr se = np.random.seed se a:np.random.uniform -10 10 b:np.random.uniform -10 10 c:np.random.uniform -10 10 x:symbols 'x' equation:a*x**2+b*x+c solutions:solve equation x solutions:[solution <- s…"
BigCodeBench,BigCodeBench/279,python,True,100.0,True,True,True,107,107,107,107,,
BigCodeBench,BigCodeBench/279,kern_compact,True,100.0,True,True,True,107,73,107,73,,
BigCodeBench,BigCodeBench/279,python_minifier,True,100.0,True,True,False,107,76,107,76,,
BigCodeBench,BigCodeBench/279,sigil,True,75.0,False,False,,107,119,107,119,decode,"ValueError: Parse errors in Sigil source:
line 1, col 1: unexpected token ""<random>\n<collections.Counter>\nCARDS:['2"" in: <random>"
BigCodeBench,BigCodeBench/280,python,True,100.0,True,True,True,139,139,140,140,,
BigCodeBench,BigCodeBench/280,kern_compact,True,100.0,True,True,True,139,101,140,104,,
BigCodeBench,BigCodeBench/280,python_minifier,True,100.0,True,True,False,139,106,140,109,,
BigCodeBench,BigCodeBench/280,sigil,True,100.0,False,False,,139,99,140,102,decode,"ValueError: Parse errors in Sigil source:
line 4, col 89: unexpected token '.round transformed_signal pr.tolist() (f' in: @tf si pr se = np.random.seed se transformed_signal:fft si transformed_signal_rounded:np.round transformed_signal pr.tolist() (fig ax):plt.subplots 2 1 ax[0].plot si ax[0].set_title 'Original Signal…"
BigCodeBench,BigCodeBench/281,python,True,100.0,True,True,True,118,118,118,118,,
BigCodeBench,BigCodeBench/281,kern_compact,True,100.0,True,True,True,118,101,118,101,,
BigCodeBench,BigCodeBench/281,python_minifier,True,100.0,True,True,False,118,103,118,104,,
BigCodeBench,BigCodeBench/281,sigil,True,75.0,False,False,,118,137,118,137,decode,"ValueError: Parse errors in Sigil source:
line 1, col 1: unexpected token '<re>\n<os>\n<collections.Counter>\n;; TODO:' in: <re>"
BigCodeBench,BigCodeBench/282,python,True,100.0,True,True,True,164,164,169,169,,
BigCodeBench,BigCodeBench/282,kern_compact,True,100.0,True,True,True,164,130,169,137,,
BigCodeBench,BigCodeBench/282,python_minifier,True,100.0,True,True,False,164,133,169,140,,
BigCodeBench,BigCodeBench/282,sigil,True,83.33333333333334,False,False,,164,174,169,179,decode,"ValueError: Parse errors in Sigil source:
line 1, col 1: unexpected token '<matplotlib.pyplot>\n<mpl_toolkits.mplot3' in: <matplotlib.pyplot>"
BigCodeBench,BigCodeBench/283,python,True,100.0,True,True,True,102,102,102,102,,
BigCodeBench,BigCodeBench/283,kern_compact,True,100.0,True,True,True,102,80,102,80,,
BigCodeBench,BigCodeBench/283,python_minifier,True,100.0,True,True,False,102,84,102,84,,
BigCodeBench,BigCodeBench/283,sigil,True,75.0,False,False,,102,118,102,118,decode,"ValueError: Parse errors in Sigil source:
line 1, col 1: unexpected token '<os>\n<json>\n<collections.Counter>\n;; TOD' in: <os>"
BigCodeBench,BigCodeBench/284,python,True,100.0,True,True,True,75,75,77,77,,
BigCodeBench,BigCodeBench/284,kern_compact,True,100.0,True,True,True,75,64,77,64,,
BigCodeBench,BigCodeBench/284,python_minifier,True,100.0,True,True,False,75,68,77,69,,
BigCodeBench,BigCodeBench/284,sigil,True,100.0,False,False,,75,69,77,67,decode,"ValueError: Parse errors in Sigil source:
line 4, col 44: unexpected token '.open ur soup:BeautifulSoup response.rea' in: @tf ur = br:mechanize.Browser() response:br.open ur soup:BeautifulSoup response.read() 'html.parser' links:[a <- soup.find_all 'a' href:True => urljoin ur a['href']] links"
BigCodeBench,BigCodeBench/285,python,True,100.0,True,True,True,91,91,94,94,,
BigCodeBench,BigCodeBench/285,kern_compact,True,100.0,True,True,True,91,75,94,76,,
BigCodeBench,BigCodeBench/285,python_minifier,True,100.0,True,True,False,91,79,94,80,,
BigCodeBench,BigCodeBench/285,sigil,True,66.66666666666666,False,False,,91,110,94,112,decode,"ValueError: Parse errors in Sigil source:
line 1, col 1: unexpected token '<mechanize>\n<bs4.BeautifulSoup>\n;; TODO:' in: <mechanize>"
BigCodeBench,BigCodeBench/286,python,True,100.0,True,True,True,167,167,167,167,,
BigCodeBench,BigCodeBench/286,kern_compact,True,100.0,True,True,True,167,122,167,122,,
BigCodeBench,BigCodeBench/286,python_minifier,True,100.0,True,True,False,167,131,167,131,,
BigCodeBench,BigCodeBench/286,sigil,True,80.0,False,False,,167,188,167,188,decode,"ValueError: Parse errors in Sigil source:
line 1, col 1: unexpected token '<collections.Counter>\n<os>\n<csv>\nFILE_DI' in: <collections.Counter>"
BigCodeBench,BigCodeBench/287,python,True,100.0,True,True,True,123,123,123,123,,
BigCodeBench,BigCodeBench/287,kern_compact,True,100.0,True,True,True,123,88,123,88,,
BigCodeBench,BigCodeBench/287,python_minifier,True,100.0,True,True,False,123,95,123,95,,
BigCodeBench,BigCodeBench/287,sigil,True,75.0,False,False,,123,142,123,142,decode,"ValueError: Parse errors in Sigil source:
line 1, col 1: unexpected token '<collections.Counter>\n<os>\n<json>\n;; TOD' in: <collections.Counter>"
BigCodeBench,BigCodeBench/288,python,True,100.0,True,True,True,100,100,100,100,,
BigCodeBench,BigCodeBench/288,kern_compact,True,100.0,True,True,True,100,70,100,70,,
BigCodeBench,BigCodeBench/288,python_minifier,True,100.0,True,True,False,100,78,100,78,,
BigCodeBench,BigCodeBench/288,sigil,True,75.0,False,False,,100,117,100,117,decode,"ValueError: Parse errors in Sigil source:
line 1, col 1: unexpected token '<collections>\n<json>\n<os>\n;; TODO: manua' in: <collections>"
BigCodeBench,BigCodeBench/289,python,True,100.0,True,True,True,202,202,211,211,,
BigCodeBench,BigCodeBench/289,kern_compact,True,100.0,True,True,True,202,150,211,155,,
BigCodeBench,BigCodeBench/289,python_minifier,True,100.0,True,True,False,202,156,211,164,,
BigCodeBench,BigCodeBench/289,sigil,True,75.0,False,False,,202,218,211,228,decode,"ValueError: Parse errors in Sigil source:
line 1, col 1: unexpected token '<tensorflow>\n<sklearn.model_selection.KF' in: <tensorflow>"
BigCodeBench,BigCodeBench/290,python,True,100.0,True,True,True,124,124,125,125,,
BigCodeBench,BigCodeBench/290,kern_compact,True,100.0,True,True,True,124,102,125,103,,
BigCodeBench,BigCodeBench/290,python_minifier,True,100.0,True,True,False,124,107,125,108,,
BigCodeBench,BigCodeBench/290,sigil,True,85.71428571428571,False,False,,124,134,125,135,decode,"ValueError: Parse errors in Sigil source:
line 1, col 1: unexpected token ""<nltk>\nnltk.download 'stopwords'\n<collec"" in: <nltk>"
BigCodeBench,BigCodeBench/291,python,True,100.0,True,True,True,108,108,110,110,,
BigCodeBench,BigCodeBench/291,kern_compact,True,100.0,True,True,True,108,63,110,64,,
BigCodeBench,BigCodeBench/291,python_minifier,True,100.0,True,True,False,108,65,110,65,,
BigCodeBench,BigCodeBench/291,sigil,True,100.0,False,False,,108,55,110,57,decode,"ValueError: Parse errors in Sigil source:
line 4, col 44: unexpected token '.random.normal mu si 1000 mappable:sns.k' in: @tf mu si se = np.random.seed se samples:np.random.normal mu si 1000 mappable:sns.kdeplot samples fill:True plt.colorbar mappable:mappable.collections[0] mappable"
BigCodeBench,BigCodeBench/292,python,True,100.0,True,True,True,140,140,142,142,,
BigCodeBench,BigCodeBench/292,kern_compact,True,100.0,True,True,True,140,85,142,88,,
BigCodeBench,BigCodeBench/292,python_minifier,True,100.0,True,True,False,140,88,142,91,,
BigCodeBench,BigCodeBench/292,sigil,True,100.0,False,False,,140,86,142,89,decode,"ValueError: Parse errors in Sigil source:
line 4, col 63: unexpected token "".groupby 'id'.apply x->pd.DataFrame scal"" in: @tf df = scaler:MinMaxScaler feature_range:(0 1) df_grouped:df.groupby 'id'.apply x->pd.DataFrame scaler.fit_transform x[['age' 'income']] columns:['age' 'income'] index:x.index (hist bins):np.histo…"
BigCodeBench,BigCodeBench/293,python,True,100.0,True,True,True,96,96,97,97,,
BigCodeBench,BigCodeBench/293,kern_compact,True,100.0,True,True,True,96,72,97,75,,
BigCodeBench,BigCodeBench/293,python_minifier,True,100.0,True,True,False,96,74,97,77,,
BigCodeBench,BigCodeBench/293,sigil,True,100.0,False,False,,96,68,97,71,decode,"ValueError: Parse errors in Sigil source:
line 4, col 120: unexpected token '.hist sums bins:np.arange min sums max s' in: @tf el su = combinations:list itertools.combinations el su sums:[combination <- combinations => sum combination] ax:plt.hist sums bins:np.arange min sums max sums+2-0.5 rwidth:0.8 align:'left' (plt…"
BigCodeBench,BigCodeBench/294,python,True,100.0,True,True,True,78,78,80,80,,
BigCodeBench,BigCodeBench/294,kern_compact,True,100.0,True,True,True,78,65,80,67,,
BigCodeBench,BigCodeBench/294,python_minifier,True,100.0,True,True,False,78,68,80,70,,
BigCodeBench,BigCodeBench/294,sigil,True,66.66666666666666,False,False,,78,90,80,92,decode,"ValueError: Parse errors in Sigil source:
line 1, col 1: unexpected token '<pandas>\n<sklearn.preprocessing.Standard' in: <pandas>"
BigCodeBench,BigCodeBench/295,python,True,100.0,True,True,True,81,81,82,82,,
BigCodeBench,BigCodeBench/295,kern_compact,True,100.0,True,True,True,81,52,82,53,,
BigCodeBench,BigCodeBench/295,python_minifier,True,100.0,True,True,False,81,54,82,55,,
BigCodeBench,BigCodeBench/295,sigil,True,100.0,False,False,,81,49,82,51,decode,"ValueError: Parse errors in Sigil source:
line 3, col 114: unexpected token ""{'mean':statistics.mean sums, 'median':s"" in: @tf el su = combinations:list itertools.combinations el su sums:[combination <- combinations => sum combination] {'mean':statistics.mean sums, 'median':statistics.median sums, 'mode':statistics.mod…"
BigCodeBench,BigCodeBench/296,python,True,100.0,True,True,True,86,86,90,90,,
BigCodeBench,BigCodeBench/296,kern_compact,True,100.0,True,True,True,86,70,90,76,,
BigCodeBench,BigCodeBench/296,python_minifier,True,100.0,True,True,False,86,70,90,76,,
BigCodeBench,BigCodeBench/296,sigil,True,66.66666666666666,False,False,,86,97,90,102,decode,"ValueError: Parse errors in Sigil source:
line 1, col 1: unexpected token '<pandas>\n<matplotlib.pyplot>\n;; TODO: ma' in: <pandas>"
BigCodeBench,BigCodeBench/297,python,True,100.0,True,True,True,47,47,47,47,,
BigCodeBench,BigCodeBench/297,kern_compact,True,100.0,True,True,True,47,37,47,37,,
BigCodeBench,BigCodeBench/297,python_minifier,True,100.0,True,True,False,47,39,47,39,,
BigCodeBench,BigCodeBench/297,sigil,True,100.0,True,True,False,47,31,47,32,,
BigCodeBench,BigCodeBench/298,python,True,100.0,True,True,True,152,152,153,153,,
BigCodeBench,BigCodeBench/298,kern_compact,True,100.0,True,True,True,152,128,153,128,,
BigCodeBench,BigCodeBench/298,python_minifier,True,100.0,True,True,False,152,138,153,138,,
BigCodeBench,BigCodeBench/298,sigil,True,100.0,False,False,,152,130,153,131,decode,"ValueError: Parse errors in Sigil source:
line 1, col 1: unexpected token '<pandas>\n<sklearn.preprocessing.Standard' in: <pandas>"
BigCodeBench,BigCodeBench/299,python,True,100.0,True,True,True,119,119,120,120,,
BigCodeBench,BigCodeBench/299,kern_compact,True,100.0,True,True,True,119,87,120,90,,
BigCodeBench,BigCodeBench/299,python_minifier,True,100.0,True,True,False,119,95,120,97,,
BigCodeBench,BigCodeBench/299,sigil,True,100.0,False,False,,119,83,120,84,decode,"ValueError: Parse errors in Sigil source:
line 4, col 34: unexpected token '? (1 []) : None combinations:list iterto' in: @tf el su to = su>len el | su<=0 ? (1 []) : None combinations:list itertools.combinations el su sums:[combination <- combinations len combination!=0 & => sum combination] product:math.prod sums top_…"
BigCodeBench,BigCodeBench/300,python,True,100.0,True,True,True,136,136,136,136,,
BigCodeBench,BigCodeBench/300,kern_compact,True,100.0,True,True,True,136,118,136,118,,
BigCodeBench,BigCodeBench/300,python_minifier,True,100.0,True,True,False,136,120,136,121,,
BigCodeBench,BigCodeBench/300,sigil,True,100.0,False,False,,136,119,136,120,decode,"ValueError: Parse errors in Sigil source:
line 4, col 52: unexpected token "".concat [df['Date'] df['Value'].apply pd"" in: @tf df = df['Date']:pd.to_datetime df['Date'] df:pd.concat [df['Date'] df['Value'].apply pd.Series] axis:1 df.iloc[(: 1:)]:df.iloc[(: 1:)].apply zscore fig:plt.figure() ax:fig.add_subplot 111 df.set…"
BigCodeBench,BigCodeBench/301,python,True,100.0,True,True,True,182,182,185,185,,
BigCodeBench,BigCodeBench/301,kern_compact,True,100.0,True,True,True,182,137,185,139,,
BigCodeBench,BigCodeBench/301,python_minifier,True,100.0,True,True,False,182,142,185,144,,
BigCodeBench,BigCodeBench/301,sigil,True,100.0,False,False,,182,135,185,139,decode,"ValueError: Parse errors in Sigil source:
line 1, col 1: unexpected token '<pytz>\n<numpy>\n<dateutil.parser.parse>\n<' in: <pytz>"
BigCodeBench,BigCodeBench/302,python,True,100.0,True,True,True,167,167,172,172,,
BigCodeBench,BigCodeBench/302,kern_compact,True,100.0,True,True,True,167,133,172,135,,
BigCodeBench,BigCodeBench/302,python_minifier,True,100.0,True,True,False,167,147,172,149,,
BigCodeBench,BigCodeBench/302,sigil,True,80.0,False,False,,167,178,172,183,decode,"ValueError: Parse errors in Sigil source:
line 1, col 1: unexpected token '<pandas>\n<matplotlib.pyplot>\n<seaborn>\nC' in: <pandas>"
BigCodeBench,BigCodeBench/303,python,True,100.0,True,True,True,192,192,194,194,,
BigCodeBench,BigCodeBench/303,kern_compact,True,100.0,True,True,True,192,145,194,146,,
BigCodeBench,BigCodeBench/303,python_minifier,True,100.0,True,True,False,192,150,194,151,,
BigCodeBench,BigCodeBench/303,sigil,True,100.0,False,False,,192,143,194,145,decode,"ValueError: Parse errors in Sigil source:
line 1, col 1: unexpected token '<pytz>\n<numpy>\n<dateutil.parser.parse>\n<' in: <pytz>"
BigCodeBench,BigCodeBench/304,python,True,100.0,True,True,True,186,186,194,194,,
BigCodeBench,BigCodeBench/304,kern_compact,True,100.0,True,True,True,186,127,194,130,,
BigCodeBench,BigCodeBench/304,python_minifier,True,100.0,True,True,False,186,133,194,136,,
BigCodeBench,BigCodeBench/304,sigil,True,100.0,False,False,,186,138,194,147,decode,"ValueError: Parse errors in Sigil source:
line 4, col 44: unexpected token "":pd.to_datetime df['Date'] df:pd.concat"" in: @tf df = df.empty ? (0 0) : None df['Date']:pd.to_datetime df['Date'] df:pd.concat [df['Date'] df['Value'].apply pd.Series] axis:1 pca:PCA() pca.fit df.iloc[(: 1:)] explained_variance_ratio:pca.expla…"
BigCodeBench,BigCodeBench/305,python,True,100.0,True,True,True,93,93,92,92,,
BigCodeBench,BigCodeBench/305,kern_compact,True,100.0,True,True,True,93,65,92,63,,
BigCodeBench,BigCodeBench/305,python_minifier,True,100.0,True,True,False,93,74,92,72,,
BigCodeBench,BigCodeBench/305,sigil,True,80.0,False,False,,93,103,92,102,decode,"ValueError: Parse errors in Sigil source:
line 1, col 1: unexpected token '<collections.Counter>\n<itertools>\n<rando' in: <collections.Counter>"
BigCodeBench,BigCodeBench/306,python,True,100.0,True,True,True,197,197,204,204,,
BigCodeBench,BigCodeBench/306,kern_compact,True,100.0,True,True,True,197,137,204,143,,
BigCodeBench,BigCodeBench/306,python_minifier,True,100.0,True,True,False,197,142,204,148,,
BigCodeBench,BigCodeBench/306,sigil,True,66.66666666666666,False,False,,197,194,204,201,decode,"ValueError: Parse errors in Sigil source:
line 1, col 1: unexpected token '<os>\n<logging>\n;; TODO: manual conversio' in: <os>"
BigCodeBench,BigCodeBench/307,python,True,100.0,True,True,True,97,97,98,98,,
BigCodeBench,BigCodeBench/307,kern_compact,True,100.0,True,True,True,97,68,98,70,,
BigCodeBench,BigCodeBench/307,python_minifier,True,100.0,True,True,False,97,75,98,77,,
BigCodeBench,BigCodeBench/307,sigil,True,75.0,False,False,,97,106,98,107,decode,"ValueError: Parse errors in Sigil source:
line 1, col 1: unexpected token '<seaborn>\n<matplotlib.pyplot>\n<random>\n;' in: <seaborn>"
BigCodeBench,BigCodeBench/308,python,True,100.0,True,True,True,197,197,199,199,,
BigCodeBench,BigCodeBench/308,kern_compact,True,100.0,True,True,True,197,115,199,117,,
BigCodeBench,BigCodeBench/308,python_minifier,True,100.0,True,True,False,197,117,199,119,,
BigCodeBench,BigCodeBench/308,sigil,True,100.0,False,False,,197,118,199,119,decode,"ValueError: Parse errors in Sigil source:
line 1, col 1: unexpected token '<pandas>\n<statistics.mean>\n<random>\nFIEL' in: <pandas>"
BigCodeBench,BigCodeBench/309,python,True,100.0,True,True,True,159,159,159,159,,
BigCodeBench,BigCodeBench/309,kern_compact,True,100.0,True,True,True,159,100,159,102,,
BigCodeBench,BigCodeBench/309,python_minifier,True,100.0,True,True,False,159,104,159,105,,
BigCodeBench,BigCodeBench/309,sigil,True,75.0,False,False,,159,153,159,153,decode,"ValueError: Parse errors in Sigil source:
line 1, col 1: unexpected token '<numpy>\n<random>\n<sklearn.preprocessing.' in: <numpy>"
BigCodeBench,BigCodeBench/310,python,True,100.0,True,True,True,190,190,191,191,,
BigCodeBench,BigCodeBench/310,kern_compact,True,100.0,True,True,True,190,150,191,152,,
BigCodeBench,BigCodeBench/310,python_minifier,True,100.0,True,True,False,190,155,191,157,,
BigCodeBench,BigCodeBench/310,sigil,True,100.0,False,False,,190,145,191,144,decode,"ValueError: Parse errors in Sigil source:
line 1, col 1: unexpected token '<os>\n<csv>\n<random>\n<statistics.mean>\nCO' in: <os>"
BigCodeBench,BigCodeBench/311,python,True,100.0,True,True,True,109,109,110,110,,
BigCodeBench,BigCodeBench/311,kern_compact,True,100.0,True,True,True,109,84,110,85,,
BigCodeBench,BigCodeBench/311,python_minifier,True,100.0,True,True,False,109,86,110,87,,
BigCodeBench,BigCodeBench/311,sigil,True,75.0,False,False,,109,116,110,117,decode,"ValueError: Parse errors in Sigil source:
line 1, col 1: unexpected token '<numpy>\n<random>\n<scipy.stats>\n;; TODO:' in: <numpy>"
BigCodeBench,BigCodeBench/312,python,True,100.0,True,True,True,75,75,77,77,,
BigCodeBench,BigCodeBench/312,kern_compact,True,100.0,True,True,True,75,59,77,64,,
BigCodeBench,BigCodeBench/312,python_minifier,True,100.0,True,True,False,75,62,77,67,,
BigCodeBench,BigCodeBench/312,sigil,True,100.0,False,False,,75,55,77,58,decode,"ValueError: Parse errors in Sigil source:
line 1, col 1: unexpected token '<random>\n<matplotlib.pyplot>\nDISTRIBUTIO' in: <random>"
BigCodeBench,BigCodeBench/313,python,True,100.0,True,True,True,200,200,203,203,,
BigCodeBench,BigCodeBench/313,kern_compact,True,100.0,True,True,True,200,153,203,156,,
BigCodeBench,BigCodeBench/313,python_minifier,True,100.0,True,True,False,200,165,203,169,,
BigCodeBench,BigCodeBench/313,sigil,True,80.0,False,False,,200,227,203,230,decode,"ValueError: Parse errors in Sigil source:
line 1, col 1: unexpected token '<re>\n<os>\n<shutil>\n<datetime.datetime>\n;' in: <re>"
BigCodeBench,BigCodeBench/314,python,True,100.0,True,True,True,102,102,102,102,,
BigCodeBench,BigCodeBench/314,kern_compact,True,100.0,True,True,True,102,87,102,86,,
BigCodeBench,BigCodeBench/314,python_minifier,True,100.0,True,True,False,102,90,102,89,,
BigCodeBench,BigCodeBench/314,sigil,True,100.0,False,False,,102,78,102,78,decode,"ValueError: Parse errors in Sigil source:
line 4, col 159: unexpected token ':http.client.HTTPSConnection SE SE2 cont' in: @tf SE SE2 pa = context:ssl.create_default_context() socket.create_connection (SE SE2) |~ sock -> context.wrap_socket sock server_hostname:SE |~ ssock -> conn:http.client.HTTPSConnection SE SE2 con…"
BigCodeBench,BigCodeBench/315,python,True,100.0,True,True,True,202,202,206,206,,
BigCodeBench,BigCodeBench/315,kern_compact,True,100.0,True,True,True,202,165,206,168,,
BigCodeBench,BigCodeBench/315,python_minifier,True,100.0,True,True,False,202,158,206,163,,
BigCodeBench,BigCodeBench/315,sigil,True,80.0,False,False,,202,205,206,209,decode,"ValueError: Parse errors in Sigil source:
line 1, col 1: unexpected token '<os>\n<sendgrid.SendGridAPIClient>\n<sendg' in: <os>"
BigCodeBench,BigCodeBench/316,python,True,100.0,True,True,True,79,79,80,80,,
BigCodeBench,BigCodeBench/316,kern_compact,True,100.0,True,True,True,79,57,80,58,,
BigCodeBench,BigCodeBench/316,python_minifier,True,100.0,True,True,False,79,61,80,62,,
BigCodeBench,BigCodeBench/316,sigil,True,100.0,False,False,,79,59,80,60,decode,"ValueError: Parse errors in Sigil source:
line 1, col 1: unexpected token ""<pandas>\n<random>\nCATEGORIES:['A' 'B' 'C"" in: <pandas>"
BigCodeBench,BigCodeBench/317,python,True,100.0,True,True,True,114,114,119,119,,
BigCodeBench,BigCodeBench/317,kern_compact,True,100.0,True,True,True,114,80,119,84,,
BigCodeBench,BigCodeBench/317,python_minifier,True,100.0,True,True,False,114,81,119,86,,
BigCodeBench,BigCodeBench/317,sigil,True,100.0,False,False,,114,95,119,100,decode,"ValueError: Parse errors in Sigil source:
line 4, col 37: unexpected token "".sub pattern '' ex !text.strip() ? {} :"" in: @tf ex = pattern:'\\[.*?\\]' text:re.sub pattern '' ex !text.strip() ? {} : None tfidf_vectorizer:TfidfVectorizer() tfidf_matrix:tfidf_vectorizer.fit_transform [text] feature_names:tfidf_vectorizer.g…"
BigCodeBench,BigCodeBench/318,python,True,100.0,True,True,True,108,108,109,109,,
BigCodeBench,BigCodeBench/318,kern_compact,True,100.0,True,True,True,108,91,109,99,,
BigCodeBench,BigCodeBench/318,python_minifier,True,100.0,True,True,False,108,96,109,104,,
BigCodeBench,BigCodeBench/318,sigil,True,100.0,False,False,,108,80,109,86,decode,"ValueError: Parse errors in Sigil source:
line 4, col 177: unexpected token ':plt.subplots() ax.scatter *zip *points' in: @tf po ra = points:[_ <- range po => (ra*math.sqrt random.random()*math.cos 2*math.pi*random.random() ra*math.sqrt random.random()*math.sin 2*math.pi*random.random())] (fig ax):plt.subplots() ax.sca…"
BigCodeBench,BigCodeBench/319,python,True,100.0,True,True,True,140,140,141,141,,
BigCodeBench,BigCodeBench/319,kern_compact,True,100.0,True,True,True,140,96,141,98,,
BigCodeBench,BigCodeBench/319,python_minifier,True,100.0,True,True,False,140,100,141,103,,
BigCodeBench,BigCodeBench/319,sigil,True,100.0,False,False,,140,92,141,95,decode,"ValueError: Parse errors in Sigil source:
line 4, col 68: unexpected token '.split() fdist:FreqDist words to>len fdi' in: @tf ex to = text:' '.join re.findall '(.*?)\\[.*?\\]' ex words:text.split() fdist:FreqDist words to>len fdist ? to:len fdist : None plt.figure() ax:fdist.plot to cumulative:False show:False plt.clos…"
BigCodeBench,BigCodeBench/320,python,True,100.0,True,True,True,91,91,91,91,,
BigCodeBench,BigCodeBench/320,kern_compact,True,100.0,True,True,True,91,53,91,54,,
BigCodeBench,BigCodeBench/320,python_minifier,True,100.0,True,True,False,91,54,91,54,,
BigCodeBench,BigCodeBench/320,sigil,True,100.0,False,False,,91,54,91,54,decode,"ValueError: Parse errors in Sigil source:
line 4, col 42: unexpected token '.choice fi file_path:os.path.join di fil' in: @tf di fi = !fi ? None : None file:random.choice fi file_path:os.path.join di file !{process:subprocess.Popen file_path process.wait() process.returncode}~>{None}"
BigCodeBench,BigCodeBench/321,python,True,100.0,True,True,True,215,215,209,209,,
BigCodeBench,BigCodeBench/321,kern_compact,True,100.0,True,True,True,215,116,209,116,,
BigCodeBench,BigCodeBench/321,python_minifier,True,100.0,True,True,False,215,124,209,127,,
BigCodeBench,BigCodeBench/321,sigil,True,100.0,False,False,,215,149,209,144,decode,"ValueError: Parse errors in Sigil source:
line 4, col 58: unexpected token ':[name <- names name.strip() & => name.s' in: @tf te = names:re.findall '(.*?)(?:\\[.*?\\]|$)' te names:[name <- names name.strip() & => name.strip()] name_freqs:pd.Series names.value_counts() !name_freqs.empty ? ax:name_freqs.plot kind:'bar' t…"
BigCodeBench,BigCodeBench/322,python,True,100.0,True,True,True,186,186,187,187,,
BigCodeBench,BigCodeBench/322,kern_compact,True,100.0,True,True,True,186,130,187,133,,
BigCodeBench,BigCodeBench/322,python_minifier,True,100.0,True,True,False,186,137,187,138,,
BigCodeBench,BigCodeBench/322,sigil,True,100.0,False,False,,186,132,187,133,decode,"ValueError: Parse errors in Sigil source:
line 1, col 1: unexpected token '<subprocess>\n<os>\n<shutil>\n<sys>\nDIRECTO' in: <subprocess>"
BigCodeBench,BigCodeBench/323,python,True,100.0,True,True,True,182,182,185,185,,
BigCodeBench,BigCodeBench/323,kern_compact,True,100.0,True,True,True,182,156,185,161,,
BigCodeBench,BigCodeBench/323,python_minifier,True,100.0,True,True,False,182,154,185,157,,
BigCodeBench,BigCodeBench/323,sigil,True,80.0,False,False,,182,203,185,207,decode,"ValueError: Parse errors in Sigil source:
line 1, col 1: unexpected token '<re>\n<numpy>\n<collections.Counter>\n<skle' in: <re>"
BigCodeBench,BigCodeBench/324,python,True,100.0,True,True,True,134,134,134,134,,
BigCodeBench,BigCodeBench/324,kern_compact,True,100.0,True,True,True,134,72,134,72,,
BigCodeBench,BigCodeBench/324,python_minifier,True,100.0,True,True,False,134,71,134,71,,
BigCodeBench,BigCodeBench/324,sigil,True,75.0,False,False,,134,124,134,124,decode,"ValueError: Parse errors in Sigil source:
line 1, col 1: unexpected token '<subprocess>\n<time>\n<threading>\n;; TODO:' in: <subprocess>"
BigCodeBench,BigCodeBench/325,python,True,100.0,True,True,True,125,125,125,125,,
BigCodeBench,BigCodeBench/325,kern_compact,True,100.0,True,True,True,125,85,125,85,,
BigCodeBench,BigCodeBench/325,python_minifier,True,100.0,True,True,False,125,86,125,87,,
BigCodeBench,BigCodeBench/325,sigil,True,80.0,False,False,,125,135,125,136,decode,"ValueError: Parse errors in Sigil source:
line 1, col 1: unexpected token '<re>\n<os>\n<pathlib.Path>\n<glob>\n;; TODO:' in: <re>"
BigCodeBench,BigCodeBench/326,python,True,100.0,True,True,True,123,123,123,123,,
BigCodeBench,BigCodeBench/326,kern_compact,True,100.0,True,True,True,123,96,123,96,,
BigCodeBench,BigCodeBench/326,python_minifier,True,100.0,True,True,False,123,99,123,99,,
BigCodeBench,BigCodeBench/326,sigil,True,80.0,False,False,,123,143,123,143,decode,"ValueError: Parse errors in Sigil source:
line 1, col 1: unexpected token '<subprocess>\n<os>\n<sys>\n<glob>\n;; TODO:' in: <subprocess>"
BigCodeBench,BigCodeBench/327,python,True,100.0,True,True,True,90,90,90,90,,
BigCodeBench,BigCodeBench/327,kern_compact,True,100.0,True,True,True,90,76,90,77,,
BigCodeBench,BigCodeBench/327,python_minifier,True,100.0,True,True,False,90,77,90,78,,
BigCodeBench,BigCodeBench/327,sigil,True,100.0,False,False,,90,55,90,55,decode,"ValueError: Parse errors in Sigil source:
line 4, col 42: unexpected token "":csv.reader file text:' '.join (row[0] f"" in: @tf fi re = open fi 'r' |~ file -> reader:csv.reader file text:' '.join (row[0] for row in reader) matches:re.findall re text counts:Counter matches dict counts"
BigCodeBench,BigCodeBench/328,python,True,100.0,True,True,True,165,165,169,169,,
BigCodeBench,BigCodeBench/328,kern_compact,True,100.0,True,True,True,165,102,169,106,,
BigCodeBench,BigCodeBench/328,python_minifier,True,100.0,True,True,False,165,106,169,111,,
BigCodeBench,BigCodeBench/328,sigil,True,75.0,False,False,,165,187,169,190,decode,"ValueError: Parse errors in Sigil source:
line 1, col 1: unexpected token '<collections>\n<random>\n<queue.PriorityQu' in: <collections>"
BigCodeBench,BigCodeBench/329,python,True,100.0,True,True,True,86,86,86,86,,
BigCodeBench,BigCodeBench/329,kern_compact,True,100.0,True,True,True,86,64,86,64,,
BigCodeBench,BigCodeBench/329,python_minifier,True,100.0,True,True,False,86,66,86,66,,
BigCodeBench,BigCodeBench/329,sigil,True,100.0,False,False,,86,56,86,56,decode,"ValueError: Parse errors in Sigil source:
line 4, col 45: unexpected token "":json.load file text:' '.join data.value"" in: @tf s:s re>dict = open s 'r' |~ file -> data:json.load file text:' '.join data.values() matches:re.findall re text match_dict:{os.path.basename s:matches} match_dict"
BigCodeBench,BigCodeBench/330,python,True,100.0,True,True,True,62,62,64,64,,
BigCodeBench,BigCodeBench/330,kern_compact,True,100.0,True,True,True,62,48,64,49,,
BigCodeBench,BigCodeBench/330,python_minifier,True,100.0,True,True,False,62,47,64,48,,
BigCodeBench,BigCodeBench/330,sigil,True,100.0,False,False,,62,48,64,48,decode,"ValueError: Parse errors in Sigil source:
line 1, col 1: unexpected token '<heapq>\n<random>\n@tf li:5 n:i = numbers:' in: <heapq>"
BigCodeBench,BigCodeBench/331,python,True,100.0,True,True,True,72,72,72,72,,
BigCodeBench,BigCodeBench/331,kern_compact,True,100.0,True,True,True,72,52,72,53,,
BigCodeBench,BigCodeBench/331,python_minifier,True,100.0,True,True,False,72,53,72,54,,
BigCodeBench,BigCodeBench/331,sigil,True,100.0,False,False,,72,44,72,44,decode,"ValueError: Parse errors in Sigil source:
line 3, col 86: unexpected token '.copy() bisect.insort sorted_list nu (nu' in: @tf nu li mi ma = numbers:[_ <- range li => random.randint mi ma] sorted_list:numbers.copy() bisect.insort sorted_list nu (numbers sorted_list)"
BigCodeBench,BigCodeBench/332,python,True,100.0,True,True,True,78,78,79,79,,
BigCodeBench,BigCodeBench/332,kern_compact,True,100.0,True,True,True,78,61,79,62,,
BigCodeBench,BigCodeBench/332,python_minifier,True,100.0,True,True,False,78,62,79,63,,
BigCodeBench,BigCodeBench/332,sigil,True,100.0,False,False,,78,64,79,65,decode,"ValueError: Parse errors in Sigil source:
line 4, col 61: unexpected token ':[word <- words word.lower() not in set' in: @tf s:s>dict = words:re.findall '\\b\\w+\\b' s non_stopwords:[word <- words word.lower() not in set stopwords.words 'english' & => word] count:dict Counter non_stopwords count"
BigCodeBench,BigCodeBench/333,python,True,100.0,True,True,True,73,73,76,76,,
BigCodeBench,BigCodeBench/333,kern_compact,True,100.0,True,True,True,73,55,76,57,,
BigCodeBench,BigCodeBench/333,python_minifier,True,100.0,True,True,False,73,57,76,59,,
BigCodeBench,BigCodeBench/333,sigil,True,100.0,False,False,,73,45,76,46,decode,"ValueError: Parse errors in Sigil source:
line 3, col 110: unexpected token '.nsmallest k numbers (numbers smallest_n' in: @tf k li mi ma = numbers:[_ <- range li => random.randint mi ma] heapq.heapify numbers smallest_numbers:heapq.nsmallest k numbers (numbers smallest_numbers)"
BigCodeBench,BigCodeBench/334,python,True,100.0,True,True,True,80,80,89,89,,
BigCodeBench,BigCodeBench/334,kern_compact,True,100.0,True,True,True,80,60,89,69,,
BigCodeBench,BigCodeBench/334,python_minifier,True,100.0,True,True,False,80,61,89,70,,
BigCodeBench,BigCodeBench/334,sigil,True,100.0,False,False,,80,65,89,74,decode,"ValueError: Parse errors in Sigil source:
line 4, col 84: unexpected token '.fit_transform do tfidf_df:pd.DataFrame' in: @tf do = vectorizer:TfidfVectorizer tokenizer:word_tokenize tfidf_matrix:vectorizer.fit_transform do tfidf_df:pd.DataFrame tfidf_matrix.toarray() columns:vectorizer.get_feature_names_out() tfidf_df"
BigCodeBench,BigCodeBench/335,python,True,100.0,True,True,True,133,133,135,135,,
BigCodeBench,BigCodeBench/335,kern_compact,True,100.0,True,True,True,133,103,135,104,,
BigCodeBench,BigCodeBench/335,python_minifier,True,100.0,True,True,False,133,107,135,108,,
BigCodeBench,BigCodeBench/335,sigil,True,80.0,False,False,,133,149,135,150,decode,"ValueError: Parse errors in Sigil source:
line 1, col 1: unexpected token '<collections>\n<queue.PriorityQueue>\n<ran' in: <collections>"
BigCodeBench,BigCodeBench/336,python,True,100.0,True,True,True,93,93,93,93,,
BigCodeBench,BigCodeBench/336,kern_compact,True,100.0,True,True,True,93,75,93,75,,
BigCodeBench,BigCodeBench/336,python_minifier,True,100.0,True,True,False,93,80,93,81,,
BigCodeBench,BigCodeBench/336,sigil,True,80.0,False,False,,93,109,93,110,decode,"ValueError: Parse errors in Sigil source:
line 1, col 1: unexpected token '<re>\n<os>\n<glob>\n<pathlib.Path>\n;; TODO:' in: <re>"
BigCodeBench,BigCodeBench/337,python,True,100.0,True,True,True,232,232,235,235,,
BigCodeBench,BigCodeBench/337,kern_compact,True,100.0,True,True,True,232,145,235,149,,
BigCodeBench,BigCodeBench/337,python_minifier,True,100.0,True,True,False,232,146,235,150,,
BigCodeBench,BigCodeBench/337,sigil,True,75.0,False,False,,232,196,235,200,decode,"ValueError: Parse errors in Sigil source:
line 1, col 1: unexpected token ""<numpy>\n<matplotlib.pyplot>\nCOLORS:['r'"" in: <numpy>"
BigCodeBench,BigCodeBench/338,python,True,100.0,True,True,True,166,166,170,170,,
BigCodeBench,BigCodeBench/338,kern_compact,True,100.0,True,True,True,166,105,170,108,,
BigCodeBench,BigCodeBench/338,python_minifier,True,100.0,True,True,False,166,106,170,109,,
BigCodeBench,BigCodeBench/338,sigil,True,75.0,False,False,,166,170,170,175,decode,"ValueError: Parse errors in Sigil source:
line 1, col 1: unexpected token '<random>\n<string>\n<matplotlib.pyplot>\n;;' in: <random>"
BigCodeBench,BigCodeBench/339,python,True,100.0,True,True,True,151,151,160,160,,
BigCodeBench,BigCodeBench/339,kern_compact,True,100.0,True,True,True,151,73,160,72,,
BigCodeBench,BigCodeBench/339,python_minifier,True,100.0,True,True,False,151,79,160,78,,
BigCodeBench,BigCodeBench/339,sigil,True,80.0,False,False,,151,115,160,119,decode,"ValueError: Parse errors in Sigil source:
line 1, col 1: unexpected token '<json>\n<urllib.parse>\n<hmac>\n<hashlib>\n;' in: <json>"
BigCodeBench,BigCodeBench/340,python,True,100.0,True,True,True,126,126,130,130,,
BigCodeBench,BigCodeBench/340,kern_compact,True,100.0,True,True,True,126,55,130,57,,
BigCodeBench,BigCodeBench/340,python_minifier,True,100.0,True,True,False,126,57,130,59,,
BigCodeBench,BigCodeBench/340,sigil,True,100.0,False,False,,126,74,130,76,decode,"ValueError: Parse errors in Sigil source:
line 4, col 55: unexpected token "".blake3 json_req_data.encode 'utf-8'.hex"" in: @tf re = json_req_data:json.dumps re blake3_hex:blake3.blake3 json_req_data.encode 'utf-8'.hexdigest() md5_hash:hashlib.md5 blake3_hex.encode 'utf-8'.hexdigest() (blake3_hex md5_hash)"
BigCodeBench,BigCodeBench/341,python,True,100.0,True,True,True,210,210,215,215,,
BigCodeBench,BigCodeBench/341,kern_compact,True,100.0,True,True,True,210,154,215,157,,
BigCodeBench,BigCodeBench/341,python_minifier,True,100.0,True,True,False,210,163,215,166,,
BigCodeBench,BigCodeBench/341,sigil,True,75.0,False,False,,210,190,215,195,decode,"ValueError: Parse errors in Sigil source:
line 1, col 1: unexpected token '<pandas>\n<seaborn>\n<matplotlib.pyplot>\n;' in: <pandas>"
BigCodeBench,BigCodeBench/342,python,True,100.0,True,True,True,145,145,148,148,,
BigCodeBench,BigCodeBench/342,kern_compact,True,100.0,True,True,True,145,73,148,74,,
BigCodeBench,BigCodeBench/342,python_minifier,True,100.0,True,True,False,145,72,148,73,,
BigCodeBench,BigCodeBench/342,sigil,True,75.0,False,False,,145,119,148,122,decode,"ValueError: Parse errors in Sigil source:
line 1, col 1: unexpected token '<string>\n<random>\n<re>\n;; TODO: manual c' in: <string>"
BigCodeBench,BigCodeBench/343,python,True,100.0,True,True,True,168,168,172,172,,
BigCodeBench,BigCodeBench/343,kern_compact,True,100.0,True,True,True,168,103,172,109,,
BigCodeBench,BigCodeBench/343,python_minifier,True,100.0,True,True,False,168,107,172,113,,
BigCodeBench,BigCodeBench/343,sigil,True,75.0,False,False,,168,134,172,138,decode,"ValueError: Parse errors in Sigil source:
line 1, col 1: unexpected token ""<pandas>\n<matplotlib.pyplot>\nCOLORS:['r'"" in: <pandas>"
BigCodeBench,BigCodeBench/344,python,True,100.0,True,True,True,122,122,124,124,,
BigCodeBench,BigCodeBench/344,kern_compact,True,100.0,True,True,True,122,89,124,91,,
BigCodeBench,BigCodeBench/344,python_minifier,True,100.0,True,True,False,122,90,124,92,,
BigCodeBench,BigCodeBench/344,sigil,True,66.66666666666666,False,False,,122,120,124,122,decode,"ValueError: Parse errors in Sigil source:
line 1, col 1: unexpected token '<os>\n<shutil>\n;; TODO: manual conversion' in: <os>"
BigCodeBench,BigCodeBench/345,python,True,100.0,True,True,True,104,104,109,109,,
BigCodeBench,BigCodeBench/345,kern_compact,True,100.0,True,True,True,104,74,109,77,,
BigCodeBench,BigCodeBench/345,python_minifier,True,100.0,True,True,False,104,82,109,84,,
BigCodeBench,BigCodeBench/345,sigil,True,66.66666666666666,False,False,,104,97,109,100,decode,"ValueError: Parse errors in Sigil source:
line 1, col 1: unexpected token '<pandas>\n<seaborn>\n;; TODO: manual conve' in: <pandas>"
BigCodeBench,BigCodeBench/346,python,True,100.0,True,True,True,166,166,167,167,,
BigCodeBench,BigCodeBench/346,kern_compact,True,100.0,True,True,True,166,104,167,105,,
BigCodeBench,BigCodeBench/346,python_minifier,True,100.0,True,True,False,166,109,167,110,,
BigCodeBench,BigCodeBench/346,sigil,True,80.0,False,False,,166,148,167,149,decode,"ValueError: Parse errors in Sigil source:
line 1, col 1: unexpected token '<subprocess>\n<os>\n<sys>\n<time>\n;; TODO:' in: <subprocess>"
BigCodeBench,BigCodeBench/347,python,True,100.0,True,True,True,80,80,82,82,,
BigCodeBench,BigCodeBench/347,kern_compact,True,100.0,True,True,True,80,58,82,59,,
BigCodeBench,BigCodeBench/347,python_minifier,True,100.0,True,True,False,80,60,82,61,,
BigCodeBench,BigCodeBench/347,sigil,True,100.0,False,False,,80,59,82,59,decode,"ValueError: Parse errors in Sigil source:
line 1, col 1: unexpected token ""<pandas>\n<re>\n<numpy>\nPATTERN:'([a-fA-F\\"" in: <pandas>"
BigCodeBench,BigCodeBench/348,python,True,100.0,True,True,True,129,129,130,130,,
BigCodeBench,BigCodeBench/348,kern_compact,True,100.0,True,True,True,129,71,130,73,,
BigCodeBench,BigCodeBench/348,python_minifier,True,100.0,True,True,False,129,68,130,70,,
BigCodeBench,BigCodeBench/348,sigil,True,80.0,False,False,,129,111,130,112,decode,"ValueError: Parse errors in Sigil source:
line 1, col 1: unexpected token '<subprocess>\n<os>\n<signal>\n<time>\n;; TOD' in: <subprocess>"
BigCodeBench,BigCodeBench/349,python,True,100.0,True,True,True,109,109,113,113,,
BigCodeBench,BigCodeBench/349,kern_compact,True,100.0,True,True,True,109,78,113,80,,
BigCodeBench,BigCodeBench/349,python_minifier,True,100.0,True,True,False,109,81,113,83,,
BigCodeBench,BigCodeBench/349,sigil,True,66.66666666666666,False,False,,109,125,113,129,decode,"ValueError: Parse errors in Sigil source:
line 1, col 1: unexpected token '<pandas>\n<random>\n;; TODO: manual conver' in: <pandas>"
BigCodeBench,BigCodeBench/350,python,True,100.0,True,True,True,280,280,281,281,,
BigCodeBench,BigCodeBench/350,kern_compact,True,100.0,True,True,True,280,201,281,205,,
BigCodeBench,BigCodeBench/350,python_minifier,True,100.0,True,True,False,280,211,281,214,,
BigCodeBench,BigCodeBench/350,sigil,True,80.0,False,False,,280,272,281,274,decode,"ValueError: Parse errors in Sigil source:
line 1, col 1: unexpected token '<subprocess>\n<os>\n<shutil>\n<glob.glob>\n;' in: <subprocess>"
BigCodeBench,BigCodeBench/351,python,True,100.0,True,True,True,121,121,125,125,,
BigCodeBench,BigCodeBench/351,kern_compact,True,100.0,True,True,True,121,86,125,88,,
BigCodeBench,BigCodeBench/351,python_minifier,True,100.0,True,True,False,121,94,125,96,,
BigCodeBench,BigCodeBench/351,sigil,True,66.66666666666666,False,False,,121,135,125,139,decode,"ValueError: Parse errors in Sigil source:
line 1, col 1: unexpected token '<pandas>\n<random>\n;; TODO: manual conver' in: <pandas>"
BigCodeBench,BigCodeBench/352,python,True,100.0,True,True,True,133,133,134,134,,
BigCodeBench,BigCodeBench/352,kern_compact,True,100.0,True,True,True,133,103,134,106,,
BigCodeBench,BigCodeBench/352,python_minifier,True,100.0,True,True,False,133,107,134,112,,
BigCodeBench,BigCodeBench/352,sigil,True,66.66666666666666,False,False,,133,149,134,150,decode,"ValueError: Parse errors in Sigil source:
line 1, col 1: unexpected token '<pandas>\n<collections.Counter>\n;; TODO:' in: <pandas>"
BigCodeBench,BigCodeBench/353,python,True,100.0,True,True,True,136,136,140,140,,
BigCodeBench,BigCodeBench/353,kern_compact,True,100.0,True,True,True,136,91,140,93,,
BigCodeBench,BigCodeBench/353,python_minifier,True,100.0,True,True,False,136,100,140,103,,
BigCodeBench,BigCodeBench/353,sigil,True,66.66666666666666,False,False,,136,151,140,155,decode,"ValueError: Parse errors in Sigil source:
line 1, col 1: unexpected token '<pandas>\n<random>\n;; TODO: manual conver' in: <pandas>"
BigCodeBench,BigCodeBench/354,python,True,100.0,True,True,True,124,124,124,124,,
BigCodeBench,BigCodeBench/354,kern_compact,True,100.0,True,True,True,124,95,124,96,,
BigCodeBench,BigCodeBench/354,python_minifier,True,100.0,True,True,False,124,98,124,99,,
BigCodeBench,BigCodeBench/354,sigil,True,100.0,False,False,,124,95,124,96,decode,"ValueError: Parse errors in Sigil source:
line 1, col 1: unexpected token '<collections>\n<matplotlib.pyplot>\n<panda' in: <collections>"
BigCodeBench,BigCodeBench/355,python,True,100.0,True,True,True,173,173,170,170,,
BigCodeBench,BigCodeBench/355,kern_compact,True,100.0,True,True,True,173,122,170,122,,
BigCodeBench,BigCodeBench/355,python_minifier,True,100.0,True,True,False,173,126,170,127,,
BigCodeBench,BigCodeBench/355,sigil,True,100.0,False,False,,173,120,170,119,decode,"ValueError: Parse errors in Sigil source:
line 5, col 108: unexpected token ':plt.subplots figsize:(10 4) ax.plot ti' in: @tf am fr ti = wave:am*np.exp 1j*2*math.pi*fr*ti window:get_window 'hann' ti.size wave:wave*window (fig ax):plt.subplots figsize:(10 4) ax.plot ti np.real wave label:'Real Part' ax.plot ti np.imag w…"
BigCodeBench,BigCodeBench/356,python,True,100.0,True,True,True,271,271,275,275,,
BigCodeBench,BigCodeBench/356,kern_compact,True,100.0,True,True,True,271,204,275,210,,
BigCodeBench,BigCodeBench/356,python_minifier,True,100.0,True,True,False,271,203,275,210,,
BigCodeBench,BigCodeBench/356,sigil,True,75.0,False,False,,271,262,275,267,decode,"ValueError: Parse errors in Sigil source:
line 1, col 1: unexpected token '<numpy>\n<matplotlib.pyplot>\n<cmath>\n;; T' in: <numpy>"
BigCodeBench,BigCodeBench/357,python,True,100.0,True,True,True,138,138,138,138,,
BigCodeBench,BigCodeBench/357,kern_compact,True,100.0,True,True,True,138,98,138,99,,
BigCodeBench,BigCodeBench/357,python_minifier,True,100.0,True,True,False,138,98,138,98,,
BigCodeBench,BigCodeBench/357,sigil,True,75.0,False,False,,138,144,138,145,decode,"ValueError: Parse errors in Sigil source:
line 1, col 1: unexpected token '<numpy>\n<scipy.stats.norm>\n<matplotlib.p' in: <numpy>"
BigCodeBench,BigCodeBench/358,python,True,100.0,True,True,True,72,72,72,72,,
BigCodeBench,BigCodeBench/358,kern_compact,True,100.0,True,True,True,72,40,72,40,,
BigCodeBench,BigCodeBench/358,python_minifier,True,100.0,True,True,False,72,40,72,40,,
BigCodeBench,BigCodeBench/358,sigil,True,66.66666666666666,False,False,,72,70,72,70,decode,"ValueError: Parse errors in Sigil source:
line 1, col 1: unexpected token '<itertools>\n<json>\n;; TODO: manual conve' in: <itertools>"
BigCodeBench,BigCodeBench/359,python,True,100.0,True,True,True,76,76,76,76,,
BigCodeBench,BigCodeBench/359,kern_compact,True,100.0,True,True,True,76,58,76,61,,
BigCodeBench,BigCodeBench/359,python_minifier,True,100.0,True,True,False,76,63,76,66,,
BigCodeBench,BigCodeBench/359,sigil,True,100.0,False,False,,76,61,76,62,decode,"ValueError: Parse errors in Sigil source:
line 3, col 55: unexpected token ':stats.pearsonr x y (fig ax):plt.subplot' in: @tf da da2 = x:da[da2[0]] y:da[da2[1]] (correlation _):stats.pearsonr x y (fig ax):plt.subplots() ax.scatter x y (correlation ax)"
BigCodeBench,BigCodeBench/360,python,True,100.0,True,True,True,177,177,182,182,,
BigCodeBench,BigCodeBench/360,kern_compact,True,100.0,True,True,True,177,142,182,149,,
BigCodeBench,BigCodeBench/360,python_minifier,True,100.0,True,True,False,177,145,182,153,,
BigCodeBench,BigCodeBench/360,sigil,True,80.0,False,False,,177,199,182,205,decode,"ValueError: Parse errors in Sigil source:
line 1, col 1: unexpected token '<pandas>\n<numpy>\n<matplotlib.pyplot>\n<os' in: <pandas>"
BigCodeBench,BigCodeBench/361,python,True,100.0,True,True,True,215,215,226,226,,
BigCodeBench,BigCodeBench/361,kern_compact,True,100.0,True,True,True,215,163,226,176,,
BigCodeBench,BigCodeBench/361,python_minifier,True,100.0,True,True,False,215,165,226,178,,
BigCodeBench,BigCodeBench/361,sigil,True,75.0,False,False,,215,202,226,213,decode,"ValueError: Parse errors in Sigil source:
line 1, col 1: unexpected token '<pandas>\n<logging>\nlogging.basicConfig l' in: <pandas>"
BigCodeBench,BigCodeBench/362,python,True,100.0,True,True,True,152,152,157,157,,
BigCodeBench,BigCodeBench/362,kern_compact,True,100.0,True,True,True,152,99,157,104,,
BigCodeBench,BigCodeBench/362,python_minifier,True,100.0,True,True,False,152,103,157,108,,
BigCodeBench,BigCodeBench/362,sigil,True,66.66666666666666,False,False,,152,136,157,141,decode,"ValueError: Parse errors in Sigil source:
line 1, col 1: unexpected token '<pandas>\n<os>\n;; TODO: manual conversion' in: <pandas>"
BigCodeBench,BigCodeBench/363,python,True,100.0,True,True,True,110,110,112,112,,
BigCodeBench,BigCodeBench/363,kern_compact,True,100.0,True,True,True,110,83,112,87,,
BigCodeBench,BigCodeBench/363,python_minifier,True,100.0,True,True,False,110,89,112,91,,
BigCodeBench,BigCodeBench/363,sigil,True,75.0,True,True,False,110,112,112,114,,
BigCodeBench,BigCodeBench/364,python,True,100.0,True,True,True,141,141,144,144,,
BigCodeBench,BigCodeBench/364,kern_compact,True,100.0,True,True,True,141,111,144,114,,
BigCodeBench,BigCodeBench/364,python_minifier,True,100.0,True,True,False,141,109,144,112,,
BigCodeBench,BigCodeBench/364,sigil,True,83.33333333333334,False,False,,141,148,144,151,decode,"ValueError: Parse errors in Sigil source:
line 1, col 1: unexpected token '<pandas>\n<sklearn.model_selection.train_' in: <pandas>"
BigCodeBench,BigCodeBench/365,python,True,100.0,True,True,True,135,135,135,135,,
BigCodeBench,BigCodeBench/365,kern_compact,True,100.0,True,True,True,135,105,135,105,,
BigCodeBench,BigCodeBench/365,python_minifier,True,100.0,True,True,False,135,109,135,109,,
BigCodeBench,BigCodeBench/365,sigil,True,80.0,False,False,,135,147,135,147,decode,"ValueError: Parse errors in Sigil source:
line 1, col 1: unexpected token '<collections.Counter>\n<json>\n<random>\nWO' in: <collections.Counter>"
BigCodeBench,BigCodeBench/366,python,True,100.0,True,True,True,102,102,104,104,,
BigCodeBench,BigCodeBench/366,kern_compact,True,100.0,True,True,True,102,71,104,73,,
BigCodeBench,BigCodeBench/366,python_minifier,True,100.0,True,True,False,102,74,104,76,,
BigCodeBench,BigCodeBench/366,sigil,True,100.0,False,False,,102,70,104,71,decode,"ValueError: Parse errors in Sigil source:
line 1, col 1: unexpected token ""<matplotlib.pyplot>\n<random>\nCOLORS:['#0"" in: <matplotlib.pyplot>"
BigCodeBench,BigCodeBench/367,python,True,100.0,True,True,True,178,178,180,180,,
BigCodeBench,BigCodeBench/367,kern_compact,True,100.0,True,True,True,178,128,180,133,,
BigCodeBench,BigCodeBench/367,python_minifier,True,100.0,True,True,False,178,134,180,139,,
BigCodeBench,BigCodeBench/367,sigil,True,75.0,False,False,,178,187,180,189,decode,"ValueError: Parse errors in Sigil source:
line 1, col 1: unexpected token '<datetime.datetime>\n<collections.default' in: <datetime.datetime>"
BigCodeBench,BigCodeBench/368,python,True,100.0,True,True,True,160,160,161,161,,
BigCodeBench,BigCodeBench/368,kern_compact,True,100.0,True,True,True,160,81,161,85,,
BigCodeBench,BigCodeBench/368,python_minifier,True,100.0,True,True,False,160,79,161,82,,
BigCodeBench,BigCodeBench/368,sigil,True,75.0,False,False,,160,131,161,134,decode,"ValueError: Parse errors in Sigil source:
line 1, col 1: unexpected token '<os>\n<shutil>\n<random>\n;; TODO: manual c' in: <os>"
BigCodeBench,BigCodeBench/369,python,True,100.0,True,True,True,143,143,144,144,,
BigCodeBench,BigCodeBench/369,kern_compact,True,100.0,True,True,True,143,110,144,115,,
BigCodeBench,BigCodeBench/369,python_minifier,True,100.0,True,True,False,143,112,144,116,,
BigCodeBench,BigCodeBench/369,sigil,True,100.0,False,False,,143,109,144,111,decode,"ValueError: Parse errors in Sigil source:
line 1, col 1: unexpected token '<numpy>\n<scipy.stats>\n<matplotlib.pyplot' in: <numpy>"
BigCodeBench,BigCodeBench/370,python,True,100.0,True,True,True,166,166,169,169,,
BigCodeBench,BigCodeBench/370,kern_compact,True,100.0,True,True,True,166,107,169,109,,
BigCodeBench,BigCodeBench/370,python_minifier,True,100.0,True,True,False,166,111,169,113,,
BigCodeBench,BigCodeBench/370,sigil,True,80.0,False,False,,166,172,169,175,decode,"ValueError: Parse errors in Sigil source:
line 1, col 1: unexpected token '<os>\n<re>\n<json>\n<glob>\n;; TODO: manual' in: <os>"
BigCodeBench,BigCodeBench/371,python,True,100.0,True,True,True,56,56,57,57,,
BigCodeBench,BigCodeBench/371,kern_compact,True,100.0,True,True,True,56,42,57,44,,
BigCodeBench,BigCodeBench/371,python_minifier,True,100.0,True,True,False,56,46,57,48,,
BigCodeBench,BigCodeBench/371,sigil,True,100.0,False,False,,56,45,57,47,decode,"ValueError: Parse errors in Sigil source:
line 3, col 46: unexpected token '.fit_transform l.reshape -1 1 df:pd.Data' in: @tf l = scaler:MinMaxScaler() l_scaled:scaler.fit_transform l.reshape -1 1 df:pd.DataFrame l_scaled columns:['Scaled Values'] df"
BigCodeBench,BigCodeBench/372,python,True,100.0,True,True,True,110,110,110,110,,
BigCodeBench,BigCodeBench/372,kern_compact,True,100.0,True,True,True,110,74,110,74,,
BigCodeBench,BigCodeBench/372,python_minifier,True,100.0,True,True,False,110,77,110,77,,
BigCodeBench,BigCodeBench/372,sigil,True,75.0,False,False,,110,124,110,124,decode,"ValueError: Parse errors in Sigil source:
line 1, col 1: unexpected token '<re>\n<glob>\n<docx.Document>\n;; TODO: man' in: <re>"
BigCodeBench,BigCodeBench/373,python,True,100.0,True,True,True,136,136,136,136,,
BigCodeBench,BigCodeBench/373,kern_compact,True,100.0,True,True,True,136,95,136,96,,
BigCodeBench,BigCodeBench/373,python_minifier,True,100.0,True,True,False,136,100,136,101,,
BigCodeBench,BigCodeBench/373,sigil,True,66.66666666666666,False,False,,136,158,136,160,decode,"ValueError: Parse errors in Sigil source:
line 1, col 1: unexpected token '<scipy.optimize.curve_fit>\n<matplotlib.p' in: <scipy.optimize.curve_fit>"
BigCodeBench,BigCodeBench/374,python,True,100.0,True,True,True,170,170,174,174,,
BigCodeBench,BigCodeBench/374,kern_compact,True,100.0,True,True,True,170,129,174,134,,
BigCodeBench,BigCodeBench/374,python_minifier,True,100.0,True,True,False,170,141,174,146,,
BigCodeBench,BigCodeBench/374,sigil,True,80.0,False,False,,170,187,174,191,decode,"ValueError: Parse errors in Sigil source:
line 1, col 1: unexpected token '<regex>\n<glob>\n<os>\n<openpyxl.load_workb' in: <regex>"
BigCodeBench,BigCodeBench/375,python,True,100.0,True,True,True,100,100,103,103,,
BigCodeBench,BigCodeBench/375,kern_compact,True,100.0,True,True,True,100,79,103,81,,
BigCodeBench,BigCodeBench/375,python_minifier,True,100.0,True,True,False,100,80,103,82,,
BigCodeBench,BigCodeBench/375,sigil,True,100.0,False,False,,100,84,103,87,decode,"ValueError: Parse errors in Sigil source:
line 3, col 55: unexpected token '.fit_transform l fig:plt.figure figsize:' in: @tf l = pca:PCA n_components:2 principalComponents:pca.fit_transform l fig:plt.figure figsize:(6 4) ax:fig.add_subplot 111 plt.scatter principalComponents[(: 0)] principalComponents[(: 1)] plt.xlabe…"
BigCodeBench,BigCodeBench/376,python,True,100.0,True,True,True,76,76,76,76,,
BigCodeBench,BigCodeBench/376,kern_compact,True,100.0,True,True,True,76,57,76,57,,
BigCodeBench,BigCodeBench/376,python_minifier,True,100.0,True,True,False,76,60,76,60,,
BigCodeBench,BigCodeBench/376,sigil,True,100.0,False,False,,76,62,76,62,decode,"ValueError: Parse errors in Sigil source:
line 1, col 1: unexpected token '<nltk>\n<re>\n<collections.Counter>\nSTOPWO' in: <nltk>"
BigCodeBench,BigCodeBench/377,python,True,100.0,True,True,True,104,104,104,104,,
BigCodeBench,BigCodeBench/377,kern_compact,True,100.0,True,True,True,104,82,104,83,,
BigCodeBench,BigCodeBench/377,python_minifier,True,100.0,True,True,False,104,84,104,85,,
BigCodeBench,BigCodeBench/377,sigil,True,100.0,False,False,,104,86,104,86,decode,"ValueError: Parse errors in Sigil source:
line 4, col 65: unexpected token '.virtual_memory() disk_usage:psutil.disk' in: @tf = cpu_usage:psutil.cpu_percent interval:1 memory_info:psutil.virtual_memory() disk_usage:psutil.disk_usage os.sep table:Texttable() table.add_rows [['Item' 'Value'] ['CPU Usage (%)' cpu_usage] […"
BigCodeBench,BigCodeBench/378,python,True,100.0,True,True,True,221,221,225,225,,
BigCodeBench,BigCodeBench/378,kern_compact,True,100.0,True,True,True,221,187,225,191,,
BigCodeBench,BigCodeBench/378,python_minifier,True,100.0,True,True,False,221,186,225,190,,
BigCodeBench,BigCodeBench/378,sigil,True,80.0,False,False,,221,236,225,240,decode,"ValueError: Parse errors in Sigil source:
line 1, col 1: unexpected token '<pandas>\n<texttable.Texttable>\n<os>\n<glo' in: <pandas>"
BigCodeBench,BigCodeBench/379,python,True,100.0,True,True,True,73,73,74,74,,
BigCodeBench,BigCodeBench/379,kern_compact,True,100.0,True,True,True,73,54,74,55,,
BigCodeBench,BigCodeBench/379,python_minifier,True,100.0,True,True,False,73,58,74,59,,
BigCodeBench,BigCodeBench/379,sigil,True,100.0,False,False,,73,57,74,58,decode,"ValueError: Parse errors in Sigil source:
line 1, col 1: unexpected token ""<pandas>\n<numpy>\nCOLUMNS:['Column1' 'Col"" in: <pandas>"
BigCodeBench,BigCodeBench/380,python,True,100.0,True,True,True,80,80,80,80,,
BigCodeBench,BigCodeBench/380,kern_compact,True,100.0,True,True,True,80,62,80,62,,
BigCodeBench,BigCodeBench/380,python_minifier,True,100.0,True,True,False,80,73,80,73,,
BigCodeBench,BigCodeBench/380,sigil,True,75.0,False,False,,80,95,80,95,decode,"ValueError: Parse errors in Sigil source:
line 1, col 1: unexpected token '<re>\n<os>\n<shutil>\n;; TODO: manual conve' in: <re>"
BigCodeBench,BigCodeBench/381,python,True,100.0,True,True,True,246,246,254,254,,
BigCodeBench,BigCodeBench/381,kern_compact,True,100.0,True,True,True,246,165,254,174,,
BigCodeBench,BigCodeBench/381,python_minifier,True,100.0,True,True,False,246,168,254,182,,
BigCodeBench,BigCodeBench/381,sigil,True,83.33333333333334,False,False,,246,225,254,231,decode,"ValueError: Parse errors in Sigil source:
line 1, col 1: unexpected token '<pandas>\n<sklearn.ensemble.RandomForestC' in: <pandas>"
BigCodeBench,BigCodeBench/382,python,True,100.0,True,True,True,117,117,117,117,,
BigCodeBench,BigCodeBench/382,kern_compact,True,100.0,True,True,True,117,84,117,85,,
BigCodeBench,BigCodeBench/382,python_minifier,True,100.0,True,True,False,117,87,117,88,,
BigCodeBench,BigCodeBench/382,sigil,True,100.0,False,False,,117,83,117,84,decode,"ValueError: Parse errors in Sigil source:
line 4, col 38: unexpected token '.random.normal MU SIGMA le (fig ax):plt.' in: @tf le = MU:0 SIGMA:1 distribution:np.random.normal MU SIGMA le (fig ax):plt.subplots() ax.hist distribution 30 density:True label:'Histogram' ax.plot np.sort distribution norm.pdf np.sort distribut…"
BigCodeBench,BigCodeBench/383,python,True,100.0,True,True,True,141,141,145,145,,
BigCodeBench,BigCodeBench/383,kern_compact,True,100.0,True,True,True,141,104,145,106,,
BigCodeBench,BigCodeBench/383,python_minifier,True,100.0,True,True,False,141,106,145,109,,
BigCodeBench,BigCodeBench/383,sigil,True,100.0,False,False,,141,101,145,104,decode,"ValueError: Parse errors in Sigil source:
line 6, col 137: unexpected token '.most_common to top_df:pd.DataFrame word' in: @tf te n to = blob:TextBlob te.lower() words_freq:Counter [span <- blob.ngrams n:n => ' '.join list span] words_freq_filtered:words_freq.most_common to top_df:pd.DataFrame words_freq_filtered colum…"
BigCodeBench,BigCodeBench/384,python,True,100.0,True,True,True,193,193,190,190,,
BigCodeBench,BigCodeBench/384,kern_compact,True,100.0,True,True,True,193,154,190,152,,
BigCodeBench,BigCodeBench/384,python_minifier,True,100.0,True,True,False,193,163,190,161,,
BigCodeBench,BigCodeBench/384,sigil,True,80.0,False,False,,193,213,190,210,decode,"ValueError: Parse errors in Sigil source:
line 1, col 1: unexpected token '<collections>\n<random>\n<itertools>\nANIMA' in: <collections>"
BigCodeBench,BigCodeBench/385,python,True,100.0,True,True,True,133,133,131,131,,
BigCodeBench,BigCodeBench/385,kern_compact,True,100.0,True,True,True,133,106,131,104,,
BigCodeBench,BigCodeBench/385,python_minifier,True,100.0,True,True,False,133,111,131,109,,
BigCodeBench,BigCodeBench/385,sigil,True,100.0,False,False,,133,111,131,110,decode,"ValueError: Parse errors in Sigil source:
line 1, col 1: unexpected token '<matplotlib.pyplot>\n<collections.Counter' in: <matplotlib.pyplot>"
BigCodeBench,BigCodeBench/386,python,True,100.0,True,True,True,129,129,131,131,,
BigCodeBench,BigCodeBench/386,kern_compact,True,100.0,True,True,True,129,79,131,80,,
BigCodeBench,BigCodeBench/386,python_minifier,True,100.0,True,True,False,129,81,131,82,,
BigCodeBench,BigCodeBench/386,sigil,True,100.0,False,False,,129,73,131,74,decode,"ValueError: Parse errors in Sigil source:
line 1, col 1: unexpected token ""<numpy>\n<pandas>\nCOLUMNS:['Column1' 'Col"" in: <numpy>"
BigCodeBench,BigCodeBench/387,python,True,100.0,True,True,True,195,195,193,193,,
BigCodeBench,BigCodeBench/387,kern_compact,True,100.0,True,True,True,195,145,193,145,,
BigCodeBench,BigCodeBench/387,python_minifier,True,100.0,True,True,False,195,151,193,151,,
BigCodeBench,BigCodeBench/387,sigil,True,75.0,False,False,,195,191,193,190,decode,"ValueError: Parse errors in Sigil source:
line 1, col 1: unexpected token ""<numpy>\n<matplotlib.pyplot>\nCITIES:['New"" in: <numpy>"
BigCodeBench,BigCodeBench/388,python,True,100.0,True,True,True,75,75,75,75,,
BigCodeBench,BigCodeBench/388,kern_compact,True,100.0,True,True,True,75,59,75,59,,
BigCodeBench,BigCodeBench/388,python_minifier,True,100.0,True,True,False,75,66,75,66,,
BigCodeBench,BigCodeBench/388,sigil,True,66.66666666666666,False,False,,75,88,75,88,decode,"ValueError: Parse errors in Sigil source:
line 1, col 1: unexpected token '<collections>\n<pandas>\n;; TODO: manual c' in: <collections>"
BigCodeBench,BigCodeBench/389,python,True,100.0,True,True,True,104,104,105,105,,
BigCodeBench,BigCodeBench/389,kern_compact,True,100.0,True,True,True,104,87,105,88,,
BigCodeBench,BigCodeBench/389,python_minifier,True,100.0,True,True,False,104,90,105,91,,
BigCodeBench,BigCodeBench/389,sigil,True,75.0,False,False,,104,119,105,120,decode,"ValueError: Parse errors in Sigil source:
line 1, col 1: unexpected token '<re>\n<os>\n<shutil>\n;; TODO: manual conve' in: <re>"
BigCodeBench,BigCodeBench/390,python,True,100.0,True,True,True,119,119,121,121,,
BigCodeBench,BigCodeBench/390,kern_compact,True,100.0,True,True,True,119,88,121,90,,
BigCodeBench,BigCodeBench/390,python_minifier,True,100.0,True,True,False,119,93,121,96,,
BigCodeBench,BigCodeBench/390,sigil,True,75.0,False,False,,119,122,121,123,decode,"ValueError: Parse errors in Sigil source:
line 1, col 1: unexpected token '<pandas>\n<requests>\n<io.StringIO>\n;; TOD' in: <pandas>"
BigCodeBench,BigCodeBench/391,python,True,100.0,True,True,True,122,122,122,122,,
BigCodeBench,BigCodeBench/391,kern_compact,True,100.0,True,True,True,122,92,122,92,,
BigCodeBench,BigCodeBench/391,python_minifier,True,100.0,True,True,False,122,93,122,93,,
BigCodeBench,BigCodeBench/391,sigil,True,75.0,False,False,,122,142,122,142,decode,"ValueError: Parse errors in Sigil source:
line 1, col 1: unexpected token '<os>\n<glob>\n<shutil>\n;; TODO: manual con' in: <os>"
BigCodeBench,BigCodeBench/392,python,True,100.0,True,True,True,242,242,243,243,,
BigCodeBench,BigCodeBench/392,kern_compact,True,100.0,True,True,True,242,129,243,131,,
BigCodeBench,BigCodeBench/392,python_minifier,True,100.0,True,True,False,242,135,243,137,,
BigCodeBench,BigCodeBench/392,sigil,True,75.0,False,False,,242,189,243,190,decode,"ValueError: Parse errors in Sigil source:
line 1, col 1: unexpected token ""<numpy>\n<matplotlib.pyplot>\nCOLORS:['r'"" in: <numpy>"
BigCodeBench,BigCodeBench/393,python,True,100.0,True,True,True,126,126,128,128,,
BigCodeBench,BigCodeBench/393,kern_compact,True,100.0,True,True,True,126,101,128,106,,
BigCodeBench,BigCodeBench/393,python_minifier,True,100.0,True,True,False,126,104,128,109,,
BigCodeBench,BigCodeBench/393,sigil,True,100.0,False,False,,126,87,128,89,decode,"ValueError: Parse errors in Sigil source:
line 4, col 47: unexpected token '.random.normal mu si nu fig:plt.figure f' in: @tf mu si nu se = np.random.seed se samples:np.random.normal mu si nu fig:plt.figure figsize:(12 6) plt.subplot 1 2 1 plt.hist samples bins:30 density:True alpha:0.6 color:'g' plt.subplot 1 2 2 stat…"
BigCodeBench,BigCodeBench/394,python,True,100.0,True,True,True,56,56,57,57,,
BigCodeBench,BigCodeBench/394,kern_compact,True,100.0,True,True,True,56,43,57,45,,
BigCodeBench,BigCodeBench/394,python_minifier,True,100.0,True,True,False,56,45,57,46,,
BigCodeBench,BigCodeBench/394,sigil,True,100.0,False,False,,56,44,57,45,decode,"ValueError: Parse errors in Sigil source:
line 4, col 44: unexpected token '.join (random.choice(string.ascii_letter' in: @tf le se = random.seed se random_string:''.join (random.choice(string.ascii_letters) for _ in range(length)) char_freq:collections.Counter random_string dict char_freq"
BigCodeBench,BigCodeBench/395,python,True,100.0,True,True,True,173,173,178,178,,
BigCodeBench,BigCodeBench/395,kern_compact,True,100.0,True,True,True,173,140,178,145,,
BigCodeBench,BigCodeBench/395,python_minifier,True,100.0,True,True,False,173,151,178,156,,
BigCodeBench,BigCodeBench/395,sigil,True,83.33333333333334,False,False,,173,190,178,195,decode,"ValueError: Parse errors in Sigil source:
line 1, col 1: unexpected token '<re>\n<os>\n<glob>\n<natsort>\n<pandas>\n;; T' in: <re>"
BigCodeBench,BigCodeBench/396,python,True,100.0,True,True,True,116,116,117,117,,
BigCodeBench,BigCodeBench/396,kern_compact,True,100.0,True,True,True,116,97,117,101,,
BigCodeBench,BigCodeBench/396,python_minifier,True,100.0,True,True,False,116,100,117,103,,
BigCodeBench,BigCodeBench/396,sigil,True,80.0,False,False,,116,128,117,131,decode,"ValueError: Parse errors in Sigil source:
line 1, col 1: unexpected token '<matplotlib>\n<numpy>\n<matplotlib.pyplot>' in: <matplotlib>"
BigCodeBench,BigCodeBench/397,python,True,100.0,True,True,True,100,100,100,100,,
BigCodeBench,BigCodeBench/397,kern_compact,True,100.0,True,True,True,100,76,100,75,,
BigCodeBench,BigCodeBench/397,python_minifier,True,100.0,True,True,False,100,83,100,81,,
BigCodeBench,BigCodeBench/397,sigil,True,100.0,False,False,,100,73,100,71,decode,"ValueError: Parse errors in Sigil source:
line 1, col 1: unexpected token ""<re>\n<urllib.request>\n<json>\nIP_REGEX:'["" in: <re>"
BigCodeBench,BigCodeBench/398,python,True,100.0,True,True,True,77,77,78,78,,
BigCodeBench,BigCodeBench/398,kern_compact,True,100.0,True,True,True,77,60,78,62,,
BigCodeBench,BigCodeBench/398,python_minifier,True,100.0,True,True,False,77,70,78,71,,
BigCodeBench,BigCodeBench/398,sigil,True,100.0,False,False,,77,57,78,57,decode,"ValueError: Parse errors in Sigil source:
line 3, col 98: unexpected token 'isinstance data list & all (isinstance(' in: @tf fi = !os.path.exists fi ? False : None open fi 'r' |~ file -> !{data:json.load file}~>{False} isinstance data list & all (isinstance(item, dict) for item in data)"
BigCodeBench,BigCodeBench/399,python,True,100.0,True,True,True,146,146,150,150,,
BigCodeBench,BigCodeBench/399,kern_compact,True,100.0,True,True,True,146,111,150,116,,
BigCodeBench,BigCodeBench/399,python_minifier,True,100.0,True,True,False,146,115,150,120,,
BigCodeBench,BigCodeBench/399,sigil,True,75.0,False,False,,146,165,150,170,decode,"ValueError: Parse errors in Sigil source:
line 1, col 1: unexpected token '<numpy>\n<matplotlib.pyplot>\n<math>\n;; TO' in: <numpy>"
BigCodeBench,BigCodeBench/400,python,True,100.0,True,True,True,109,109,110,110,,
BigCodeBench,BigCodeBench/400,kern_compact,True,100.0,True,True,True,109,72,110,73,,
BigCodeBench,BigCodeBench/400,python_minifier,True,100.0,True,True,False,109,76,110,77,,
BigCodeBench,BigCodeBench/400,sigil,True,66.66666666666666,False,False,,109,112,110,113,decode,"ValueError: Parse errors in Sigil source:
line 1, col 1: unexpected token '<json>\n<glob.glob>\n;; TODO: manual conve' in: <json>"
BigCodeBench,BigCodeBench/401,python,True,100.0,True,True,True,188,188,188,188,,
BigCodeBench,BigCodeBench/401,kern_compact,True,100.0,True,True,True,188,156,188,156,,
BigCodeBench,BigCodeBench/401,python_minifier,True,100.0,True,True,False,188,136,188,137,,
BigCodeBench,BigCodeBench/401,sigil,True,100.0,False,False,,188,157,188,157,decode,"ValueError: Parse errors in Sigil source:
line 4, col 48: unexpected token "":os.getenv 'MAIL_SERVER' 'localhost' app"" in: @tf ap = app:Flask ap app.config['MAIL_SERVER']:os.getenv 'MAIL_SERVER' 'localhost' app.config['MAIL_PORT']:int os.getenv 'MAIL_PORT' 25 app.config['MAIL_USE_TLS']:os.getenv 'MAIL_USE_TLS' False=='T…"
BigCodeBench,BigCodeBench/402,python,True,100.0,True,True,True,108,108,108,108,,
BigCodeBench,BigCodeBench/402,kern_compact,True,100.0,True,True,True,108,84,108,84,,
BigCodeBench,BigCodeBench/402,python_minifier,True,100.0,True,True,False,108,84,108,84,,
BigCodeBench,BigCodeBench/402,sigil,True,100.0,False,False,,108,88,108,88,decode,"ValueError: Parse errors in Sigil source:
line 1, col 1: unexpected token '<re>\n<requests>\n<json>\n<csv>\n<os>\nAPI_UR' in: <re>"
BigCodeBench,BigCodeBench/403,python,True,100.0,True,True,True,115,115,121,121,,
BigCodeBench,BigCodeBench/403,kern_compact,True,100.0,True,True,True,115,97,121,102,,
BigCodeBench,BigCodeBench/403,python_minifier,True,100.0,True,True,False,115,98,121,104,,
BigCodeBench,BigCodeBench/403,sigil,True,80.0,False,False,,115,130,121,136,decode,"ValueError: Parse errors in Sigil source:
line 1, col 1: unexpected token '<PIL.Image>\n<PIL.ImageFilter>\n<cv2>\n<num' in: <PIL.Image>"
BigCodeBench,BigCodeBench/404,python,True,100.0,True,True,True,104,104,108,108,,
BigCodeBench,BigCodeBench/404,kern_compact,True,100.0,True,True,True,104,81,108,88,,
BigCodeBench,BigCodeBench/404,python_minifier,True,100.0,True,True,False,104,81,108,89,,
BigCodeBench,BigCodeBench/404,sigil,True,75.0,False,False,,104,111,108,115,decode,"ValueError: Parse errors in Sigil source:
line 1, col 1: unexpected token '<cv2>\n<numpy>\n<os>\n;; TODO: manual conve' in: <cv2>"
BigCodeBench,BigCodeBench/405,python,True,100.0,True,True,True,55,55,55,55,,
BigCodeBench,BigCodeBench/405,kern_compact,True,100.0,True,True,True,55,42,55,45,,
BigCodeBench,BigCodeBench/405,python_minifier,True,100.0,True,True,False,55,46,55,49,,
BigCodeBench,BigCodeBench/405,sigil,True,100.0,False,False,,55,40,55,41,decode,"ValueError: Parse errors in Sigil source:
line 3, col 68: unexpected token ':plt.subplots() ax.plot x y (y ax)' in: @tf n:i = x:list range n y:[_ <- range n => random.random()] (_ ax):plt.subplots() ax.plot x y (y ax)"
BigCodeBench,BigCodeBench/406,python,True,100.0,True,True,True,178,178,181,181,,
BigCodeBench,BigCodeBench/406,kern_compact,True,100.0,True,True,True,178,119,181,122,,
BigCodeBench,BigCodeBench/406,python_minifier,True,100.0,True,True,False,178,120,181,124,,
BigCodeBench,BigCodeBench/406,sigil,True,80.0,False,False,,178,177,181,181,decode,"ValueError: Parse errors in Sigil source:
line 1, col 1: unexpected token '<PIL.Image>\n<matplotlib.pyplot>\n<numpy>' in: <PIL.Image>"
BigCodeBench,BigCodeBench/407,python,True,100.0,True,True,True,196,196,200,200,,
BigCodeBench,BigCodeBench/407,kern_compact,True,100.0,True,True,True,196,147,200,151,,
BigCodeBench,BigCodeBench/407,python_minifier,True,100.0,True,True,False,196,150,200,153,,
BigCodeBench,BigCodeBench/407,sigil,True,75.0,False,False,,196,206,200,209,decode,"ValueError: Parse errors in Sigil source:
line 1, col 1: unexpected token '<os>\n<csv>\n<openpyxl.load_workbook>\n;; T' in: <os>"
BigCodeBench,BigCodeBench/408,python,True,100.0,True,True,True,46,46,47,47,,
BigCodeBench,BigCodeBench/408,kern_compact,True,100.0,True,True,True,46,37,47,38,,
BigCodeBench,BigCodeBench/408,python_minifier,True,100.0,True,True,False,46,33,47,33,,
BigCodeBench,BigCodeBench/408,sigil,True,100.0,False,False,,46,33,47,34,decode,"ValueError: Parse errors in Sigil source:
line 1, col 1: unexpected token '<sqlite3>\n<pandas>\n@tf s:s s2:s>pd.DataF' in: <sqlite3>"
BigCodeBench,BigCodeBench/409,python,True,100.0,True,True,True,147,147,152,152,,
BigCodeBench,BigCodeBench/409,kern_compact,True,100.0,True,True,True,147,116,152,121,,
BigCodeBench,BigCodeBench/409,python_minifier,True,100.0,True,True,False,147,117,152,122,,
BigCodeBench,BigCodeBench/409,sigil,True,75.0,False,False,,147,162,152,167,decode,"ValueError: Parse errors in Sigil source:
line 1, col 1: unexpected token '<os>\n<pandas>\n<numpy>\n;; TODO: manual co' in: <os>"
BigCodeBench,BigCodeBench/410,python,True,100.0,True,True,True,229,229,237,237,,
BigCodeBench,BigCodeBench/410,kern_compact,True,100.0,True,True,True,229,178,237,186,,
BigCodeBench,BigCodeBench/410,python_minifier,True,100.0,True,True,False,229,174,237,182,,
BigCodeBench,BigCodeBench/410,sigil,True,75.0,False,False,,229,249,237,257,decode,"ValueError: Parse errors in Sigil source:
line 1, col 1: unexpected token '<os>\n<pandas>\n<datetime.datetime>\n;; TOD' in: <os>"
BigCodeBench,BigCodeBench/411,python,True,100.0,True,True,True,115,115,117,117,,
BigCodeBench,BigCodeBench/411,kern_compact,True,100.0,True,True,True,115,64,117,66,,
BigCodeBench,BigCodeBench/411,python_minifier,True,100.0,True,True,False,115,63,117,66,,
BigCodeBench,BigCodeBench/411,sigil,True,100.0,False,False,,115,57,117,58,decode,"ValueError: Parse errors in Sigil source:
line 3, col 43: unexpected token "".drop columns:'c' errors:'ignore' data_d"" in: @tf d:dict s:s>s = df:pd.DataFrame d df:df.drop columns:'c' errors:'ignore' data_dict:df.to_dict orient:'dict' open s 'w' |~ file -> json.dump data_dict file s"
BigCodeBench,BigCodeBench/412,python,True,100.0,True,True,True,94,94,94,94,,
BigCodeBench,BigCodeBench/412,kern_compact,True,100.0,True,True,True,94,71,94,71,,
BigCodeBench,BigCodeBench/412,python_minifier,True,100.0,True,True,False,94,69,94,69,,
BigCodeBench,BigCodeBench/412,sigil,True,100.0,False,False,,94,77,94,77,decode,"ValueError: Parse errors in Sigil source:
line 4, col 56: unexpected token ':json.load f decoded_data:{k: unicodedat' in: @tf s:s>dict = ENCODING:'utf-8' open s 'r' |~ f -> data:json.load f decoded_data:{k: unicodedata.normalize('NFC', base64.b64decode(v).decode(ENCODING)) for k, v in data.items()} decoded_data"
BigCodeBench,BigCodeBench/413,python,True,100.0,True,True,True,175,175,175,175,,
BigCodeBench,BigCodeBench/413,kern_compact,True,100.0,True,True,True,175,142,175,142,,
BigCodeBench,BigCodeBench/413,python_minifier,True,100.0,True,True,False,175,127,175,128,,
BigCodeBench,BigCodeBench/413,sigil,True,100.0,False,False,,175,146,175,146,decode,"ValueError: Parse errors in Sigil source:
line 3, col 34: unexpected token "":os.getenv 'MAIL_SERVER' 'localhost' ap."" in: @tf ap = ap.config['MAIL_SERVER']:os.getenv 'MAIL_SERVER' 'localhost' ap.config['MAIL_PORT']:int os.getenv 'MAIL_PORT' 25 ap.config['MAIL_USE_TLS']:os.getenv 'MAIL_USE_TLS' False=='True' ap.config['…"
BigCodeBench,BigCodeBench/414,python,True,100.0,True,True,True,93,93,93,93,,
BigCodeBench,BigCodeBench/414,kern_compact,True,100.0,True,True,True,93,63,93,64,,
BigCodeBench,BigCodeBench/414,python_minifier,True,100.0,True,True,False,93,66,93,67,,
BigCodeBench,BigCodeBench/414,sigil,True,100.0,False,False,,93,62,93,63,decode,"ValueError: Parse errors in Sigil source:
line 3, col 72: unexpected token ': None df.empty | !np.any df.dtypes.app' in: @tf da co = df:pd.DataFrame da co in df.columns ? df:df.drop columns:co : None df.empty | !np.any df.dtypes.apply pd.api.types.is_numeric_dtype ? (df None) : None ax:df.plot() (df ax)"
BigCodeBench,BigCodeBench/415,python,True,100.0,True,True,True,95,95,102,102,,
BigCodeBench,BigCodeBench/415,kern_compact,True,100.0,True,True,True,95,91,102,99,,
BigCodeBench,BigCodeBench/415,python_minifier,True,100.0,True,True,False,95,82,102,87,,
BigCodeBench,BigCodeBench/415,sigil,True,66.66666666666666,False,False,,95,108,102,115,decode,"ValueError: Parse errors in Sigil source:
line 1, col 1: unexpected token '<pandas>\n<codecs>\n;; TODO: manual conver' in: <pandas>"
BigCodeBench,BigCodeBench/416,python,True,100.0,True,True,True,71,71,74,74,,
BigCodeBench,BigCodeBench/416,kern_compact,True,100.0,True,True,True,71,57,74,58,,
BigCodeBench,BigCodeBench/416,python_minifier,True,100.0,True,True,False,71,61,74,62,,
BigCodeBench,BigCodeBench/416,sigil,True,100.0,False,False,,71,55,74,57,decode,"ValueError: Parse errors in Sigil source:
line 3, col 72: unexpected token "": None df:df.select_dtypes include:['nu"" in: @tf da co = df:pd.DataFrame da co in df.columns ? df:df.drop columns:co : None df:df.select_dtypes include:['number'] df.empty ? None : None sns.heatmap df.corr()"
BigCodeBench,BigCodeBench/417,python,True,100.0,True,True,True,217,217,219,219,,
BigCodeBench,BigCodeBench/417,kern_compact,True,100.0,True,True,True,217,179,219,181,,
BigCodeBench,BigCodeBench/417,python_minifier,True,100.0,True,True,False,217,180,219,182,,
BigCodeBench,BigCodeBench/417,sigil,True,100.0,False,False,,217,186,219,185,decode,"ValueError: Parse errors in Sigil source:
line 1, col 1: unexpected token '<sklearn.model_selection.train_test_spli' in: <sklearn.model_selection.train_test_split>"
BigCodeBench,BigCodeBench/418,python,True,100.0,True,True,True,284,284,285,285,,
BigCodeBench,BigCodeBench/418,kern_compact,True,100.0,True,True,True,284,207,285,207,,
BigCodeBench,BigCodeBench/418,python_minifier,True,100.0,True,True,False,284,206,285,206,,
BigCodeBench,BigCodeBench/418,sigil,True,100.0,False,False,,284,222,285,223,decode,"ValueError: Parse errors in Sigil source:
line 1, col 1: unexpected token '<tensorflow.keras>\n<sklearn.model_select' in: <tensorflow.keras>"
BigCodeBench,BigCodeBench/419,python,True,100.0,True,True,True,262,262,264,264,,
BigCodeBench,BigCodeBench/419,kern_compact,True,100.0,True,True,True,262,188,264,188,,
BigCodeBench,BigCodeBench/419,python_minifier,True,100.0,True,True,False,262,187,264,188,,
BigCodeBench,BigCodeBench/419,sigil,True,100.0,False,False,,262,193,264,194,decode,"ValueError: Parse errors in Sigil source:
line 1, col 1: unexpected token '<sklearn.model_selection.train_test_spli' in: <sklearn.model_selection.train_test_split>"
BigCodeBench,BigCodeBench/420,python,True,100.0,True,True,True,176,176,177,177,,
BigCodeBench,BigCodeBench/420,kern_compact,True,100.0,True,True,True,176,103,177,104,,
BigCodeBench,BigCodeBench/420,python_minifier,True,100.0,True,True,False,176,106,177,107,,
BigCodeBench,BigCodeBench/420,sigil,True,66.66666666666666,False,False,,176,140,177,141,decode,"ValueError: Parse errors in Sigil source:
line 1, col 1: unexpected token '<pandas>\n<sklearn.preprocessing.Standard' in: <pandas>"
BigCodeBench,BigCodeBench/421,python,True,100.0,True,True,True,147,147,147,147,,
BigCodeBench,BigCodeBench/421,kern_compact,True,100.0,True,True,True,147,101,147,101,,
BigCodeBench,BigCodeBench/421,python_minifier,True,100.0,True,True,False,147,107,147,107,,
BigCodeBench,BigCodeBench/421,sigil,True,83.33333333333334,False,False,,147,148,147,148,decode,"ValueError: Parse errors in Sigil source:
line 1, col 1: unexpected token ""<requests>\n<os>\n<json>\n<time>\nHEADERS:{'"" in: <requests>"
BigCodeBench,BigCodeBench/422,python,True,100.0,True,True,True,134,134,136,136,,
BigCodeBench,BigCodeBench/422,kern_compact,True,100.0,True,True,True,134,80,136,82,,
BigCodeBench,BigCodeBench/422,python_minifier,True,100.0,True,True,False,134,85,136,87,,
BigCodeBench,BigCodeBench/422,sigil,True,100.0,False,False,,134,74,136,75,decode,"ValueError: Parse errors in Sigil source:
line 3, col 78: unexpected token ': None (X_train X_test y_train y_test):' in: @tf df ta co te = df:pd.DataFrame df co in df.columns ? df:df.drop columns:co : None (X_train X_test y_train y_test):train_test_split df.drop columns:ta df[ta] test_size:te (X_train X_test y_train y_…"
BigCodeBench,BigCodeBench/423,python,True,100.0,True,True,True,126,126,131,131,,
BigCodeBench,BigCodeBench/423,kern_compact,True,100.0,True,True,True,126,106,131,114,,
BigCodeBench,BigCodeBench/423,python_minifier,True,100.0,True,True,False,126,110,131,117,,
BigCodeBench,BigCodeBench/423,sigil,True,75.0,False,False,,126,141,131,146,decode,"ValueError: Parse errors in Sigil source:
line 1, col 1: unexpected token '<numpy>\n<cv2>\n<os>\n;; TODO: manual conve' in: <numpy>"
BigCodeBench,BigCodeBench/424,python,True,100.0,True,True,True,325,325,331,331,,
BigCodeBench,BigCodeBench/424,kern_compact,True,100.0,True,True,True,325,228,331,239,,
BigCodeBench,BigCodeBench/424,python_minifier,True,100.0,True,True,False,325,234,331,242,,
BigCodeBench,BigCodeBench/424,sigil,True,80.0,False,False,,325,319,331,325,decode,"ValueError: Parse errors in Sigil source:
line 1, col 1: unexpected token '<cv2>\n<numpy>\n<os>\n<sklearn.cluster.KMea' in: <cv2>"
BigCodeBench,BigCodeBench/425,python,True,100.0,True,True,True,138,138,142,142,,
BigCodeBench,BigCodeBench/425,kern_compact,True,100.0,True,True,True,138,118,142,124,,
BigCodeBench,BigCodeBench/425,python_minifier,True,100.0,True,True,False,138,119,142,125,,
BigCodeBench,BigCodeBench/425,sigil,True,75.0,False,False,,138,153,142,158,decode,"ValueError: Parse errors in Sigil source:
line 1, col 1: unexpected token '<cv2>\n<os>\n<matplotlib.pyplot>\n;; TODO:' in: <cv2>"
BigCodeBench,BigCodeBench/426,python,True,100.0,True,True,True,146,146,151,151,,
BigCodeBench,BigCodeBench/426,kern_compact,True,100.0,True,True,True,146,118,151,126,,
BigCodeBench,BigCodeBench/426,python_minifier,True,100.0,True,True,False,146,124,151,131,,
BigCodeBench,BigCodeBench/426,sigil,True,75.0,False,False,,146,156,151,161,decode,"ValueError: Parse errors in Sigil source:
line 1, col 1: unexpected token '<numpy>\n<cv2>\n<os>\n;; TODO: manual conve' in: <numpy>"
BigCodeBench,BigCodeBench/427,python,True,100.0,True,True,True,212,212,213,213,,
BigCodeBench,BigCodeBench/427,kern_compact,True,100.0,True,True,True,212,157,213,157,,
BigCodeBench,BigCodeBench/427,python_minifier,True,100.0,True,True,False,212,159,213,160,,
BigCodeBench,BigCodeBench/427,sigil,True,100.0,False,False,,212,140,213,141,decode,"ValueError: Parse errors in Sigil source:
line 4, col 116: unexpected token '.predict X residuals:y-y_pred (fig ax):p' in: @tf df df2 fe ta = df:pd.merge df df2 on:'id' X:df[fe] y:df[ta] model:LinearRegression() model.fit X y y_pred:model.predict X residuals:y-y_pred (fig ax):plt.subplots() ax.scatter y_pred residuals …"
BigCodeBench,BigCodeBench/428,python,True,100.0,True,True,True,210,210,212,212,,
BigCodeBench,BigCodeBench/428,kern_compact,True,100.0,True,True,True,210,106,212,106,,
BigCodeBench,BigCodeBench/428,python_minifier,True,100.0,True,True,False,210,107,212,107,,
BigCodeBench,BigCodeBench/428,sigil,True,100.0,False,False,,210,145,212,146,decode,"ValueError: Parse errors in Sigil source:
line 4, col 83: unexpected token "".select_dtypes include:['float64' 'int64"" in: @tf df df2 = merged_df:pd.merge df df2 on:'id' how:'outer' numeric_features_df1:df.select_dtypes include:['float64' 'int64'].columns.tolist() 'id' in numeric_features_df1 ? numeric_features_df1.remo…"
BigCodeBench,BigCodeBench/429,python,True,100.0,True,True,True,178,178,184,184,,
BigCodeBench,BigCodeBench/429,kern_compact,True,100.0,True,True,True,178,114,184,117,,
BigCodeBench,BigCodeBench/429,python_minifier,True,100.0,True,True,False,178,116,184,119,,
BigCodeBench,BigCodeBench/429,sigil,True,100.0,False,False,,178,124,184,128,decode,"ValueError: Parse errors in Sigil source:
line 5, col 52: unexpected token "".columns.drop 'id' X:df[features] y:df['"" in: @tf df df2 = df:pd.merge df df2 on:'id' features:df.columns.drop 'id' X:df[features] y:df['target'] selector:SelectKBest f_classif k:2 X_new:selector.fit_transform X y selected_features:[(x y) <- zi…"
BigCodeBench,BigCodeBench/430,python,True,100.0,True,True,True,131,131,131,131,,
BigCodeBench,BigCodeBench/430,kern_compact,True,100.0,True,True,True,131,108,131,110,,
BigCodeBench,BigCodeBench/430,python_minifier,True,100.0,True,True,False,131,113,131,118,,
BigCodeBench,BigCodeBench/430,sigil,True,100.0,False,False,,131,96,131,97,decode,"ValueError: Parse errors in Sigil source:
line 3, col 126: unexpected token '.labels_ (_ ax):plt.subplots() ax.scatte' in: @tf df df2 co co2 = df:pd.merge df df2 on:'id' X:df[[co co2]] kmeans:KMeans n_clusters:2 n_init:10 kmeans.fit X labels:kmeans.labels_ (_ ax):plt.subplots() ax.scatter X[co] X[co2] c:kmeans.labels_ …"
BigCodeBench,BigCodeBench/431,python,True,100.0,True,True,True,101,101,108,108,,
BigCodeBench,BigCodeBench/431,kern_compact,True,100.0,True,True,True,101,83,108,92,,
BigCodeBench,BigCodeBench/431,python_minifier,True,100.0,True,True,False,101,82,108,90,,
BigCodeBench,BigCodeBench/431,sigil,True,75.0,False,False,,101,114,108,121,decode,"ValueError: Parse errors in Sigil source:
line 1, col 1: unexpected token '<cv2>\n<os>\n<numpy>\n;; TODO: manual conve' in: <cv2>"
BigCodeBench,BigCodeBench/432,python,True,100.0,True,True,True,103,103,108,108,,
BigCodeBench,BigCodeBench/432,kern_compact,True,100.0,True,True,True,103,84,108,86,,
BigCodeBench,BigCodeBench/432,python_minifier,True,100.0,True,True,False,103,82,108,84,,
BigCodeBench,BigCodeBench/432,sigil,True,100.0,False,False,,103,77,108,81,decode,"ValueError: Parse errors in Sigil source:
line 3, col 68: unexpected token '.crosstab df[co] df[co2] heatmap:sns.hea' in: @tf df df2 co co2 = df:pd.merge df df2 on:'id' contingency_table:pd.crosstab df[co] df[co2] heatmap:sns.heatmap contingency_table (chi2 p dof expected):chi2_contingency contingency_table (p heatmap)"
BigCodeBench,BigCodeBench/433,python,True,100.0,True,True,True,70,70,72,72,,
BigCodeBench,BigCodeBench/433,kern_compact,True,100.0,True,True,True,70,59,72,60,,
BigCodeBench,BigCodeBench/433,python_minifier,True,100.0,True,True,False,70,60,72,60,,
BigCodeBench,BigCodeBench/433,sigil,True,100.0,False,False,,70,58,72,58,decode,"ValueError: Parse errors in Sigil source:
line 5, col 78: unexpected token '.new se.encode() decoded_msg.encode() ha' in: @tf s si se = decoded_msg:base64.b64decode s.decode() computed_signature:hmac.new se.encode() decoded_msg.encode() hashlib.sha1 binascii.hexlify computed_signature.digest().decode()==si"
BigCodeBench,BigCodeBench/434,python,True,100.0,True,True,True,239,239,243,243,,
BigCodeBench,BigCodeBench/434,kern_compact,True,100.0,True,True,True,239,171,243,177,,
BigCodeBench,BigCodeBench/434,python_minifier,True,100.0,True,True,False,239,176,243,180,,
BigCodeBench,BigCodeBench/434,sigil,True,75.0,False,False,,239,258,243,262,decode,"ValueError: Parse errors in Sigil source:
line 1, col 1: unexpected token '<pandas>\n<re>\n<random>\n;; TODO: manual c' in: <pandas>"
BigCodeBench,BigCodeBench/435,python,True,100.0,True,True,True,175,175,176,176,,
BigCodeBench,BigCodeBench/435,kern_compact,True,100.0,True,True,True,175,117,176,121,,
BigCodeBench,BigCodeBench/435,python_minifier,True,100.0,True,True,False,175,113,176,115,,
BigCodeBench,BigCodeBench/435,sigil,True,66.66666666666666,False,False,,175,182,176,183,decode,"ValueError: Parse errors in Sigil source:
line 1, col 1: unexpected token '<pandas>\n<random.randint>\n;; TODO: manua' in: <pandas>"
BigCodeBench,BigCodeBench/436,python,True,100.0,True,True,True,109,109,112,112,,
BigCodeBench,BigCodeBench/436,kern_compact,True,100.0,True,True,True,109,81,112,86,,
BigCodeBench,BigCodeBench/436,python_minifier,True,100.0,True,True,False,109,83,112,88,,
BigCodeBench,BigCodeBench/436,sigil,True,66.66666666666666,False,False,,109,127,112,131,decode,"ValueError: Parse errors in Sigil source:
line 1, col 1: unexpected token '<string>\n<matplotlib.pyplot>\n;; TODO: ma' in: <string>"
BigCodeBench,BigCodeBench/437,python,True,100.0,True,True,True,66,66,66,66,,
BigCodeBench,BigCodeBench/437,kern_compact,True,100.0,True,True,True,66,50,66,51,,
BigCodeBench,BigCodeBench/437,python_minifier,True,100.0,True,True,False,66,53,66,53,,
BigCodeBench,BigCodeBench/437,sigil,True,100.0,False,False,,66,44,66,44,decode,"ValueError: Parse errors in Sigil source:
line 3, col 90: unexpected token ':pickle.load file os.remove fi loaded_df' in: @tf df fi = open fi 'wb' |~ file -> pickle.dump df file open fi 'rb' |~ file -> loaded_df:pickle.load file os.remove fi loaded_df"
BigCodeBench,BigCodeBench/438,python,True,100.0,True,True,True,121,121,122,122,,
BigCodeBench,BigCodeBench/438,kern_compact,True,100.0,True,True,True,121,91,122,96,,
BigCodeBench,BigCodeBench/438,python_minifier,True,100.0,True,True,False,121,98,122,102,,
BigCodeBench,BigCodeBench/438,sigil,True,75.0,False,False,,121,134,122,136,decode,"ValueError: Parse errors in Sigil source:
line 1, col 1: unexpected token '<pickle>\n<os>\n<matplotlib.pyplot>\n;; TOD' in: <pickle>"
BigCodeBench,BigCodeBench/439,python,True,100.0,True,True,True,110,110,115,115,,
BigCodeBench,BigCodeBench/439,kern_compact,True,100.0,True,True,True,110,74,115,76,,
BigCodeBench,BigCodeBench/439,python_minifier,True,100.0,True,True,False,110,73,115,76,,
BigCodeBench,BigCodeBench/439,sigil,True,66.66666666666666,False,False,,110,109,115,113,decode,"ValueError: Parse errors in Sigil source:
line 1, col 1: unexpected token '<numpy>\n<seaborn>\n;; TODO: manual conver' in: <numpy>"
BigCodeBench,BigCodeBench/440,python,True,100.0,True,True,True,185,185,189,189,,
BigCodeBench,BigCodeBench/440,kern_compact,True,100.0,True,True,True,185,150,189,154,,
BigCodeBench,BigCodeBench/440,python_minifier,True,100.0,True,True,False,185,153,189,156,,
BigCodeBench,BigCodeBench/440,sigil,True,75.0,False,False,,185,196,189,200,decode,"ValueError: Parse errors in Sigil source:
line 1, col 1: unexpected token '<numpy>\n<pandas>\n<sklearn.preprocessing.' in: <numpy>"
BigCodeBench,BigCodeBench/441,python,True,100.0,True,True,True,148,148,149,149,,
BigCodeBench,BigCodeBench/441,kern_compact,True,100.0,True,True,True,148,88,149,91,,
BigCodeBench,BigCodeBench/441,python_minifier,True,100.0,True,True,False,148,87,149,91,,
BigCodeBench,BigCodeBench/441,sigil,True,66.66666666666666,False,False,,148,121,149,123,decode,"ValueError: Parse errors in Sigil source:
line 1, col 1: unexpected token '<numpy>\n<matplotlib.pyplot>\n;; TODO: man' in: <numpy>"
BigCodeBench,BigCodeBench/442,python,True,100.0,True,True,True,215,215,222,222,,
BigCodeBench,BigCodeBench/442,kern_compact,True,100.0,True,True,True,215,171,222,175,,
BigCodeBench,BigCodeBench/442,python_minifier,True,100.0,True,True,False,215,169,222,173,,
BigCodeBench,BigCodeBench/442,sigil,True,75.0,False,False,,215,228,222,235,decode,"ValueError: Parse errors in Sigil source:
line 1, col 1: unexpected token '<numpy>\n<sklearn.decomposition.PCA>\n<mat' in: <numpy>"
BigCodeBench,BigCodeBench/443,python,True,100.0,True,True,True,245,245,244,244,,
BigCodeBench,BigCodeBench/443,kern_compact,True,100.0,True,True,True,245,163,244,165,,
BigCodeBench,BigCodeBench/443,python_minifier,True,100.0,True,True,False,245,151,244,154,,
BigCodeBench,BigCodeBench/443,sigil,True,75.0,False,False,,245,236,244,237,decode,"ValueError: Parse errors in Sigil source:
line 1, col 1: unexpected token '<numpy>\n<sklearn.cluster.KMeans>\n<matplo' in: <numpy>"
BigCodeBench,BigCodeBench/444,python,True,100.0,True,True,True,86,86,86,86,,
BigCodeBench,BigCodeBench/444,kern_compact,True,100.0,True,True,True,86,70,86,72,,
BigCodeBench,BigCodeBench/444,python_minifier,True,100.0,True,True,False,86,71,86,73,,
BigCodeBench,BigCodeBench/444,sigil,True,100.0,False,False,,86,69,86,70,decode,"ValueError: Parse errors in Sigil source:
line 3, col 40: unexpected token '.random.random (n_ 3) fig:plt.figure() a' in: @tf n_ ra = np.random.seed ra points:np.random.random (n_ 3) fig:plt.figure() ax:fig.add_subplot 111 projection:'3d' ax.scatter points[(: 0)] points[(: 1)] points[(: 2)] (points ax)"
BigCodeBench,BigCodeBench/445,python,True,100.0,True,True,True,178,178,182,182,,
BigCodeBench,BigCodeBench/445,kern_compact,True,100.0,True,True,True,178,137,182,143,,
BigCodeBench,BigCodeBench/445,python_minifier,True,100.0,True,True,False,178,142,182,148,,
BigCodeBench,BigCodeBench/445,sigil,True,75.0,False,False,,178,189,182,195,decode,"ValueError: Parse errors in Sigil source:
line 1, col 1: unexpected token '<numpy>\n<scipy.spatial.Voronoi>\n<scipy.s' in: <numpy>"
BigCodeBench,BigCodeBench/446,python,True,100.0,True,True,True,101,101,102,102,,
BigCodeBench,BigCodeBench/446,kern_compact,True,100.0,True,True,True,101,77,102,79,,
BigCodeBench,BigCodeBench/446,python_minifier,True,100.0,True,True,False,101,81,102,85,,
BigCodeBench,BigCodeBench/446,sigil,True,100.0,False,False,,101,73,102,74,decode,"ValueError: Parse errors in Sigil source:
line 1, col 1: unexpected token '<matplotlib.pyplot>\n<sklearn.datasets.ma' in: <matplotlib.pyplot>"
BigCodeBench,BigCodeBench/447,python,True,100.0,True,True,True,129,129,131,131,,
BigCodeBench,BigCodeBench/447,kern_compact,True,100.0,True,True,True,129,94,131,96,,
BigCodeBench,BigCodeBench/447,python_minifier,True,100.0,True,True,False,129,98,131,99,,
BigCodeBench,BigCodeBench/447,sigil,True,100.0,False,False,,129,105,131,107,decode,"ValueError: Parse errors in Sigil source:
line 4, col 76: unexpected token '.fit_transform da (fig ax):plt.subplots(' in: @tf da n_ ra = pca:PCA n_components:n_ random_state:ra transformed_data:pca.fit_transform da (fig ax):plt.subplots() transformed_data.shape[1]==1 ? ax.scatter transformed_data[(: 0)] np.zeros_like t…"
BigCodeBench,BigCodeBench/448,python,True,100.0,True,True,True,79,79,79,79,,
BigCodeBench,BigCodeBench/448,kern_compact,True,100.0,True,True,True,79,65,79,67,,
BigCodeBench,BigCodeBench/448,python_minifier,True,100.0,True,True,False,79,67,79,69,,
BigCodeBench,BigCodeBench/448,sigil,True,100.0,False,False,,79,53,79,54,decode,"ValueError: Parse errors in Sigil source:
line 4, col 53: unexpected token '.pdf x mu si (fig ax):plt.subplots() ax.' in: @tf mu si = x:np.linspace mu-3*si mu+3*si 100 y:norm.pdf x mu si (fig ax):plt.subplots() ax.plot x y ax"
BigCodeBench,BigCodeBench/449,python,True,100.0,True,True,True,149,149,152,152,,
BigCodeBench,BigCodeBench/449,kern_compact,True,100.0,True,True,True,149,105,152,111,,
BigCodeBench,BigCodeBench/449,python_minifier,True,100.0,True,True,False,149,97,152,100,,
BigCodeBench,BigCodeBench/449,sigil,True,75.0,False,False,,149,162,152,166,decode,"ValueError: Parse errors in Sigil source:
line 1, col 1: unexpected token '<pandas>\n<matplotlib.pyplot>\n<sklearn.pr' in: <pandas>"
BigCodeBench,BigCodeBench/450,python,True,100.0,True,True,True,135,135,137,137,,
BigCodeBench,BigCodeBench/450,kern_compact,True,100.0,True,True,True,135,107,137,111,,
BigCodeBench,BigCodeBench/450,python_minifier,True,100.0,True,True,False,135,115,137,120,,
BigCodeBench,BigCodeBench/450,sigil,True,100.0,False,False,,135,97,137,99,decode,"ValueError: Parse errors in Sigil source:
line 1, col 1: unexpected token '<scipy.spatial.distance.cdist>\n<sklearn.' in: <scipy.spatial.distance.cdist>"
BigCodeBench,BigCodeBench/451,python,True,100.0,True,True,True,158,158,163,163,,
BigCodeBench,BigCodeBench/451,kern_compact,True,100.0,True,True,True,158,120,163,124,,
BigCodeBench,BigCodeBench/451,python_minifier,True,100.0,True,True,False,158,126,163,130,,
BigCodeBench,BigCodeBench/451,sigil,True,100.0,False,False,,158,117,163,120,decode,"ValueError: Parse errors in Sigil source:
line 5, col 42: unexpected token '.random.rand N_ N_2 pca:PCA n_components' in: @tf n_ N_ N_2 ra = np.random.seed ra X:np.random.rand N_ N_2 pca:PCA n_components:n_ random_state:ra X_transformed:pca.fit_transform X n_==1 ? (X_transformed None) : None (fig ax):plt.subplots figsi…"
BigCodeBench,BigCodeBench/452,python,True,100.0,True,True,True,197,197,199,199,,
BigCodeBench,BigCodeBench/452,kern_compact,True,100.0,True,True,True,197,122,199,123,,
BigCodeBench,BigCodeBench/452,python_minifier,True,100.0,True,True,False,197,127,199,128,,
BigCodeBench,BigCodeBench/452,sigil,True,100.0,False,False,,197,125,199,127,decode,"ValueError: Parse errors in Sigil source:
line 1, col 1: unexpected token '<numpy>\n<sklearn.datasets>\n<sklearn.mode' in: <numpy>"
BigCodeBench,BigCodeBench/453,python,True,100.0,True,True,True,49,49,50,50,,
BigCodeBench,BigCodeBench/453,kern_compact,True,100.0,True,True,True,49,40,50,41,,
BigCodeBench,BigCodeBench/453,python_minifier,True,100.0,True,True,False,49,44,50,45,,
BigCodeBench,BigCodeBench/453,sigil,True,75.0,False,False,,49,60,50,61,decode,"ValueError: Parse errors in Sigil source:
line 1, col 1: unexpected token '<re>\n<string>\n<random.choice>\n;; TODO: m' in: <re>"
BigCodeBench,BigCodeBench/454,python,True,100.0,True,True,True,149,149,155,155,,
BigCodeBench,BigCodeBench/454,kern_compact,True,100.0,True,True,True,149,118,155,124,,
BigCodeBench,BigCodeBench/454,python_minifier,True,100.0,True,True,False,149,125,155,131,,
BigCodeBench,BigCodeBench/454,sigil,True,75.0,False,False,,149,171,155,177,decode,"ValueError: Parse errors in Sigil source:
line 1, col 1: unexpected token '<os>\n<shutil>\n<glob>\n;; TODO: manual con' in: <os>"
BigCodeBench,BigCodeBench/455,python,True,100.0,True,True,True,163,163,164,164,,
BigCodeBench,BigCodeBench/455,kern_compact,True,100.0,True,True,True,163,128,164,132,,
BigCodeBench,BigCodeBench/455,python_minifier,True,100.0,True,True,False,163,136,164,139,,
BigCodeBench,BigCodeBench/455,sigil,True,100.0,False,False,,163,119,164,121,decode,"ValueError: Parse errors in Sigil source:
line 4, col 143: unexpected token ':plt.xlim() x:np.linspace xmin xmax 100' in: @tf me st n = samples:np.random.normal me st n plt.figure figsize:(10 6) plt.hist samples bins:30 density:True alpha:0.6 color:'g' (xmin xmax):plt.xlim() x:np.linspace xmin xmax 100 p:stats.norm.pdf…"
BigCodeBench,BigCodeBench/456,python,True,100.0,True,True,True,125,125,130,130,,
BigCodeBench,BigCodeBench/456,kern_compact,True,100.0,True,True,True,125,93,130,97,,
BigCodeBench,BigCodeBench/456,python_minifier,True,100.0,True,True,False,125,83,130,85,,
BigCodeBench,BigCodeBench/456,sigil,True,100.0,False,False,,125,92,130,97,decode,"ValueError: Parse errors in Sigil source:
line 1, col 1: unexpected token '<pandas>\n<matplotlib.pyplot>\n<seaborn>\n<' in: <pandas>"
BigCodeBench,BigCodeBench/457,python,True,100.0,True,True,True,94,94,95,95,,
BigCodeBench,BigCodeBench/457,kern_compact,True,100.0,True,True,True,94,71,95,72,,
BigCodeBench,BigCodeBench/457,python_minifier,True,100.0,True,True,False,94,74,95,75,,
BigCodeBench,BigCodeBench/457,sigil,True,66.66666666666666,False,False,,94,104,95,105,decode,"ValueError: Parse errors in Sigil source:
line 1, col 1: unexpected token '<pandas>\n<numpy>\n;; TODO: manual convers' in: <pandas>"
BigCodeBench,BigCodeBench/458,python,True,100.0,True,True,True,246,246,251,251,,
BigCodeBench,BigCodeBench/458,kern_compact,True,100.0,True,True,True,246,174,251,181,,
BigCodeBench,BigCodeBench/458,python_minifier,True,100.0,True,True,False,246,184,251,191,,
BigCodeBench,BigCodeBench/458,sigil,True,75.0,False,False,,246,277,251,282,decode,"ValueError: Parse errors in Sigil source:
line 1, col 1: unexpected token '<json>\n<re>\n<pandas>\n;; TODO: manual con' in: <json>"
BigCodeBench,BigCodeBench/459,python,True,100.0,True,True,True,144,144,149,149,,
BigCodeBench,BigCodeBench/459,kern_compact,True,100.0,True,True,True,144,111,149,118,,
BigCodeBench,BigCodeBench/459,python_minifier,True,100.0,True,True,False,144,123,149,128,,
BigCodeBench,BigCodeBench/459,sigil,True,80.0,False,False,,144,166,149,171,decode,"ValueError: Parse errors in Sigil source:
line 1, col 1: unexpected token '<subprocess>\n<os>\n<time>\n<datetime.datet' in: <subprocess>"
BigCodeBench,BigCodeBench/460,python,True,100.0,True,True,True,127,127,132,132,,
BigCodeBench,BigCodeBench/460,kern_compact,True,100.0,True,True,True,127,108,132,113,,
BigCodeBench,BigCodeBench/460,python_minifier,True,100.0,True,True,False,127,107,132,112,,
BigCodeBench,BigCodeBench/460,sigil,True,66.66666666666666,False,False,,127,142,132,147,decode,"ValueError: Parse errors in Sigil source:
line 1, col 1: unexpected token '<subprocess>\n<pandas>\n;; TODO: manual co' in: <subprocess>"
BigCodeBench,BigCodeBench/461,python,True,100.0,True,True,True,257,257,262,262,,
BigCodeBench,BigCodeBench/461,kern_compact,True,100.0,True,True,True,257,151,262,157,,
BigCodeBench,BigCodeBench/461,python_minifier,True,100.0,True,True,False,257,160,262,165,,
BigCodeBench,BigCodeBench/461,sigil,True,80.0,False,False,,257,243,262,248,decode,"ValueError: Parse errors in Sigil source:
line 1, col 1: unexpected token '<subprocess>\n<psutil>\n<time>\n<os>\n;; TOD' in: <subprocess>"
BigCodeBench,BigCodeBench/462,python,True,100.0,True,True,True,163,163,165,165,,
BigCodeBench,BigCodeBench/462,kern_compact,True,100.0,True,True,True,163,121,165,123,,
BigCodeBench,BigCodeBench/462,python_minifier,True,100.0,True,True,False,163,130,165,132,,
BigCodeBench,BigCodeBench/462,sigil,True,66.66666666666666,False,False,,163,157,165,159,decode,"ValueError: Parse errors in Sigil source:
line 1, col 1: unexpected token '<pandas>\n<random>\n;; TODO: manual conver' in: <pandas>"
BigCodeBench,BigCodeBench/463,python,True,100.0,True,True,True,98,98,99,99,,
BigCodeBench,BigCodeBench/463,kern_compact,True,100.0,True,True,True,98,79,99,80,,
BigCodeBench,BigCodeBench/463,python_minifier,True,100.0,True,True,False,98,82,99,83,,
BigCodeBench,BigCodeBench/463,sigil,True,66.66666666666666,False,False,,98,110,99,111,decode,"ValueError: Parse errors in Sigil source:
line 1, col 1: unexpected token '<numpy>\n<pandas>\n;; TODO: manual convers' in: <numpy>"
BigCodeBench,BigCodeBench/464,python,True,100.0,True,True,True,81,81,83,83,,
BigCodeBench,BigCodeBench/464,kern_compact,True,100.0,True,True,True,81,67,83,67,,
BigCodeBench,BigCodeBench/464,python_minifier,True,100.0,True,True,False,81,76,83,76,,
BigCodeBench,BigCodeBench/464,sigil,True,75.0,False,False,,81,98,83,101,decode,"ValueError: Parse errors in Sigil source:
line 1, col 1: unexpected token '<json>\n<datetime.datetime>\n<decimal.Deci' in: <json>"
BigCodeBench,BigCodeBench/465,python,True,100.0,True,True,True,100,100,100,100,,
BigCodeBench,BigCodeBench/465,kern_compact,True,100.0,True,True,True,100,82,100,82,,
BigCodeBench,BigCodeBench/465,python_minifier,True,100.0,True,True,False,100,92,100,92,,
BigCodeBench,BigCodeBench/465,sigil,True,80.0,False,False,,100,116,100,117,decode,"ValueError: Parse errors in Sigil source:
line 1, col 1: unexpected token '<json>\n<datetime.datetime>\n<numpy>\n<deci' in: <json>"
BigCodeBench,BigCodeBench/466,python,True,100.0,True,True,True,95,95,95,95,,
BigCodeBench,BigCodeBench/466,kern_compact,True,100.0,True,True,True,95,67,95,67,,
BigCodeBench,BigCodeBench/466,python_minifier,True,100.0,True,True,False,95,75,95,75,,
BigCodeBench,BigCodeBench/466,sigil,True,50.0,False,False,,95,113,95,113,decode,"ValueError: Parse errors in Sigil source:
line 1, col 1: unexpected token '<json>\n<enum.Enum>\n;; TODO: manual conve' in: <json>"
BigCodeBench,BigCodeBench/467,python,True,100.0,True,True,True,115,115,114,114,,
BigCodeBench,BigCodeBench/467,kern_compact,True,100.0,True,True,True,115,76,114,75,,
BigCodeBench,BigCodeBench/467,python_minifier,True,100.0,True,True,False,115,76,114,76,,
BigCodeBench,BigCodeBench/467,sigil,True,100.0,False,False,,115,69,114,69,decode,"ValueError: Parse errors in Sigil source:
line 3, col 34: unexpected token '.random.rand n y:np.random.rand n (fig a' in: @tf n se = np.random.seed se x:np.random.rand n y:np.random.rand n (fig ax):plt.subplots() ax.scatter x y ax.set_title 'Scatter plot of random points' ax.set_xlabel 'X' ax.set_ylabel 'Y' (fig list z…"
BigCodeBench,BigCodeBench/468,python,True,100.0,True,True,True,71,71,71,71,,
BigCodeBench,BigCodeBench/468,kern_compact,True,100.0,True,True,True,71,56,71,56,,
BigCodeBench,BigCodeBench/468,python_minifier,True,100.0,True,True,False,71,58,71,59,,
BigCodeBench,BigCodeBench/468,sigil,True,100.0,False,False,,71,45,71,45,decode,"ValueError: Parse errors in Sigil source:
line 3, col 68: unexpected token '.cbrt df[co] (df ax croot)' in: @tf fi co = df:pd.read_csv fi dtype:float ax:df[co].plot() croot:np.cbrt df[co] (df ax croot)"
BigCodeBench,BigCodeBench/469,python,True,100.0,True,True,True,194,194,197,197,,
BigCodeBench,BigCodeBench/469,kern_compact,True,100.0,True,True,True,194,160,197,164,,
BigCodeBench,BigCodeBench/469,python_minifier,True,100.0,True,True,False,194,163,197,168,,
BigCodeBench,BigCodeBench/469,sigil,True,75.0,False,False,,194,210,197,214,decode,"ValueError: Parse errors in Sigil source:
line 1, col 1: unexpected token '<pandas>\n<matplotlib.pyplot>\n<collection' in: <pandas>"
BigCodeBench,BigCodeBench/470,python,True,100.0,True,True,True,85,85,86,86,,
BigCodeBench,BigCodeBench/470,kern_compact,True,100.0,True,True,True,85,68,86,69,,
BigCodeBench,BigCodeBench/470,python_minifier,True,100.0,True,True,False,85,70,86,71,,
BigCodeBench,BigCodeBench/470,sigil,True,100.0,False,False,,85,60,86,61,decode,"ValueError: Parse errors in Sigil source:
line 1, col 1: unexpected token '<matplotlib.pyplot>\n<numpy>\n@tf my = (_' in: <matplotlib.pyplot>"
BigCodeBench,BigCodeBench/471,python,True,100.0,True,True,True,62,62,64,64,,
BigCodeBench,BigCodeBench/471,kern_compact,True,100.0,True,True,True,62,47,64,49,,
BigCodeBench,BigCodeBench/471,python_minifier,True,100.0,True,True,False,62,51,64,53,,
BigCodeBench,BigCodeBench/471,sigil,True,100.0,False,False,,62,47,64,48,decode,"ValueError: Parse errors in Sigil source:
line 3, col 90: unexpected token '.DataFrame.from_dict word_counts orient:' in: @tf my = words:[w <- my => w.lower().strip()] word_counts:dict Counter words report_df:pd.DataFrame.from_dict word_counts orient:'index' columns:['Count'] report_df"
BigCodeBench,BigCodeBench/472,python,True,100.0,True,True,True,112,112,115,115,,
BigCodeBench,BigCodeBench/472,kern_compact,True,100.0,True,True,True,112,94,115,98,,
BigCodeBench,BigCodeBench/472,python_minifier,True,100.0,True,True,False,112,100,115,103,,
BigCodeBench,BigCodeBench/472,sigil,True,66.66666666666666,False,False,,112,126,115,130,decode,"ValueError: Parse errors in Sigil source:
line 1, col 1: unexpected token '<matplotlib.pyplot>\n<sklearn.cluster.KMe' in: <matplotlib.pyplot>"
BigCodeBench,BigCodeBench/473,python,True,100.0,True,True,True,148,148,151,151,,
BigCodeBench,BigCodeBench/473,kern_compact,True,100.0,True,True,True,148,114,151,119,,
BigCodeBench,BigCodeBench/473,python_minifier,True,100.0,True,True,False,148,119,151,123,,
BigCodeBench,BigCodeBench/473,sigil,True,75.0,False,False,,148,164,151,168,decode,"ValueError: Parse errors in Sigil source:
line 1, col 1: unexpected token '<numpy>\n<matplotlib.pyplot>\n<itertools>' in: <numpy>"
BigCodeBench,BigCodeBench/474,python,True,100.0,True,True,True,176,176,178,178,,
BigCodeBench,BigCodeBench/474,kern_compact,True,100.0,True,True,True,176,143,178,147,,
BigCodeBench,BigCodeBench/474,python_minifier,True,100.0,True,True,False,176,147,178,152,,
BigCodeBench,BigCodeBench/474,sigil,True,75.0,False,False,,176,184,178,187,decode,"ValueError: Parse errors in Sigil source:
line 1, col 1: unexpected token '<numpy>\n<matplotlib.pyplot>\n<scipy.stats' in: <numpy>"
BigCodeBench,BigCodeBench/475,python,True,100.0,True,True,True,208,208,213,213,,
BigCodeBench,BigCodeBench/475,kern_compact,True,100.0,True,True,True,208,162,213,169,,
BigCodeBench,BigCodeBench/475,python_minifier,True,100.0,True,True,False,208,175,213,181,,
BigCodeBench,BigCodeBench/475,sigil,True,66.66666666666666,False,False,,208,220,213,225,decode,"ValueError: Parse errors in Sigil source:
line 1, col 1: unexpected token '<pandas>\n<datetime.datetime>\n;; TODO: ma' in: <pandas>"
BigCodeBench,BigCodeBench/476,python,True,100.0,True,True,True,99,99,99,99,,
BigCodeBench,BigCodeBench/476,kern_compact,True,100.0,True,True,True,99,68,99,69,,
BigCodeBench,BigCodeBench/476,python_minifier,True,100.0,True,True,False,99,70,99,71,,
BigCodeBench,BigCodeBench/476,sigil,True,66.66666666666666,False,False,,99,116,99,118,decode,"ValueError: Parse errors in Sigil source:
line 1, col 1: unexpected token '<matplotlib.pyplot>\n<scipy.optimize.curv' in: <matplotlib.pyplot>"
BigCodeBench,BigCodeBench/477,python,True,100.0,True,True,True,207,207,208,208,,
BigCodeBench,BigCodeBench/477,kern_compact,True,100.0,True,True,True,207,146,208,150,,
BigCodeBench,BigCodeBench/477,python_minifier,True,100.0,True,True,False,207,147,208,150,,
BigCodeBench,BigCodeBench/477,sigil,True,75.0,False,False,,207,214,208,216,decode,"ValueError: Parse errors in Sigil source:
line 1, col 1: unexpected token '<numpy>\n<pandas>\n<matplotlib.pyplot>\n;;' in: <numpy>"
BigCodeBench,BigCodeBench/478,python,True,100.0,True,True,True,145,145,146,146,,
BigCodeBench,BigCodeBench/478,kern_compact,True,100.0,True,True,True,145,95,146,96,,
BigCodeBench,BigCodeBench/478,python_minifier,True,100.0,True,True,False,145,101,146,101,,
BigCodeBench,BigCodeBench/478,sigil,True,75.0,False,False,,145,155,146,156,decode,"ValueError: Parse errors in Sigil source:
line 1, col 1: unexpected token '<pandas>\n<re>\n<random>\n;; TODO: manual c' in: <pandas>"
BigCodeBench,BigCodeBench/479,python,True,100.0,True,True,True,169,169,173,173,,
BigCodeBench,BigCodeBench/479,kern_compact,True,100.0,True,True,True,169,113,173,119,,
BigCodeBench,BigCodeBench/479,python_minifier,True,100.0,True,True,False,169,120,173,125,,
BigCodeBench,BigCodeBench/479,sigil,True,75.0,False,False,,169,186,173,190,decode,"ValueError: Parse errors in Sigil source:
line 1, col 1: unexpected token '<random>\n<string>\n<pandas>\n;; TODO: manu' in: <random>"
BigCodeBench,BigCodeBench/480,python,True,100.0,True,True,True,109,109,110,110,,
BigCodeBench,BigCodeBench/480,kern_compact,True,100.0,True,True,True,109,77,110,79,,
BigCodeBench,BigCodeBench/480,python_minifier,True,100.0,True,True,False,109,83,110,85,,
BigCodeBench,BigCodeBench/480,sigil,True,75.0,False,False,,109,126,110,128,decode,"ValueError: Parse errors in Sigil source:
line 1, col 1: unexpected token '<re>\n<random>\n<pandas>\n;; TODO: manual c' in: <re>"
BigCodeBench,BigCodeBench/481,python,True,100.0,True,True,True,120,120,121,121,,
BigCodeBench,BigCodeBench/481,kern_compact,True,100.0,True,True,True,120,87,121,89,,
BigCodeBench,BigCodeBench/481,python_minifier,True,100.0,True,True,False,120,90,121,92,,
BigCodeBench,BigCodeBench/481,sigil,True,75.0,False,False,,120,136,121,138,decode,"ValueError: Parse errors in Sigil source:
line 1, col 1: unexpected token '<pandas>\n<random>\n<re>\n;; TODO: manual c' in: <pandas>"
BigCodeBench,BigCodeBench/482,python,True,100.0,True,True,True,260,260,261,261,,
BigCodeBench,BigCodeBench/482,kern_compact,True,100.0,True,True,True,260,171,261,173,,
BigCodeBench,BigCodeBench/482,python_minifier,True,100.0,True,True,False,260,190,261,191,,
BigCodeBench,BigCodeBench/482,sigil,True,75.0,False,False,,260,292,261,293,decode,"ValueError: Parse errors in Sigil source:
line 1, col 1: unexpected token '<pandas>\n<random>\n<re>\n;; TODO: manual c' in: <pandas>"
BigCodeBench,BigCodeBench/483,python,True,100.0,True,True,True,136,136,140,140,,
BigCodeBench,BigCodeBench/483,kern_compact,True,100.0,True,True,True,136,96,140,100,,
BigCodeBench,BigCodeBench/483,python_minifier,True,100.0,True,True,False,136,96,140,96,,
BigCodeBench,BigCodeBench/483,sigil,True,66.66666666666666,False,False,,136,151,140,155,decode,"ValueError: Parse errors in Sigil source:
line 1, col 1: unexpected token '<re>\n<pandas>\n;; TODO: manual conversion' in: <re>"
BigCodeBench,BigCodeBench/484,python,True,100.0,True,True,True,286,286,291,291,,
BigCodeBench,BigCodeBench/484,kern_compact,True,100.0,True,True,True,286,218,291,222,,
BigCodeBench,BigCodeBench/484,python_minifier,True,100.0,True,True,False,286,223,291,228,,
BigCodeBench,BigCodeBench/484,sigil,True,80.0,False,False,,286,297,291,302,decode,"ValueError: Parse errors in Sigil source:
line 1, col 1: unexpected token '<math>\n<numpy>\n<datetime.datetime>\n<pand' in: <math>"
BigCodeBench,BigCodeBench/485,python,True,100.0,True,True,True,294,294,297,297,,
BigCodeBench,BigCodeBench/485,kern_compact,True,100.0,True,True,False,294,212,297,213,ast,normalized AST differs
BigCodeBench,BigCodeBench/485,python_minifier,True,100.0,True,True,False,294,206,297,207,,
BigCodeBench,BigCodeBench/485,sigil,True,80.0,False,False,,294,299,297,303,decode,"ValueError: Parse errors in Sigil source:
line 1, col 1: unexpected token '<datetime.datetime>\n<datetime.timedelta>' in: <datetime.datetime>"
BigCodeBench,BigCodeBench/486,python,True,100.0,True,True,True,197,197,200,200,,
BigCodeBench,BigCodeBench/486,kern_compact,True,100.0,True,True,True,197,157,200,161,,
BigCodeBench,BigCodeBench/486,python_minifier,True,100.0,True,True,False,197,170,200,174,,
BigCodeBench,BigCodeBench/486,sigil,True,75.0,False,False,,197,213,200,216,decode,"ValueError: Parse errors in Sigil source:
line 1, col 1: unexpected token '<datetime.datetime>\n<pandas>\n<numpy>\n;;' in: <datetime.datetime>"
BigCodeBench,BigCodeBench/487,python,True,100.0,True,True,True,193,193,199,199,,
BigCodeBench,BigCodeBench/487,kern_compact,True,100.0,True,True,True,193,156,199,163,,
BigCodeBench,BigCodeBench/487,python_minifier,True,100.0,True,True,False,193,164,199,169,,
BigCodeBench,BigCodeBench/487,sigil,True,75.0,False,False,,193,215,199,221,decode,"ValueError: Parse errors in Sigil source:
line 1, col 1: unexpected token '<os>\n<pandas>\n<re>\n;; TODO: manual conve' in: <os>"
BigCodeBench,BigCodeBench/488,python,True,100.0,True,True,True,238,238,241,241,,
BigCodeBench,BigCodeBench/488,kern_compact,True,100.0,True,True,True,238,189,241,192,,
BigCodeBench,BigCodeBench/488,python_minifier,True,100.0,True,True,False,238,201,241,207,,
BigCodeBench,BigCodeBench/488,sigil,True,75.0,False,False,,238,260,241,263,decode,"ValueError: Parse errors in Sigil source:
line 1, col 1: unexpected token '<datetime.datetime>\n<pandas>\n<numpy>\n;;' in: <datetime.datetime>"
BigCodeBench,BigCodeBench/489,python,True,100.0,True,True,True,205,205,206,206,,
BigCodeBench,BigCodeBench/489,kern_compact,True,100.0,True,True,True,205,146,206,148,,
BigCodeBench,BigCodeBench/489,python_minifier,True,100.0,True,True,False,205,148,206,149,,
BigCodeBench,BigCodeBench/489,sigil,True,75.0,False,False,,205,228,206,229,decode,"ValueError: Parse errors in Sigil source:
line 1, col 1: unexpected token '<pandas>\n<datetime.datetime>\n<datetime.t' in: <pandas>"
BigCodeBench,BigCodeBench/490,python,True,100.0,True,True,True,66,66,66,66,,
BigCodeBench,BigCodeBench/490,kern_compact,True,100.0,True,True,True,66,39,66,40,,
BigCodeBench,BigCodeBench/490,python_minifier,True,100.0,True,True,False,66,42,66,42,,
BigCodeBench,BigCodeBench/490,sigil,True,100.0,False,False,,66,42,66,42,decode,CodegenError: WithExpr in expression position is not supported; it must be the last statement in a function body. Use the |~ operator at statement level.
BigCodeBench,BigCodeBench/491,python,True,100.0,True,True,True,263,263,265,265,,
BigCodeBench,BigCodeBench/491,kern_compact,True,100.0,True,True,False,263,191,265,196,ast,normalized AST differs
BigCodeBench,BigCodeBench/491,python_minifier,True,100.0,True,True,False,263,200,265,203,,
BigCodeBench,BigCodeBench/491,sigil,True,75.0,False,False,,263,292,265,295,decode,"ValueError: Parse errors in Sigil source:
line 1, col 1: unexpected token '<random>\n<datetime.datetime>\n<matplotlib' in: <random>"
BigCodeBench,BigCodeBench/492,python,True,100.0,True,True,True,209,209,212,212,,
BigCodeBench,BigCodeBench/492,kern_compact,True,100.0,True,True,True,209,154,212,157,,
BigCodeBench,BigCodeBench/492,python_minifier,True,100.0,True,True,False,209,159,212,162,,
BigCodeBench,BigCodeBench/492,sigil,True,75.0,False,False,,209,225,212,228,decode,"ValueError: Parse errors in Sigil source:
line 1, col 1: unexpected token '<pandas>\n<datetime.datetime>\n<random>\n;;' in: <pandas>"
BigCodeBench,BigCodeBench/493,python,True,100.0,True,True,True,280,280,283,283,,
BigCodeBench,BigCodeBench/493,kern_compact,True,100.0,True,True,False,280,205,283,210,ast,normalized AST differs
BigCodeBench,BigCodeBench/493,python_minifier,True,100.0,True,True,False,280,213,283,219,,
BigCodeBench,BigCodeBench/493,sigil,True,75.0,False,False,,280,302,283,305,decode,"ValueError: Parse errors in Sigil source:
line 1, col 1: unexpected token '<datetime.datetime>\n<random>\n<matplotlib' in: <datetime.datetime>"
BigCodeBench,BigCodeBench/494,python,True,100.0,True,True,True,234,234,235,235,,
BigCodeBench,BigCodeBench/494,kern_compact,True,100.0,True,True,True,234,152,235,153,,
BigCodeBench,BigCodeBench/494,python_minifier,True,100.0,True,True,False,234,162,235,163,,
BigCodeBench,BigCodeBench/494,sigil,True,80.0,False,False,,234,232,235,232,decode,"ValueError: Parse errors in Sigil source:
line 1, col 1: unexpected token '<datetime.datetime>\n<pytz>\n<re>\n<faker.F' in: <datetime.datetime>"
BigCodeBench,BigCodeBench/495,python,True,100.0,True,True,True,122,122,122,122,,
BigCodeBench,BigCodeBench/495,kern_compact,True,100.0,True,True,True,122,100,122,100,,
BigCodeBench,BigCodeBench/495,python_minifier,True,100.0,True,True,False,122,103,122,103,,
BigCodeBench,BigCodeBench/495,sigil,True,66.66666666666666,False,False,,122,134,122,134,decode,"ValueError: Parse errors in Sigil source:
line 1, col 1: unexpected token '<pandas>\n<numpy>\n;; TODO: manual convers' in: <pandas>"
BigCodeBench,BigCodeBench/496,python,True,100.0,True,True,True,147,147,153,153,,
BigCodeBench,BigCodeBench/496,kern_compact,True,100.0,True,True,True,147,128,153,137,,
BigCodeBench,BigCodeBench/496,python_minifier,True,100.0,True,True,False,147,128,153,135,,
BigCodeBench,BigCodeBench/496,sigil,True,75.0,False,False,,147,163,153,170,decode,"ValueError: Parse errors in Sigil source:
line 1, col 1: unexpected token '<datetime.datetime>\n<datetime.timedelta>' in: <datetime.datetime>"
BigCodeBench,BigCodeBench/497,python,True,100.0,True,True,True,75,75,81,81,,
BigCodeBench,BigCodeBench/497,kern_compact,True,100.0,True,True,True,75,64,81,68,,
BigCodeBench,BigCodeBench/497,python_minifier,True,100.0,True,True,False,75,70,81,73,,
BigCodeBench,BigCodeBench/497,sigil,True,75.0,False,False,,75,89,81,94,decode,"ValueError: Parse errors in Sigil source:
line 1, col 1: unexpected token '<datetime.datetime>\n<datetime.timedelta>' in: <datetime.datetime>"
BigCodeBench,BigCodeBench/498,python,True,100.0,True,True,True,102,102,103,103,,
BigCodeBench,BigCodeBench/498,kern_compact,True,100.0,True,True,True,102,71,103,73,,
BigCodeBench,BigCodeBench/498,python_minifier,True,100.0,True,True,False,102,76,103,77,,
BigCodeBench,BigCodeBench/498,sigil,True,66.66666666666666,False,False,,102,106,103,107,decode,"ValueError: Parse errors in Sigil source:
line 1, col 1: unexpected token '<xmltodict>\n<json>\n;; TODO: manual conve' in: <xmltodict>"
BigCodeBench,BigCodeBench/499,python,True,100.0,True,True,True,95,95,95,95,,
BigCodeBench,BigCodeBench/499,kern_compact,True,100.0,True,True,True,95,71,95,72,,
BigCodeBench,BigCodeBench/499,python_minifier,True,100.0,True,True,False,95,79,95,80,,
BigCodeBench,BigCodeBench/499,sigil,True,80.0,False,False,,95,111,95,111,decode,"ValueError: Parse errors in Sigil source:
line 1, col 1: unexpected token '<xlwt>\n<os>\n<io>\n<csv>\n;; TODO: manual c' in: <xlwt>"
BigCodeBench,BigCodeBench/500,python,True,100.0,True,True,True,138,138,138,138,,
BigCodeBench,BigCodeBench/500,kern_compact,True,100.0,True,True,True,138,89,138,90,,
BigCodeBench,BigCodeBench/500,python_minifier,True,100.0,True,True,False,138,96,138,98,,
BigCodeBench,BigCodeBench/500,sigil,True,75.0,False,False,,138,141,138,141,decode,"ValueError: Parse errors in Sigil source:
line 1, col 1: unexpected token ""<xlwt>\n<os>\nFIELDS:['ID' 'Name' 'Age']\n;"" in: <xlwt>"
BigCodeBench,BigCodeBench/501,python,True,100.0,True,True,True,222,222,228,228,,
BigCodeBench,BigCodeBench/501,kern_compact,True,100.0,True,True,True,222,164,228,169,,
BigCodeBench,BigCodeBench/501,python_minifier,True,100.0,True,True,False,222,177,228,183,,
BigCodeBench,BigCodeBench/501,sigil,True,75.0,False,False,,222,223,228,228,decode,"ValueError: Parse errors in Sigil source:
line 1, col 1: unexpected token '<xlwt>\n<os>\n<pandas>\n;; TODO: manual con' in: <xlwt>"
BigCodeBench,BigCodeBench/502,python,True,100.0,True,True,True,184,184,187,187,,
BigCodeBench,BigCodeBench/502,kern_compact,True,100.0,True,True,True,184,152,187,156,,
BigCodeBench,BigCodeBench/502,python_minifier,True,100.0,True,True,False,184,162,187,166,,
BigCodeBench,BigCodeBench/502,sigil,True,80.0,False,False,,184,206,187,208,decode,"ValueError: Parse errors in Sigil source:
line 1, col 1: unexpected token '<datetime.datetime>\n<datetime.timedelta>' in: <datetime.datetime>"
BigCodeBench,BigCodeBench/503,python,True,100.0,True,True,True,184,184,194,194,,
BigCodeBench,BigCodeBench/503,kern_compact,True,100.0,True,True,True,184,152,194,164,,
BigCodeBench,BigCodeBench/503,python_minifier,True,100.0,True,True,False,184,153,194,160,,
BigCodeBench,BigCodeBench/503,sigil,True,75.0,False,False,,184,195,194,204,decode,"ValueError: Parse errors in Sigil source:
line 1, col 1: unexpected token '<numpy>\n<pandas>\n<datetime.datetime>\n;;' in: <numpy>"
BigCodeBench,BigCodeBench/504,python,True,100.0,True,True,True,105,105,105,105,,
BigCodeBench,BigCodeBench/504,kern_compact,True,100.0,True,True,True,105,84,105,83,,
BigCodeBench,BigCodeBench/504,python_minifier,True,100.0,True,True,False,105,84,105,84,,
BigCodeBench,BigCodeBench/504,sigil,True,100.0,False,False,,105,90,105,90,decode,"ValueError: Parse errors in Sigil source:
line 4, col 38: unexpected token ':f.read() hash_output:hashlib.sha256 con' in: @tf fi = open fi 'rb' |~ f -> content:f.read() hash_output:hashlib.sha256 content.digest() open 'private.pem' 'rb' |~ key_file -> private_key:rsa.PrivateKey.load_pkcs1 key_file.read() signature:rsa.…"
BigCodeBench,BigCodeBench/505,python,True,100.0,True,True,True,29,29,32,32,,
BigCodeBench,BigCodeBench/505,kern_compact,True,100.0,True,True,True,29,26,32,27,,
BigCodeBench,BigCodeBench/505,python_minifier,True,100.0,True,True,False,29,27,32,29,,
BigCodeBench,BigCodeBench/505,sigil,True,100.0,True,True,False,29,26,32,27,,
BigCodeBench,BigCodeBench/506,python,True,100.0,True,True,True,156,156,156,156,,
BigCodeBench,BigCodeBench/506,kern_compact,True,100.0,True,True,True,156,118,156,120,,
BigCodeBench,BigCodeBench/506,python_minifier,True,100.0,True,True,False,156,123,156,126,,
BigCodeBench,BigCodeBench/506,sigil,True,100.0,False,False,,156,127,156,128,decode,"ValueError: Parse errors in Sigil source:
line 4, col 89: unexpected token '.DataFrame da columns:COLUMNS column_dat' in: @tf co da = COLUMNS:['Date' 'Temperature' 'Humidity' 'Wind Speed' 'Precipitation'] df:pd.DataFrame da columns:COLUMNS column_data:df[co] result:{'sum':np.sum column_data, 'mean':df.empty ? np.nan : …"
BigCodeBench,BigCodeBench/507,python,True,100.0,True,True,True,234,234,237,237,,
BigCodeBench,BigCodeBench/507,kern_compact,True,100.0,True,True,True,234,166,237,171,,
BigCodeBench,BigCodeBench/507,python_minifier,True,100.0,True,True,False,234,180,237,185,,
BigCodeBench,BigCodeBench/507,sigil,True,66.66666666666666,False,False,,234,231,237,234,decode,"ValueError: Parse errors in Sigil source:
line 1, col 1: unexpected token '<pandas>\n<numpy>\n;; TODO: manual convers' in: <pandas>"
BigCodeBench,BigCodeBench/508,python,True,100.0,True,True,True,118,118,123,123,,
BigCodeBench,BigCodeBench/508,kern_compact,True,100.0,True,True,True,118,93,123,98,,
BigCodeBench,BigCodeBench/508,python_minifier,True,100.0,True,True,False,118,98,123,103,,
BigCodeBench,BigCodeBench/508,sigil,True,75.0,False,False,,118,133,123,138,decode,"ValueError: Parse errors in Sigil source:
line 1, col 1: unexpected token '<hashlib>\n<io>\n<os>\n;; TODO: manual conv' in: <hashlib>"
BigCodeBench,BigCodeBench/509,python,True,100.0,True,True,True,315,315,329,329,,
BigCodeBench,BigCodeBench/509,kern_compact,True,100.0,True,True,True,315,222,329,233,,
BigCodeBench,BigCodeBench/509,python_minifier,True,100.0,True,True,False,315,245,329,257,,
BigCodeBench,BigCodeBench/509,sigil,True,75.0,False,False,,315,318,329,329,decode,"ValueError: Parse errors in Sigil source:
line 1, col 1: unexpected token '<pandas>\n<csv>\n<difflib.ndiff>\n;; TODO:' in: <pandas>"
BigCodeBench,BigCodeBench/510,python,True,100.0,True,True,True,107,107,107,107,,
BigCodeBench,BigCodeBench/510,kern_compact,True,100.0,True,True,True,107,80,107,79,,
BigCodeBench,BigCodeBench/510,python_minifier,True,100.0,True,True,False,107,80,107,80,,
BigCodeBench,BigCodeBench/510,sigil,True,66.66666666666666,False,False,,107,121,107,121,decode,"ValueError: Parse errors in Sigil source:
line 1, col 1: unexpected token '<difflib>\n<gzip>\n;; TODO: manual convers' in: <difflib>"
BigCodeBench,BigCodeBench/511,python,True,100.0,True,True,True,192,192,193,193,,
BigCodeBench,BigCodeBench/511,kern_compact,True,100.0,True,True,True,192,129,193,133,,
BigCodeBench,BigCodeBench/511,python_minifier,True,100.0,True,True,False,192,151,193,155,,
BigCodeBench,BigCodeBench/511,sigil,True,100.0,False,False,,192,147,193,149,decode,"ValueError: Parse errors in Sigil source:
line 4, col 56: unexpected token '.DataFrame da columns:COLUMNS column_dat' in: @tf co da = COLUMNS:['Age' 'Salary' 'Experience'] df:pd.DataFrame da columns:COLUMNS column_data:df[co] df.empty ? result:{'sum':0, 'mean':np.nan, 'min':np.nan, 'max':np.nan} : result:{'sum':np.sum …"
BigCodeBench,BigCodeBench/512,python,True,100.0,True,True,True,157,157,159,159,,
BigCodeBench,BigCodeBench/512,kern_compact,True,100.0,True,False,,157,116,159,118,parse,"SyntaxError: invalid decimal literal (<unknown>, line 5)"
BigCodeBench,BigCodeBench/512,python_minifier,True,100.0,True,True,False,157,124,159,127,,
BigCodeBench,BigCodeBench/512,sigil,True,66.66666666666666,False,False,,157,164,159,166,decode,"ValueError: Parse errors in Sigil source:
line 1, col 1: unexpected token '<pandas>\n<numpy>\n;; TODO: manual convers' in: <pandas>"
BigCodeBench,BigCodeBench/513,python,True,100.0,True,True,True,233,233,235,235,,
BigCodeBench,BigCodeBench/513,kern_compact,True,100.0,True,True,True,233,181,235,187,,
BigCodeBench,BigCodeBench/513,python_minifier,True,100.0,True,True,False,233,189,235,194,,
BigCodeBench,BigCodeBench/513,sigil,True,75.0,False,False,,233,238,235,242,decode,"ValueError: Parse errors in Sigil source:
line 1, col 1: unexpected token '<pandas>\n<numpy>\n<matplotlib.pyplot>\n;;' in: <pandas>"
BigCodeBench,BigCodeBench/514,python,True,100.0,True,True,True,80,80,81,81,,
BigCodeBench,BigCodeBench/514,kern_compact,True,100.0,True,True,True,80,55,81,58,,
BigCodeBench,BigCodeBench/514,python_minifier,True,100.0,True,True,False,80,56,81,59,,
BigCodeBench,BigCodeBench/514,sigil,True,100.0,False,False,,80,61,81,63,decode,"ValueError: Parse errors in Sigil source:
line 3, col 45: unexpected token '.DataFrame ar columns:COLUMNS sums:df.su' in: @tf ar = COLUMNS:['A' 'B' 'C' 'D' 'E'] df:pd.DataFrame ar columns:COLUMNS sums:df.sum() (fig ax):plt.subplots() sums.plot kind:'bar' ax:ax (df ax)"
BigCodeBench,BigCodeBench/515,python,True,100.0,True,True,True,102,102,109,109,,
BigCodeBench,BigCodeBench/515,kern_compact,True,100.0,True,True,True,102,84,109,87,,
BigCodeBench,BigCodeBench/515,python_minifier,True,100.0,True,True,False,102,88,109,90,,
BigCodeBench,BigCodeBench/515,sigil,True,66.66666666666666,False,False,,102,117,109,123,decode,"ValueError: Parse errors in Sigil source:
line 1, col 1: unexpected token '<pandas>\n<seaborn>\n;; TODO: manual conve' in: <pandas>"
BigCodeBench,BigCodeBench/516,python,True,100.0,True,True,True,174,174,177,177,,
BigCodeBench,BigCodeBench/516,kern_compact,True,100.0,True,True,True,174,133,177,138,,
BigCodeBench,BigCodeBench/516,python_minifier,True,100.0,True,True,False,174,124,177,128,,
BigCodeBench,BigCodeBench/516,sigil,True,75.0,False,False,,174,182,177,185,decode,"ValueError: Parse errors in Sigil source:
line 1, col 1: unexpected token '<pandas>\n<numpy>\n<statsmodels.api>\n;; TO' in: <pandas>"
BigCodeBench,BigCodeBench/517,python,True,100.0,True,True,True,76,76,80,80,,
BigCodeBench,BigCodeBench/517,kern_compact,True,100.0,True,True,True,76,60,80,62,,
BigCodeBench,BigCodeBench/517,python_minifier,True,100.0,True,True,False,76,53,80,54,,
BigCodeBench,BigCodeBench/517,sigil,True,100.0,False,False,,76,55,80,58,decode,"ValueError: Parse errors in Sigil source:
line 1, col 1: unexpected token '<pandas>\n<numpy>\n<sklearn.decomposition.' in: <pandas>"
BigCodeBench,BigCodeBench/518,python,True,100.0,True,True,True,178,178,189,189,,
BigCodeBench,BigCodeBench/518,kern_compact,True,100.0,True,True,True,178,147,189,157,,
BigCodeBench,BigCodeBench/518,python_minifier,True,100.0,True,True,False,178,151,189,159,,
BigCodeBench,BigCodeBench/518,sigil,True,66.66666666666666,False,False,,178,203,189,213,decode,"ValueError: Parse errors in Sigil source:
line 1, col 1: unexpected token '<pandas>\n<scipy.spatial.distance.pdist>' in: <pandas>"
BigCodeBench,BigCodeBench/519,python,True,100.0,True,True,True,83,83,84,84,,
BigCodeBench,BigCodeBench/519,kern_compact,True,100.0,True,True,True,83,69,84,71,,
BigCodeBench,BigCodeBench/519,python_minifier,True,100.0,True,True,False,83,70,84,72,,
BigCodeBench,BigCodeBench/519,sigil,True,66.66666666666666,False,False,,83,96,84,98,decode,"ValueError: Parse errors in Sigil source:
line 1, col 1: unexpected token '<pandas>\n<matplotlib.pyplot>\n;; TODO: ma' in: <pandas>"
BigCodeBench,BigCodeBench/520,python,True,100.0,True,True,True,227,227,227,227,,
BigCodeBench,BigCodeBench/520,kern_compact,True,100.0,True,True,True,227,164,227,168,,
BigCodeBench,BigCodeBench/520,python_minifier,True,100.0,True,True,False,227,173,227,175,,
BigCodeBench,BigCodeBench/520,sigil,True,66.66666666666666,False,False,,227,240,227,241,decode,"ValueError: Parse errors in Sigil source:
line 1, col 1: unexpected token '<collections>\n<matplotlib.pyplot>\n;; TOD' in: <collections>"
BigCodeBench,BigCodeBench/521,python,True,100.0,True,True,True,77,77,78,78,,
BigCodeBench,BigCodeBench/521,kern_compact,True,100.0,True,True,True,77,62,78,65,,
BigCodeBench,BigCodeBench/521,python_minifier,True,100.0,True,True,False,77,63,78,66,,
BigCodeBench,BigCodeBench/521,sigil,True,66.66666666666666,False,False,,77,89,78,91,decode,"ValueError: Parse errors in Sigil source:
line 1, col 1: unexpected token '<pandas>\n<matplotlib.pyplot>\n;; TODO: ma' in: <pandas>"
BigCodeBench,BigCodeBench/522,python,True,100.0,True,True,True,201,201,202,202,,
BigCodeBench,BigCodeBench/522,kern_compact,True,100.0,True,True,True,201,149,202,154,,
BigCodeBench,BigCodeBench/522,python_minifier,True,100.0,True,True,False,201,156,202,160,,
BigCodeBench,BigCodeBench/522,sigil,True,66.66666666666666,False,False,,201,229,202,231,decode,"ValueError: Parse errors in Sigil source:
line 1, col 1: unexpected token '<collections>\n<matplotlib.pyplot>\n;; TOD' in: <collections>"
BigCodeBench,BigCodeBench/523,python,True,100.0,True,True,True,78,78,81,81,,
BigCodeBench,BigCodeBench/523,kern_compact,True,100.0,True,True,True,78,63,81,66,,
BigCodeBench,BigCodeBench/523,python_minifier,True,100.0,True,True,False,78,64,81,67,,
BigCodeBench,BigCodeBench/523,sigil,True,66.66666666666666,False,False,,78,92,81,96,decode,"ValueError: Parse errors in Sigil source:
line 1, col 1: unexpected token '<pandas>\n<matplotlib.pyplot>\n;; TODO: ma' in: <pandas>"
BigCodeBench,BigCodeBench/524,python,True,100.0,True,True,True,228,228,233,233,,
BigCodeBench,BigCodeBench/524,kern_compact,True,100.0,True,True,True,228,191,233,202,,
BigCodeBench,BigCodeBench/524,python_minifier,True,100.0,True,True,False,228,205,233,215,,
BigCodeBench,BigCodeBench/524,sigil,True,75.0,False,False,,228,255,233,259,decode,"ValueError: Parse errors in Sigil source:
line 1, col 1: unexpected token '<collections.defaultdict>\n<numpy>\n<matpl' in: <collections.defaultdict>"
BigCodeBench,BigCodeBench/525,python,True,100.0,True,True,True,161,161,162,162,,
BigCodeBench,BigCodeBench/525,kern_compact,True,100.0,True,True,True,161,134,162,137,,
BigCodeBench,BigCodeBench/525,python_minifier,True,100.0,True,True,False,161,143,162,145,,
BigCodeBench,BigCodeBench/525,sigil,True,80.0,False,False,,161,180,162,183,decode,"ValueError: Parse errors in Sigil source:
line 1, col 1: unexpected token '<json>\n<numpy>\n<collections.defaultdict>' in: <json>"
BigCodeBench,BigCodeBench/526,python,True,100.0,True,True,True,167,167,168,168,,
BigCodeBench,BigCodeBench/526,kern_compact,True,100.0,True,True,True,167,132,168,133,,
BigCodeBench,BigCodeBench/526,python_minifier,True,100.0,True,True,False,167,139,168,142,,
BigCodeBench,BigCodeBench/526,sigil,True,80.0,False,False,,167,182,168,183,decode,"ValueError: Parse errors in Sigil source:
line 1, col 1: unexpected token '<json>\n<pandas>\n<numpy>\n<collections.def' in: <json>"
BigCodeBench,BigCodeBench/527,python,True,100.0,True,True,True,174,174,177,177,,
BigCodeBench,BigCodeBench/527,kern_compact,True,100.0,True,True,True,174,148,177,151,,
BigCodeBench,BigCodeBench/527,python_minifier,True,100.0,True,True,False,174,145,177,148,,
BigCodeBench,BigCodeBench/527,sigil,True,85.71428571428571,False,False,,174,186,177,189,decode,"ValueError: Parse errors in Sigil source:
line 1, col 1: unexpected token '<json>\n<seaborn>\n<matplotlib.pyplot>\n<pa' in: <json>"
BigCodeBench,BigCodeBench/528,python,True,100.0,True,True,True,195,195,197,197,,
BigCodeBench,BigCodeBench/528,kern_compact,True,100.0,True,True,True,195,129,197,133,,
BigCodeBench,BigCodeBench/528,python_minifier,True,100.0,True,True,False,195,133,197,136,,
BigCodeBench,BigCodeBench/528,sigil,True,80.0,False,False,,195,181,197,183,decode,"ValueError: Parse errors in Sigil source:
line 1, col 1: unexpected token '<csv>\n<collections.Counter>\n<pandas>\n<ma' in: <csv>"
BigCodeBench,BigCodeBench/529,python,True,100.0,True,True,True,167,167,169,169,,
BigCodeBench,BigCodeBench/529,kern_compact,True,100.0,True,True,True,167,137,169,142,,
BigCodeBench,BigCodeBench/529,python_minifier,True,100.0,True,True,False,167,132,169,138,,
BigCodeBench,BigCodeBench/529,sigil,True,75.0,False,False,,167,191,169,194,decode,"ValueError: Parse errors in Sigil source:
line 1, col 1: unexpected token '<collections.Counter>\n<random>\n<matplotl' in: <collections.Counter>"
BigCodeBench,BigCodeBench/530,python,True,100.0,True,True,True,260,260,264,264,,
BigCodeBench,BigCodeBench/530,kern_compact,True,100.0,True,True,True,260,193,264,202,,
BigCodeBench,BigCodeBench/530,python_minifier,True,100.0,True,True,False,260,186,264,191,,
BigCodeBench,BigCodeBench/530,sigil,True,83.33333333333334,False,False,,260,279,264,282,decode,"ValueError: Parse errors in Sigil source:
line 1, col 1: unexpected token '<pandas>\n<numpy>\n<collections.Counter>\n<' in: <pandas>"
BigCodeBench,BigCodeBench/531,python,True,100.0,True,True,True,247,247,248,248,,
BigCodeBench,BigCodeBench/531,kern_compact,True,100.0,True,True,True,247,158,248,162,,
BigCodeBench,BigCodeBench/531,python_minifier,True,100.0,True,True,False,247,165,248,169,,
BigCodeBench,BigCodeBench/531,sigil,True,100.0,False,False,,247,171,248,173,decode,"ValueError: Parse errors in Sigil source:
line 4, col 155: unexpected token "".drop_duplicates subset:['x' 'y'].copy()"" in: @tf df n_ ra n_2 = duplicates:df[df.duplicated subset:['x' 'y'] keep:False] duplicates_counter:Counter map tuple duplicates[['x' 'y']].values unique_df:df.drop_duplicates subset:['x' 'y'].copy() n_…"
BigCodeBench,BigCodeBench/532,python,True,100.0,True,True,True,228,228,229,229,,
BigCodeBench,BigCodeBench/532,kern_compact,True,100.0,True,True,True,228,158,229,163,,
BigCodeBench,BigCodeBench/532,python_minifier,True,100.0,True,True,False,228,170,229,174,,
BigCodeBench,BigCodeBench/532,sigil,True,100.0,False,False,,228,169,229,170,decode,"ValueError: Parse errors in Sigil source:
line 5, col 167: unexpected token "": (mu std):norm.fit df['value'] (fig ax"" in: @tf df bi = duplicates:df[df['value'].duplicated keep:False] duplicates_counter:Counter duplicates['value'] df.empty | df['value'].nunique()==1 ? (mu std):(None None) : (mu std):norm.fit df['value']…"
BigCodeBench,BigCodeBench/533,python,True,100.0,True,True,True,176,176,177,177,,
BigCodeBench,BigCodeBench/533,kern_compact,True,100.0,True,True,True,176,135,177,137,,
BigCodeBench,BigCodeBench/533,python_minifier,True,100.0,True,True,False,176,142,177,143,,
BigCodeBench,BigCodeBench/533,sigil,True,80.0,False,False,,176,199,177,200,decode,"ValueError: Parse errors in Sigil source:
line 1, col 1: unexpected token '<numpy>\n<secrets>\n<hashlib>\n<base64>\n;;' in: <numpy>"
BigCodeBench,BigCodeBench/534,python,True,100.0,True,True,True,191,191,193,193,,
BigCodeBench,BigCodeBench/534,kern_compact,True,100.0,True,True,True,191,142,193,146,,
BigCodeBench,BigCodeBench/534,python_minifier,True,100.0,True,True,False,191,146,193,149,,
BigCodeBench,BigCodeBench/534,sigil,True,80.0,False,False,,191,195,193,197,decode,"ValueError: Parse errors in Sigil source:
line 1, col 1: unexpected token '<numpy>\n<base64>\n<cryptography.hazmat.pr' in: <numpy>"
BigCodeBench,BigCodeBench/535,python,True,100.0,True,True,True,266,266,269,269,,
BigCodeBench,BigCodeBench/535,kern_compact,True,100.0,True,True,True,266,190,269,191,,
BigCodeBench,BigCodeBench/535,python_minifier,True,100.0,True,True,False,266,199,269,200,,
BigCodeBench,BigCodeBench/535,sigil,True,75.0,False,False,,266,280,269,281,decode,"ValueError: Parse errors in Sigil source:
line 1, col 1: unexpected token '<sqlite3>\n<numpy>\n<random.choice>\n<rando' in: <sqlite3>"
BigCodeBench,BigCodeBench/536,python,True,100.0,True,True,True,82,82,82,82,,
BigCodeBench,BigCodeBench/536,kern_compact,True,100.0,True,True,True,82,69,82,69,,
BigCodeBench,BigCodeBench/536,python_minifier,True,100.0,True,True,False,82,72,82,72,,
BigCodeBench,BigCodeBench/536,sigil,True,100.0,False,False,,82,51,82,51,decode,"ValueError: Parse errors in Sigil source:
line 1, col 1: unexpected token '<sqlite3>\n<pandas>\n<os>\n@tf db ta cs = !' in: <sqlite3>"
BigCodeBench,BigCodeBench/537,python,True,100.0,True,True,True,109,109,110,110,,
BigCodeBench,BigCodeBench/537,kern_compact,True,100.0,True,False,,109,94,110,95,parse,"SyntaxError: invalid decimal literal (<unknown>, line 5)"
BigCodeBench,BigCodeBench/537,python_minifier,True,100.0,True,True,False,109,97,110,97,,
BigCodeBench,BigCodeBench/537,sigil,True,75.0,False,False,,109,123,110,123,decode,"ValueError: Parse errors in Sigil source:
line 1, col 1: unexpected token '<sqlite3>\n<pandas>\n<seaborn>\n;; TODO: ma' in: <sqlite3>"
BigCodeBench,BigCodeBench/538,python,True,100.0,True,True,True,170,170,171,171,,
BigCodeBench,BigCodeBench/538,kern_compact,True,100.0,True,True,True,170,102,171,104,,
BigCodeBench,BigCodeBench/538,python_minifier,True,100.0,True,True,False,170,103,171,104,,
BigCodeBench,BigCodeBench/538,sigil,True,66.66666666666666,False,False,,170,150,171,151,decode,"ValueError: Parse errors in Sigil source:
line 1, col 1: unexpected token '<sqlite3>\n<pandas>\n;; TODO: manual conve' in: <sqlite3>"
BigCodeBench,BigCodeBench/539,python,True,100.0,True,True,True,205,205,208,208,,
BigCodeBench,BigCodeBench/539,kern_compact,True,100.0,True,True,True,205,170,208,171,,
BigCodeBench,BigCodeBench/539,python_minifier,True,100.0,True,True,False,205,178,208,180,,
BigCodeBench,BigCodeBench/539,sigil,True,75.0,False,False,,205,231,208,233,decode,"ValueError: Parse errors in Sigil source:
line 1, col 1: unexpected token '<sqlite3>\n<random.choice>\n<random.seed>' in: <sqlite3>"
BigCodeBench,BigCodeBench/540,python,True,100.0,True,True,True,166,166,164,164,,
BigCodeBench,BigCodeBench/540,kern_compact,True,100.0,True,True,True,166,118,164,119,,
BigCodeBench,BigCodeBench/540,python_minifier,True,100.0,True,True,False,166,116,164,117,,
BigCodeBench,BigCodeBench/540,sigil,True,100.0,False,False,,166,96,164,96,decode,"ValueError: Parse errors in Sigil source:
line 5, col 95: unexpected token ':zip *sorted counter.items() key:x->x[0]' in: @tf li ti co wi = flat_list:list itertools.chain *li counter:Counter flat_list (labels values):zip *sorted counter.items() key:x->x[0] indexes:np.arange len labels (fig ax):plt.subplots() ax.bar ind…"
BigCodeBench,BigCodeBench/541,python,True,100.0,True,True,True,131,131,133,133,,
BigCodeBench,BigCodeBench/541,kern_compact,True,100.0,True,True,True,131,106,133,107,,
BigCodeBench,BigCodeBench/541,python_minifier,True,100.0,True,True,False,131,110,133,112,,
BigCodeBench,BigCodeBench/541,sigil,True,80.0,False,False,,131,149,133,151,decode,"ValueError: Parse errors in Sigil source:
line 1, col 1: unexpected token '<os>\n<sys>\n<importlib>\n<pkgutil.iter_mod' in: <os>"
BigCodeBench,BigCodeBench/542,python,True,100.0,True,True,True,132,132,135,135,,
BigCodeBench,BigCodeBench/542,kern_compact,True,100.0,True,True,True,132,106,135,109,,
BigCodeBench,BigCodeBench/542,python_minifier,True,100.0,True,True,False,132,110,135,113,,
BigCodeBench,BigCodeBench/542,sigil,True,80.0,False,False,,132,148,135,151,decode,"ValueError: Parse errors in Sigil source:
line 1, col 1: unexpected token ""<hashlib>\n<random>\n<struct>\nKEYS:['470FC"" in: <hashlib>"
BigCodeBench,BigCodeBench/543,python,True,100.0,True,True,True,39,39,40,40,,
BigCodeBench,BigCodeBench/543,kern_compact,True,100.0,True,True,True,39,29,40,30,,
BigCodeBench,BigCodeBench/543,python_minifier,True,100.0,True,True,False,39,30,40,31,,
BigCodeBench,BigCodeBench/543,sigil,True,100.0,False,False,,39,32,40,33,decode,"ValueError: Parse errors in Sigil source:
line 3, col 50: unexpected token '.b64encode float_bytes encoded_str.decod' in: @tf = float_bytes:os.urandom 4 encoded_str:base64.b64encode float_bytes encoded_str.decode()"
BigCodeBench,BigCodeBench/544,python,True,100.0,True,True,True,54,54,56,56,,
BigCodeBench,BigCodeBench/544,kern_compact,True,100.0,True,True,True,54,38,56,38,,
BigCodeBench,BigCodeBench/544,python_minifier,True,100.0,True,True,False,54,41,56,41,,
BigCodeBench,BigCodeBench/544,sigil,True,100.0,False,False,,54,39,56,38,decode,"ValueError: Parse errors in Sigil source:
line 1, col 1: unexpected token ""<struct>\n<zlib>\nKEY:'470FC614'\n@tf he ="" in: <struct>"
BigCodeBench,BigCodeBench/545,python,True,100.0,True,True,True,100,100,100,100,,
BigCodeBench,BigCodeBench/545,kern_compact,True,100.0,True,True,True,100,78,100,78,,
BigCodeBench,BigCodeBench/545,python_minifier,True,100.0,True,True,False,100,82,100,82,,
BigCodeBench,BigCodeBench/545,sigil,True,100.0,False,False,,100,87,100,87,decode,"ValueError: Parse errors in Sigil source:
line 1, col 1: unexpected token ""<codecs>\n<random>\n<struct>\nKEYS:['470FC6"" in: <codecs>"
BigCodeBench,BigCodeBench/546,python,True,100.0,True,True,True,69,69,71,71,,
BigCodeBench,BigCodeBench/546,kern_compact,True,100.0,True,True,True,69,59,71,60,,
BigCodeBench,BigCodeBench/546,python_minifier,True,100.0,True,True,False,69,60,71,62,,
BigCodeBench,BigCodeBench/546,sigil,True,66.66666666666666,False,False,,69,83,71,84,decode,"ValueError: Parse errors in Sigil source:
line 1, col 1: unexpected token '<collections.OrderedDict>\n<prettytable.P' in: <collections.OrderedDict>"
BigCodeBench,BigCodeBench/547,python,True,100.0,True,True,True,140,140,139,139,,
BigCodeBench,BigCodeBench/547,kern_compact,True,100.0,True,True,True,140,74,139,75,,
BigCodeBench,BigCodeBench/547,python_minifier,True,100.0,True,True,False,140,74,139,75,,
BigCodeBench,BigCodeBench/547,sigil,True,100.0,False,False,,140,76,139,75,decode,"ValueError: Parse errors in Sigil source:
line 4, col 47: unexpected token "".pbkdf2_hmac 'sha256' s.encode 'utf-8' s"" in: @tf s:s n:i>s = salt:os.urandom n hash:hashlib.pbkdf2_hmac 'sha256' s.encode 'utf-8' salt 100000 salted_hash:salt+hash encrypted_password:base64.b64encode salted_hash encrypted_password.decode 'utf-…"
BigCodeBench,BigCodeBench/548,python,True,100.0,True,True,True,110,110,113,113,,
BigCodeBench,BigCodeBench/548,kern_compact,True,100.0,True,True,True,110,62,113,64,,
BigCodeBench,BigCodeBench/548,python_minifier,True,100.0,True,True,False,110,64,113,66,,
BigCodeBench,BigCodeBench/548,sigil,True,100.0,False,False,,110,71,113,72,decode,"ValueError: Parse errors in Sigil source:
line 5, col 111: unexpected token "".compress random_string.encode 'utf-8' e"" in: @tf st = random_string:''.join random.choices string.ascii_uppercase+string.digits k:st compressed_string:zlib.compress random_string.encode 'utf-8' encoded_compressed_string:base64.b64encode compr…"
BigCodeBench,BigCodeBench/549,python,True,100.0,True,True,True,73,73,74,74,,
BigCodeBench,BigCodeBench/549,kern_compact,True,100.0,True,True,True,73,49,74,50,,
BigCodeBench,BigCodeBench/549,python_minifier,True,100.0,True,True,False,73,52,74,53,,
BigCodeBench,BigCodeBench/549,sigil,True,100.0,False,False,,73,61,74,62,decode,"ValueError: Parse errors in Sigil source:
line 3, col 35: unexpected token '.to_csv index:False csv_bytes:csv.encode' in: @tf df = df:pd.DataFrame df csv:df.to_csv index:False csv_bytes:csv.encode 'utf-8' base64_bytes:base64.b64encode csv_bytes base64_string:base64_bytes.decode 'utf-8' base64_string"
BigCodeBench,BigCodeBench/550,python,True,100.0,True,True,True,89,89,92,92,,
BigCodeBench,BigCodeBench/550,kern_compact,True,100.0,True,True,True,89,60,92,62,,
BigCodeBench,BigCodeBench/550,python_minifier,True,100.0,True,True,False,89,61,92,63,,
BigCodeBench,BigCodeBench/550,sigil,True,100.0,False,False,,89,54,92,58,decode,"ValueError: Parse errors in Sigil source:
line 3, col 111: unexpected token "".DataFrame.from_dict counter orient:'ind"" in: @tf li = flat_list:[item for sublist in list_of_menuitems for item in sublist] counter:Counter flat_list df:pd.DataFrame.from_dict counter orient:'index' columns:['Count'] df.index.name:'MenuItem' …"
BigCodeBench,BigCodeBench/551,python,True,100.0,True,True,True,231,231,236,236,,
BigCodeBench,BigCodeBench/551,kern_compact,True,100.0,True,True,True,231,140,236,143,,
BigCodeBench,BigCodeBench/551,python_minifier,True,100.0,True,True,False,231,141,236,143,,
BigCodeBench,BigCodeBench/551,sigil,True,100.0,False,False,,231,132,236,136,decode,"ValueError: Parse errors in Sigil source:
line 5, col 133: unexpected token ""!flat_list ? print 'No items to plot.'"" in: @tf li = !li | !any li ? print 'No items to plot.' None : None flat_list:[item for sublist in list_of_menuitems for item in sublist] !flat_list ? print 'No items to plot.' None : None counter:Counter…"
BigCodeBench,BigCodeBench/552,python,True,100.0,True,True,True,172,172,173,173,,
BigCodeBench,BigCodeBench/552,kern_compact,True,100.0,True,True,True,172,101,173,104,,
BigCodeBench,BigCodeBench/552,python_minifier,True,100.0,True,True,False,172,107,173,110,,
BigCodeBench,BigCodeBench/552,sigil,True,100.0,False,False,,172,98,173,100,decode,"ValueError: Parse errors in Sigil source:
line 1, col 1: unexpected token '<collections>\n<itertools>\n<matplotlib.py' in: <collections>"
BigCodeBench,BigCodeBench/553,python,True,100.0,True,True,True,184,184,184,184,,
BigCodeBench,BigCodeBench/553,kern_compact,True,100.0,True,True,True,184,93,184,97,,
BigCodeBench,BigCodeBench/553,python_minifier,True,100.0,True,True,False,184,95,184,99,,
BigCodeBench,BigCodeBench/553,sigil,True,100.0,False,False,,184,92,184,94,decode,"ValueError: Parse errors in Sigil source:
line 1, col 1: unexpected token '<numpy>\n<pandas>\n<matplotlib.pyplot>\nCOL' in: <numpy>"
BigCodeBench,BigCodeBench/554,python,True,100.0,True,True,True,143,143,147,147,,
BigCodeBench,BigCodeBench/554,kern_compact,True,100.0,True,True,True,143,91,147,97,,
BigCodeBench,BigCodeBench/554,python_minifier,True,100.0,True,True,False,143,90,147,96,,
BigCodeBench,BigCodeBench/554,sigil,True,100.0,False,False,,143,88,147,85,decode,"ValueError: Parse errors in Sigil source:
line 3, col 197: unexpected token '[::-1] sentence:first_half+middle_word+s' in: @tf MI MA WO = sentence_length:np.random.randint MI MA+1 first_half:[_ <- range sentence_length//2 => random.choice WO] sentence_length%2==1 ? middle_word:[random.choice WO] second_half:first_half[…"
BigCodeBench,BigCodeBench/555,python,True,100.0,True,True,True,117,117,119,119,,
BigCodeBench,BigCodeBench/555,kern_compact,True,100.0,True,True,True,117,102,119,104,,
BigCodeBench,BigCodeBench/555,python_minifier,True,100.0,True,True,False,117,101,119,103,,
BigCodeBench,BigCodeBench/555,sigil,True,100.0,False,False,,117,100,119,103,decode,"ValueError: Parse errors in Sigil source:
line 1, col 1: unexpected token '<matplotlib.pyplot>\n<numpy>\n<pandas>\n<sc' in: <matplotlib.pyplot>"
BigCodeBench,BigCodeBench/556,python,True,100.0,True,True,True,101,101,101,101,,
BigCodeBench,BigCodeBench/556,kern_compact,True,100.0,True,True,True,101,69,101,70,,
BigCodeBench,BigCodeBench/556,python_minifier,True,100.0,True,True,False,101,71,101,71,,
BigCodeBench,BigCodeBench/556,sigil,True,100.0,False,False,,101,76,101,76,decode,"ValueError: Parse errors in Sigil source:
line 4, col 72: unexpected token '.join (random.choice(letters) for _ in r' in: @tf s mi ma le = string_length:np.random.randint mi ma+1 generated_s:''.join (random.choice(letters) for _ in range(string_length)) similarity:SequenceMatcher None s generated_s.ratio() is_similar:s…"
BigCodeBench,BigCodeBench/557,python,True,100.0,True,True,True,136,136,138,138,,
BigCodeBench,BigCodeBench/557,kern_compact,True,100.0,True,True,True,136,107,138,110,,
BigCodeBench,BigCodeBench/557,python_minifier,True,100.0,True,True,False,136,110,138,112,,
BigCodeBench,BigCodeBench/557,sigil,True,75.0,False,False,,136,151,138,153,decode,"ValueError: Parse errors in Sigil source:
line 1, col 1: unexpected token '<numpy>\n<difflib.SequenceMatcher>\n<matpl' in: <numpy>"
BigCodeBench,BigCodeBench/558,python,True,100.0,True,True,True,150,150,154,154,,
BigCodeBench,BigCodeBench/558,kern_compact,True,100.0,True,True,True,150,95,154,98,,
BigCodeBench,BigCodeBench/558,python_minifier,True,100.0,True,True,False,150,97,154,100,,
BigCodeBench,BigCodeBench/558,sigil,True,100.0,False,False,,150,94,154,97,decode,"ValueError: Parse errors in Sigil source:
line 5, col 93: unexpected token ': None scaler:StandardScaler() standard' in: @tf a b co = len a==0 | len b==0 ? (fig ax):plt.subplots() plt.close fig (pd.DataFrame() ax) : None scaler:StandardScaler() standardized_values:scaler.fit_transform np.array [a b].T df:pd.DataFrame s…"
BigCodeBench,BigCodeBench/559,python,True,100.0,True,True,True,141,141,144,144,,
BigCodeBench,BigCodeBench/559,kern_compact,True,100.0,True,True,True,141,100,144,103,,
BigCodeBench,BigCodeBench/559,python_minifier,True,100.0,True,True,False,141,101,144,104,,
BigCodeBench,BigCodeBench/559,sigil,True,100.0,False,False,,141,104,144,107,decode,"ValueError: Parse errors in Sigil source:
line 4, col 58: unexpected token "".DataFrame {'A':a, 'B':b} (fig ax):plt.s"" in: @tf a b = euclidean_distance:distance.euclidean a b df:pd.DataFrame {'A':a, 'B':b} (fig ax):plt.subplots() ax.plot df['A'] df['B'] ax.plot [df['A'].iloc[0] df['B'].iloc[0]] [df['A'].iloc[-1] df['B']…"
BigCodeBench,BigCodeBench/560,python,True,100.0,True,True,True,281,281,289,289,,
BigCodeBench,BigCodeBench/560,kern_compact,True,100.0,True,True,True,281,200,289,207,,
BigCodeBench,BigCodeBench/560,python_minifier,True,100.0,True,True,False,281,210,289,216,,
BigCodeBench,BigCodeBench/560,sigil,True,75.0,False,False,,281,264,289,272,decode,"ValueError: Parse errors in Sigil source:
line 1, col 1: unexpected token '<datetime.datetime>\n<matplotlib.pyplot>' in: <datetime.datetime>"
BigCodeBench,BigCodeBench/561,python,True,100.0,True,True,True,93,93,95,95,,
BigCodeBench,BigCodeBench/561,kern_compact,True,100.0,True,True,True,93,84,95,86,,
BigCodeBench,BigCodeBench/561,python_minifier,True,100.0,True,True,False,93,85,95,87,,
BigCodeBench,BigCodeBench/561,sigil,True,100.0,False,False,,93,58,95,61,decode,"ValueError: Parse errors in Sigil source:
line 3, col 43: unexpected token '.timezone to date:parser.parse da.replac' in: @tf da fr to = fr:pytz.timezone fr to:pytz.timezone to date:parser.parse da.replace tzinfo:fr date:date.astimezone to date.strftime '%Y-%m-%d %H:%M:%S'"
BigCodeBench,BigCodeBench/562,python,True,100.0,True,True,True,179,179,182,182,,
BigCodeBench,BigCodeBench/562,kern_compact,True,100.0,True,True,True,179,154,182,156,,
BigCodeBench,BigCodeBench/562,python_minifier,True,100.0,True,True,False,179,161,182,163,,
BigCodeBench,BigCodeBench/562,sigil,True,80.0,False,False,,179,206,182,208,decode,"ValueError: Parse errors in Sigil source:
line 1, col 1: unexpected token '<os>\n<ctypes>\n<sys>\n<subprocess>\n;; TODO' in: <os>"
BigCodeBench,BigCodeBench/563,python,True,100.0,True,True,True,76,76,76,76,,
BigCodeBench,BigCodeBench/563,kern_compact,True,100.0,True,True,True,76,58,76,58,,
BigCodeBench,BigCodeBench/563,python_minifier,True,100.0,True,True,False,76,65,76,65,,
BigCodeBench,BigCodeBench/563,sigil,True,80.0,False,False,,76,92,76,92,decode,"ValueError: Parse errors in Sigil source:
line 1, col 1: unexpected token '<ctypes>\n<os>\n<shutil>\n<glob>\n;; TODO: m' in: <ctypes>"
BigCodeBench,BigCodeBench/564,python,True,100.0,True,True,True,120,120,121,121,,
BigCodeBench,BigCodeBench/564,kern_compact,True,100.0,True,True,True,120,90,121,91,,
BigCodeBench,BigCodeBench/564,python_minifier,True,100.0,True,True,False,120,95,121,96,,
BigCodeBench,BigCodeBench/564,sigil,True,100.0,False,False,,120,96,121,97,decode,"ValueError: Parse errors in Sigil source:
line 5, col 36: unexpected token '.CDLL fi file_stat:os.stat fi creation_t' in: @tf fi = metadata:dict() lib:ctypes.CDLL fi file_stat:os.stat fi creation_time:datetime.fromtimestamp file_stat.st_ctime pytz.UTC modification_time:datetime.fromtimestamp file_stat.st_mtime pytz.UTC…"
BigCodeBench,BigCodeBench/565,python,True,100.0,True,True,True,110,110,112,112,,
BigCodeBench,BigCodeBench/565,kern_compact,True,100.0,True,True,True,110,90,112,92,,
BigCodeBench,BigCodeBench/565,python_minifier,True,100.0,True,True,False,110,96,112,98,,
BigCodeBench,BigCodeBench/565,sigil,True,100.0,False,False,,110,97,112,99,decode,"ValueError: Parse errors in Sigil source:
line 4, col 54: unexpected token ':f.read() md5_hash:hashlib.md5 data.dige' in: @tf fi = lib:ctypes.CDLL fi open fi 'rb' |~ f -> data:f.read() md5_hash:hashlib.md5 data.digest() print f""MD5 Hash: {binascii.hexlify md5_hash.decode()}"" sha256_hash:hashlib.sha256 data.digest() pri…"
BigCodeBench,BigCodeBench/566,python,True,100.0,True,True,True,69,69,69,69,,
BigCodeBench,BigCodeBench/566,kern_compact,True,100.0,True,True,True,69,54,69,54,,
BigCodeBench,BigCodeBench/566,python_minifier,True,100.0,True,True,False,69,56,69,56,,
BigCodeBench,BigCodeBench/566,sigil,True,100.0,False,False,,69,56,69,56,decode,"ValueError: Parse errors in Sigil source:
line 3, col 39: unexpected token ""{'function_name':f.__name__, 'is_lambda'"" in: @tf f = spec:inspect.getfullargspec f {'function_name':f.__name__, 'is_lambda':isinstance f types.LambdaType, 'args':spec.args, 'defaults':spec.defaults, 'annotations':spec.annotations}"
BigCodeBench,BigCodeBench/567,python,True,100.0,True,True,True,162,162,165,165,,
BigCodeBench,BigCodeBench/567,kern_compact,True,100.0,True,True,True,162,119,165,123,,
BigCodeBench,BigCodeBench/567,python_minifier,True,100.0,True,True,False,162,125,165,129,,
BigCodeBench,BigCodeBench/567,sigil,True,100.0,False,False,,162,114,165,117,decode,"ValueError: Parse errors in Sigil source:
line 4, col 53: unexpected token "".DataFrame da columns:['Values'] plt.fig"" in: @tf da = da:da.split '-' da:[d <- da => int d] df:pd.DataFrame da columns:['Values'] plt.figure figsize:(10 6) ax:plt.gca() ax.hist df['Values'] bins:np.arange df['Values'].min() df['Values'].max()+…"
BigCodeBench,BigCodeBench/568,python,True,100.0,True,True,True,139,139,141,141,,
BigCodeBench,BigCodeBench/568,kern_compact,True,100.0,True,True,True,139,104,141,108,,
BigCodeBench,BigCodeBench/568,python_minifier,True,100.0,True,True,False,139,107,141,110,,
BigCodeBench,BigCodeBench/568,sigil,True,75.0,False,False,,139,137,141,140,decode,"ValueError: Parse errors in Sigil source:
line 1, col 1: unexpected token '<inspect>\n<matplotlib.pyplot>\n<pandas>\n;' in: <inspect>"
BigCodeBench,BigCodeBench/569,python,True,100.0,True,True,True,97,97,97,97,,
BigCodeBench,BigCodeBench/569,kern_compact,True,100.0,True,True,True,97,76,97,76,,
BigCodeBench,BigCodeBench/569,python_minifier,True,100.0,True,True,False,97,77,97,77,,
BigCodeBench,BigCodeBench/569,sigil,True,100.0,False,False,,97,76,97,76,decode,"ValueError: Parse errors in Sigil source:
line 4, col 43: unexpected token "":{'function_name':f.__name__, 'sqrt_args"" in: @tf f = spec:inspect.getfullargspec f info:{'function_name':f.__name__, 'sqrt_args':math.sqrt len spec.args} spec.defaults ? info['lambda_in_defaults']:sum (1 for d in spec.defaults if isinstance(d,…"
BigCodeBench,BigCodeBench/570,python,True,100.0,True,True,True,108,108,108,108,,
BigCodeBench,BigCodeBench/570,kern_compact,True,100.0,True,True,True,108,86,108,86,,
BigCodeBench,BigCodeBench/570,python_minifier,True,100.0,True,True,False,108,88,108,88,,
BigCodeBench,BigCodeBench/570,sigil,True,100.0,False,False,,108,90,108,90,decode,"ValueError: Parse errors in Sigil source:
line 4, col 50: unexpected token ':{k: v.__name__ if isinstance(v, type) e' in: @tf f = spec:inspect.getfullargspec f annotations:{k: v.__name__ if isinstance(v, type) else str(v) for k, v in spec.annotations.items()} info:{'function_name':f.__name__, 'args':spec.args, 'default…"
BigCodeBench,BigCodeBench/571,python,True,100.0,True,True,True,219,219,223,223,,
BigCodeBench,BigCodeBench/571,kern_compact,True,100.0,True,False,,219,169,223,175,parse,"SyntaxError: invalid syntax (<unknown>, line 12)"
BigCodeBench,BigCodeBench/571,python_minifier,True,100.0,True,True,False,219,172,223,175,,
BigCodeBench,BigCodeBench/571,sigil,True,66.66666666666666,False,False,,219,228,223,233,decode,"ValueError: Parse errors in Sigil source:
line 1, col 1: unexpected token '<inspect>\n<pandas>\n;; TODO: manual conve' in: <inspect>"
BigCodeBench,BigCodeBench/572,python,True,100.0,True,True,True,106,106,106,106,,
BigCodeBench,BigCodeBench/572,kern_compact,True,100.0,True,True,True,106,84,106,85,,
BigCodeBench,BigCodeBench/572,python_minifier,True,100.0,True,True,False,106,87,106,88,,
BigCodeBench,BigCodeBench/572,sigil,True,100.0,False,False,,106,75,106,76,decode,"ValueError: Parse errors in Sigil source:
line 4, col 68: unexpected token '.array [_ <- range ar => randint 1 100]' in: @tf ar = array1:np.array [_ <- range ar => randint 1 100] array2:np.array [_ <- range ar => randint 1 100] max_values:np.maximum array1 array2 (fig ax):plt.subplots() ax.plot max_values ax.set_ylabel…"
BigCodeBench,BigCodeBench/573,python,True,100.0,True,True,True,120,120,123,123,,
BigCodeBench,BigCodeBench/573,kern_compact,True,100.0,True,True,True,120,88,123,91,,
BigCodeBench,BigCodeBench/573,python_minifier,True,100.0,True,True,False,120,91,123,94,,
BigCodeBench,BigCodeBench/573,sigil,True,100.0,False,False,,120,89,123,92,decode,"ValueError: Parse errors in Sigil source:
line 3, col 44: unexpected token "".random.rand ar statistics:{'Array1':[np"" in: @tf ar = array1:np.random.rand ar array2:np.random.rand ar statistics:{'Array1':[np.mean array1 np.median array1 np.std array1], 'Array2':[np.mean array2 np.median array2 np.std array2]} df:pd.DataF…"
BigCodeBench,BigCodeBench/574,python,True,100.0,True,True,True,190,190,190,190,,
BigCodeBench,BigCodeBench/574,kern_compact,True,100.0,True,True,True,190,145,190,146,,
BigCodeBench,BigCodeBench/574,python_minifier,True,100.0,True,True,False,190,149,190,150,,
BigCodeBench,BigCodeBench/574,sigil,True,75.0,False,False,,190,208,190,210,decode,"ValueError: Parse errors in Sigil source:
line 1, col 1: unexpected token '<scipy.optimize.curve_fit>\n<matplotlib.p' in: <scipy.optimize.curve_fit>"
BigCodeBench,BigCodeBench/575,python,True,100.0,True,True,True,96,96,98,98,,
BigCodeBench,BigCodeBench/575,kern_compact,True,100.0,True,True,True,96,68,98,71,,
BigCodeBench,BigCodeBench/575,python_minifier,True,100.0,True,True,False,96,72,98,74,,
BigCodeBench,BigCodeBench/575,sigil,True,100.0,False,False,,96,59,98,61,decode,"ValueError: Parse errors in Sigil source:
line 4, col 54: unexpected token '.DataFrame [_ <- range n_ => l] df:df.ap' in: @tf l n_ = !l ? pd.DataFrame() : None shuffle l df:pd.DataFrame [_ <- range n_ => l] df:df.apply row->np.roll row -n_ axis:1 result_type:'expand' df"
BigCodeBench,BigCodeBench/576,python,True,100.0,True,True,True,189,189,189,189,,
BigCodeBench,BigCodeBench/576,kern_compact,True,100.0,True,True,True,189,109,189,110,,
BigCodeBench,BigCodeBench/576,python_minifier,True,100.0,True,True,False,189,112,189,112,,
BigCodeBench,BigCodeBench/576,sigil,True,66.66666666666666,False,False,,189,162,189,162,decode,"ValueError: Parse errors in Sigil source:
line 1, col 1: unexpected token '<random.shuffle>\n<random.randint>\n<panda' in: <random.shuffle>"
BigCodeBench,BigCodeBench/577,python,True,100.0,True,True,True,135,135,135,135,,
BigCodeBench,BigCodeBench/577,kern_compact,True,100.0,True,True,True,135,101,135,102,,
BigCodeBench,BigCodeBench/577,python_minifier,True,100.0,True,True,False,135,104,135,105,,
BigCodeBench,BigCodeBench/577,sigil,True,80.0,False,False,,135,152,135,153,decode,"ValueError: Parse errors in Sigil source:
line 1, col 1: unexpected token '<os>\n<pathlib>\n<hashlib.md5>\n<unicodedat' in: <os>"
BigCodeBench,BigCodeBench/578,python,True,100.0,True,True,True,201,201,202,202,,
BigCodeBench,BigCodeBench/578,kern_compact,True,100.0,True,True,True,201,128,202,128,,
BigCodeBench,BigCodeBench/578,python_minifier,True,100.0,True,True,False,201,135,202,135,,
BigCodeBench,BigCodeBench/578,sigil,True,75.0,False,False,,201,193,202,193,decode,"ValueError: Parse errors in Sigil source:
line 1, col 1: unexpected token ""<unicodedata>\n<requests>\nURL:'https://ap"" in: <unicodedata>"
BigCodeBench,BigCodeBench/579,python,True,100.0,True,True,True,186,186,192,192,,
BigCodeBench,BigCodeBench/579,kern_compact,True,100.0,True,True,True,186,146,192,153,,
BigCodeBench,BigCodeBench/579,python_minifier,True,100.0,True,True,False,186,155,192,162,,
BigCodeBench,BigCodeBench/579,sigil,True,80.0,False,False,,186,212,192,219,decode,"ValueError: Parse errors in Sigil source:
line 1, col 1: unexpected token '<unicodedata>\n<csv>\n<collections.Counter' in: <unicodedata>"
BigCodeBench,BigCodeBench/580,python,True,100.0,True,True,True,206,206,207,207,,
BigCodeBench,BigCodeBench/580,kern_compact,True,100.0,True,True,True,206,143,207,147,,
BigCodeBench,BigCodeBench/580,python_minifier,True,100.0,True,True,False,206,138,207,142,,
BigCodeBench,BigCodeBench/580,sigil,True,100.0,False,False,,206,136,207,139,decode,"ValueError: Parse errors in Sigil source:
line 1, col 1: unexpected token '<pandas>\n<random>\n<statistics>\n<matplotl' in: <pandas>"
BigCodeBench,BigCodeBench/581,python,True,100.0,True,True,True,116,116,116,116,,
BigCodeBench,BigCodeBench/581,kern_compact,True,100.0,True,True,True,116,87,116,90,,
BigCodeBench,BigCodeBench/581,python_minifier,True,100.0,True,True,False,116,88,116,91,,
BigCodeBench,BigCodeBench/581,sigil,True,100.0,False,False,,116,82,116,83,decode,"ValueError: Parse errors in Sigil source:
line 1, col 1: unexpected token '<math>\n<matplotlib.pyplot>\n<numpy>\n<rand' in: <math>"
BigCodeBench,BigCodeBench/582,python,True,100.0,True,True,True,153,153,154,154,,
BigCodeBench,BigCodeBench/582,kern_compact,True,100.0,True,True,True,153,109,154,112,,
BigCodeBench,BigCodeBench/582,python_minifier,True,100.0,True,True,False,153,111,154,115,,
BigCodeBench,BigCodeBench/582,sigil,True,100.0,False,False,,153,110,154,113,decode,"ValueError: Parse errors in Sigil source:
line 4, col 42: unexpected token ':stats.norm.fit data bin_edges:np.histog' in: @tf si = data:np.random.randn si (mu std):stats.norm.fit data bin_edges:np.histogram_bin_edges data bins:'auto' number_of_bins:len bin_edges-1 (fig ax):plt.subplots() ax.hist data bins:number_of_bin…"
BigCodeBench,BigCodeBench/583,python,True,100.0,True,True,True,167,167,168,168,,
BigCodeBench,BigCodeBench/583,kern_compact,True,100.0,True,True,True,167,124,168,125,,
BigCodeBench,BigCodeBench/583,python_minifier,True,100.0,True,True,False,167,125,168,126,,
BigCodeBench,BigCodeBench/583,sigil,True,100.0,False,False,,167,141,168,142,decode,"ValueError: Parse errors in Sigil source:
line 7, col 25: unexpected token ':rsa.newkeys 512 password:get_random_byt' in: @tf = (pub_key priv_key):rsa.newkeys 512 password:get_random_bytes 16 cipher:AES.new password AES.MODE_EAX nonce:cipher.nonce (priv_key_encrypted tag):cipher.encrypt_and_digest priv_key.save_pkcs1()…"
BigCodeBench,BigCodeBench/584,python,True,100.0,True,True,True,191,191,192,192,,
BigCodeBench,BigCodeBench/584,kern_compact,True,100.0,True,True,True,191,158,192,157,,
BigCodeBench,BigCodeBench/584,python_minifier,True,100.0,True,True,False,191,159,192,159,,
BigCodeBench,BigCodeBench/584,sigil,True,75.0,False,False,,191,210,192,210,decode,"ValueError: Parse errors in Sigil source:
line 1, col 1: unexpected token '<rsa>\n<urllib.request>\n<hashlib.sha256>' in: <rsa>"
BigCodeBench,BigCodeBench/585,python,True,100.0,True,True,True,142,142,147,147,,
BigCodeBench,BigCodeBench/585,kern_compact,True,100.0,True,True,True,142,105,147,109,,
BigCodeBench,BigCodeBench/585,python_minifier,True,100.0,True,True,False,142,112,147,115,,
BigCodeBench,BigCodeBench/585,sigil,True,80.0,False,False,,142,161,147,165,decode,"ValueError: Parse errors in Sigil source:
line 1, col 1: unexpected token '<rsa>\n<os>\n<zipfile>\n<base64.b64encode>' in: <rsa>"
BigCodeBench,BigCodeBench/586,python,True,100.0,True,True,True,184,184,187,187,,
BigCodeBench,BigCodeBench/586,kern_compact,True,100.0,True,True,True,184,117,187,121,,
BigCodeBench,BigCodeBench/586,python_minifier,True,100.0,True,True,False,184,118,187,122,,
BigCodeBench,BigCodeBench/586,sigil,True,100.0,False,False,,184,140,187,143,decode,"ValueError: Parse errors in Sigil source:
line 1, col 1: unexpected token '<rsa>\n<cryptography.fernet.Fernet>\n<base' in: <rsa>"
BigCodeBench,BigCodeBench/587,python,True,100.0,True,True,True,275,275,284,284,,
BigCodeBench,BigCodeBench/587,kern_compact,True,100.0,True,True,True,275,198,284,207,,
BigCodeBench,BigCodeBench/587,python_minifier,True,100.0,True,True,False,275,201,284,211,,
BigCodeBench,BigCodeBench/587,sigil,True,100.0,False,False,,275,240,284,251,decode,"ValueError: Parse errors in Sigil source:
line 1, col 1: unexpected token '<rsa>\n<os>\n<cryptography.hazmat.backends' in: <rsa>"
BigCodeBench,BigCodeBench/588,python,True,100.0,True,True,True,144,144,148,148,,
BigCodeBench,BigCodeBench/588,kern_compact,True,100.0,True,True,True,144,80,148,82,,
BigCodeBench,BigCodeBench/588,python_minifier,True,100.0,True,True,False,144,81,148,82,,
BigCodeBench,BigCodeBench/588,sigil,True,100.0,False,False,,144,72,148,74,decode,"ValueError: Parse errors in Sigil source:
line 1, col 1: unexpected token '<numpy>\n<pandas>\n<seaborn>\n<matplotlib.p' in: <numpy>"
BigCodeBench,BigCodeBench/589,python,True,100.0,True,True,True,221,221,224,224,,
BigCodeBench,BigCodeBench/589,kern_compact,True,100.0,True,True,True,221,159,224,161,,
BigCodeBench,BigCodeBench/589,python_minifier,True,100.0,True,True,False,221,160,224,162,,
BigCodeBench,BigCodeBench/589,sigil,True,100.0,False,False,,221,161,224,165,decode,"ValueError: Parse errors in Sigil source:
line 1, col 1: unexpected token '<matplotlib.pyplot>\n<numpy>\n<sklearn.clu' in: <matplotlib.pyplot>"
BigCodeBench,BigCodeBench/590,python,True,100.0,True,True,True,164,164,166,166,,
BigCodeBench,BigCodeBench/590,kern_compact,True,100.0,True,True,True,164,141,166,144,,
BigCodeBench,BigCodeBench/590,python_minifier,True,100.0,True,True,False,164,149,166,151,,
BigCodeBench,BigCodeBench/590,sigil,True,80.0,False,False,,164,181,166,182,decode,"ValueError: Parse errors in Sigil source:
line 1, col 1: unexpected token '<urllib.request>\n<pyquery.PyQuery>\n<date' in: <urllib.request>"
BigCodeBench,BigCodeBench/591,python,True,100.0,True,True,True,235,235,236,236,,
BigCodeBench,BigCodeBench/591,kern_compact,True,100.0,True,True,True,235,187,236,189,,
BigCodeBench,BigCodeBench/591,python_minifier,True,100.0,True,True,False,235,195,236,199,,
BigCodeBench,BigCodeBench/591,sigil,True,85.71428571428571,False,False,,235,238,236,240,decode,"ValueError: Parse errors in Sigil source:
line 1, col 1: unexpected token '<datetime.datetime>\n<random.randint>\n<ma' in: <datetime.datetime>"
BigCodeBench,BigCodeBench/592,python,True,100.0,True,True,True,173,173,174,174,,
BigCodeBench,BigCodeBench/592,kern_compact,True,100.0,True,True,True,173,140,174,144,,
BigCodeBench,BigCodeBench/592,python_minifier,True,100.0,True,True,False,173,143,174,148,,
BigCodeBench,BigCodeBench/592,sigil,True,85.71428571428571,False,False,,173,186,174,187,decode,"ValueError: Parse errors in Sigil source:
line 1, col 1: unexpected token '<csv>\n<os>\n<datetime.datetime>\n<random.r' in: <csv>"
BigCodeBench,BigCodeBench/593,python,True,100.0,True,True,True,262,262,261,261,,
BigCodeBench,BigCodeBench/593,kern_compact,True,100.0,True,True,True,262,214,261,216,,
BigCodeBench,BigCodeBench/593,python_minifier,True,100.0,True,True,False,262,217,261,219,,
BigCodeBench,BigCodeBench/593,sigil,True,88.88888888888889,False,False,,262,282,261,282,decode,"ValueError: Parse errors in Sigil source:
line 1, col 1: unexpected token '<csv>\n<os>\n<datetime.datetime>\n<random.r' in: <csv>"
BigCodeBench,BigCodeBench/594,python,True,100.0,True,True,True,211,211,213,213,,
BigCodeBench,BigCodeBench/594,kern_compact,True,100.0,True,True,True,211,164,213,169,,
BigCodeBench,BigCodeBench/594,python_minifier,True,100.0,True,True,False,211,167,213,172,,
BigCodeBench,BigCodeBench/594,sigil,True,87.5,False,False,,211,228,213,230,decode,"ValueError: Parse errors in Sigil source:
line 1, col 1: unexpected token '<csv>\n<os>\n<shutil>\n<datetime.datetime>' in: <csv>"
BigCodeBench,BigCodeBench/595,python,True,100.0,True,True,True,96,96,96,96,,
BigCodeBench,BigCodeBench/595,kern_compact,True,100.0,True,True,True,96,72,96,73,,
BigCodeBench,BigCodeBench/595,python_minifier,True,100.0,True,True,False,96,76,96,76,,
BigCodeBench,BigCodeBench/595,sigil,True,75.0,False,False,,96,111,96,111,decode,"ValueError: Parse errors in Sigil source:
line 1, col 1: unexpected token '<random>\n<bisect>\n<array.array>\n;; TODO:' in: <random>"
BigCodeBench,BigCodeBench/596,python,True,100.0,True,True,True,149,149,150,150,,
BigCodeBench,BigCodeBench/596,kern_compact,True,100.0,True,True,True,149,102,150,103,,
BigCodeBench,BigCodeBench/596,python_minifier,True,100.0,True,True,False,149,102,150,103,,
BigCodeBench,BigCodeBench/596,sigil,True,80.0,False,False,,149,167,150,169,decode,"ValueError: Parse errors in Sigil source:
line 1, col 1: unexpected token '<time>\n<datetime.datetime>\n<random.randi' in: <time>"
BigCodeBench,BigCodeBench/597,python,True,100.0,True,True,True,105,105,106,106,,
BigCodeBench,BigCodeBench/597,kern_compact,True,100.0,True,True,True,105,73,106,76,,
BigCodeBench,BigCodeBench/597,python_minifier,True,100.0,True,True,False,105,77,106,79,,
BigCodeBench,BigCodeBench/597,sigil,True,100.0,False,False,,105,80,106,81,decode,"ValueError: Parse errors in Sigil source:
line 1, col 1: unexpected token ""<pandas>\n<time>\nLETTERS:list 'abcdefghij"" in: <pandas>"
BigCodeBench,BigCodeBench/598,python,True,100.0,True,True,True,110,110,111,111,,
BigCodeBench,BigCodeBench/598,kern_compact,True,100.0,True,True,True,110,74,111,76,,
BigCodeBench,BigCodeBench/598,python_minifier,True,100.0,True,True,False,110,77,111,80,,
BigCodeBench,BigCodeBench/598,sigil,True,100.0,False,False,,110,86,111,87,decode,"ValueError: Parse errors in Sigil source:
line 3, col 41: unexpected token "".DataFrame df regex:'^'+le filtered_df:d"" in: @tf df le = start_time:time.time() df:pd.DataFrame df regex:'^'+le filtered_df:df[df['Word'].str.contains regex regex:True] word_lengths:filtered_df['Word'].str.len() count_dict:word_lengths.value_c…"
BigCodeBench,BigCodeBench/599,python,True,100.0,True,True,True,222,222,223,223,,
BigCodeBench,BigCodeBench/599,kern_compact,True,100.0,True,True,True,222,136,223,138,,
BigCodeBench,BigCodeBench/599,python_minifier,True,100.0,True,True,False,222,143,223,145,,
BigCodeBench,BigCodeBench/599,sigil,True,100.0,False,False,,222,146,223,147,decode,"ValueError: Parse errors in Sigil source:
line 3, col 41: unexpected token '.DataFrame df regex:f""^{le}"" filtered_df' in: @tf df le = start_time:time.time() df:pd.DataFrame df regex:f""^{le}"" filtered_df:df[df['Word'].str.match regex] word_lengths:filtered_df['Word'].str.len() filtered_df.empty ? print f""No words start …"
BigCodeBench,BigCodeBench/600,python,True,100.0,True,True,True,94,94,96,96,,
BigCodeBench,BigCodeBench/600,kern_compact,True,100.0,True,True,True,94,69,96,72,,
BigCodeBench,BigCodeBench/600,python_minifier,True,100.0,True,True,False,94,76,96,79,,
BigCodeBench,BigCodeBench/600,sigil,True,100.0,False,False,,94,77,96,79,decode,"ValueError: Parse errors in Sigil source:
line 3, col 155: unexpected token "":{'mean':np.mean word_lengths, 'median':"" in: @tf df le = df:pd.DataFrame df regex:'^'+le filtered_df:df[df['Word'].str.contains regex regex:True] word_lengths:filtered_df['Word'].str.len() statistics:{'mean':np.mean word_lengths, 'median':np.…"
BigCodeBench,BigCodeBench/601,python,True,100.0,True,True,True,198,198,203,203,,
BigCodeBench,BigCodeBench/601,kern_compact,True,100.0,True,True,True,198,135,203,141,,
BigCodeBench,BigCodeBench/601,python_minifier,True,100.0,True,True,False,198,142,203,148,,
BigCodeBench,BigCodeBench/601,sigil,True,66.66666666666666,False,False,,198,200,203,203,decode,"ValueError: Parse errors in Sigil source:
line 1, col 1: unexpected token '<seaborn>\n<time>\n;; TODO: manual convers' in: <seaborn>"
BigCodeBench,BigCodeBench/602,python,True,100.0,True,True,True,91,91,92,92,,
BigCodeBench,BigCodeBench/602,kern_compact,True,100.0,True,True,True,91,73,92,75,,
BigCodeBench,BigCodeBench/602,python_minifier,True,100.0,True,True,False,91,78,92,81,,
BigCodeBench,BigCodeBench/602,sigil,True,100.0,False,False,,91,64,92,65,decode,"ValueError: Parse errors in Sigil source:
line 1, col 1: unexpected token ""<numpy>\n<pandas>\nLETTERS:list 'abcdefghi"" in: <numpy>"
BigCodeBench,BigCodeBench/603,python,True,100.0,True,True,True,56,56,57,57,,
BigCodeBench,BigCodeBench/603,kern_compact,True,100.0,True,True,True,56,46,57,47,,
BigCodeBench,BigCodeBench/603,python_minifier,True,100.0,True,True,False,56,50,57,51,,
BigCodeBench,BigCodeBench/603,sigil,True,100.0,False,False,,56,40,57,41,decode,"ValueError: Parse errors in Sigil source:
line 3, col 66: unexpected token '.DataFrame combined_matrix df.to_string' in: @tf ma ma2 = combined_matrix:np.concatenate (ma ma2) axis:1 df:pd.DataFrame combined_matrix df.to_string index:False header:False"
BigCodeBench,BigCodeBench/604,python,True,100.0,True,True,True,116,116,120,120,,
BigCodeBench,BigCodeBench/604,kern_compact,True,100.0,True,True,True,116,92,120,95,,
BigCodeBench,BigCodeBench/604,python_minifier,True,100.0,True,True,False,116,97,120,101,,
BigCodeBench,BigCodeBench/604,sigil,True,100.0,False,False,,116,80,120,81,decode,"ValueError: Parse errors in Sigil source:
line 3, col 43: unexpected token "".INFO !{subprocess.check_call ['g++' fi"" in: @tf fi = logging.basicConfig level:logging.INFO !{subprocess.check_call ['g++' fi '-o' fi.split '.'[0]] logging.info 'Successfully compiled %s' fi}~>{logging.error 'Failed to compile %s: %s' fi e log…"
BigCodeBench,BigCodeBench/605,python,True,100.0,True,True,True,47,47,48,48,,
BigCodeBench,BigCodeBench/605,kern_compact,True,100.0,True,True,True,47,39,48,42,,
BigCodeBench,BigCodeBench/605,python_minifier,True,100.0,True,True,False,47,40,48,43,,
BigCodeBench,BigCodeBench/605,sigil,True,100.0,False,False,,47,35,48,37,decode,"ValueError: Parse errors in Sigil source:
line 3, col 37: unexpected token "":plt.subplots() ax.imshow df cmap:'hot'"" in: @tf ma = df:pd.DataFrame ma (fig ax):plt.subplots() ax.imshow df cmap:'hot' interpolation:'nearest' ax"
BigCodeBench,BigCodeBench/606,python,True,100.0,True,True,True,63,63,65,65,,
BigCodeBench,BigCodeBench/606,kern_compact,True,100.0,True,True,True,63,33,65,35,,
BigCodeBench,BigCodeBench/606,python_minifier,True,100.0,True,True,False,63,36,65,37,,
BigCodeBench,BigCodeBench/606,sigil,True,100.0,False,False,,63,38,65,39,decode,"ValueError: Parse errors in Sigil source:
line 3, col 45: unexpected token '.apply stats.zscore normalized_df:normal' in: @tf ma = df:pd.DataFrame ma normalized_df:df.apply stats.zscore normalized_df:normalized_df.fillna 0.0 normalized_df"
BigCodeBench,BigCodeBench/607,python,True,100.0,True,True,True,163,163,168,168,,
BigCodeBench,BigCodeBench/607,kern_compact,True,100.0,True,True,True,163,106,168,114,,
BigCodeBench,BigCodeBench/607,python_minifier,True,100.0,True,True,False,163,99,168,105,,
BigCodeBench,BigCodeBench/607,sigil,True,80.0,False,False,,163,148,168,153,decode,"ValueError: Parse errors in Sigil source:
line 1, col 1: unexpected token '<pandas>\n<matplotlib.pyplot>\n<random.sam' in: <pandas>"
BigCodeBench,BigCodeBench/608,python,True,100.0,True,True,True,161,161,166,166,,
BigCodeBench,BigCodeBench/608,kern_compact,True,100.0,True,True,True,161,104,166,112,,
BigCodeBench,BigCodeBench/608,python_minifier,True,100.0,True,True,False,161,111,166,118,,
BigCodeBench,BigCodeBench/608,sigil,True,75.0,False,False,,161,158,166,162,decode,"ValueError: Parse errors in Sigil source:
line 1, col 1: unexpected token ""<seaborn>\n<random.sample>\nCOLUMNS:['A' '"" in: <seaborn>"
BigCodeBench,BigCodeBench/609,python,True,100.0,True,True,True,150,150,153,153,,
BigCodeBench,BigCodeBench/609,kern_compact,True,100.0,True,True,True,150,107,153,110,,
BigCodeBench,BigCodeBench/609,python_minifier,True,100.0,True,True,False,150,108,153,111,,
BigCodeBench,BigCodeBench/609,sigil,True,66.66666666666666,False,False,,150,170,153,173,decode,"ValueError: Parse errors in Sigil source:
line 1, col 1: unexpected token '<itertools.combinations>\n<random.sample>' in: <itertools.combinations>"
BigCodeBench,BigCodeBench/610,python,True,100.0,True,True,True,166,166,172,172,,
BigCodeBench,BigCodeBench/610,kern_compact,True,100.0,True,True,True,166,112,172,118,,
BigCodeBench,BigCodeBench/610,python_minifier,True,100.0,True,True,False,166,106,172,110,,
BigCodeBench,BigCodeBench/610,sigil,True,80.0,False,False,,166,155,172,159,decode,"ValueError: Parse errors in Sigil source:
line 1, col 1: unexpected token '<random.sample>\n<seaborn>\n<pandas>\nCOLUM' in: <random.sample>"
BigCodeBench,BigCodeBench/611,python,True,100.0,True,True,True,139,139,142,142,,
BigCodeBench,BigCodeBench/611,kern_compact,True,100.0,True,True,True,139,106,142,110,,
BigCodeBench,BigCodeBench/611,python_minifier,True,100.0,True,True,False,139,108,142,112,,
BigCodeBench,BigCodeBench/611,sigil,True,75.0,False,False,,139,151,142,155,decode,"ValueError: Parse errors in Sigil source:
line 1, col 1: unexpected token '<random.sample>\n<matplotlib.pyplot>\nCOLU' in: <random.sample>"
BigCodeBench,BigCodeBench/612,python,True,100.0,True,True,True,208,208,214,214,,
BigCodeBench,BigCodeBench/612,kern_compact,True,100.0,True,True,True,208,145,214,149,,
BigCodeBench,BigCodeBench/612,python_minifier,True,100.0,True,True,False,208,147,214,151,,
BigCodeBench,BigCodeBench/612,sigil,True,83.33333333333334,False,False,,208,203,214,209,decode,"ValueError: Parse errors in Sigil source:
line 1, col 1: unexpected token '<random.choice>\n<numpy>\n<pandas>\nTEAMS:[' in: <random.choice>"
BigCodeBench,BigCodeBench/613,python,True,100.0,True,True,True,246,246,250,250,,
BigCodeBench,BigCodeBench/613,kern_compact,True,100.0,True,True,True,246,181,250,185,,
BigCodeBench,BigCodeBench/613,python_minifier,True,100.0,True,True,False,246,182,250,186,,
BigCodeBench,BigCodeBench/613,sigil,True,80.0,False,False,,246,250,250,255,decode,"ValueError: Parse errors in Sigil source:
line 1, col 1: unexpected token ""<pandas>\n<matplotlib.pyplot>\nTEAMS:['Tea"" in: <pandas>"
BigCodeBench,BigCodeBench/614,python,True,100.0,True,True,True,128,128,133,133,,
BigCodeBench,BigCodeBench/614,kern_compact,True,100.0,True,True,True,128,95,133,97,,
BigCodeBench,BigCodeBench/614,python_minifier,True,100.0,True,True,False,128,98,133,100,,
BigCodeBench,BigCodeBench/614,sigil,True,66.66666666666666,False,False,,128,141,133,145,decode,"ValueError: Parse errors in Sigil source:
line 1, col 1: unexpected token '<pandas>\n<seaborn>\n;; TODO: manual conve' in: <pandas>"
BigCodeBench,BigCodeBench/615,python,True,100.0,True,True,True,190,190,194,194,,
BigCodeBench,BigCodeBench/615,kern_compact,True,100.0,True,True,True,190,113,194,117,,
BigCodeBench,BigCodeBench/615,python_minifier,True,100.0,True,True,False,190,125,194,128,,
BigCodeBench,BigCodeBench/615,sigil,True,66.66666666666666,False,False,,190,191,194,195,decode,"ValueError: Parse errors in Sigil source:
line 1, col 1: unexpected token '<random.randint>\n<random.seed>\n<pandas>' in: <random.randint>"
BigCodeBench,BigCodeBench/616,python,True,100.0,True,True,True,247,247,251,251,,
BigCodeBench,BigCodeBench/616,kern_compact,True,100.0,True,True,True,247,177,251,181,,
BigCodeBench,BigCodeBench/616,python_minifier,True,100.0,True,True,False,247,190,251,194,,
BigCodeBench,BigCodeBench/616,sigil,True,83.33333333333334,False,False,,247,240,251,245,decode,"ValueError: Parse errors in Sigil source:
line 1, col 1: unexpected token '<random.randint>\n<random.seed>\n<matplotl' in: <random.randint>"
BigCodeBench,BigCodeBench/617,python,True,100.0,True,True,True,337,337,341,341,,
BigCodeBench,BigCodeBench/617,kern_compact,True,100.0,True,True,True,337,243,341,250,,
BigCodeBench,BigCodeBench/617,python_minifier,True,100.0,True,True,False,337,250,341,253,,
BigCodeBench,BigCodeBench/617,sigil,True,85.71428571428571,False,False,,337,324,341,328,decode,"ValueError: Parse errors in Sigil source:
line 1, col 1: unexpected token '<random.randint>\n<random.seed>\n<matplotl' in: <random.randint>"
BigCodeBench,BigCodeBench/618,python,True,100.0,True,True,True,245,245,247,247,,
BigCodeBench,BigCodeBench/618,kern_compact,True,100.0,True,True,True,245,168,247,169,,
BigCodeBench,BigCodeBench/618,python_minifier,True,100.0,True,True,False,245,168,247,174,,
BigCodeBench,BigCodeBench/618,sigil,True,85.71428571428571,False,False,,245,228,247,230,decode,"ValueError: Parse errors in Sigil source:
line 1, col 1: unexpected token '<random.randint>\n<matplotlib.pyplot>\n<pa' in: <random.randint>"
BigCodeBench,BigCodeBench/619,python,True,100.0,True,True,True,218,218,221,221,,
BigCodeBench,BigCodeBench/619,kern_compact,True,100.0,True,True,True,218,147,221,150,,
BigCodeBench,BigCodeBench/619,python_minifier,True,100.0,True,True,False,218,158,221,161,,
BigCodeBench,BigCodeBench/619,sigil,True,83.33333333333334,False,False,,218,213,221,215,decode,"ValueError: Parse errors in Sigil source:
line 1, col 1: unexpected token '<random.randint>\n<random.seed>\n<pandas>' in: <random.randint>"
BigCodeBench,BigCodeBench/620,python,True,100.0,True,True,True,92,92,93,93,,
BigCodeBench,BigCodeBench/620,kern_compact,True,100.0,True,True,True,92,69,93,70,,
BigCodeBench,BigCodeBench/620,python_minifier,True,100.0,True,True,False,92,73,93,74,,
BigCodeBench,BigCodeBench/620,sigil,True,100.0,False,False,,92,71,93,72,decode,"ValueError: Parse errors in Sigil source:
line 1, col 1: unexpected token '<numpy>\n<pandas>\nRANGE:(1 100)\n@tf L = (' in: <numpy>"
BigCodeBench,BigCodeBench/621,python,True,100.0,True,True,True,89,89,89,89,,
BigCodeBench,BigCodeBench/621,kern_compact,True,100.0,True,True,True,89,70,89,71,,
BigCodeBench,BigCodeBench/621,python_minifier,True,100.0,True,True,False,89,71,89,72,,
BigCodeBench,BigCodeBench/621,sigil,True,100.0,False,False,,89,66,89,67,decode,"ValueError: Parse errors in Sigil source:
line 5, col 35: unexpected token '.array data.reshape -1 1 scaler:Standard' in: @tf L = data:list chain *L data:np.array data.reshape -1 1 scaler:StandardScaler() standardized_data:scaler.fit_transform data (fig ax):plt.subplots() ax.plot standardized_data plt.close fig ax"
BigCodeBench,BigCodeBench/622,python,True,100.0,True,True,True,155,155,156,156,,
BigCodeBench,BigCodeBench/622,kern_compact,True,100.0,True,True,True,155,119,156,123,,
BigCodeBench,BigCodeBench/622,python_minifier,True,100.0,True,True,False,155,121,156,125,,
BigCodeBench,BigCodeBench/622,sigil,True,100.0,False,False,,155,117,156,119,decode,"ValueError: Parse errors in Sigil source:
line 5, col 36: unexpected token ':norm.fit data (fig ax):plt.subplots() a' in: @tf L = data:list chain *L (mu std):norm.fit data (fig ax):plt.subplots() ax.hist data bins:30 density:True alpha:0.6 color:'g' (xmin xmax):plt.xlim() x:np.linspace xmin xmax 100 p:norm.pdf x mu std…"
BigCodeBench,BigCodeBench/623,python,True,100.0,True,True,True,104,104,104,104,,
BigCodeBench,BigCodeBench/623,kern_compact,True,100.0,True,True,True,104,74,104,75,,
BigCodeBench,BigCodeBench/623,python_minifier,True,100.0,True,True,False,104,77,104,78,,
BigCodeBench,BigCodeBench/623,sigil,True,100.0,False,False,,104,76,104,76,decode,"ValueError: Parse errors in Sigil source:
line 4, col 48: unexpected token '.array data.reshape -1 1 kmeans:KMeans n' in: @tf L = N_CLUSTERS:3 data:list chain *L data:np.array data.reshape -1 1 kmeans:KMeans n_clusters:N_CLUSTERS.fit data (fig ax):plt.subplots() ax.scatter data [0]*len data c:kmeans.labels_.astype floa…"
BigCodeBench,BigCodeBench/624,python,True,100.0,True,True,True,87,87,92,92,,
BigCodeBench,BigCodeBench/624,kern_compact,True,100.0,True,True,True,87,65,92,67,,
BigCodeBench,BigCodeBench/624,python_minifier,True,100.0,True,True,False,87,66,92,68,,
BigCodeBench,BigCodeBench/624,sigil,True,100.0,False,False,,87,74,92,79,decode,"ValueError: Parse errors in Sigil source:
line 1, col 1: unexpected token '<sklearn.decomposition.PCA>\n<numpy>\n<mat' in: <sklearn.decomposition.PCA>"
BigCodeBench,BigCodeBench/625,python,True,100.0,True,True,True,91,91,92,92,,
BigCodeBench,BigCodeBench/625,kern_compact,True,100.0,True,True,True,91,66,92,67,,
BigCodeBench,BigCodeBench/625,python_minifier,True,100.0,True,True,False,91,68,92,69,,
BigCodeBench,BigCodeBench/625,sigil,True,75.0,False,False,,91,102,92,103,decode,"ValueError: Parse errors in Sigil source:
line 1, col 1: unexpected token '<math>\n<random.randint>\n<pandas>\n;; TODO' in: <math>"
BigCodeBench,BigCodeBench/626,python,True,100.0,True,True,True,139,139,140,140,,
BigCodeBench,BigCodeBench/626,kern_compact,True,100.0,True,True,True,139,114,140,114,,
BigCodeBench,BigCodeBench/626,python_minifier,True,100.0,True,True,False,139,114,140,114,,
BigCodeBench,BigCodeBench/626,sigil,True,100.0,False,False,,139,110,140,111,decode,"ValueError: Parse errors in Sigil source:
line 1, col 1: unexpected token '<random.choice>\n<pytz>\n<dateutil.parser.' in: <random.choice>"
BigCodeBench,BigCodeBench/627,python,True,100.0,True,True,True,116,116,117,117,,
BigCodeBench,BigCodeBench/627,kern_compact,True,100.0,True,True,True,116,88,117,90,,
BigCodeBench,BigCodeBench/627,python_minifier,True,100.0,True,True,False,116,92,117,94,,
BigCodeBench,BigCodeBench/627,sigil,True,75.0,False,False,,116,129,117,130,decode,"ValueError: Parse errors in Sigil source:
line 1, col 1: unexpected token '<random.randint>\n<statistics.mean>\n<pand' in: <random.randint>"
BigCodeBench,BigCodeBench/628,python,True,100.0,True,True,True,149,149,148,148,,
BigCodeBench,BigCodeBench/628,kern_compact,True,100.0,True,True,True,149,117,148,123,,
BigCodeBench,BigCodeBench/628,python_minifier,True,100.0,True,True,False,149,112,148,119,,
BigCodeBench,BigCodeBench/628,sigil,True,100.0,False,False,,149,110,148,112,decode,"ValueError: Parse errors in Sigil source:
line 4, col 183: unexpected token ':plt.subplots() ax.plot x y ax.set_title' in: @tf = x:[i <- range 1000 => i/100] frequency:randint 1 5 amplitude:randint 1 5 phase_shift:randint 0 360 y:[xi <- x => amplitude*math.sin 2*math.pi*frequency*xi+phase_shift] (fig ax):plt.subplots()…"
BigCodeBench,BigCodeBench/629,python,True,100.0,True,True,True,206,206,210,210,,
BigCodeBench,BigCodeBench/629,kern_compact,True,100.0,True,True,True,206,114,210,118,,
BigCodeBench,BigCodeBench/629,python_minifier,True,100.0,True,True,False,206,125,210,130,,
BigCodeBench,BigCodeBench/629,sigil,True,75.0,False,False,,206,173,210,174,decode,"ValueError: Parse errors in Sigil source:
line 1, col 1: unexpected token ""<os>\n<time>\nOUTPUT_DIR:'./output'\n;; TOD"" in: <os>"
BigCodeBench,BigCodeBench/630,python,True,100.0,True,True,True,94,94,94,94,,
BigCodeBench,BigCodeBench/630,kern_compact,True,100.0,True,True,True,94,71,94,75,,
BigCodeBench,BigCodeBench/630,python_minifier,True,100.0,True,True,False,94,74,94,78,,
BigCodeBench,BigCodeBench/630,sigil,True,100.0,False,False,,94,68,94,68,decode,"ValueError: Parse errors in Sigil source:
line 1, col 1: unexpected token ""<pandas>\n<os>\nOUTPUT_DIR:'./output'\n@tf"" in: <pandas>"
BigCodeBench,BigCodeBench/631,python,True,100.0,True,True,True,87,87,87,87,,
BigCodeBench,BigCodeBench/631,kern_compact,True,100.0,True,True,True,87,63,87,66,,
BigCodeBench,BigCodeBench/631,python_minifier,True,100.0,True,True,False,87,66,87,70,,
BigCodeBench,BigCodeBench/631,sigil,True,100.0,False,False,,87,58,87,58,decode,"ValueError: Parse errors in Sigil source:
line 1, col 1: unexpected token ""<csv>\n<os>\nOUTPUT_DIR:'./output'\n@tf df"" in: <csv>"
BigCodeBench,BigCodeBench/632,python,True,100.0,True,True,True,156,156,158,158,,
BigCodeBench,BigCodeBench/632,kern_compact,True,100.0,True,True,True,156,100,158,103,,
BigCodeBench,BigCodeBench/632,python_minifier,True,100.0,True,True,False,156,98,158,100,,
BigCodeBench,BigCodeBench/632,sigil,True,75.0,False,False,,156,152,158,153,decode,"ValueError: Parse errors in Sigil source:
line 1, col 1: unexpected token ""<pandas>\n<time>\nOUTPUT_DIR:'./output'\n;;"" in: <pandas>"
BigCodeBench,BigCodeBench/633,python,True,100.0,True,True,True,128,128,130,130,,
BigCodeBench,BigCodeBench/633,kern_compact,True,100.0,True,True,True,128,85,130,86,,
BigCodeBench,BigCodeBench/633,python_minifier,True,100.0,True,True,False,128,83,130,84,,
BigCodeBench,BigCodeBench/633,sigil,True,66.66666666666666,False,False,,128,122,130,122,decode,"ValueError: Parse errors in Sigil source:
line 1, col 1: unexpected token '<re>\n<nltk.corpus.stopwords>\n;; TODO: ma' in: <re>"
BigCodeBench,BigCodeBench/634,python,True,100.0,True,True,True,84,84,83,83,,
BigCodeBench,BigCodeBench/634,kern_compact,True,100.0,True,True,True,84,49,83,49,,
BigCodeBench,BigCodeBench/634,python_minifier,True,100.0,True,True,False,84,50,83,50,,
BigCodeBench,BigCodeBench/634,sigil,True,100.0,False,False,,84,45,83,45,decode,"ValueError: Parse errors in Sigil source:
line 4, col 100: unexpected token '.mode flattened_list mode' in: @tf xs:list n:i>Any = flattened_list:np.array list itertools.chain *[_ <- range n => xs] mode:stats.mode flattened_list mode"
BigCodeBench,BigCodeBench/635,python,True,100.0,True,True,True,374,374,385,385,,
BigCodeBench,BigCodeBench/635,kern_compact,True,100.0,True,True,False,374,236,385,248,ast,normalized AST differs
BigCodeBench,BigCodeBench/635,python_minifier,True,100.0,True,True,False,374,242,385,253,,
BigCodeBench,BigCodeBench/635,sigil,True,100.0,False,False,,374,256,385,265,decode,"ValueError: Parse errors in Sigil source:
line 7, col 112: unexpected token '.join [word <- te.lower().split() word n' in: @tf te n = te:re.sub '\\b(\\w+)( \\1\\b)+' '\\1' te stop_words:set stopwords.words 'english' words_filtered:' '.join [word <- te.lower().split() word not in stop_words & => word] !words_filtered.st…"
BigCodeBench,BigCodeBench/636,python,True,100.0,True,True,True,208,208,214,214,,
BigCodeBench,BigCodeBench/636,kern_compact,True,100.0,True,True,True,208,121,214,124,,
BigCodeBench,BigCodeBench/636,python_minifier,True,100.0,True,True,False,208,119,214,124,,
BigCodeBench,BigCodeBench/636,sigil,True,100.0,False,False,,208,126,214,130,decode,"ValueError: Parse errors in Sigil source:
line 1, col 1: unexpected token '<matplotlib.pyplot>\n<numpy>\n<pandas>\nCOL' in: <matplotlib.pyplot>"
BigCodeBench,BigCodeBench/637,python,True,100.0,True,True,True,247,247,248,248,,
BigCodeBench,BigCodeBench/637,kern_compact,True,100.0,True,True,True,247,173,248,176,,
BigCodeBench,BigCodeBench/637,python_minifier,True,100.0,True,True,False,247,179,248,185,,
BigCodeBench,BigCodeBench/637,sigil,True,100.0,False,False,,247,181,248,181,decode,"ValueError: Parse errors in Sigil source:
line 6, col 144: unexpected token '.random.randint 40 101 size:(nu len COUR' in: @tf nu = STUDENTS:[i <- range 1 101 => 'Student'+str i] COURSES:[i <- range 1 6 => 'Course'+str i] students_sample:sample STUDENTS nu grades:np.random.randint 40 101 size:(nu len COURSES) df:pd.Dat…"
BigCodeBench,BigCodeBench/638,python,True,100.0,True,True,True,107,107,111,111,,
BigCodeBench,BigCodeBench/638,kern_compact,True,100.0,True,True,True,107,81,111,87,,
BigCodeBench,BigCodeBench/638,python_minifier,True,100.0,True,True,False,107,88,111,94,,
BigCodeBench,BigCodeBench/638,sigil,True,100.0,False,False,,107,74,111,75,decode,"ValueError: Parse errors in Sigil source:
line 3, col 149: unexpected token '.DataFrame scores index:teams columns:ga' in: @tf nu nu2 = scores:np.random.randint 0 101 size:(nu nu2) teams:[i <- range 1 nu+1 => 'Team'+str i] games:[i <- range 1 nu2+1 => 'Game'+str i] df:pd.DataFrame scores index:teams columns:games df"
BigCodeBench,BigCodeBench/639,python,True,100.0,True,True,True,137,137,139,139,,
BigCodeBench,BigCodeBench/639,kern_compact,True,100.0,True,True,True,137,100,139,103,,
BigCodeBench,BigCodeBench/639,python_minifier,True,100.0,True,True,False,137,101,139,104,,
BigCodeBench,BigCodeBench/639,sigil,True,100.0,False,False,,137,97,139,98,decode,"ValueError: Parse errors in Sigil source:
line 4, col 116: unexpected token '.random.rand len SAMPLES len FEATURES df' in: @tf nu nu2 = FEATURES:[i <- range 1 nu2+1 => 'Feature'+str i] SAMPLES:[i <- range 1 nu+1 => 'Sample'+str i] data:np.random.rand len SAMPLES len FEATURES df:pd.DataFrame data index:SAMPLES columns:F…"
BigCodeBench,BigCodeBench/640,python,True,100.0,True,True,True,201,201,204,204,,
BigCodeBench,BigCodeBench/640,kern_compact,True,100.0,True,True,True,201,166,204,167,,
BigCodeBench,BigCodeBench/640,python_minifier,True,100.0,True,True,False,201,167,204,168,,
BigCodeBench,BigCodeBench/640,sigil,True,100.0,False,False,,201,156,204,159,decode,"ValueError: Parse errors in Sigil source:
line 1, col 1: unexpected token '<matplotlib.pyplot>\n<numpy>\n<pandas>\n<se' in: <matplotlib.pyplot>"
BigCodeBench,BigCodeBench/641,python,True,100.0,True,True,True,99,99,101,101,,
BigCodeBench,BigCodeBench/641,kern_compact,True,100.0,True,True,True,99,74,101,77,,
BigCodeBench,BigCodeBench/641,python_minifier,True,100.0,True,True,False,99,70,101,72,,
BigCodeBench,BigCodeBench/641,sigil,True,75.0,False,False,,99,113,101,115,decode,"ValueError: Parse errors in Sigil source:
line 1, col 1: unexpected token '<os>\n<re>\n<pandas>\n;; TODO: manual conve' in: <os>"
BigCodeBench,BigCodeBench/642,python,True,100.0,True,True,True,130,130,129,129,,
BigCodeBench,BigCodeBench/642,kern_compact,True,100.0,True,True,True,130,104,129,104,,
BigCodeBench,BigCodeBench/642,python_minifier,True,100.0,True,True,False,130,104,129,104,,
BigCodeBench,BigCodeBench/642,sigil,True,80.0,False,False,,130,147,129,146,decode,"ValueError: Parse errors in Sigil source:
line 1, col 1: unexpected token ""<binascii>\n<hashlib>\n<re>\nOUTPUT_DIR:'./"" in: <binascii>"
BigCodeBench,BigCodeBench/643,python,True,100.0,True,True,True,98,98,98,98,,
BigCodeBench,BigCodeBench/643,kern_compact,True,100.0,True,True,True,98,86,98,86,,
BigCodeBench,BigCodeBench/643,python_minifier,True,100.0,True,True,False,98,90,98,90,,
BigCodeBench,BigCodeBench/643,sigil,True,80.0,False,False,,98,101,98,101,decode,"ValueError: Parse errors in Sigil source:
line 1, col 1: unexpected token ""<re>\n<pandas>\n<numpy>\nDATA_PATTERN:'>\\\\d"" in: <re>"
BigCodeBench,BigCodeBench/644,python,True,100.0,True,True,True,148,148,148,148,,
BigCodeBench,BigCodeBench/644,kern_compact,True,100.0,True,True,True,148,95,148,95,,
BigCodeBench,BigCodeBench/644,python_minifier,True,100.0,True,True,False,148,102,148,102,,
BigCodeBench,BigCodeBench/644,sigil,True,100.0,False,False,,148,99,148,99,decode,"ValueError: Parse errors in Sigil source:
line 3, col 80: unexpected token ""!os.path.exists fi ? open fi 'a'.close("" in: @tf fi da pa = directory:os.path.dirname fi os.makedirs directory exist_ok:True !os.path.exists fi ? open fi 'a'.close() : None key:hashlib.sha256 pa.encode().digest() encrypted_bytes:[(i byte) <- en…"
BigCodeBench,BigCodeBench/645,python,True,100.0,True,True,True,116,116,122,122,,
BigCodeBench,BigCodeBench/645,kern_compact,True,100.0,True,True,True,116,65,122,71,,
BigCodeBench,BigCodeBench/645,python_minifier,True,100.0,True,True,False,116,67,122,71,,
BigCodeBench,BigCodeBench/645,sigil,True,66.66666666666666,False,False,,116,97,122,102,decode,"ValueError: Parse errors in Sigil source:
line 1, col 1: unexpected token '<os>\n<pandas>\n;; TODO: manual conversion' in: <os>"
BigCodeBench,BigCodeBench/646,python,True,100.0,True,True,True,100,100,106,106,,
BigCodeBench,BigCodeBench/646,kern_compact,True,100.0,True,True,True,100,89,106,92,,
BigCodeBench,BigCodeBench/646,python_minifier,True,100.0,True,True,False,100,92,106,95,,
BigCodeBench,BigCodeBench/646,sigil,True,80.0,False,False,,100,109,106,115,decode,"ValueError: Parse errors in Sigil source:
line 1, col 1: unexpected token '<os>\n<pandas>\n<dateutil.parser.parse>\nOU' in: <os>"
BigCodeBench,BigCodeBench/647,python,True,100.0,True,True,True,203,203,206,206,,
BigCodeBench,BigCodeBench/647,kern_compact,True,100.0,True,True,True,203,84,206,85,,
BigCodeBench,BigCodeBench/647,python_minifier,True,100.0,True,True,False,203,84,206,86,,
BigCodeBench,BigCodeBench/647,sigil,True,100.0,False,False,,203,111,206,113,decode,"ValueError: Parse errors in Sigil source:
line 3, col 59: unexpected token '.timezone to given_date_naive:parse da g' in: @tf da fr to = from_tz_obj:pytz.timezone fr to_tz_obj:pytz.timezone to given_date_naive:parse da given_date:from_tz_obj.localize given_date_naive given_date_in_to_tz:given_date.astimezone to_tz_obj …"
BigCodeBench,BigCodeBench/648,python,True,100.0,True,True,True,79,79,79,79,,
BigCodeBench,BigCodeBench/648,kern_compact,True,100.0,True,True,True,79,49,79,50,,
BigCodeBench,BigCodeBench/648,python_minifier,True,100.0,True,True,False,79,55,79,55,,
BigCodeBench,BigCodeBench/648,sigil,True,66.66666666666666,False,False,,79,83,79,83,decode,"ValueError: Parse errors in Sigil source:
line 1, col 1: unexpected token '<dateutil.parser.parse>\n<datetime.timede' in: <dateutil.parser.parse>"
BigCodeBench,BigCodeBench/649,python,True,100.0,True,True,True,103,103,104,104,,
BigCodeBench,BigCodeBench/649,kern_compact,True,100.0,True,True,True,103,70,104,71,,
BigCodeBench,BigCodeBench/649,python_minifier,True,100.0,True,True,False,103,73,104,74,,
BigCodeBench,BigCodeBench/649,sigil,True,100.0,False,False,,103,75,104,76,decode,"ValueError: Parse errors in Sigil source:
line 4, col 167: unexpected token '.bincount weekdays minlength:7 distribut' in: @tf da = DAYS_OF_WEEK:['Monday' 'Tuesday' 'Wednesday' 'Thursday' 'Friday' 'Saturday' 'Sunday'] weekdays:[date_str <- da => parse date_str.weekday()] weekday_counts:np.bincount weekdays minlength:7 …"
BigCodeBench,BigCodeBench/650,python,True,100.0,True,True,True,130,130,131,131,,
BigCodeBench,BigCodeBench/650,kern_compact,True,100.0,True,True,True,130,76,131,76,,
BigCodeBench,BigCodeBench/650,python_minifier,True,100.0,True,True,False,130,78,131,78,,
BigCodeBench,BigCodeBench/650,sigil,True,100.0,False,False,,130,78,131,79,decode,"ValueError: Parse errors in Sigil source:
line 4, col 87: unexpected token '.year+1 new_year:tz.localize datetime ne' in: @tf da tz = tz:pytz.timezone tz given_date:parse da.astimezone tz next_year:given_date.year+1 new_year:tz.localize datetime next_year 1 1 0 0 0 time_until_new_year:new_year-given_date int time_until…"
BigCodeBench,BigCodeBench/651,python,True,100.0,True,True,True,130,130,132,132,,
BigCodeBench,BigCodeBench/651,kern_compact,True,100.0,True,True,False,130,72,132,74,ast,normalized AST differs
BigCodeBench,BigCodeBench/651,python_minifier,True,100.0,True,True,False,130,74,132,75,,
BigCodeBench,BigCodeBench/651,sigil,True,100.0,False,False,,130,79,132,80,decode,"ValueError: Parse errors in Sigil source:
line 3, col 48: unexpected token '.DataFrame df dataframe:dataframe.astype' in: @tf df ta = start_time:time.time() dataframe:pd.DataFrame df dataframe:dataframe.astype str counts:dataframe.apply x->x==ta.sum() !dataframe.empty ? ax:counts.plot kind:'bar' : ax:None end_time:time…"
BigCodeBench,BigCodeBench/652,python,True,100.0,True,True,True,275,275,275,275,,
BigCodeBench,BigCodeBench/652,kern_compact,True,100.0,True,True,True,275,177,275,182,,
BigCodeBench,BigCodeBench/652,python_minifier,True,100.0,True,True,False,275,180,275,183,,
BigCodeBench,BigCodeBench/652,sigil,True,100.0,False,False,,275,192,275,192,decode,"ValueError: Parse errors in Sigil source:
line 1, col 1: unexpected token '<matplotlib.pyplot>\n<numpy>\n<scipy.stats' in: <matplotlib.pyplot>"
BigCodeBench,BigCodeBench/653,python,True,100.0,True,True,True,93,93,96,96,,
BigCodeBench,BigCodeBench/653,kern_compact,True,100.0,True,True,True,93,64,96,64,,
BigCodeBench,BigCodeBench/653,python_minifier,True,100.0,True,True,False,93,64,96,64,,
BigCodeBench,BigCodeBench/653,sigil,True,100.0,False,False,,93,54,96,56,decode,"ValueError: Parse errors in Sigil source:
line 3, col 31: unexpected token '->x==ta plt.figure figsize:(8 6) ax:sns.' in: @tf da ta = mask:da.applymap x->x==ta plt.figure figsize:(8 6) ax:sns.heatmap mask cmap:'Blues' cbar:False plt.show() (mask ax)"
BigCodeBench,BigCodeBench/654,python,True,100.0,True,True,True,250,250,253,253,,
BigCodeBench,BigCodeBench/654,kern_compact,True,100.0,True,True,True,250,151,253,158,,
BigCodeBench,BigCodeBench/654,python_minifier,True,100.0,True,True,False,250,156,253,162,,
BigCodeBench,BigCodeBench/654,sigil,True,75.0,False,False,,250,243,253,247,decode,"ValueError: Parse errors in Sigil source:
line 1, col 1: unexpected token '<matplotlib.pyplot>\n<scipy.optimize>\n<nu' in: <matplotlib.pyplot>"
BigCodeBench,BigCodeBench/655,python,True,100.0,True,True,True,368,368,382,382,,
BigCodeBench,BigCodeBench/655,kern_compact,True,100.0,True,True,True,368,221,382,229,,
BigCodeBench,BigCodeBench/655,python_minifier,True,100.0,True,True,False,368,231,382,238,,
BigCodeBench,BigCodeBench/655,sigil,True,87.5,False,False,,368,300,382,311,decode,"ValueError: Parse errors in Sigil source:
line 1, col 1: unexpected token '<re>\n<nltk>\n<sklearn.decomposition.NMF>' in: <re>"
BigCodeBench,BigCodeBench/656,python,True,100.0,True,True,True,119,119,123,123,,
BigCodeBench,BigCodeBench/656,kern_compact,True,100.0,True,True,True,119,99,123,103,,
BigCodeBench,BigCodeBench/656,python_minifier,True,100.0,True,True,False,119,98,123,103,,
BigCodeBench,BigCodeBench/656,sigil,True,100.0,False,False,,119,101,123,105,decode,"ValueError: Parse errors in Sigil source:
line 1, col 1: unexpected token '<re>\n<string>\n<nltk>\n<nltk.sentiment.vad' in: <re>"
BigCodeBench,BigCodeBench/657,python,True,100.0,True,True,True,175,175,184,184,,
BigCodeBench,BigCodeBench/657,kern_compact,True,100.0,True,True,True,175,126,184,130,,
BigCodeBench,BigCodeBench/657,python_minifier,True,100.0,True,True,False,175,135,184,136,,
BigCodeBench,BigCodeBench/657,sigil,True,100.0,False,False,,175,130,184,135,decode,"ValueError: Parse errors in Sigil source:
line 1, col 1: unexpected token '<re>\n<nltk>\n<gensim.models.Word2Vec>\nALP' in: <re>"
BigCodeBench,BigCodeBench/658,python,True,100.0,True,True,True,206,206,217,217,,
BigCodeBench,BigCodeBench/658,kern_compact,True,100.0,True,True,True,206,137,217,141,,
BigCodeBench,BigCodeBench/658,python_minifier,True,100.0,True,True,False,206,140,217,144,,
BigCodeBench,BigCodeBench/658,sigil,True,100.0,False,False,,206,157,217,165,decode,"ValueError: Parse errors in Sigil source:
line 1, col 1: unexpected token '<re>\n<nltk>\n<pandas>\n<sklearn.feature_ex' in: <re>"
BigCodeBench,BigCodeBench/659,python,True,100.0,True,True,True,93,93,93,93,,
BigCodeBench,BigCodeBench/659,kern_compact,True,100.0,True,True,True,93,75,93,76,,
BigCodeBench,BigCodeBench/659,python_minifier,True,100.0,True,True,False,93,75,93,76,,
BigCodeBench,BigCodeBench/659,sigil,True,75.0,False,False,,93,102,93,103,decode,"ValueError: Parse errors in Sigil source:
line 1, col 1: unexpected token '<matplotlib.pyplot>\n<numpy>\n<scipy.stats' in: <matplotlib.pyplot>"
BigCodeBench,BigCodeBench/660,python,True,100.0,True,True,True,162,162,164,164,,
BigCodeBench,BigCodeBench/660,kern_compact,True,100.0,True,True,True,162,80,164,81,,
BigCodeBench,BigCodeBench/660,python_minifier,True,100.0,True,True,False,162,80,164,81,,
BigCodeBench,BigCodeBench/660,sigil,True,75.0,False,False,,162,111,164,114,decode,"ValueError: Parse errors in Sigil source:
line 1, col 1: unexpected token '<matplotlib.pyplot>\n<numpy>\n<sklearn.pre' in: <matplotlib.pyplot>"
BigCodeBench,BigCodeBench/661,python,True,100.0,True,True,True,113,113,116,116,,
BigCodeBench,BigCodeBench/661,kern_compact,True,100.0,True,True,True,113,85,116,86,,
BigCodeBench,BigCodeBench/661,python_minifier,True,100.0,True,True,False,113,84,116,85,,
BigCodeBench,BigCodeBench/661,sigil,True,80.0,False,False,,113,111,116,113,decode,"ValueError: Parse errors in Sigil source:
line 1, col 1: unexpected token ""<pandas>\n<seaborn>\n<numpy>\nLABELS:['H₂O'"" in: <pandas>"
BigCodeBench,BigCodeBench/662,python,True,100.0,True,True,True,107,107,111,111,,
BigCodeBench,BigCodeBench/662,kern_compact,True,100.0,True,True,True,107,83,111,85,,
BigCodeBench,BigCodeBench/662,python_minifier,True,100.0,True,True,False,107,83,111,85,,
BigCodeBench,BigCodeBench/662,sigil,True,75.0,False,False,,107,118,111,123,decode,"ValueError: Parse errors in Sigil source:
line 1, col 1: unexpected token '<numpy>\n<matplotlib.pyplot>\n<sklearn.dec' in: <numpy>"
BigCodeBench,BigCodeBench/663,python,True,100.0,True,True,True,145,145,146,146,,
BigCodeBench,BigCodeBench/663,kern_compact,True,100.0,True,True,True,145,98,146,101,,
BigCodeBench,BigCodeBench/663,python_minifier,True,100.0,True,True,False,145,104,146,106,,
BigCodeBench,BigCodeBench/663,sigil,True,66.66666666666666,False,False,,145,147,146,149,decode,"ValueError: Parse errors in Sigil source:
line 1, col 1: unexpected token '<numpy>\n<scipy.optimize.curve_fit>\n;; TO' in: <numpy>"
BigCodeBench,BigCodeBench/664,python,True,100.0,True,True,True,167,167,170,170,,
BigCodeBench,BigCodeBench/664,kern_compact,True,100.0,True,True,True,167,110,170,113,,
BigCodeBench,BigCodeBench/664,python_minifier,True,100.0,True,True,False,167,107,170,112,,
BigCodeBench,BigCodeBench/664,sigil,True,66.66666666666666,False,False,,167,159,170,162,decode,"ValueError: Parse errors in Sigil source:
line 1, col 1: unexpected token '<statistics>\n<matplotlib.pyplot>\n;; TODO' in: <statistics>"
BigCodeBench,BigCodeBench/665,python,True,100.0,True,True,True,100,100,100,100,,
BigCodeBench,BigCodeBench/665,kern_compact,True,100.0,True,True,True,100,71,100,71,,
BigCodeBench,BigCodeBench/665,python_minifier,True,100.0,True,True,False,100,79,100,79,,
BigCodeBench,BigCodeBench/665,sigil,True,80.0,False,False,,100,107,100,107,decode,"ValueError: Parse errors in Sigil source:
line 1, col 1: unexpected token '<shutil>\n<os>\n<fnmatch>\n<itertools>\n;; T' in: <shutil>"
BigCodeBench,BigCodeBench/666,python,True,100.0,True,True,True,99,99,99,99,,
BigCodeBench,BigCodeBench/666,kern_compact,True,100.0,True,True,True,99,67,99,67,,
BigCodeBench,BigCodeBench/666,python_minifier,True,100.0,True,True,False,99,71,99,71,,
BigCodeBench,BigCodeBench/666,sigil,True,66.66666666666666,False,False,,99,118,99,118,decode,"ValueError: Parse errors in Sigil source:
line 1, col 1: unexpected token '<itertools.combinations>\n<math>\n;; TODO:' in: <itertools.combinations>"
BigCodeBench,BigCodeBench/667,python,True,100.0,True,True,True,44,44,45,45,,
BigCodeBench,BigCodeBench/667,kern_compact,True,100.0,True,True,True,44,30,45,30,,
BigCodeBench,BigCodeBench/667,python_minifier,True,100.0,True,True,False,44,34,45,34,,
BigCodeBench,BigCodeBench/667,sigil,True,100.0,False,False,,44,37,45,36,decode,"ValueError: Parse errors in Sigil source:
line 3, col 60: unexpected token '.nlargest n counter.keys() key:counter.g' in: @tf x n = counter:collections.Counter x most_frequent:heapq.nlargest n counter.keys() key:counter.get most_frequent"
BigCodeBench,BigCodeBench/668,python,True,100.0,True,True,True,98,98,98,98,,
BigCodeBench,BigCodeBench/668,kern_compact,True,100.0,True,True,True,98,65,98,66,,
BigCodeBench,BigCodeBench/668,python_minifier,True,100.0,True,True,False,98,70,98,70,,
BigCodeBench,BigCodeBench/668,sigil,True,66.66666666666666,False,False,,98,117,98,117,decode,"ValueError: Parse errors in Sigil source:
line 1, col 1: unexpected token '<itertools>\n<math>\n;; TODO: manual conve' in: <itertools>"
BigCodeBench,BigCodeBench/669,python,True,100.0,True,True,True,64,64,64,64,,
BigCodeBench,BigCodeBench/669,kern_compact,True,100.0,True,True,True,64,50,64,51,,
BigCodeBench,BigCodeBench/669,python_minifier,True,100.0,True,True,False,64,51,64,51,,
BigCodeBench,BigCodeBench/669,sigil,True,100.0,False,False,,64,51,64,51,decode,"ValueError: Parse errors in Sigil source:
line 3, col 81: unexpected token '->math.cos x[pair[0]]+math.cos x[pair[1]' in: @tf x = pairs:list itertools.combinations x.keys() 2 max_pair:max pairs key:pair->math.cos x[pair[0]]+math.cos x[pair[1]] print max_pair max_pair"
BigCodeBench,BigCodeBench/670,python,True,100.0,True,True,True,92,92,95,95,,
BigCodeBench,BigCodeBench/670,kern_compact,True,100.0,True,True,True,92,61,95,61,,
BigCodeBench,BigCodeBench/670,python_minifier,True,100.0,True,True,False,92,66,95,66,,
BigCodeBench,BigCodeBench/670,sigil,True,66.66666666666666,False,False,,92,111,95,114,decode,"ValueError: Parse errors in Sigil source:
line 1, col 1: unexpected token '<itertools.combinations>\n<math>\n;; TODO:' in: <itertools.combinations>"
BigCodeBench,BigCodeBench/671,python,True,100.0,True,True,True,92,92,92,92,,
BigCodeBench,BigCodeBench/671,kern_compact,True,100.0,True,True,True,92,72,92,72,,
BigCodeBench,BigCodeBench/671,python_minifier,True,100.0,True,True,False,92,79,92,79,,
BigCodeBench,BigCodeBench/671,sigil,True,75.0,False,False,,92,109,92,109,decode,"ValueError: Parse errors in Sigil source:
line 1, col 1: unexpected token '<os>\n<random>\n<json>\n;; TODO: manual con' in: <os>"
BigCodeBench,BigCodeBench/672,python,True,100.0,True,True,True,94,94,94,94,,
BigCodeBench,BigCodeBench/672,kern_compact,True,100.0,True,True,True,94,77,94,77,,
BigCodeBench,BigCodeBench/672,python_minifier,True,100.0,True,True,False,94,83,94,83,,
BigCodeBench,BigCodeBench/672,sigil,True,100.0,False,False,,94,70,94,70,decode,"ValueError: Parse errors in Sigil source:
line 1, col 1: unexpected token ""<csv>\n<sys>\n@tf fi = !{open fi 'r+' |~ f"" in: <csv>"
BigCodeBench,BigCodeBench/673,python,True,100.0,True,True,True,86,86,86,86,,
BigCodeBench,BigCodeBench/673,kern_compact,True,100.0,True,True,True,86,70,86,70,,
BigCodeBench,BigCodeBench/673,python_minifier,True,100.0,True,True,False,86,79,86,79,,
BigCodeBench,BigCodeBench/673,sigil,True,66.66666666666666,False,False,,86,103,86,103,decode,"ValueError: Parse errors in Sigil source:
line 1, col 1: unexpected token '<os>\n<random>\n;; TODO: manual conversion' in: <os>"
BigCodeBench,BigCodeBench/674,python,True,100.0,True,True,True,99,99,99,99,,
BigCodeBench,BigCodeBench/674,kern_compact,True,100.0,True,True,True,99,74,99,74,,
BigCodeBench,BigCodeBench/674,python_minifier,True,100.0,True,True,False,99,80,99,80,,
BigCodeBench,BigCodeBench/674,sigil,True,100.0,False,False,,99,71,99,71,decode,"ValueError: Parse errors in Sigil source:
line 3, col 94: unexpected token '.read_csv fi df:df.iloc[::-1] df.to_csv' in: @tf fi = !os.path.exists fi ? fi : None open fi 'r' |~ file -> !file.read 1 ? fi : None df:pd.read_csv fi df:df.iloc[::-1] df.to_csv fi index:False open fi 'r+' |~ file -> file.seek 0 fi"
BigCodeBench,BigCodeBench/675,python,True,100.0,True,True,True,85,85,85,85,,
BigCodeBench,BigCodeBench/675,kern_compact,True,100.0,True,True,True,85,69,85,69,,
BigCodeBench,BigCodeBench/675,python_minifier,True,100.0,True,True,False,85,76,85,76,,
BigCodeBench,BigCodeBench/675,sigil,True,66.66666666666666,False,False,,85,102,85,102,decode,"ValueError: Parse errors in Sigil source:
line 1, col 1: unexpected token '<os>\n<random>\n;; TODO: manual conversion' in: <os>"
BigCodeBench,BigCodeBench/676,python,True,100.0,True,True,True,133,133,136,136,,
BigCodeBench,BigCodeBench/676,kern_compact,True,100.0,True,True,True,133,95,136,98,,
BigCodeBench,BigCodeBench/676,python_minifier,True,100.0,True,True,False,133,104,136,104,,
BigCodeBench,BigCodeBench/676,sigil,True,66.66666666666666,False,False,,133,132,136,135,decode,"ValueError: Parse errors in Sigil source:
line 1, col 1: unexpected token '<pandas>\n<random>\n;; TODO: manual conver' in: <pandas>"
BigCodeBench,BigCodeBench/677,python,True,100.0,True,True,True,118,118,119,119,,
BigCodeBench,BigCodeBench/677,kern_compact,True,100.0,True,True,True,118,68,119,70,,
BigCodeBench,BigCodeBench/677,python_minifier,True,100.0,True,True,False,118,74,119,75,,
BigCodeBench,BigCodeBench/677,sigil,True,100.0,False,False,,118,64,119,66,decode,"ValueError: Parse errors in Sigil source:
line 4, col 68: unexpected token "".array regression.slope*np.array df['var"" in: @tf df = regression:linregress df['var1'] df['var2'] predictions:np.array regression.slope*np.array df['var1']+np.array regression.intercept df['predicted']:pd.Series predictions index:df.index df"
BigCodeBench,BigCodeBench/678,python,True,100.0,True,True,True,161,161,163,163,,
BigCodeBench,BigCodeBench/678,kern_compact,True,100.0,True,True,True,161,108,163,110,,
BigCodeBench,BigCodeBench/678,python_minifier,True,100.0,True,True,False,161,119,163,122,,
BigCodeBench,BigCodeBench/678,sigil,True,80.0,False,False,,161,175,163,177,decode,"ValueError: Parse errors in Sigil source:
line 1, col 1: unexpected token '<pandas>\n<json>\n<os>\n<shutil>\n;; TODO: m' in: <pandas>"
BigCodeBench,BigCodeBench/679,python,True,100.0,True,True,True,68,68,70,70,,
BigCodeBench,BigCodeBench/679,kern_compact,True,100.0,True,True,True,68,43,70,45,,
BigCodeBench,BigCodeBench/679,python_minifier,True,100.0,True,True,False,68,47,70,48,,
BigCodeBench,BigCodeBench/679,sigil,True,100.0,False,False,,68,38,70,40,decode,"ValueError: Parse errors in Sigil source:
line 3, col 50: unexpected token '->tuple sorted row axis:1 combination_fr' in: @tf df = df['combination']:pd.Series df.apply row->tuple sorted row axis:1 combination_freq:Counter df['combination'] dict combination_freq"
BigCodeBench,BigCodeBench/680,python,True,100.0,True,True,True,146,146,149,149,,
BigCodeBench,BigCodeBench/680,kern_compact,True,100.0,True,True,True,146,73,149,75,,
BigCodeBench,BigCodeBench/680,python_minifier,True,100.0,True,True,False,146,82,149,84,,
BigCodeBench,BigCodeBench/680,sigil,True,100.0,False,False,,146,70,149,71,decode,"ValueError: Parse errors in Sigil source:
line 4, col 59: unexpected token '[(: fe)]:pd.DataFrame scaler.fit_transfo' in: @tf df fe = !fe ? df : None scaler:StandardScaler() df.loc[(: fe)]:pd.DataFrame scaler.fit_transform df.loc[(: fe)] columns:fe index:df.index df['dummy']:np.zeros len df df.drop 'dummy' axis:1"
BigCodeBench,BigCodeBench/681,python,True,100.0,True,True,True,80,80,81,81,,
BigCodeBench,BigCodeBench/681,kern_compact,True,100.0,True,True,True,80,62,81,64,,
BigCodeBench,BigCodeBench/681,python_minifier,True,100.0,True,True,False,80,65,81,67,,
BigCodeBench,BigCodeBench/681,sigil,True,100.0,False,False,,80,58,81,59,decode,"ValueError: Parse errors in Sigil source:
line 3, col 40: unexpected token ':json.load file df:pd.DataFrame data df.' in: @tf fi ke = open fi 'r' |~ file -> data:json.load file df:pd.DataFrame data df.drop ke axis:1 inplace:True open fi 'w' |~ file -> file.write df.to_json orient:'records' df"
BigCodeBench,BigCodeBench/682,python,True,100.0,True,True,True,59,59,59,59,,
BigCodeBench,BigCodeBench/682,kern_compact,True,100.0,True,True,True,59,49,59,49,,
BigCodeBench,BigCodeBench/682,python_minifier,True,100.0,True,True,False,59,53,59,53,,
BigCodeBench,BigCodeBench/682,sigil,True,66.66666666666666,False,False,,59,72,59,72,decode,"ValueError: Parse errors in Sigil source:
line 1, col 1: unexpected token '<collections.Counter>\n<math>\n;; TODO: ma' in: <collections.Counter>"
BigCodeBench,BigCodeBench/683,python,True,100.0,True,True,True,76,76,76,76,,
BigCodeBench,BigCodeBench/683,kern_compact,True,100.0,True,True,True,76,60,76,61,,
BigCodeBench,BigCodeBench/683,python_minifier,True,100.0,True,True,False,76,65,76,66,,
BigCodeBench,BigCodeBench/683,sigil,True,100.0,False,False,,76,57,76,57,decode,"ValueError: Parse errors in Sigil source:
line 3, col 40: unexpected token ':yaml.safe_load file ke in data ? data[k' in: @tf ya ke = open ya 'r' |~ file -> data:yaml.safe_load file ke in data ? data[ke]:math.cos data[ke] : None open ya 'w' |~ file -> yaml.safe_dump data file data"
BigCodeBench,BigCodeBench/684,python,True,100.0,True,True,True,114,114,115,115,,
BigCodeBench,BigCodeBench/684,kern_compact,True,100.0,True,True,True,114,42,115,45,,
BigCodeBench,BigCodeBench/684,python_minifier,True,100.0,True,True,False,114,44,115,46,,
BigCodeBench,BigCodeBench/684,sigil,True,100.0,False,False,,114,40,115,41,decode,"ValueError: Parse errors in Sigil source:
line 3, col 80: unexpected token ':np.arange len updated_df%2==0 updated_d' in: @tf df co = updated_df:pd.DataFrame df.drop co axis:1 updated_df['IsEvenIndex']:np.arange len updated_df%2==0 updated_df"
BigCodeBench,BigCodeBench/685,python,True,100.0,True,True,True,37,37,37,37,,
BigCodeBench,BigCodeBench/685,kern_compact,True,100.0,True,True,True,37,29,37,29,,
BigCodeBench,BigCodeBench/685,python_minifier,True,100.0,True,True,False,37,31,37,31,,
BigCodeBench,BigCodeBench/685,sigil,True,100.0,True,True,False,37,24,37,24,,
BigCodeBench,BigCodeBench/686,python,True,100.0,True,True,True,71,71,73,73,,
BigCodeBench,BigCodeBench/686,kern_compact,True,100.0,True,True,True,71,56,73,56,,
BigCodeBench,BigCodeBench/686,python_minifier,True,100.0,True,True,False,71,59,73,59,,
BigCodeBench,BigCodeBench/686,sigil,True,100.0,False,False,,71,56,73,58,decode,"ValueError: Parse errors in Sigil source:
line 3, col 150: unexpected token '.fit_transform merged_list one_hot' in: @tf li = merged_list:np.array [item for sublist in list_of_lists for item in sublist].reshape -1 1 encoder:OneHotEncoder sparse:False one_hot:encoder.fit_transform merged_list one_hot"
BigCodeBench,BigCodeBench/687,python,True,100.0,True,True,True,56,56,58,58,,
BigCodeBench,BigCodeBench/687,kern_compact,True,100.0,True,True,True,56,42,58,42,,
BigCodeBench,BigCodeBench/687,python_minifier,True,100.0,True,True,False,56,43,58,43,,
BigCodeBench,BigCodeBench/687,sigil,True,100.0,False,False,,56,46,58,48,decode,"ValueError: Parse errors in Sigil source:
line 3, col 110: unexpected token ':mode merged_list (mode_value mode_count' in: @tf li = merged_list:np.array [item for sublist in list_of_lists for item in sublist] (mode_value mode_count):mode merged_list (mode_value mode_count)"
BigCodeBench,BigCodeBench/688,python,True,100.0,True,True,True,51,51,52,52,,
BigCodeBench,BigCodeBench/688,kern_compact,True,100.0,True,True,True,51,33,52,34,,
BigCodeBench,BigCodeBench/688,python_minifier,True,100.0,True,True,False,51,36,52,37,,
BigCodeBench,BigCodeBench/688,sigil,True,100.0,False,False,,51,36,52,37,decode,"ValueError: Parse errors in Sigil source:
line 3, col 52: unexpected token '.DataFrame scaler.fit_transform df colum' in: @tf df = scaler:StandardScaler() df_standardized:pd.DataFrame scaler.fit_transform df columns:df.columns df_standardized"
BigCodeBench,BigCodeBench/689,python,True,100.0,True,True,True,64,64,64,64,,
BigCodeBench,BigCodeBench/689,kern_compact,True,100.0,True,True,True,64,43,64,43,,
BigCodeBench,BigCodeBench/689,python_minifier,True,100.0,True,True,False,64,43,64,43,,
BigCodeBench,BigCodeBench/689,sigil,True,66.66666666666666,False,False,,64,74,64,74,decode,"ValueError: Parse errors in Sigil source:
line 1, col 1: unexpected token '<numpy>\n<scipy.stats>\n;; TODO: manual co' in: <numpy>"
BigCodeBench,BigCodeBench/690,python,True,100.0,True,True,True,99,99,101,101,,
BigCodeBench,BigCodeBench/690,kern_compact,True,100.0,True,True,True,99,51,101,52,,
BigCodeBench,BigCodeBench/690,python_minifier,True,100.0,True,True,False,99,55,101,56,,
BigCodeBench,BigCodeBench/690,sigil,True,100.0,False,False,,99,52,101,53,decode,"ValueError: Parse errors in Sigil source:
line 1, col 1: unexpected token '<pandas>\n<sklearn.linear_model.LinearReg' in: <pandas>"
BigCodeBench,BigCodeBench/691,python,True,100.0,True,True,True,122,122,124,124,,
BigCodeBench,BigCodeBench/691,kern_compact,True,100.0,True,True,True,122,64,124,65,,
BigCodeBench,BigCodeBench/691,python_minifier,True,100.0,True,True,False,122,68,124,69,,
BigCodeBench,BigCodeBench/691,sigil,True,100.0,False,False,,122,68,124,69,decode,"ValueError: Parse errors in Sigil source:
line 4, col 47: unexpected token '.fit_transform df.values df_std:pd.DataF' in: @tf df = scaler:StandardScaler() df_std:scaler.fit_transform df.values df_std:pd.DataFrame df_std columns:df.columns kmeans:KMeans n_clusters:3 random_state:0.fit df_std labels:kmeans.labels_ labels"
BigCodeBench,BigCodeBench/692,python,True,100.0,True,True,True,39,39,40,40,,
BigCodeBench,BigCodeBench/692,kern_compact,True,100.0,True,True,True,39,31,40,32,,
BigCodeBench,BigCodeBench/692,python_minifier,True,100.0,True,True,False,39,35,40,36,,
BigCodeBench,BigCodeBench/692,sigil,True,100.0,True,False,,39,30,40,31,parse,"SyntaxError: invalid syntax (<unknown>, line 5)"
BigCodeBench,BigCodeBench/693,python,True,100.0,True,True,True,60,60,62,62,,
BigCodeBench,BigCodeBench/693,kern_compact,True,100.0,True,True,True,60,46,62,48,,
BigCodeBench,BigCodeBench/693,python_minifier,True,100.0,True,True,False,60,51,62,53,,
BigCodeBench,BigCodeBench/693,sigil,True,100.0,False,False,,60,43,62,45,decode,"ValueError: Parse errors in Sigil source:
line 3, col 79: unexpected token '.DataFrame scaler.fit_transform df colum' in: @tf tu co = df:pd.DataFrame tu columns:co scaler:StandardScaler() df_scaled:pd.DataFrame scaler.fit_transform df columns:df.columns df_scaled"
BigCodeBench,BigCodeBench/694,python,True,100.0,True,True,True,40,40,40,40,,
BigCodeBench,BigCodeBench/694,kern_compact,True,100.0,True,True,True,40,24,40,24,,
BigCodeBench,BigCodeBench/694,python_minifier,True,100.0,True,True,False,40,27,40,27,,
BigCodeBench,BigCodeBench/694,sigil,True,100.0,False,False,,40,29,40,29,decode,"ValueError: Parse errors in Sigil source:
line 3, col 83: unexpected token '.choice combinations selected_combinatio' in: @tf t n = combinations:list itertools.combinations t n selected_combination:random.choice combinations selected_combination"
BigCodeBench,BigCodeBench/695,python,True,100.0,True,True,True,53,53,55,55,,
BigCodeBench,BigCodeBench/695,kern_compact,True,100.0,True,True,True,53,40,55,40,,
BigCodeBench,BigCodeBench/695,python_minifier,True,100.0,True,True,False,53,44,55,44,,
BigCodeBench,BigCodeBench/695,sigil,True,100.0,False,False,,53,38,55,39,decode,"ValueError: Parse errors in Sigil source:
line 3, col 74: unexpected token '.fit_transform data transformed_data' in: @tf tu n_ = data:np.array tu pca:PCA n_components:n_ transformed_data:pca.fit_transform data transformed_data"
BigCodeBench,BigCodeBench/696,python,True,100.0,True,True,True,94,94,94,94,,
BigCodeBench,BigCodeBench/696,kern_compact,True,100.0,True,True,True,94,72,94,75,,
BigCodeBench,BigCodeBench/696,python_minifier,True,100.0,True,True,False,94,72,94,75,,
BigCodeBench,BigCodeBench/696,sigil,True,80.0,False,False,,94,106,94,106,decode,"ValueError: Parse errors in Sigil source:
line 1, col 1: unexpected token '<numpy>\n<math>\n<random>\n<random.uniform>' in: <numpy>"
BigCodeBench,BigCodeBench/697,python,True,100.0,True,True,True,105,105,105,105,,
BigCodeBench,BigCodeBench/697,kern_compact,True,100.0,True,True,True,105,70,105,70,,
BigCodeBench,BigCodeBench/697,python_minifier,True,100.0,True,True,False,105,73,105,73,,
BigCodeBench,BigCodeBench/697,sigil,True,100.0,False,False,,105,69,105,69,decode,"ValueError: Parse errors in Sigil source:
line 3, col 52: unexpected token "".array df['value'].reshape -1 1 model:Li"" in: @tf df = X:np.array df['feature'].reshape -1 1 y:np.array df['value'].reshape -1 1 model:LinearRegression().fit X y {'coefficients':model.coef_.tolist(), 'intercept':model.intercept_.tolist()}"
BigCodeBench,BigCodeBench/698,python,True,100.0,True,True,True,88,88,90,90,,
BigCodeBench,BigCodeBench/698,kern_compact,True,100.0,True,True,True,88,63,90,65,,
BigCodeBench,BigCodeBench/698,python_minifier,True,100.0,True,True,False,88,63,90,66,,
BigCodeBench,BigCodeBench/698,sigil,True,100.0,False,False,,88,71,90,73,decode,"ValueError: Parse errors in Sigil source:
line 3, col 53: unexpected token "".DataFrame df['target'] (X_train X_test"" in: @tf df = X:pd.DataFrame.drop df 'target' axis:1 y:pd.DataFrame df['target'] (X_train X_test y_train y_test):train_test_split X y test_size:0.3 random_state:42 (X_train X_test y_train y_test)"
BigCodeBench,BigCodeBench/699,python,True,100.0,True,True,True,78,78,80,80,,
BigCodeBench,BigCodeBench/699,kern_compact,True,100.0,True,True,True,78,63,80,65,,
BigCodeBench,BigCodeBench/699,python_minifier,True,100.0,True,True,False,78,68,80,70,,
BigCodeBench,BigCodeBench/699,sigil,True,100.0,False,False,,78,60,80,62,decode,"ValueError: Parse errors in Sigil source:
line 3, col 35: unexpected token ""{'x':x_, 'y':y_} kmeans:KMeans n_cluster"" in: @tf x_ y_ n_ ra = df:pd.DataFrame {'x':x_, 'y':y_} kmeans:KMeans n_clusters:n_ random_state:ra.fit df (kmeans.labels_ kmeans.cluster_centers_)"
BigCodeBench,BigCodeBench/700,python,True,100.0,True,True,True,62,62,64,64,,
BigCodeBench,BigCodeBench/700,kern_compact,True,100.0,True,True,True,62,43,64,45,,
BigCodeBench,BigCodeBench/700,python_minifier,True,100.0,True,True,False,62,46,64,48,,
BigCodeBench,BigCodeBench/700,sigil,True,100.0,False,False,,62,43,64,45,decode,"ValueError: Parse errors in Sigil source:
line 3, col 51: unexpected token '.array df df:pd.DataFrame df_np columns:' in: @tf da co = df:pd.DataFrame da columns:co df_np:np.array df df:pd.DataFrame df_np columns:co correlation_matrix:df.corr() correlation_matrix"
BigCodeBench,BigCodeBench/701,python,True,100.0,True,True,True,65,65,66,66,,
BigCodeBench,BigCodeBench/701,kern_compact,True,100.0,True,True,True,65,49,66,51,,
BigCodeBench,BigCodeBench/701,python_minifier,True,100.0,True,True,False,65,54,66,57,,
BigCodeBench,BigCodeBench/701,sigil,True,100.0,False,False,,65,47,66,48,decode,"ValueError: Parse errors in Sigil source:
line 3, col 50: unexpected token '.Series df[ta] model:LinearRegression()' in: @tf df ta = X:pd.DataFrame.drop df ta axis:1 y:pd.Series df[ta] model:LinearRegression() model.fit X y model.score X y"
BigCodeBench,BigCodeBench/702,python,True,100.0,True,True,True,63,63,66,66,,
BigCodeBench,BigCodeBench/702,kern_compact,True,100.0,True,True,True,63,43,66,44,,
BigCodeBench,BigCodeBench/702,python_minifier,True,100.0,True,True,False,63,46,66,47,,
BigCodeBench,BigCodeBench/702,sigil,True,100.0,False,False,,63,51,66,53,decode,"ValueError: Parse errors in Sigil source:
line 3, col 43: unexpected token '.fit_transform df df_pca:pd.DataFrame df' in: @tf df = pca:PCA n_components:2 df_pca:pca.fit_transform df df_pca:pd.DataFrame df_pca columns:['PC1' 'PC2'] df_pca"
BigCodeBench,BigCodeBench/703,python,True,100.0,True,True,True,61,61,62,62,,
BigCodeBench,BigCodeBench/703,kern_compact,True,100.0,True,True,True,61,50,62,51,,
BigCodeBench,BigCodeBench/703,python_minifier,True,100.0,True,True,False,61,51,62,53,,
BigCodeBench,BigCodeBench/703,sigil,True,100.0,False,False,,61,46,62,46,decode,"ValueError: Parse errors in Sigil source:
line 3, col 90: unexpected token ':dbscan.fit_predict df df' in: @tf da co = df:pd.DataFrame da columns:co dbscan:DBSCAN eps:3 min_samples:2 df['Cluster']:dbscan.fit_predict df df"
BigCodeBench,BigCodeBench/704,python,True,100.0,True,True,True,135,135,137,137,,
BigCodeBench,BigCodeBench/704,kern_compact,True,100.0,True,True,True,135,94,137,96,,
BigCodeBench,BigCodeBench/704,python_minifier,True,100.0,True,True,False,135,99,137,102,,
BigCodeBench,BigCodeBench/704,sigil,True,75.0,False,False,,135,148,137,150,decode,"ValueError: Parse errors in Sigil source:
line 1, col 1: unexpected token '<pandas>\n<itertools.combinations>\nMIN_PE' in: <pandas>"
BigCodeBench,BigCodeBench/705,python,True,100.0,True,True,True,98,98,101,101,,
BigCodeBench,BigCodeBench/705,kern_compact,True,100.0,True,True,True,98,59,101,62,,
BigCodeBench,BigCodeBench/705,python_minifier,True,100.0,True,True,False,98,68,101,71,,
BigCodeBench,BigCodeBench/705,sigil,True,66.66666666666666,False,False,,98,86,101,88,decode,"ValueError: Parse errors in Sigil source:
line 1, col 1: unexpected token '<numpy>\n<scipy.stats>\n;; TODO: manual co' in: <numpy>"
BigCodeBench,BigCodeBench/706,python,True,100.0,True,True,True,170,170,175,175,,
BigCodeBench,BigCodeBench/706,kern_compact,True,100.0,True,True,True,170,120,175,124,,
BigCodeBench,BigCodeBench/706,python_minifier,True,100.0,True,True,False,170,127,175,131,,
BigCodeBench,BigCodeBench/706,sigil,True,80.0,False,False,,170,179,175,185,decode,"ValueError: Parse errors in Sigil source:
line 1, col 1: unexpected token '<pandas>\n<sklearn.model_selection.train_' in: <pandas>"
BigCodeBench,BigCodeBench/707,python,True,100.0,True,True,True,87,87,87,87,,
BigCodeBench,BigCodeBench/707,kern_compact,True,100.0,True,True,True,87,51,87,51,,
BigCodeBench,BigCodeBench/707,python_minifier,True,100.0,True,True,False,87,51,87,51,,
BigCodeBench,BigCodeBench/707,sigil,True,100.0,False,False,,87,56,87,56,decode,CodegenError: WithExpr in expression position is not supported; it must be the last statement in a function body. Use the |~ operator at statement level.
BigCodeBench,BigCodeBench/708,python,True,100.0,True,True,True,151,151,152,152,,
BigCodeBench,BigCodeBench/708,kern_compact,True,100.0,True,True,True,151,90,152,93,,
BigCodeBench,BigCodeBench/708,python_minifier,True,100.0,True,True,False,151,98,152,102,,
BigCodeBench,BigCodeBench/708,sigil,True,80.0,False,False,,151,135,152,136,decode,"ValueError: Parse errors in Sigil source:
line 1, col 1: unexpected token '<json>\n<csv>\n<os>\n<base64>\n;; TODO: manu' in: <json>"
BigCodeBench,BigCodeBench/709,python,True,100.0,True,True,True,127,127,127,127,,
BigCodeBench,BigCodeBench/709,kern_compact,True,100.0,True,True,True,127,62,127,62,,
BigCodeBench,BigCodeBench/709,python_minifier,True,100.0,True,True,False,127,66,127,66,,
BigCodeBench,BigCodeBench/709,sigil,True,100.0,False,False,,127,67,127,67,decode,"ValueError: Parse errors in Sigil source:
line 5, col 121: unexpected token "".sub ' +' ' ' unescaped_string.strip() w"" in: @tf ra li = decoded_string:base64.b64decode ra.decode 'utf-8' unescaped_string:unescape decoded_string cleaned_string:re.sub ' +' ' ' unescaped_string.strip() wrapped_text:textwrap.fill cleaned_str…"
BigCodeBench,BigCodeBench/710,python,True,100.0,True,True,True,65,65,66,66,,
BigCodeBench,BigCodeBench/710,kern_compact,True,100.0,True,True,True,65,50,66,52,,
BigCodeBench,BigCodeBench/710,python_minifier,True,100.0,True,True,False,65,53,66,55,,
BigCodeBench,BigCodeBench/710,sigil,True,100.0,False,False,,65,49,66,51,decode,"ValueError: Parse errors in Sigil source:
line 3, col 35: unexpected token '.to_numpy() scaler:MinMaxScaler() data:s' in: @tf da = df:pd.read_csv da data:df.to_numpy() scaler:MinMaxScaler() data:scaler.fit_transform data df:pd.DataFrame data columns:df.columns df"
BigCodeBench,BigCodeBench/711,python,True,100.0,True,True,True,70,70,70,70,,
BigCodeBench,BigCodeBench/711,kern_compact,True,100.0,True,True,True,70,57,70,57,,
BigCodeBench,BigCodeBench/711,python_minifier,True,100.0,True,True,False,70,59,70,59,,
BigCodeBench,BigCodeBench/711,sigil,True,100.0,False,False,,70,50,70,50,decode,"ValueError: Parse errors in Sigil source:
line 3, col 37: unexpected token "":json.load f open cs 'w' |~ f -> writer:"" in: @tf js cs = open js 'r' |~ f -> data:json.load f open cs 'w' |~ f -> writer:csv.writer f writer.writerow data.keys() writer.writerow data.values() cs"
BigCodeBench,BigCodeBench/712,python,True,100.0,True,True,True,62,62,63,63,,
BigCodeBench,BigCodeBench/712,kern_compact,True,100.0,True,True,True,62,47,63,48,,
BigCodeBench,BigCodeBench/712,python_minifier,True,100.0,True,True,False,62,53,63,54,,
BigCodeBench,BigCodeBench/712,sigil,True,75.0,False,False,,62,74,63,75,decode,"ValueError: Parse errors in Sigil source:
line 1, col 1: unexpected token '<os>\n<shutil>\n<glob>\n;; TODO: manual con' in: <os>"
BigCodeBench,BigCodeBench/713,python,True,100.0,True,True,True,179,179,183,183,,
BigCodeBench,BigCodeBench/713,kern_compact,True,100.0,True,True,False,179,138,183,141,ast,normalized AST differs
BigCodeBench,BigCodeBench/713,python_minifier,True,100.0,True,True,False,179,137,183,140,,
BigCodeBench,BigCodeBench/713,sigil,True,66.66666666666666,False,False,,179,188,183,191,decode,"ValueError: Parse errors in Sigil source:
line 1, col 1: unexpected token '<os>\n<re>\n;; TODO: manual conversion nee' in: <os>"
BigCodeBench,BigCodeBench/714,python,True,100.0,True,True,True,82,82,82,82,,
BigCodeBench,BigCodeBench/714,kern_compact,True,100.0,True,True,True,82,52,82,52,,
BigCodeBench,BigCodeBench/714,python_minifier,True,100.0,True,True,False,82,52,82,53,,
BigCodeBench,BigCodeBench/714,sigil,True,100.0,False,False,,82,35,82,36,decode,"ValueError: Parse errors in Sigil source:
line 1, col 1: unexpected token ""<sys>\n<pathlib.Path>\nPATH_TO_APPEND:'/pa"" in: <sys>"
BigCodeBench,BigCodeBench/715,python,True,100.0,True,True,True,73,73,75,75,,
BigCodeBench,BigCodeBench/715,kern_compact,True,100.0,True,True,True,73,63,75,65,,
BigCodeBench,BigCodeBench/715,python_minifier,True,100.0,True,True,False,73,67,75,69,,
BigCodeBench,BigCodeBench/715,sigil,True,100.0,False,False,,73,47,75,48,decode,"ValueError: Parse errors in Sigil source:
line 1, col 1: unexpected token ""<sys>\n<subprocess>\nPYTHON_VERSION:'3.8'"" in: <sys>"
BigCodeBench,BigCodeBench/716,python,True,100.0,True,True,True,118,118,118,118,,
BigCodeBench,BigCodeBench/716,kern_compact,True,100.0,True,True,True,118,93,118,93,,
BigCodeBench,BigCodeBench/716,python_minifier,True,100.0,True,True,False,118,93,118,93,,
BigCodeBench,BigCodeBench/716,sigil,True,100.0,False,False,,118,80,118,80,decode,"ValueError: Parse errors in Sigil source:
line 1, col 1: unexpected token '<sys>\n<json>\n<datetime.datetime>\nPATH_TO' in: <sys>"
BigCodeBench,BigCodeBench/717,python,True,100.0,True,True,True,184,184,185,185,,
BigCodeBench,BigCodeBench/717,kern_compact,True,100.0,True,True,True,184,144,185,145,,
BigCodeBench,BigCodeBench/717,python_minifier,True,100.0,True,True,False,184,138,185,140,,
BigCodeBench,BigCodeBench/717,sigil,True,80.0,False,False,,184,192,185,193,decode,"ValueError: Parse errors in Sigil source:
line 1, col 1: unexpected token '<sys>\n<configparser.ConfigParser>\nPATH_T' in: <sys>"
BigCodeBench,BigCodeBench/718,python,True,100.0,True,True,True,126,126,126,126,,
BigCodeBench,BigCodeBench/718,kern_compact,True,100.0,True,True,True,126,85,126,86,,
BigCodeBench,BigCodeBench/718,python_minifier,True,100.0,True,True,False,126,91,126,92,,
BigCodeBench,BigCodeBench/718,sigil,True,100.0,False,False,,126,104,126,104,decode,"ValueError: Parse errors in Sigil source:
line 4, col 36: unexpected token ""[word <- re.split '\\\\W+' te word & => le"" in: @tf te te2 = word_counts1:np.array [word <- re.split '\\W+' te word & => len word] word_counts2:np.array [word <- re.split '\\W+' te2 word & => len word] len word_counts1!=len word_counts2 ? (np.n…"
BigCodeBench,BigCodeBench/719,python,True,100.0,True,True,True,111,111,112,112,,
BigCodeBench,BigCodeBench/719,kern_compact,True,100.0,True,True,True,111,76,112,77,,
BigCodeBench,BigCodeBench/719,python_minifier,True,100.0,True,True,False,111,83,112,85,,
BigCodeBench,BigCodeBench/719,sigil,True,75.0,False,False,,111,111,112,112,decode,"ValueError: Parse errors in Sigil source:
line 1, col 1: unexpected token '<re>\n<os>\n<glob>\n;; TODO: manual convers' in: <re>"
BigCodeBench,BigCodeBench/720,python,True,100.0,True,True,True,205,205,206,206,,
BigCodeBench,BigCodeBench/720,kern_compact,True,100.0,True,True,True,205,115,206,117,,
BigCodeBench,BigCodeBench/720,python_minifier,True,100.0,True,True,False,205,118,206,119,,
BigCodeBench,BigCodeBench/720,sigil,True,100.0,False,False,,205,130,206,129,decode,"ValueError: Parse errors in Sigil source:
line 5, col 161: unexpected token '.uniform 20 30 humidity:random.uniform 5' in: @tf = FILE_NAME:'task_func_data/Output.txt' FIELDS:['Timestamp' 'Temperature' 'Humidity'] os.makedirs os.path.dirname FILE_NAME exist_ok:True temperature:random.uniform 20 30 humidity:random.unifor…"
BigCodeBench,BigCodeBench/721,python,True,100.0,True,True,True,121,121,121,121,,
BigCodeBench,BigCodeBench/721,kern_compact,True,100.0,True,True,True,121,85,121,85,,
BigCodeBench,BigCodeBench/721,python_minifier,True,100.0,True,True,False,121,94,121,94,,
BigCodeBench,BigCodeBench/721,sigil,True,75.0,False,False,,121,142,121,142,decode,"ValueError: Parse errors in Sigil source:
line 1, col 1: unexpected token '<os>\n<csv>\n<collections.Counter>\n;; TODO' in: <os>"
BigCodeBench,BigCodeBench/722,python,True,100.0,True,True,True,107,107,107,107,,
BigCodeBench,BigCodeBench/722,kern_compact,True,100.0,True,True,True,107,75,107,75,,
BigCodeBench,BigCodeBench/722,python_minifier,True,100.0,True,True,False,107,78,107,77,,
BigCodeBench,BigCodeBench/722,sigil,True,100.0,False,False,,107,82,107,82,decode,"ValueError: Parse errors in Sigil source:
line 1, col 1: unexpected token ""<urllib.request>\n<os>\n<re>\nTARGET_FILE:'"" in: <urllib.request>"
BigCodeBench,BigCodeBench/723,python,True,100.0,True,True,True,168,168,169,169,,
BigCodeBench,BigCodeBench/723,kern_compact,True,100.0,True,True,True,168,138,169,137,,
BigCodeBench,BigCodeBench/723,python_minifier,True,100.0,True,True,False,168,141,169,139,,
BigCodeBench,BigCodeBench/723,sigil,True,83.33333333333334,False,False,,168,188,169,188,decode,"ValueError: Parse errors in Sigil source:
line 1, col 1: unexpected token '<urllib.request>\n<bs4.BeautifulSoup>\n<cs' in: <urllib.request>"
BigCodeBench,BigCodeBench/724,python,True,100.0,True,True,True,62,62,65,65,,
BigCodeBench,BigCodeBench/724,kern_compact,True,100.0,True,True,True,62,48,65,52,,
BigCodeBench,BigCodeBench/724,python_minifier,True,100.0,True,True,False,62,47,65,50,,
BigCodeBench,BigCodeBench/724,sigil,True,66.66666666666666,False,False,,62,74,65,77,decode,"ValueError: Parse errors in Sigil source:
line 1, col 1: unexpected token '<os>\n<json>\n;; TODO: manual conversion n' in: <os>"
BigCodeBench,BigCodeBench/725,python,True,100.0,True,True,True,95,95,96,96,,
BigCodeBench,BigCodeBench/725,kern_compact,True,100.0,True,True,True,95,79,96,80,,
BigCodeBench,BigCodeBench/725,python_minifier,True,100.0,True,True,False,95,81,96,82,,
BigCodeBench,BigCodeBench/725,sigil,True,80.0,False,False,,95,106,96,107,decode,"ValueError: Parse errors in Sigil source:
line 1, col 1: unexpected token ""<codecs>\n<os>\n<glob>\nDIRECTORY_PATH:'./f"" in: <codecs>"
BigCodeBench,BigCodeBench/726,python,True,100.0,True,True,True,130,130,133,133,,
BigCodeBench,BigCodeBench/726,kern_compact,True,100.0,True,True,True,130,81,133,85,,
BigCodeBench,BigCodeBench/726,python_minifier,True,100.0,True,True,False,130,83,133,86,,
BigCodeBench,BigCodeBench/726,sigil,True,100.0,False,False,,130,83,133,86,decode,"ValueError: Parse errors in Sigil source:
line 1, col 1: unexpected token '<re>\n<random>\n<nltk.corpus.words>\n<rando' in: <re>"
BigCodeBench,BigCodeBench/727,python,True,100.0,True,True,True,91,91,95,95,,
BigCodeBench,BigCodeBench/727,kern_compact,True,100.0,True,True,True,91,71,95,76,,
BigCodeBench,BigCodeBench/727,python_minifier,True,100.0,True,True,False,91,69,95,74,,
BigCodeBench,BigCodeBench/727,sigil,True,100.0,False,False,,91,73,95,78,decode,"ValueError: Parse errors in Sigil source:
line 1, col 1: unexpected token '<re>\n<sklearn.feature_extraction.text.Co' in: <re>"
BigCodeBench,BigCodeBench/728,python,True,100.0,True,True,True,182,182,183,183,,
BigCodeBench,BigCodeBench/728,kern_compact,True,100.0,True,True,True,182,128,183,129,,
BigCodeBench,BigCodeBench/728,python_minifier,True,100.0,True,True,False,182,139,183,141,,
BigCodeBench,BigCodeBench/728,sigil,True,100.0,False,False,,182,119,183,119,decode,"ValueError: Parse errors in Sigil source:
line 3, col 64: unexpected token ':file.read() content:content.encode fr.d' in: @tf fi fr to de = io.open fi 'r' encoding:fr |~ file -> content:file.read() content:content.encode fr.decode to file_like:io.StringIO content reader:csv.DictReader file_like delimiter:de data:list r…"
BigCodeBench,BigCodeBench/729,python,True,100.0,True,True,True,112,112,113,113,,
BigCodeBench,BigCodeBench/729,kern_compact,True,100.0,True,True,True,112,76,113,79,,
BigCodeBench,BigCodeBench/729,python_minifier,True,100.0,True,True,False,112,83,113,85,,
BigCodeBench,BigCodeBench/729,sigil,True,100.0,False,False,,112,82,113,83,decode,"ValueError: Parse errors in Sigil source:
line 5, col 118: unexpected token "": None open fi 'wb' |~ file -> pickle.d"" in: @tf st fi = fi is None ? fi:''.join (random.choice(string.ascii_uppercase + string.digits) for _ in range(10))+'.pkl' : None open fi 'wb' |~ file -> pickle.dump st file open fi 'rb' |~ file -> loade…"
BigCodeBench,BigCodeBench/730,python,True,100.0,True,True,True,71,71,71,71,,
BigCodeBench,BigCodeBench/730,kern_compact,True,100.0,True,True,True,71,51,71,52,,
BigCodeBench,BigCodeBench/730,python_minifier,True,100.0,True,True,False,71,53,71,53,,
BigCodeBench,BigCodeBench/730,sigil,True,100.0,False,False,,71,52,71,52,decode,"ValueError: Parse errors in Sigil source:
line 1, col 1: unexpected token ""<pickle>\n<os>\nFILE_NAME:'save.pkl'\n@tf d"" in: <pickle>"
BigCodeBench,BigCodeBench/731,python,True,100.0,True,True,True,130,130,132,132,,
BigCodeBench,BigCodeBench/731,kern_compact,True,100.0,True,True,True,130,102,132,104,,
BigCodeBench,BigCodeBench/731,python_minifier,True,100.0,True,True,False,130,103,132,105,,
BigCodeBench,BigCodeBench/731,sigil,True,100.0,False,False,,130,105,132,107,decode,"ValueError: Parse errors in Sigil source:
line 1, col 1: unexpected token '<pickle>\n<os>\n<sklearn.datasets.make_cla' in: <pickle>"
BigCodeBench,BigCodeBench/732,python,True,100.0,True,True,True,99,99,102,102,,
BigCodeBench,BigCodeBench/732,kern_compact,True,100.0,True,True,True,99,84,102,86,,
BigCodeBench,BigCodeBench/732,python_minifier,True,100.0,True,True,False,99,89,102,91,,
BigCodeBench,BigCodeBench/732,sigil,True,100.0,False,False,,99,83,102,85,decode,"ValueError: Parse errors in Sigil source:
line 1, col 1: unexpected token '<re>\n<string>\n<nltk.stem.PorterStemmer>' in: <re>"
BigCodeBench,BigCodeBench/733,python,True,100.0,True,True,True,415,415,413,413,,
BigCodeBench,BigCodeBench/733,kern_compact,True,100.0,True,True,True,415,277,413,276,,
BigCodeBench,BigCodeBench/733,python_minifier,True,100.0,True,True,False,415,277,413,275,,
BigCodeBench,BigCodeBench/733,sigil,True,100.0,False,False,,415,367,413,366,decode,"ValueError: Parse errors in Sigil source:
line 3, col 677: unexpected token "".split ' ' len co>1 ? co:co[:-1] : co:[]"" in: @tf co = STOPWORDS:set ['i' 'me' 'my' 'myself' 'we' 'our' 'ours' 'ourselves' 'you' 'your' 'yours' 'yourself' 'yourselves' 'he' 'him' 'his' 'himself' 'she' 'her' 'hers' 'herself' 'it' 'its' 'itself'…"
BigCodeBench,BigCodeBench/734,python,True,100.0,True,True,True,104,104,106,106,,
BigCodeBench,BigCodeBench/734,kern_compact,True,100.0,True,True,True,104,57,106,58,,
BigCodeBench,BigCodeBench/734,python_minifier,True,100.0,True,True,False,104,61,106,62,,
BigCodeBench,BigCodeBench/734,sigil,True,100.0,False,False,,104,60,106,61,decode,"ValueError: Parse errors in Sigil source:
line 1, col 1: unexpected token ""<nltk>\nnltk.download 'punkt'\nnltk.downlo"" in: <nltk>"
BigCodeBench,BigCodeBench/735,python,True,100.0,True,True,True,57,57,56,56,,
BigCodeBench,BigCodeBench/735,kern_compact,True,100.0,True,True,True,57,43,56,42,,
BigCodeBench,BigCodeBench/735,python_minifier,True,100.0,True,True,False,57,44,56,43,,
BigCodeBench,BigCodeBench/735,sigil,True,100.0,False,False,,57,41,56,39,decode,"ValueError: Parse errors in Sigil source:
line 3, col 53: unexpected token '.mean flattened variance:np.var flattene' in: @tf L = flattened:list chain.from_iterable L mean:np.mean flattened variance:np.var flattened {'mean':mean, 'variance':variance}"
BigCodeBench,BigCodeBench/736,python,True,100.0,True,True,True,39,39,40,40,,
BigCodeBench,BigCodeBench/736,kern_compact,True,100.0,True,True,True,39,28,40,29,,
BigCodeBench,BigCodeBench/736,python_minifier,True,100.0,True,True,False,39,32,40,33,,
BigCodeBench,BigCodeBench/736,sigil,True,100.0,False,False,,39,28,40,29,decode,"ValueError: Parse errors in Sigil source:
line 3, col 41: unexpected token '.mode flattened[0][0] mode' in: @tf L = flattened:np.hstack L mode:stats.mode flattened[0][0] mode"
BigCodeBench,BigCodeBench/737,python,True,100.0,True,True,True,230,230,231,231,,
BigCodeBench,BigCodeBench/737,kern_compact,True,100.0,True,True,True,230,111,231,114,,
BigCodeBench,BigCodeBench/737,python_minifier,True,100.0,True,True,False,230,118,231,121,,
BigCodeBench,BigCodeBench/737,sigil,True,66.66666666666666,False,False,,230,226,231,227,decode,"ValueError: Parse errors in Sigil source:
line 1, col 1: unexpected token '<numpy>\n<math>\n;; TODO: manual conversio' in: <numpy>"
BigCodeBench,BigCodeBench/738,python,True,100.0,True,True,True,43,43,43,43,,
BigCodeBench,BigCodeBench/738,kern_compact,True,100.0,True,True,True,43,28,43,28,,
BigCodeBench,BigCodeBench/738,python_minifier,True,100.0,True,True,False,43,31,43,32,,
BigCodeBench,BigCodeBench/738,sigil,True,100.0,True,True,False,43,30,43,31,,
BigCodeBench,BigCodeBench/739,python,True,100.0,True,True,True,101,101,101,101,,
BigCodeBench,BigCodeBench/739,kern_compact,True,100.0,True,True,True,101,75,101,75,,
BigCodeBench,BigCodeBench/739,python_minifier,True,100.0,True,True,False,101,82,101,82,,
BigCodeBench,BigCodeBench/739,sigil,True,100.0,False,False,,101,82,101,82,decode,"ValueError: Parse errors in Sigil source:
line 1, col 1: unexpected token ""<struct>\n<random>\nKEYS:['470FC614' '4A0F"" in: <struct>"
BigCodeBench,BigCodeBench/740,python,True,100.0,True,True,True,58,58,59,59,,
BigCodeBench,BigCodeBench/740,kern_compact,True,100.0,True,True,True,58,39,59,39,,
BigCodeBench,BigCodeBench/740,python_minifier,True,100.0,True,True,False,58,42,59,42,,
BigCodeBench,BigCodeBench/740,sigil,True,100.0,False,False,,58,44,59,43,decode,"ValueError: Parse errors in Sigil source:
line 1, col 1: unexpected token '<collections.Counter>\n<heapq>\nLETTERS:li' in: <collections.Counter>"
BigCodeBench,BigCodeBench/741,python,True,100.0,True,True,True,106,106,106,106,,
BigCodeBench,BigCodeBench/741,kern_compact,True,100.0,True,True,True,106,72,106,73,,
BigCodeBench,BigCodeBench/741,python_minifier,True,100.0,True,True,False,106,75,106,75,,
BigCodeBench,BigCodeBench/741,sigil,True,100.0,False,False,,106,76,106,76,decode,"ValueError: Parse errors in Sigil source:
line 1, col 1: unexpected token '<itertools.groupby>\n<operator.itemgetter' in: <itertools.groupby>"
BigCodeBench,BigCodeBench/742,python,True,100.0,True,True,True,109,109,111,111,,
BigCodeBench,BigCodeBench/742,kern_compact,True,100.0,True,True,True,109,93,111,98,,
BigCodeBench,BigCodeBench/742,python_minifier,True,100.0,True,True,False,109,99,111,101,,
BigCodeBench,BigCodeBench/742,sigil,True,66.66666666666666,False,False,,109,122,111,125,decode,"ValueError: Parse errors in Sigil source:
line 1, col 1: unexpected token '<pandas>\n<sklearn.preprocessing.MinMaxSc' in: <pandas>"
BigCodeBench,BigCodeBench/743,python,True,100.0,True,True,True,113,113,113,113,,
BigCodeBench,BigCodeBench/743,kern_compact,True,100.0,True,True,True,113,90,113,89,,
BigCodeBench,BigCodeBench/743,python_minifier,True,100.0,True,True,False,113,100,113,100,,
BigCodeBench,BigCodeBench/743,sigil,True,75.0,False,False,,113,127,113,127,decode,"ValueError: Parse errors in Sigil source:
line 1, col 1: unexpected token ""<json>\n<os>\nPREFIXES:['is_' 'has_' 'can_"" in: <json>"
BigCodeBench,BigCodeBench/744,python,True,100.0,True,True,True,112,112,115,115,,
BigCodeBench,BigCodeBench/744,kern_compact,True,100.0,True,True,True,112,92,115,96,,
BigCodeBench,BigCodeBench/744,python_minifier,True,100.0,True,True,False,112,95,115,99,,
BigCodeBench,BigCodeBench/744,sigil,True,75.0,False,False,,112,127,115,130,decode,"ValueError: Parse errors in Sigil source:
line 1, col 1: unexpected token '<nltk>\n<string.punctuation>\n<pandas>\n;;' in: <nltk>"
BigCodeBench,BigCodeBench/745,python,True,100.0,True,True,True,92,92,94,94,,
BigCodeBench,BigCodeBench/745,kern_compact,True,100.0,True,True,True,92,56,94,59,,
BigCodeBench,BigCodeBench/745,python_minifier,True,100.0,True,True,False,92,59,94,61,,
BigCodeBench,BigCodeBench/745,sigil,True,100.0,False,False,,92,62,94,66,decode,"ValueError: Parse errors in Sigil source:
line 1, col 1: unexpected token ""<subprocess>\n<random>\nSCRIPTS:['script1."" in: <subprocess>"
BigCodeBench,BigCodeBench/746,python,True,100.0,True,True,True,180,180,187,187,,
BigCodeBench,BigCodeBench/746,kern_compact,True,100.0,True,True,True,180,150,187,159,,
BigCodeBench,BigCodeBench/746,python_minifier,True,100.0,True,True,False,180,158,187,168,,
BigCodeBench,BigCodeBench/746,sigil,True,75.0,False,False,,180,196,187,203,decode,"ValueError: Parse errors in Sigil source:
line 1, col 1: unexpected token '<numpy>\n<pandas>\n<sklearn.linear_model.L' in: <numpy>"
BigCodeBench,BigCodeBench/747,python,True,100.0,True,True,True,79,79,79,79,,
BigCodeBench,BigCodeBench/747,kern_compact,True,100.0,True,True,True,79,49,79,49,,
BigCodeBench,BigCodeBench/747,python_minifier,True,100.0,True,True,False,79,50,79,50,,
BigCodeBench,BigCodeBench/747,sigil,True,100.0,True,False,,79,54,79,55,parse,"SyntaxError: invalid syntax (<unknown>, line 5)"
BigCodeBench,BigCodeBench/748,python,True,100.0,True,True,True,102,102,104,104,,
BigCodeBench,BigCodeBench/748,kern_compact,True,100.0,True,True,True,102,61,104,65,,
BigCodeBench,BigCodeBench/748,python_minifier,True,100.0,True,True,False,102,63,104,65,,
BigCodeBench,BigCodeBench/748,sigil,True,100.0,False,False,,102,62,104,64,decode,"ValueError: Parse errors in Sigil source:
line 3, col 138: unexpected token '.DataFrame scaler.fit_transform selected' in: @tf df ag we = selected_df:df[df['Age']<ag&df['Weight']>we] selected_df.empty ? selected_df : None scaler:StandardScaler() selected_df:pd.DataFrame scaler.fit_transform selected_df columns:selected…"
BigCodeBench,BigCodeBench/749,python,True,100.0,True,True,True,57,57,58,58,,
BigCodeBench,BigCodeBench/749,kern_compact,True,100.0,True,True,True,57,47,58,48,,
BigCodeBench,BigCodeBench/749,python_minifier,True,100.0,True,True,False,57,49,58,50,,
BigCodeBench,BigCodeBench/749,sigil,True,100.0,False,False,,57,42,58,43,decode,"ValueError: Parse errors in Sigil source:
line 3, col 82: unexpected token '.fit_transform my normalized_list.flatte' in: @tf my = my:np.array my.reshape -1 1 scaler:MinMaxScaler() normalized_list:scaler.fit_transform my normalized_list.flatten()"
BigCodeBench,BigCodeBench/750,python,True,100.0,True,True,True,167,167,170,170,,
BigCodeBench,BigCodeBench/750,kern_compact,True,100.0,True,True,True,167,102,170,106,,
BigCodeBench,BigCodeBench/750,python_minifier,True,100.0,True,True,False,167,89,170,92,,
BigCodeBench,BigCodeBench/750,sigil,True,100.0,False,False,,167,103,170,104,decode,"ValueError: Parse errors in Sigil source:
line 1, col 1: unexpected token '<pandas>\n<statsmodels.api>\n@tf df:pd.Dat' in: <pandas>"
BigCodeBench,BigCodeBench/751,python,True,100.0,True,True,True,48,48,49,49,,
BigCodeBench,BigCodeBench/751,kern_compact,True,100.0,True,True,True,48,36,49,37,,
BigCodeBench,BigCodeBench/751,python_minifier,True,100.0,True,True,False,48,42,49,43,,
BigCodeBench,BigCodeBench/751,sigil,True,66.66666666666666,False,False,,48,59,49,60,decode,"ValueError: Parse errors in Sigil source:
line 1, col 1: unexpected token '<random>\n<collections.Counter>\n;; TODO:' in: <random>"
BigCodeBench,BigCodeBench/752,python,True,100.0,True,True,True,279,279,288,288,,
BigCodeBench,BigCodeBench/752,kern_compact,True,100.0,True,True,True,279,223,288,237,,
BigCodeBench,BigCodeBench/752,python_minifier,True,100.0,True,True,False,279,232,288,241,,
BigCodeBench,BigCodeBench/752,sigil,True,80.0,False,False,,279,293,288,302,decode,"ValueError: Parse errors in Sigil source:
line 1, col 1: unexpected token '<pandas>\n<sklearn.model_selection.train_' in: <pandas>"
BigCodeBench,BigCodeBench/753,python,True,100.0,True,True,True,105,105,105,105,,
BigCodeBench,BigCodeBench/753,kern_compact,True,100.0,True,True,True,105,77,105,82,,
BigCodeBench,BigCodeBench/753,python_minifier,True,100.0,True,True,False,105,78,105,84,,
BigCodeBench,BigCodeBench/753,sigil,True,80.0,False,False,,105,120,105,120,decode,"ValueError: Parse errors in Sigil source:
line 1, col 1: unexpected token '<math>\n<random>\n<statistics>\nRADIUS:5\n;;' in: <math>"
BigCodeBench,BigCodeBench/754,python,True,100.0,True,True,True,252,252,254,254,,
BigCodeBench,BigCodeBench/754,kern_compact,True,100.0,True,True,True,252,171,254,174,,
BigCodeBench,BigCodeBench/754,python_minifier,True,100.0,True,True,False,252,190,254,192,,
BigCodeBench,BigCodeBench/754,sigil,True,80.0,False,False,,252,232,254,234,decode,"ValueError: Parse errors in Sigil source:
line 1, col 1: unexpected token '<numpy>\n<pandas>\n<datetime.datetime>\nDAT' in: <numpy>"
BigCodeBench,BigCodeBench/755,python,True,100.0,True,True,True,82,82,85,85,,
BigCodeBench,BigCodeBench/755,kern_compact,True,100.0,True,True,True,82,59,85,59,,
BigCodeBench,BigCodeBench/755,python_minifier,True,100.0,True,True,False,82,63,85,63,,
BigCodeBench,BigCodeBench/755,sigil,True,66.66666666666666,False,False,,82,97,85,100,decode,"ValueError: Parse errors in Sigil source:
line 1, col 1: unexpected token '<os>\n<glob>\n;; TODO: manual conversion n' in: <os>"
BigCodeBench,BigCodeBench/756,python,True,100.0,True,True,True,125,125,127,127,,
BigCodeBench,BigCodeBench/756,kern_compact,True,100.0,True,True,True,125,104,127,108,,
BigCodeBench,BigCodeBench/756,python_minifier,True,100.0,True,True,False,125,108,127,111,,
BigCodeBench,BigCodeBench/756,sigil,True,75.0,False,False,,125,142,127,145,decode,"ValueError: Parse errors in Sigil source:
line 1, col 1: unexpected token '<shutil>\n<pathlib.Path>\n<typing.List>\n;;' in: <shutil>"
BigCodeBench,BigCodeBench/757,python,True,100.0,True,True,True,49,49,49,49,,
BigCodeBench,BigCodeBench/757,kern_compact,True,100.0,True,True,True,49,37,49,38,,
BigCodeBench,BigCodeBench/757,python_minifier,True,100.0,True,True,False,49,36,49,38,,
BigCodeBench,BigCodeBench/757,sigil,True,100.0,False,False,,49,38,49,38,decode,"ValueError: Parse errors in Sigil source:
line 3, col 43: unexpected token ""->'.'.join s.split '.'[::-1] now:datetim"" in: @tf ar = vectorized_reverse:np.vectorize s->'.'.join s.split '.'[::-1] now:datetime.datetime.now() vectorized_reverse ar"
BigCodeBench,BigCodeBench/758,python,True,100.0,True,True,True,174,174,176,176,,
BigCodeBench,BigCodeBench/758,kern_compact,True,100.0,True,True,True,174,132,176,135,,
BigCodeBench,BigCodeBench/758,python_minifier,True,100.0,True,True,False,174,142,176,148,,
BigCodeBench,BigCodeBench/758,sigil,True,75.0,False,False,,174,180,176,182,decode,"ValueError: Parse errors in Sigil source:
line 1, col 1: unexpected token '<pandas>\n<numpy>\n<sklearn.preprocessing.' in: <pandas>"
BigCodeBench,BigCodeBench/759,python,True,100.0,True,True,True,80,80,80,80,,
BigCodeBench,BigCodeBench/759,kern_compact,True,100.0,True,True,True,80,64,80,65,,
BigCodeBench,BigCodeBench/759,python_minifier,True,100.0,True,True,False,80,66,80,66,,
BigCodeBench,BigCodeBench/759,sigil,True,75.0,False,False,,80,95,80,95,decode,"ValueError: Parse errors in Sigil source:
line 1, col 1: unexpected token '<os>\n<shutil>\n<fnmatch>\n;; TODO: manual' in: <os>"
BigCodeBench,BigCodeBench/760,python,True,100.0,True,True,True,322,322,323,323,,
BigCodeBench,BigCodeBench/760,kern_compact,True,100.0,True,True,True,322,221,323,223,,
BigCodeBench,BigCodeBench/760,python_minifier,True,100.0,True,True,False,322,231,323,231,,
BigCodeBench,BigCodeBench/760,sigil,True,83.33333333333334,False,False,,322,304,323,304,decode,"ValueError: Parse errors in Sigil source:
line 1, col 1: unexpected token '<pandas>\n<numpy>\n<codecs>\n<re>\n<datetime' in: <pandas>"
BigCodeBench,BigCodeBench/761,python,True,100.0,True,True,True,142,142,143,143,,
BigCodeBench,BigCodeBench/761,kern_compact,True,100.0,True,True,True,142,91,143,91,,
BigCodeBench,BigCodeBench/761,python_minifier,True,100.0,True,True,False,142,99,143,99,,
BigCodeBench,BigCodeBench/761,sigil,True,80.0,False,False,,142,136,143,137,decode,"ValueError: Parse errors in Sigil source:
line 1, col 1: unexpected token '<json>\n<re>\n<collections.Counter>\nREPLAC' in: <json>"
BigCodeBench,BigCodeBench/762,python,True,100.0,True,True,True,168,168,169,169,,
BigCodeBench,BigCodeBench/762,kern_compact,True,100.0,True,True,True,168,132,169,133,,
BigCodeBench,BigCodeBench/762,python_minifier,True,100.0,True,True,False,168,136,169,137,,
BigCodeBench,BigCodeBench/762,sigil,True,75.0,False,False,,168,183,169,183,decode,"ValueError: Parse errors in Sigil source:
line 1, col 1: unexpected token '<codecs>\n<os>\n<zipfile>\n;; TODO: manual' in: <codecs>"
BigCodeBench,BigCodeBench/763,python,True,100.0,True,True,True,180,180,182,182,,
BigCodeBench,BigCodeBench/763,kern_compact,True,100.0,True,True,True,180,145,182,149,,
BigCodeBench,BigCodeBench/763,python_minifier,True,100.0,True,True,False,180,154,182,158,,
BigCodeBench,BigCodeBench/763,sigil,True,80.0,False,False,,180,192,182,194,decode,"ValueError: Parse errors in Sigil source:
line 1, col 1: unexpected token '<numpy>\n<collections.defaultdict>\n<json>' in: <numpy>"
BigCodeBench,BigCodeBench/764,python,True,100.0,True,True,True,263,263,266,266,,
BigCodeBench,BigCodeBench/764,kern_compact,True,100.0,True,True,True,263,208,266,214,,
BigCodeBench,BigCodeBench/764,python_minifier,True,100.0,True,True,False,263,234,266,235,,
BigCodeBench,BigCodeBench/764,sigil,True,66.66666666666666,False,False,,263,282,266,285,decode,"ValueError: Parse errors in Sigil source:
line 1, col 1: unexpected token '<csv>\n<random>\n;; TODO: manual conversio' in: <csv>"
BigCodeBench,BigCodeBench/765,python,True,100.0,True,True,True,113,113,113,113,,
BigCodeBench,BigCodeBench/765,kern_compact,True,100.0,True,True,True,113,78,113,78,,
BigCodeBench,BigCodeBench/765,python_minifier,True,100.0,True,True,False,113,83,113,84,,
BigCodeBench,BigCodeBench/765,sigil,True,75.0,False,False,,113,116,113,117,decode,"ValueError: Parse errors in Sigil source:
line 1, col 1: unexpected token '<os>\n<pathlib.Path>\n<shutil>\n;; TODO: ma' in: <os>"
BigCodeBench,BigCodeBench/766,python,True,100.0,True,True,True,133,133,137,137,,
BigCodeBench,BigCodeBench/766,kern_compact,True,100.0,True,True,True,133,105,137,111,,
BigCodeBench,BigCodeBench/766,python_minifier,True,100.0,True,True,False,133,110,137,113,,
BigCodeBench,BigCodeBench/766,sigil,True,66.66666666666666,False,False,,133,150,137,153,decode,"ValueError: Parse errors in Sigil source:
line 1, col 1: unexpected token '<re>\n<collections>\n;; TODO: manual conve' in: <re>"
BigCodeBench,BigCodeBench/767,python,True,100.0,True,True,True,55,55,55,55,,
BigCodeBench,BigCodeBench/767,kern_compact,True,100.0,True,True,True,55,43,55,44,,
BigCodeBench,BigCodeBench/767,python_minifier,True,100.0,True,True,False,55,44,55,45,,
BigCodeBench,BigCodeBench/767,sigil,True,100.0,False,False,,55,35,55,36,decode,"ValueError: Parse errors in Sigil source:
line 1, col 1: unexpected token '<collections.Counter>\n<random>\n<string>' in: <collections.Counter>"
BigCodeBench,BigCodeBench/768,python,True,100.0,True,True,True,139,139,140,140,,
BigCodeBench,BigCodeBench/768,kern_compact,True,100.0,True,True,True,139,95,140,97,,
BigCodeBench,BigCodeBench/768,python_minifier,True,100.0,True,True,False,139,100,140,103,,
BigCodeBench,BigCodeBench/768,sigil,True,75.0,False,False,,139,137,140,139,decode,"ValueError: Parse errors in Sigil source:
line 1, col 1: unexpected token '<re>\n<os>\n<glob>\n;; TODO: manual convers' in: <re>"
BigCodeBench,BigCodeBench/769,python,True,100.0,True,True,True,57,57,56,56,,
BigCodeBench,BigCodeBench/769,kern_compact,True,100.0,True,True,True,57,48,56,48,,
BigCodeBench,BigCodeBench/769,python_minifier,True,100.0,True,True,False,57,49,56,49,,
BigCodeBench,BigCodeBench/769,sigil,True,100.0,False,False,,57,41,56,41,decode,"ValueError: Parse errors in Sigil source:
line 4, col 103: unexpected token '.itemgetter 1[0]' in: @tf li = flat_list:list itertools.chain *li counter:Counter flat_list max counter.items() key:operator.itemgetter 1[0]"
BigCodeBench,BigCodeBench/770,python,True,100.0,True,True,True,197,197,199,199,,
BigCodeBench,BigCodeBench/770,kern_compact,True,100.0,True,True,True,197,144,199,147,,
BigCodeBench,BigCodeBench/770,python_minifier,True,100.0,True,True,False,197,154,199,156,,
BigCodeBench,BigCodeBench/770,sigil,True,75.0,False,False,,197,211,199,212,decode,"ValueError: Parse errors in Sigil source:
line 1, col 1: unexpected token '<numpy>\n<sklearn.model_selection.train_t' in: <numpy>"
BigCodeBench,BigCodeBench/771,python,True,100.0,True,True,True,163,163,164,164,,
BigCodeBench,BigCodeBench/771,kern_compact,True,100.0,True,True,True,163,116,164,116,,
BigCodeBench,BigCodeBench/771,python_minifier,True,100.0,True,True,False,163,121,164,121,,
BigCodeBench,BigCodeBench/771,sigil,True,80.0,False,False,,163,180,164,182,decode,"ValueError: Parse errors in Sigil source:
line 1, col 1: unexpected token '<re>\n<os>\n<pathlib.Path>\n<csv>\n;; TODO:' in: <re>"
BigCodeBench,BigCodeBench/772,python,True,100.0,True,True,True,102,102,102,102,,
BigCodeBench,BigCodeBench/772,kern_compact,True,100.0,True,True,True,102,77,102,77,,
BigCodeBench,BigCodeBench/772,python_minifier,True,100.0,True,True,False,102,87,102,87,,
BigCodeBench,BigCodeBench/772,sigil,True,100.0,False,False,,102,68,102,68,decode,"ValueError: Parse errors in Sigil source:
line 1, col 1: unexpected token '<numpy>\n<sklearn.preprocessing.StandardS' in: <numpy>"
BigCodeBench,BigCodeBench/773,python,True,100.0,True,True,True,148,148,152,152,,
BigCodeBench,BigCodeBench/773,kern_compact,True,100.0,True,True,True,148,107,152,111,,
BigCodeBench,BigCodeBench/773,python_minifier,True,100.0,True,True,False,148,112,152,115,,
BigCodeBench,BigCodeBench/773,sigil,True,85.71428571428571,False,False,,148,159,152,163,decode,"ValueError: Parse errors in Sigil source:
line 1, col 1: unexpected token ""<os>\n<re>\n<shutil>\nSOURCE_DIR:'/source/d"" in: <os>"
BigCodeBench,BigCodeBench/774,python,True,100.0,True,True,True,154,154,162,162,,
BigCodeBench,BigCodeBench/774,kern_compact,True,100.0,True,True,True,154,124,162,133,,
BigCodeBench,BigCodeBench/774,python_minifier,True,100.0,True,True,False,154,131,162,141,,
BigCodeBench,BigCodeBench/774,sigil,True,75.0,False,False,,154,164,162,171,decode,"ValueError: Parse errors in Sigil source:
line 1, col 1: unexpected token '<numpy>\n<sklearn.model_selection.cross_v' in: <numpy>"
BigCodeBench,BigCodeBench/775,python,True,100.0,True,True,True,199,199,203,203,,
BigCodeBench,BigCodeBench/775,kern_compact,True,100.0,True,True,True,199,102,203,107,,
BigCodeBench,BigCodeBench/775,python_minifier,True,100.0,True,True,False,199,108,203,113,,
BigCodeBench,BigCodeBench/775,sigil,True,100.0,False,False,,199,106,203,112,decode,"ValueError: Parse errors in Sigil source:
line 1, col 1: unexpected token '<string.ascii_lowercase>\n<re>\n<collectio' in: <string.ascii_lowercase>"
BigCodeBench,BigCodeBench/776,python,True,100.0,True,True,True,181,181,183,183,,
BigCodeBench,BigCodeBench/776,kern_compact,True,100.0,True,True,True,181,148,183,152,,
BigCodeBench,BigCodeBench/776,python_minifier,True,100.0,True,True,False,181,166,183,171,,
BigCodeBench,BigCodeBench/776,sigil,True,66.66666666666666,False,False,,181,204,183,206,decode,"ValueError: Parse errors in Sigil source:
line 1, col 1: unexpected token '<pandas>\n<sklearn.linear_model.LinearReg' in: <pandas>"
BigCodeBench,BigCodeBench/777,python,True,100.0,True,True,True,164,164,166,166,,
BigCodeBench,BigCodeBench/777,kern_compact,True,100.0,True,True,True,164,97,166,98,,
BigCodeBench,BigCodeBench/777,python_minifier,True,100.0,True,True,False,164,107,166,109,,
BigCodeBench,BigCodeBench/777,sigil,True,75.0,False,False,,164,163,166,164,decode,"ValueError: Parse errors in Sigil source:
line 1, col 1: unexpected token '<re>\n<os>\n<zipfile>\n;; TODO: manual conv' in: <re>"
BigCodeBench,BigCodeBench/778,python,True,100.0,True,True,True,129,129,130,130,,
BigCodeBench,BigCodeBench/778,kern_compact,True,100.0,True,True,True,129,111,130,113,,
BigCodeBench,BigCodeBench/778,python_minifier,True,100.0,True,True,False,129,117,130,119,,
BigCodeBench,BigCodeBench/778,sigil,True,75.0,False,False,,129,141,130,142,decode,"ValueError: Parse errors in Sigil source:
line 1, col 1: unexpected token '<collections.defaultdict>\n<operator.item' in: <collections.defaultdict>"
BigCodeBench,BigCodeBench/779,python,True,100.0,True,True,True,313,313,317,317,,
BigCodeBench,BigCodeBench/779,kern_compact,True,100.0,True,True,True,313,226,317,228,,
BigCodeBench,BigCodeBench/779,python_minifier,True,100.0,True,True,False,313,240,317,242,,
BigCodeBench,BigCodeBench/779,sigil,True,100.0,False,False,,313,213,317,215,decode,"ValueError: Parse errors in Sigil source:
line 1, col 1: unexpected token ""<os>\n<shutil>\nBACKUP_DIR:'/tmp/backup'\n@"" in: <os>"
BigCodeBench,BigCodeBench/780,python,True,100.0,True,True,True,239,239,246,246,,
BigCodeBench,BigCodeBench/780,kern_compact,True,100.0,True,True,True,239,200,246,210,,
BigCodeBench,BigCodeBench/780,python_minifier,True,100.0,True,True,False,239,198,246,205,,
BigCodeBench,BigCodeBench/780,sigil,True,66.66666666666666,False,False,,239,260,246,266,decode,"ValueError: Parse errors in Sigil source:
line 1, col 1: unexpected token '<pandas>\n<pytz>\n;; TODO: manual conversi' in: <pandas>"
BigCodeBench,BigCodeBench/781,python,True,100.0,True,True,True,98,98,99,99,,
BigCodeBench,BigCodeBench/781,kern_compact,True,100.0,True,True,True,98,80,99,81,,
BigCodeBench,BigCodeBench/781,python_minifier,True,100.0,True,True,False,98,81,99,82,,
BigCodeBench,BigCodeBench/781,sigil,True,66.66666666666666,False,False,,98,112,99,113,decode,"ValueError: Parse errors in Sigil source:
line 1, col 1: unexpected token '<os>\n<datetime.datetime>\n;; TODO: manual' in: <os>"
BigCodeBench,BigCodeBench/782,python,True,100.0,True,True,True,154,154,154,154,,
BigCodeBench,BigCodeBench/782,kern_compact,True,100.0,True,True,True,154,121,154,121,,
BigCodeBench,BigCodeBench/782,python_minifier,True,100.0,True,True,False,154,126,154,126,,
BigCodeBench,BigCodeBench/782,sigil,True,75.0,False,False,,154,167,154,167,decode,"ValueError: Parse errors in Sigil source:
line 1, col 1: unexpected token '<random>\n<pandas>\n<numpy>\n;; TODO: manua' in: <random>"
BigCodeBench,BigCodeBench/783,python,True,100.0,True,True,True,76,76,76,76,,
BigCodeBench,BigCodeBench/783,kern_compact,True,100.0,True,True,True,76,56,76,56,,
BigCodeBench,BigCodeBench/783,python_minifier,True,100.0,True,True,False,76,61,76,61,,
BigCodeBench,BigCodeBench/783,sigil,True,66.66666666666666,False,False,,76,91,76,91,decode,"ValueError: Parse errors in Sigil source:
line 1, col 1: unexpected token '<os>\n<shutil>\n;; TODO: manual conversion' in: <os>"
BigCodeBench,BigCodeBench/784,python,True,100.0,True,True,True,264,264,265,265,,
BigCodeBench,BigCodeBench/784,kern_compact,True,100.0,True,True,True,264,190,265,190,,
BigCodeBench,BigCodeBench/784,python_minifier,True,100.0,True,True,False,264,203,265,202,,
BigCodeBench,BigCodeBench/784,sigil,True,75.0,False,False,,264,266,265,267,decode,"ValueError: Parse errors in Sigil source:
line 1, col 1: unexpected token '<pandas>\n<random>\n<csv>\n;; TODO: manual' in: <pandas>"
BigCodeBench,BigCodeBench/785,python,True,100.0,True,True,True,214,214,214,214,,
BigCodeBench,BigCodeBench/785,kern_compact,True,100.0,True,True,True,214,118,214,121,,
BigCodeBench,BigCodeBench/785,python_minifier,True,100.0,True,True,False,214,119,214,121,,
BigCodeBench,BigCodeBench/785,sigil,True,80.0,False,False,,214,186,214,186,decode,"ValueError: Parse errors in Sigil source:
line 1, col 1: unexpected token ""<subprocess>\n<os>\n<glob>\nARCHIVE_DIR:'/t"" in: <subprocess>"
BigCodeBench,BigCodeBench/786,python,True,100.0,True,True,True,222,222,225,225,,
BigCodeBench,BigCodeBench/786,kern_compact,True,100.0,True,True,True,222,147,225,149,,
BigCodeBench,BigCodeBench/786,python_minifier,True,100.0,True,True,False,222,157,225,159,,
BigCodeBench,BigCodeBench/786,sigil,True,75.0,False,False,,222,212,225,215,decode,"ValueError: Parse errors in Sigil source:
line 1, col 1: unexpected token '<pandas>\n<csv>\n<random>\n;; TODO: manual' in: <pandas>"
BigCodeBench,BigCodeBench/787,python,True,100.0,True,True,True,117,117,120,120,,
BigCodeBench,BigCodeBench/787,kern_compact,True,100.0,True,True,True,117,86,120,90,,
BigCodeBench,BigCodeBench/787,python_minifier,True,100.0,True,True,False,117,94,120,96,,
BigCodeBench,BigCodeBench/787,sigil,True,66.66666666666666,False,False,,117,133,120,136,decode,"ValueError: Parse errors in Sigil source:
line 1, col 1: unexpected token '<numpy>\n<itertools.combinations>\n;; TODO' in: <numpy>"
BigCodeBench,BigCodeBench/788,python,True,100.0,True,True,True,207,207,210,210,,
BigCodeBench,BigCodeBench/788,kern_compact,True,100.0,True,True,True,207,129,210,133,,
BigCodeBench,BigCodeBench/788,python_minifier,True,100.0,True,True,False,207,134,210,138,,
BigCodeBench,BigCodeBench/788,sigil,True,66.66666666666666,False,False,,207,181,210,183,decode,"ValueError: Parse errors in Sigil source:
line 1, col 1: unexpected token '<heapq>\n<scipy.stats>\n;; TODO: manual co' in: <heapq>"
BigCodeBench,BigCodeBench/789,python,True,100.0,True,True,True,88,88,87,87,,
BigCodeBench,BigCodeBench/789,kern_compact,True,100.0,True,True,True,88,56,87,57,,
BigCodeBench,BigCodeBench/789,python_minifier,True,100.0,True,True,False,88,59,87,60,,
BigCodeBench,BigCodeBench/789,sigil,True,100.0,False,False,,88,55,87,56,decode,"ValueError: Parse errors in Sigil source:
line 1, col 1: unexpected token '<numpy>\n<sklearn.preprocessing.MinMaxSca' in: <numpy>"
BigCodeBench,BigCodeBench/790,python,True,100.0,True,True,True,155,155,158,158,,
BigCodeBench,BigCodeBench/790,kern_compact,True,100.0,True,True,True,155,118,158,120,,
BigCodeBench,BigCodeBench/790,python_minifier,True,100.0,True,True,False,155,123,158,126,,
BigCodeBench,BigCodeBench/790,sigil,True,66.66666666666666,False,False,,155,161,158,163,decode,"ValueError: Parse errors in Sigil source:
line 1, col 1: unexpected token '<heapq>\n<sklearn.preprocessing.StandardS' in: <heapq>"
BigCodeBench,BigCodeBench/791,python,True,100.0,True,True,True,146,146,147,147,,
BigCodeBench,BigCodeBench/791,kern_compact,True,100.0,True,True,True,146,98,147,99,,
BigCodeBench,BigCodeBench/791,python_minifier,True,100.0,True,True,False,146,97,147,97,,
BigCodeBench,BigCodeBench/791,sigil,True,100.0,False,False,,146,107,147,108,decode,"ValueError: Parse errors in Sigil source:
line 1, col 1: unexpected token '<collections.Counter>\n<random>\n<itertool' in: <collections.Counter>"
BigCodeBench,BigCodeBench/792,python,True,100.0,True,True,True,147,147,153,153,,
BigCodeBench,BigCodeBench/792,kern_compact,True,100.0,True,True,True,147,110,153,112,,
BigCodeBench,BigCodeBench/792,python_minifier,True,100.0,True,True,False,147,117,153,122,,
BigCodeBench,BigCodeBench/792,sigil,True,66.66666666666666,False,False,,147,157,153,161,decode,"ValueError: Parse errors in Sigil source:
line 1, col 1: unexpected token '<heapq>\n<sklearn.linear_model.LinearRegr' in: <heapq>"
BigCodeBench,BigCodeBench/793,python,True,100.0,True,True,True,104,104,104,104,,
BigCodeBench,BigCodeBench/793,kern_compact,True,100.0,True,True,True,104,65,104,65,,
BigCodeBench,BigCodeBench/793,python_minifier,True,100.0,True,True,False,104,69,104,70,,
BigCodeBench,BigCodeBench/793,sigil,True,100.0,False,False,,104,76,104,76,decode,"ValueError: Parse errors in Sigil source:
line 1, col 1: unexpected token ""<numpy>\n<random>\nELEMENTS:['A' 'B' 'C' '"" in: <numpy>"
BigCodeBench,BigCodeBench/794,python,True,100.0,True,True,True,54,54,56,56,,
BigCodeBench,BigCodeBench/794,kern_compact,True,100.0,True,True,True,54,45,56,47,,
BigCodeBench,BigCodeBench/794,python_minifier,True,100.0,True,True,False,54,41,56,43,,
BigCodeBench,BigCodeBench/794,sigil,True,100.0,True,False,,54,40,56,42,parse,"SyntaxError: invalid syntax (<unknown>, line 5)"
BigCodeBench,BigCodeBench/795,python,True,100.0,True,True,True,110,110,110,110,,
BigCodeBench,BigCodeBench/795,kern_compact,True,100.0,True,True,True,110,67,110,68,,
BigCodeBench,BigCodeBench/795,python_minifier,True,100.0,True,True,False,110,68,110,68,,
BigCodeBench,BigCodeBench/795,sigil,True,100.0,False,False,,110,72,110,72,decode,"ValueError: Parse errors in Sigil source:
line 3, col 68: unexpected token '(item for item in dq if isinstance(item,' in: @tf l = !l ? deque() : None dq:deque l dq.rotate 3 numeric_sum:sum (item for item in dq if isinstance(item, (int, float))) numeric_sum>0 ? print f""The square root of the sum of numeric elements: {ma…"
BigCodeBench,BigCodeBench/796,python,True,100.0,True,True,True,85,85,85,85,,
BigCodeBench,BigCodeBench/796,kern_compact,True,100.0,True,True,True,85,51,85,52,,
BigCodeBench,BigCodeBench/796,python_minifier,True,100.0,True,True,False,85,54,85,54,,
BigCodeBench,BigCodeBench/796,sigil,True,66.66666666666666,False,False,,85,88,85,88,decode,"ValueError: Parse errors in Sigil source:
line 1, col 1: unexpected token '<os>\n<re>\n;; TODO: manual conversion nee' in: <os>"
BigCodeBench,BigCodeBench/797,python,True,100.0,True,True,True,82,82,86,86,,
BigCodeBench,BigCodeBench/797,kern_compact,True,100.0,True,True,True,82,68,86,74,,
BigCodeBench,BigCodeBench/797,python_minifier,True,100.0,True,True,False,82,56,86,60,,
BigCodeBench,BigCodeBench/797,sigil,True,66.66666666666666,False,False,,82,86,86,90,decode,"ValueError: Parse errors in Sigil source:
line 1, col 1: unexpected token '<re>\n<pandas>\n;; TODO: manual conversion' in: <re>"
BigCodeBench,BigCodeBench/798,python,True,100.0,True,True,True,141,141,142,142,,
BigCodeBench,BigCodeBench/798,kern_compact,True,100.0,True,True,True,141,111,142,112,,
BigCodeBench,BigCodeBench/798,python_minifier,True,100.0,True,True,False,141,117,142,118,,
BigCodeBench,BigCodeBench/798,sigil,True,100.0,False,False,,141,109,142,110,decode,"ValueError: Parse errors in Sigil source:
line 1, col 1: unexpected token ""<os>\n<shutil>\nBACKUP_DIR:'/tmp/backup'\n@"" in: <os>"
BigCodeBench,BigCodeBench/799,python,True,100.0,True,True,True,208,208,212,212,,
BigCodeBench,BigCodeBench/799,kern_compact,True,100.0,True,True,True,208,121,212,127,,
BigCodeBench,BigCodeBench/799,python_minifier,True,100.0,True,True,False,208,125,212,132,,
BigCodeBench,BigCodeBench/799,sigil,True,66.66666666666666,False,False,,208,199,212,203,decode,"ValueError: Parse errors in Sigil source:
line 1, col 1: unexpected token '<pandas>\n<random.seed>\n<random.choices>' in: <pandas>"
BigCodeBench,BigCodeBench/800,python,True,100.0,True,True,True,279,279,287,287,,
BigCodeBench,BigCodeBench/800,kern_compact,True,100.0,True,True,True,279,212,287,225,,
BigCodeBench,BigCodeBench/800,python_minifier,True,100.0,True,True,False,279,224,287,229,,
BigCodeBench,BigCodeBench/800,sigil,True,85.71428571428571,False,False,,279,269,287,276,decode,"ValueError: Parse errors in Sigil source:
line 1, col 1: unexpected token '<csv>\n<os>\n<collections.Counter>\nCSV_FIL' in: <csv>"
BigCodeBench,BigCodeBench/801,python,True,100.0,True,True,True,176,176,176,176,,
BigCodeBench,BigCodeBench/801,kern_compact,True,100.0,True,True,True,176,143,176,145,,
BigCodeBench,BigCodeBench/801,python_minifier,True,100.0,True,True,False,176,146,176,148,,
BigCodeBench,BigCodeBench/801,sigil,True,66.66666666666666,False,False,,176,196,176,196,decode,"ValueError: Parse errors in Sigil source:
line 1, col 1: unexpected token '<collections>\n<numpy>\n;; TODO: manual co' in: <collections>"
BigCodeBench,BigCodeBench/802,python,True,100.0,True,True,True,101,101,101,101,,
BigCodeBench,BigCodeBench/802,kern_compact,True,100.0,True,True,True,101,70,101,71,,
BigCodeBench,BigCodeBench/802,python_minifier,True,100.0,True,True,False,101,74,101,75,,
BigCodeBench,BigCodeBench/802,sigil,True,66.66666666666666,False,False,,101,107,101,107,decode,"ValueError: Parse errors in Sigil source:
line 1, col 1: unexpected token '<numpy>\n<itertools>\n;; TODO: manual conv' in: <numpy>"
BigCodeBench,BigCodeBench/803,python,True,100.0,True,True,True,98,98,100,100,,
BigCodeBench,BigCodeBench/803,kern_compact,True,100.0,True,True,True,98,77,100,81,,
BigCodeBench,BigCodeBench/803,python_minifier,True,100.0,True,True,False,98,78,100,80,,
BigCodeBench,BigCodeBench/803,sigil,True,66.66666666666666,False,False,,98,111,100,113,decode,"ValueError: Parse errors in Sigil source:
line 1, col 1: unexpected token '<pandas>\n<sklearn.preprocessing.MinMaxSc' in: <pandas>"
BigCodeBench,BigCodeBench/804,python,True,100.0,True,True,True,149,149,151,151,,
BigCodeBench,BigCodeBench/804,kern_compact,True,100.0,True,False,,149,121,151,125,parse,"SyntaxError: unterminated string literal (detected at line 11) (<unknown>, line 11)"
BigCodeBench,BigCodeBench/804,python_minifier,True,100.0,True,True,False,149,140,151,143,,
BigCodeBench,BigCodeBench/804,sigil,True,75.0,False,False,,149,166,151,168,decode,"ValueError: Parse errors in Sigil source:
line 1, col 1: unexpected token ""<os>\n<datetime.datetime>\nLOG_DIR:'./logs"" in: <os>"
BigCodeBench,BigCodeBench/805,python,True,100.0,True,True,True,80,80,81,81,,
BigCodeBench,BigCodeBench/805,kern_compact,True,100.0,True,True,True,80,60,81,61,,
BigCodeBench,BigCodeBench/805,python_minifier,True,100.0,True,True,False,80,63,81,64,,
BigCodeBench,BigCodeBench/805,sigil,True,100.0,False,False,,80,63,81,64,decode,"ValueError: Parse errors in Sigil source:
line 3, col 48: unexpected token '.randint 0 9 df:pd.DataFrame di position' in: @tf di it se = random.seed se random_int:random.randint 0 9 df:pd.DataFrame di positions:[(index, col) for col in df for index, val in enumerate(df[col]) if val == item] (positions len positions+ran…"
BigCodeBench,BigCodeBench/806,python,True,100.0,True,True,True,154,154,157,157,,
BigCodeBench,BigCodeBench/806,kern_compact,True,100.0,True,True,True,154,102,157,104,,
BigCodeBench,BigCodeBench/806,python_minifier,True,100.0,True,True,False,154,106,157,108,,
BigCodeBench,BigCodeBench/806,sigil,True,100.0,False,False,,154,96,157,98,decode,"ValueError: Parse errors in Sigil source:
line 1, col 1: unexpected token ""<re>\n<nltk>\nnltk.download 'stopwords'\n<n"" in: <re>"
BigCodeBench,BigCodeBench/807,python,True,100.0,True,True,True,107,107,108,108,,
BigCodeBench,BigCodeBench/807,kern_compact,True,100.0,True,True,True,107,70,108,71,,
BigCodeBench,BigCodeBench/807,python_minifier,True,100.0,True,True,False,107,65,108,65,,
BigCodeBench,BigCodeBench/807,sigil,True,100.0,False,False,,107,70,108,73,decode,"ValueError: Parse errors in Sigil source:
line 1, col 1: unexpected token '<numpy>\n<scipy.stats.norm>\n@tf da:np.nda' in: <numpy>"
BigCodeBench,BigCodeBench/808,python,True,100.0,True,True,True,117,117,118,118,,
BigCodeBench,BigCodeBench/808,kern_compact,True,100.0,True,True,True,117,102,118,103,,
BigCodeBench,BigCodeBench/808,python_minifier,True,100.0,True,True,False,117,106,118,107,,
BigCodeBench,BigCodeBench/808,sigil,True,100.0,False,False,,117,97,118,98,decode,"ValueError: Parse errors in Sigil source:
line 1, col 1: unexpected token ""<re>\n<nltk>\nnltk.download 'stopwords'\n<n"" in: <re>"
BigCodeBench,BigCodeBench/809,python,True,100.0,True,True,True,65,65,65,65,,
BigCodeBench,BigCodeBench/809,kern_compact,True,100.0,True,True,True,65,51,65,51,,
BigCodeBench,BigCodeBench/809,python_minifier,True,100.0,True,True,False,65,59,65,59,,
BigCodeBench,BigCodeBench/809,sigil,True,100.0,False,False,,65,52,65,52,decode,"ValueError: Parse errors in Sigil source:
line 3, col 40: unexpected token '.fit da labels:kmeans.labels_ clusters:{' in: @tf da n_ = kmeans:KMeans n_clusters:n_.fit da labels:kmeans.labels_ clusters:{i: np.where(labels == i)[0] for i in range(n_clusters)} clusters"
BigCodeBench,BigCodeBench/810,python,True,100.0,True,True,True,114,114,114,114,,
BigCodeBench,BigCodeBench/810,kern_compact,True,100.0,True,True,True,114,90,114,90,,
BigCodeBench,BigCodeBench/810,python_minifier,True,100.0,True,True,False,114,93,114,93,,
BigCodeBench,BigCodeBench/810,sigil,True,75.0,False,False,,114,134,114,134,decode,"ValueError: Parse errors in Sigil source:
line 1, col 1: unexpected token '<re>\n<os>\n<subprocess>\n;; TODO: manual c' in: <re>"
BigCodeBench,BigCodeBench/811,python,True,100.0,True,True,True,141,141,142,142,,
BigCodeBench,BigCodeBench/811,kern_compact,True,100.0,True,True,True,141,103,142,105,,
BigCodeBench,BigCodeBench/811,python_minifier,True,100.0,True,True,False,141,124,142,126,,
BigCodeBench,BigCodeBench/811,sigil,True,66.66666666666666,False,False,,141,164,142,165,decode,"ValueError: Parse errors in Sigil source:
line 1, col 1: unexpected token '<pandas>\n<random.randint>\n<random.seed>' in: <pandas>"
BigCodeBench,BigCodeBench/812,python,True,100.0,True,True,True,149,149,151,151,,
BigCodeBench,BigCodeBench/812,kern_compact,True,100.0,True,True,True,149,124,151,125,,
BigCodeBench,BigCodeBench/812,python_minifier,True,100.0,True,True,False,149,134,151,135,,
BigCodeBench,BigCodeBench/812,sigil,True,83.33333333333334,False,False,,149,162,151,165,decode,"ValueError: Parse errors in Sigil source:
line 1, col 1: unexpected token ""<re>\n<pathlib.Path>\n<tarfile>\nPATTERN:'("" in: <re>"
BigCodeBench,BigCodeBench/813,python,True,100.0,True,True,True,73,73,75,75,,
BigCodeBench,BigCodeBench/813,kern_compact,True,100.0,True,True,True,73,51,75,52,,
BigCodeBench,BigCodeBench/813,python_minifier,True,100.0,True,True,False,73,52,75,53,,
BigCodeBench,BigCodeBench/813,sigil,True,100.0,False,False,,73,49,75,50,decode,"ValueError: Parse errors in Sigil source:
line 3, col 72: unexpected token ':[comb <- combinations_list sum comb==el' in: @tf nu el = combinations_list:list combinations nu 3 valid_combinations:[comb <- combinations_list sum comb==el & => comb] pd.DataFrame {'Combinations':list set valid_combinations}"
BigCodeBench,BigCodeBench/814,python,True,100.0,True,True,True,133,133,136,136,,
BigCodeBench,BigCodeBench/814,kern_compact,True,100.0,True,True,True,133,109,136,113,,
BigCodeBench,BigCodeBench/814,python_minifier,True,100.0,True,True,False,133,116,136,120,,
BigCodeBench,BigCodeBench/814,sigil,True,75.0,False,False,,133,154,136,157,decode,"ValueError: Parse errors in Sigil source:
line 1, col 1: unexpected token '<re>\n<os>\n<shutil>\n;; TODO: manual conve' in: <re>"
BigCodeBench,BigCodeBench/815,python,True,100.0,True,True,True,103,103,106,106,,
BigCodeBench,BigCodeBench/815,kern_compact,True,100.0,True,True,True,103,84,106,87,,
BigCodeBench,BigCodeBench/815,python_minifier,True,100.0,True,True,False,103,87,106,90,,
BigCodeBench,BigCodeBench/815,sigil,True,66.66666666666666,False,False,,103,116,106,119,decode,"ValueError: Parse errors in Sigil source:
line 1, col 1: unexpected token '<pandas>\n<numpy>\n;; TODO: manual convers' in: <pandas>"
BigCodeBench,BigCodeBench/816,python,True,100.0,True,True,True,139,139,142,142,,
BigCodeBench,BigCodeBench/816,kern_compact,True,100.0,True,True,True,139,105,142,107,,
BigCodeBench,BigCodeBench/816,python_minifier,True,100.0,True,True,False,139,105,142,107,,
BigCodeBench,BigCodeBench/816,sigil,True,80.0,False,False,,139,151,142,154,decode,"ValueError: Parse errors in Sigil source:
line 1, col 1: unexpected token '<collections.Counter>\n<random>\nHAND_RANK' in: <collections.Counter>"
BigCodeBench,BigCodeBench/817,python,True,100.0,True,True,True,208,208,215,215,,
BigCodeBench,BigCodeBench/817,kern_compact,True,100.0,True,True,True,208,179,215,184,,
BigCodeBench,BigCodeBench/817,python_minifier,True,100.0,True,True,False,208,178,215,184,,
BigCodeBench,BigCodeBench/817,sigil,True,66.66666666666666,False,False,,208,234,215,241,decode,"ValueError: Parse errors in Sigil source:
line 1, col 1: unexpected token '<collections.Counter>\n<logging>\n;; TODO:' in: <collections.Counter>"
BigCodeBench,BigCodeBench/818,python,True,100.0,True,True,True,64,64,66,66,,
BigCodeBench,BigCodeBench/818,kern_compact,True,100.0,True,True,True,64,47,66,49,,
BigCodeBench,BigCodeBench/818,python_minifier,True,100.0,True,True,False,64,51,66,53,,
BigCodeBench,BigCodeBench/818,sigil,True,100.0,False,False,,64,49,66,51,decode,"ValueError: Parse errors in Sigil source:
line 1, col 1: unexpected token '<re>\n<string>\nPUNCTUATION:string.punctua' in: <re>"
BigCodeBench,BigCodeBench/819,python,True,100.0,True,True,True,205,205,208,208,,
BigCodeBench,BigCodeBench/819,kern_compact,True,100.0,True,True,True,205,159,208,165,,
BigCodeBench,BigCodeBench/819,python_minifier,True,100.0,True,True,False,205,162,208,165,,
BigCodeBench,BigCodeBench/819,sigil,True,66.66666666666666,False,False,,205,225,208,228,decode,"ValueError: Parse errors in Sigil source:
line 1, col 1: unexpected token '<time>\n<random>\n;; TODO: manual conversi' in: <time>"
BigCodeBench,BigCodeBench/820,python,True,100.0,True,True,True,95,95,97,97,,
BigCodeBench,BigCodeBench/820,kern_compact,True,100.0,True,True,True,95,72,97,75,,
BigCodeBench,BigCodeBench/820,python_minifier,True,100.0,True,True,False,95,80,97,83,,
BigCodeBench,BigCodeBench/820,sigil,True,75.0,False,False,,95,97,97,99,decode,"ValueError: Parse errors in Sigil source:
line 1, col 1: unexpected token '<random>\n<string>\nLETTERS:string.ascii_l' in: <random>"
BigCodeBench,BigCodeBench/821,python,True,100.0,True,True,True,104,104,104,104,,
BigCodeBench,BigCodeBench/821,kern_compact,True,100.0,True,True,True,104,75,104,75,,
BigCodeBench,BigCodeBench/821,python_minifier,True,100.0,True,True,False,104,72,104,72,,
BigCodeBench,BigCodeBench/821,sigil,True,66.66666666666666,False,False,,104,109,104,109,decode,"ValueError: Parse errors in Sigil source:
line 1, col 1: unexpected token '<time>\n<threading>\n;; TODO: manual conve' in: <time>"
BigCodeBench,BigCodeBench/822,python,True,100.0,True,True,True,137,137,140,140,,
BigCodeBench,BigCodeBench/822,kern_compact,True,100.0,True,True,True,137,116,140,121,,
BigCodeBench,BigCodeBench/822,python_minifier,True,100.0,True,True,False,137,120,140,124,,
BigCodeBench,BigCodeBench/822,sigil,True,80.0,False,False,,137,151,140,154,decode,"ValueError: Parse errors in Sigil source:
line 1, col 1: unexpected token '<random>\n<string>\nLETTERS:string.ascii_l' in: <random>"
BigCodeBench,BigCodeBench/823,python,True,100.0,True,True,True,92,92,92,92,,
BigCodeBench,BigCodeBench/823,kern_compact,True,100.0,True,True,True,92,61,92,61,,
BigCodeBench,BigCodeBench/823,python_minifier,True,100.0,True,True,False,92,61,92,61,,
BigCodeBench,BigCodeBench/823,sigil,True,66.66666666666666,False,False,,92,110,92,110,decode,"ValueError: Parse errors in Sigil source:
line 1, col 1: unexpected token '<time>\n<numpy>\n;; TODO: manual conversio' in: <time>"
BigCodeBench,BigCodeBench/824,python,True,100.0,True,True,True,80,80,83,83,,
BigCodeBench,BigCodeBench/824,kern_compact,True,100.0,True,True,True,80,52,83,54,,
BigCodeBench,BigCodeBench/824,python_minifier,True,100.0,True,True,False,80,53,83,55,,
BigCodeBench,BigCodeBench/824,sigil,True,100.0,False,False,,80,53,83,55,decode,"ValueError: Parse errors in Sigil source:
line 1, col 1: unexpected token '<re>\n<string>\nPUNCTUATION:string.punctua' in: <re>"
BigCodeBench,BigCodeBench/825,python,True,100.0,True,True,True,72,72,73,73,,
BigCodeBench,BigCodeBench/825,kern_compact,True,100.0,True,True,True,72,62,73,64,,
BigCodeBench,BigCodeBench/825,python_minifier,True,100.0,True,True,False,72,63,73,65,,
BigCodeBench,BigCodeBench/825,sigil,True,100.0,False,False,,72,47,73,47,decode,"ValueError: Parse errors in Sigil source:
line 4, col 133: unexpected token '.tolist()' in: @tf le se al = np.random.seed se all_combinations:[p <- product al repeat:le => ''.join p] np.random.choice all_combinations size:10.tolist()"
BigCodeBench,BigCodeBench/826,python,True,100.0,True,True,True,133,133,136,136,,
BigCodeBench,BigCodeBench/826,kern_compact,True,100.0,True,True,True,133,109,136,113,,
BigCodeBench,BigCodeBench/826,python_minifier,True,100.0,True,True,False,133,116,136,120,,
BigCodeBench,BigCodeBench/826,sigil,True,75.0,False,False,,133,154,136,157,decode,"ValueError: Parse errors in Sigil source:
line 1, col 1: unexpected token '<re>\n<os>\n<shutil>\n;; TODO: manual conve' in: <re>"
BigCodeBench,BigCodeBench/827,python,True,100.0,True,True,True,57,57,57,57,,
BigCodeBench,BigCodeBench/827,kern_compact,True,100.0,True,True,True,57,43,57,44,,
BigCodeBench,BigCodeBench/827,python_minifier,True,100.0,True,True,False,57,46,57,47,,
BigCodeBench,BigCodeBench/827,sigil,True,100.0,False,False,,57,45,57,44,decode,"ValueError: Parse errors in Sigil source:
line 1, col 1: unexpected token '<math>\n<sympy.isprime>\n@tf in = primes:[' in: <math>"
BigCodeBench,BigCodeBench/828,python,True,100.0,True,True,True,140,140,141,141,,
BigCodeBench,BigCodeBench/828,kern_compact,True,100.0,True,True,True,140,71,141,73,,
BigCodeBench,BigCodeBench/828,python_minifier,True,100.0,True,True,False,140,80,141,82,,
BigCodeBench,BigCodeBench/828,sigil,True,75.0,False,False,,140,104,141,106,decode,"ValueError: Parse errors in Sigil source:
line 1, col 1: unexpected token '<os>\n<errno>\n<shutil>\n;; TODO: manual co' in: <os>"
BigCodeBench,BigCodeBench/829,python,True,100.0,True,True,True,106,106,108,108,,
BigCodeBench,BigCodeBench/829,kern_compact,True,100.0,True,True,True,106,86,108,88,,
BigCodeBench,BigCodeBench/829,python_minifier,True,100.0,True,True,False,106,85,108,85,,
BigCodeBench,BigCodeBench/829,sigil,True,66.66666666666666,False,False,,106,119,108,121,decode,"ValueError: Parse errors in Sigil source:
line 1, col 1: unexpected token '<pandas>\n<statistics.mean>\n;; TODO: manu' in: <pandas>"
BigCodeBench,BigCodeBench/830,python,True,100.0,True,True,True,141,141,141,141,,
BigCodeBench,BigCodeBench/830,kern_compact,True,100.0,True,True,True,141,71,141,74,,
BigCodeBench,BigCodeBench/830,python_minifier,True,100.0,True,True,False,141,90,141,90,,
BigCodeBench,BigCodeBench/830,sigil,True,100.0,False,False,,141,80,141,80,decode,"ValueError: Parse errors in Sigil source:
line 1, col 1: unexpected token ""<json>\n<os>\n@tf fi da = !{open fi 'w' |~"" in: <json>"
BigCodeBench,BigCodeBench/831,python,True,100.0,True,True,True,83,83,83,83,,
BigCodeBench,BigCodeBench/831,kern_compact,True,100.0,True,True,True,83,73,83,74,,
BigCodeBench,BigCodeBench/831,python_minifier,True,100.0,True,True,False,83,81,83,82,,
BigCodeBench,BigCodeBench/831,sigil,True,100.0,False,False,,83,57,83,57,decode,"ValueError: Parse errors in Sigil source:
line 3, col 108: unexpected token '((x, y, math.sqrt(abs(x - y))) for x, y' in: @tf ra ra2 pa ra3 = random.seed ra3 pairs:[_ <- range pa => (random.randint ra ra2 random.randint ra ra2)] ((x, y, math.sqrt(abs(x - y))) for x, y in pairs)"
BigCodeBench,BigCodeBench/832,python,True,100.0,True,True,True,93,93,93,93,,
BigCodeBench,BigCodeBench/832,kern_compact,True,100.0,True,True,True,93,66,93,66,,
BigCodeBench,BigCodeBench/832,python_minifier,True,100.0,True,True,False,93,75,93,75,,
BigCodeBench,BigCodeBench/832,sigil,True,100.0,False,False,,93,61,93,61,decode,"ValueError: Parse errors in Sigil source:
line 1, col 1: unexpected token '<pickle>\n<os>\n@tf fi da = !{directory:os' in: <pickle>"
BigCodeBench,BigCodeBench/833,python,True,100.0,True,True,True,92,92,92,92,,
BigCodeBench,BigCodeBench/833,kern_compact,True,100.0,True,True,True,92,79,92,80,,
BigCodeBench,BigCodeBench/833,python_minifier,True,100.0,True,True,False,92,81,92,82,,
BigCodeBench,BigCodeBench/833,sigil,True,100.0,False,False,,92,64,92,64,decode,"ValueError: Parse errors in Sigil source:
line 4, col 125: unexpected token ':((number, count) for number, count in c' in: @tf li ra ra2 ra3 = random.seed ra3 random_list:[_ <- range li => random.randint ra ra2] counter:Counter random_list numbers:((number, count) for number, count in counter.items()) (mode random_list…"
BigCodeBench,BigCodeBench/834,python,True,100.0,True,True,True,95,95,95,95,,
BigCodeBench,BigCodeBench/834,kern_compact,True,100.0,True,True,True,95,70,95,70,,
BigCodeBench,BigCodeBench/834,python_minifier,True,100.0,True,True,False,95,73,95,73,,
BigCodeBench,BigCodeBench/834,sigil,True,100.0,False,False,,95,70,95,70,decode,"ValueError: Parse errors in Sigil source:
line 1, col 1: unexpected token '<binascii>\n<io>\n<gzip>\n@tf co = !{compre' in: <binascii>"
BigCodeBench,BigCodeBench/835,python,True,100.0,True,True,True,90,90,91,91,,
BigCodeBench,BigCodeBench/835,kern_compact,True,100.0,True,True,True,90,73,91,74,,
BigCodeBench,BigCodeBench/835,python_minifier,True,100.0,True,True,False,90,79,91,80,,
BigCodeBench,BigCodeBench/835,sigil,True,100.0,False,False,,90,52,91,53,decode,"ValueError: Parse errors in Sigil source:
line 3, col 42: unexpected token '.DataFrame np.random.randint 0 100 size:' in: @tf n_ re co ra = np.random.seed ra df:pd.DataFrame np.random.randint 0 100 size:(n_ len co) columns:co df:df.drop df.columns[re] axis:1 df"
BigCodeBench,BigCodeBench/836,python,True,100.0,True,True,True,153,153,153,153,,
BigCodeBench,BigCodeBench/836,kern_compact,True,100.0,True,True,True,153,106,153,108,,
BigCodeBench,BigCodeBench/836,python_minifier,True,100.0,True,True,False,153,115,153,116,,
BigCodeBench,BigCodeBench/836,sigil,True,75.0,False,False,,153,149,153,149,decode,"ValueError: Parse errors in Sigil source:
line 1, col 1: unexpected token '<os>\n<shutil>\n<csv>\n;; TODO: manual conv' in: <os>"
BigCodeBench,BigCodeBench/837,python,True,100.0,True,True,True,113,113,114,114,,
BigCodeBench,BigCodeBench/837,kern_compact,True,100.0,True,True,True,113,92,114,93,,
BigCodeBench,BigCodeBench/837,python_minifier,True,100.0,True,True,False,113,96,114,97,,
BigCodeBench,BigCodeBench/837,sigil,True,75.0,False,False,,113,121,114,122,decode,"ValueError: Parse errors in Sigil source:
line 1, col 1: unexpected token '<numpy>\n<pandas>\n<sklearn.preprocessing.' in: <numpy>"
BigCodeBench,BigCodeBench/838,python,True,100.0,True,True,True,117,117,118,118,,
BigCodeBench,BigCodeBench/838,kern_compact,True,100.0,True,True,True,117,72,118,74,,
BigCodeBench,BigCodeBench/838,python_minifier,True,100.0,True,True,False,117,78,118,80,,
BigCodeBench,BigCodeBench/838,sigil,True,66.66666666666666,False,False,,117,101,118,102,decode,"ValueError: Parse errors in Sigil source:
line 1, col 1: unexpected token '<re>\n<nltk.stem.PorterStemmer>\n;; TODO:' in: <re>"
BigCodeBench,BigCodeBench/839,python,True,100.0,True,True,True,168,168,170,170,,
BigCodeBench,BigCodeBench/839,kern_compact,True,100.0,True,True,True,168,127,170,130,,
BigCodeBench,BigCodeBench/839,python_minifier,True,100.0,True,True,False,168,145,170,148,,
BigCodeBench,BigCodeBench/839,sigil,True,66.66666666666666,False,False,,168,173,170,175,decode,"ValueError: Parse errors in Sigil source:
line 1, col 1: unexpected token '<csv>\n<random>\n;; TODO: manual conversio' in: <csv>"
BigCodeBench,BigCodeBench/840,python,True,100.0,True,True,True,82,82,83,83,,
BigCodeBench,BigCodeBench/840,kern_compact,True,100.0,True,True,True,82,70,83,71,,
BigCodeBench,BigCodeBench/840,python_minifier,True,100.0,True,True,False,82,75,83,76,,
BigCodeBench,BigCodeBench/840,sigil,True,100.0,False,False,,82,50,83,51,decode,"ValueError: Parse errors in Sigil source:
line 3, col 42: unexpected token '.DataFrame np.random.rand nu da columns:' in: @tf fi nu da ra = np.random.seed ra df:pd.DataFrame np.random.rand nu da columns:[i <- range da => f""Feature_{i+1}""] df.to_csv fi index:False fi"
BigCodeBench,BigCodeBench/841,python,True,100.0,True,True,True,146,146,147,147,,
BigCodeBench,BigCodeBench/841,kern_compact,True,100.0,True,True,True,146,94,147,96,,
BigCodeBench,BigCodeBench/841,python_minifier,True,100.0,True,True,False,146,94,147,97,,
BigCodeBench,BigCodeBench/841,sigil,True,80.0,False,False,,146,136,147,137,decode,"ValueError: Parse errors in Sigil source:
line 1, col 1: unexpected token '<re>\n<json>\n<collections.defaultdict>\n<s' in: <re>"
BigCodeBench,BigCodeBench/842,python,True,100.0,True,True,True,179,179,179,179,,
BigCodeBench,BigCodeBench/842,kern_compact,True,100.0,True,True,True,179,146,179,147,,
BigCodeBench,BigCodeBench/842,python_minifier,True,100.0,True,True,False,179,148,179,148,,
BigCodeBench,BigCodeBench/842,sigil,True,66.66666666666666,False,False,,179,195,179,195,decode,"ValueError: Parse errors in Sigil source:
line 1, col 1: unexpected token '<sqlite3>\n<random>\n;; TODO: manual conve' in: <sqlite3>"
BigCodeBench,BigCodeBench/843,python,True,100.0,True,True,True,189,189,191,191,,
BigCodeBench,BigCodeBench/843,kern_compact,True,100.0,True,True,True,189,112,191,114,,
BigCodeBench,BigCodeBench/843,python_minifier,True,100.0,True,True,False,189,112,191,114,,
BigCodeBench,BigCodeBench/843,sigil,True,75.0,False,False,,189,160,191,162,decode,"ValueError: Parse errors in Sigil source:
line 1, col 1: unexpected token ""<random>\n<re>\nWORD_LIST:['sample' 'text'"" in: <random>"
BigCodeBench,BigCodeBench/844,python,True,100.0,True,True,True,167,167,169,169,,
BigCodeBench,BigCodeBench/844,kern_compact,True,100.0,True,True,True,167,132,169,137,,
BigCodeBench,BigCodeBench/844,python_minifier,True,100.0,True,True,False,167,141,169,145,,
BigCodeBench,BigCodeBench/844,sigil,True,75.0,False,False,,167,190,169,192,decode,"ValueError: Parse errors in Sigil source:
line 1, col 1: unexpected token '<csv>\n<random>\n<faker.Faker>\n;; TODO: ma' in: <csv>"
BigCodeBench,BigCodeBench/845,python,True,100.0,True,True,True,264,264,264,264,,
BigCodeBench,BigCodeBench/845,kern_compact,True,100.0,True,True,True,264,172,264,174,,
BigCodeBench,BigCodeBench/845,python_minifier,True,100.0,True,True,False,264,173,264,175,,
BigCodeBench,BigCodeBench/845,sigil,True,100.0,False,False,,264,194,264,194,decode,"ValueError: Parse errors in Sigil source:
line 1, col 1: unexpected token '<re>\n<numpy>\n<collections.Counter>\n<Leve' in: <re>"
BigCodeBench,BigCodeBench/846,python,True,100.0,True,True,True,90,90,93,93,,
BigCodeBench,BigCodeBench/846,kern_compact,True,100.0,True,True,True,90,71,93,75,,
BigCodeBench,BigCodeBench/846,python_minifier,True,100.0,True,True,False,90,78,93,81,,
BigCodeBench,BigCodeBench/846,sigil,True,100.0,False,False,,90,70,93,72,decode,"ValueError: Parse errors in Sigil source:
line 3, col 72: unexpected token '.Counter attr_values len count.keys()==0' in: @tf ob at = attr_values:[obj <- ob => getattr obj at] count:collections.Counter attr_values len count.keys()==0 ? pd.DataFrame() : None df:pd.DataFrame.from_dict count orient:'index'.reset_index() d…"
BigCodeBench,BigCodeBench/847,python,True,100.0,True,True,True,114,114,114,114,,
BigCodeBench,BigCodeBench/847,kern_compact,True,100.0,True,True,True,114,85,114,86,,
BigCodeBench,BigCodeBench/847,python_minifier,True,100.0,True,True,False,114,88,114,89,,
BigCodeBench,BigCodeBench/847,sigil,True,80.0,False,False,,114,131,114,131,decode,"ValueError: Parse errors in Sigil source:
line 1, col 1: unexpected token '<re>\n<os>\n<string>\n<random>\n;; TODO: man' in: <re>"
BigCodeBench,BigCodeBench/848,python,True,100.0,True,True,True,88,88,90,90,,
BigCodeBench,BigCodeBench/848,kern_compact,True,100.0,True,True,True,88,62,90,65,,
BigCodeBench,BigCodeBench/848,python_minifier,True,100.0,True,True,False,88,65,90,67,,
BigCodeBench,BigCodeBench/848,sigil,True,100.0,False,False,,88,63,90,62,decode,"ValueError: Parse errors in Sigil source:
line 3, col 130: unexpected token '.nlargest to attr_values random_value:ra' in: @tf ob at to se = random.seed se attr_values:[obj <- ob => getattr obj at] len attr_values==0 ? ([] None) : None top_values:heapq.nlargest to attr_values random_value:random.choice attr_values (top…"
BigCodeBench,BigCodeBench/849,python,True,100.0,True,True,True,95,95,96,96,,
BigCodeBench,BigCodeBench/849,kern_compact,True,100.0,True,True,True,95,78,96,79,,
BigCodeBench,BigCodeBench/849,python_minifier,True,100.0,True,True,False,95,80,96,81,,
BigCodeBench,BigCodeBench/849,sigil,True,80.0,False,False,,95,107,96,108,decode,"ValueError: Parse errors in Sigil source:
line 1, col 1: unexpected token '<re>\n<nltk.corpus.stopwords>\n<collection' in: <re>"
BigCodeBench,BigCodeBench/850,python,True,100.0,True,True,True,113,113,114,114,,
BigCodeBench,BigCodeBench/850,kern_compact,True,100.0,True,True,True,113,80,114,82,,
BigCodeBench,BigCodeBench/850,python_minifier,True,100.0,True,True,False,113,88,114,90,,
BigCodeBench,BigCodeBench/850,sigil,True,75.0,False,False,,113,127,114,128,decode,"ValueError: Parse errors in Sigil source:
line 1, col 1: unexpected token '<pandas>\n<statistics>\n<random>\n;; TODO:' in: <pandas>"
BigCodeBench,BigCodeBench/851,python,True,100.0,True,True,True,121,121,120,120,,
BigCodeBench,BigCodeBench/851,kern_compact,True,100.0,True,True,True,121,57,120,57,,
BigCodeBench,BigCodeBench/851,python_minifier,True,100.0,True,True,False,121,60,120,60,,
BigCodeBench,BigCodeBench/851,sigil,True,100.0,False,False,,121,63,120,63,decode,"ValueError: Parse errors in Sigil source:
line 3, col 132: unexpected token '.join wrapped_lines wrapped_string:re.su' in: @tf in wi = lines:in.split '\\n' wrapped_lines:[line <- lines => textwrap.fill line wi break_long_words:False] wrapped_string:'\\n'.join wrapped_lines wrapped_string:re.sub '\\bis\\b' 'was' wrapped…"
BigCodeBench,BigCodeBench/852,python,True,100.0,True,True,True,158,158,161,161,,
BigCodeBench,BigCodeBench/852,kern_compact,True,100.0,True,True,True,158,80,161,85,,
BigCodeBench,BigCodeBench/852,python_minifier,True,100.0,True,True,False,158,87,161,91,,
BigCodeBench,BigCodeBench/852,sigil,True,66.66666666666666,False,False,,158,134,161,138,decode,"ValueError: Parse errors in Sigil source:
line 1, col 1: unexpected token '<random>\n<string>\n;; TODO: manual conver' in: <random>"
BigCodeBench,BigCodeBench/853,python,True,100.0,True,True,True,202,202,204,204,,
BigCodeBench,BigCodeBench/853,kern_compact,True,100.0,True,True,True,202,165,204,166,,
BigCodeBench,BigCodeBench/853,python_minifier,True,100.0,True,True,False,202,168,204,170,,
BigCodeBench,BigCodeBench/853,sigil,True,80.0,False,False,,202,221,204,223,decode,"ValueError: Parse errors in Sigil source:
line 1, col 1: unexpected token '<os>\n<shutil>\n<string>\nINVALID_CHARACTER' in: <os>"
BigCodeBench,BigCodeBench/854,python,True,100.0,True,True,True,154,154,162,162,,
BigCodeBench,BigCodeBench/854,kern_compact,True,100.0,True,True,True,154,124,162,133,,
BigCodeBench,BigCodeBench/854,python_minifier,True,100.0,True,True,False,154,123,162,128,,
BigCodeBench,BigCodeBench/854,sigil,True,75.0,False,False,,154,180,162,188,decode,"ValueError: Parse errors in Sigil source:
line 1, col 1: unexpected token '<functools.reduce>\n<itertools.permutatio' in: <functools.reduce>"
BigCodeBench,BigCodeBench/855,python,True,100.0,True,True,True,79,79,80,80,,
BigCodeBench,BigCodeBench/855,kern_compact,True,100.0,True,True,True,79,63,80,65,,
BigCodeBench,BigCodeBench/855,python_minifier,True,100.0,True,True,False,79,66,80,68,,
BigCodeBench,BigCodeBench/855,sigil,True,100.0,False,False,,79,63,80,65,decode,"ValueError: Parse errors in Sigil source:
line 1, col 1: unexpected token '<random>\n<string>\n<collections>\nVALID_CH' in: <random>"
BigCodeBench,BigCodeBench/856,python,True,100.0,True,True,True,135,135,136,136,,
BigCodeBench,BigCodeBench/856,kern_compact,True,100.0,True,True,True,135,107,136,108,,
BigCodeBench,BigCodeBench/856,python_minifier,True,100.0,True,True,False,135,110,136,111,,
BigCodeBench,BigCodeBench/856,sigil,True,75.0,False,False,,135,154,136,155,decode,"ValueError: Parse errors in Sigil source:
line 1, col 1: unexpected token '<functools.reduce>\n<itertools.combinatio' in: <functools.reduce>"
BigCodeBench,BigCodeBench/857,python,True,100.0,True,True,True,144,144,144,144,,
BigCodeBench,BigCodeBench/857,kern_compact,True,100.0,True,True,True,144,100,144,101,,
BigCodeBench,BigCodeBench/857,python_minifier,True,100.0,True,True,False,144,103,144,103,,
BigCodeBench,BigCodeBench/857,sigil,True,83.33333333333334,False,False,,144,141,144,141,decode,"ValueError: Parse errors in Sigil source:
line 1, col 1: unexpected token '<warnings>\n<os>\n<glob>\n<shutil>\n<time>\n;' in: <warnings>"
BigCodeBench,BigCodeBench/858,python,True,100.0,True,True,True,67,67,69,69,,
BigCodeBench,BigCodeBench/858,kern_compact,True,100.0,True,True,True,67,49,69,52,,
BigCodeBench,BigCodeBench/858,python_minifier,True,100.0,True,True,False,67,53,69,56,,
BigCodeBench,BigCodeBench/858,sigil,True,100.0,False,False,,67,48,69,50,decode,"ValueError: Parse errors in Sigil source:
line 4, col 20: unexpected token 'string.ascii_lowercase se is not' in: @tf n se = LETTERS:string.ascii_lowercase se is not None ? random.seed se : None letters:[_ <- range n => random.choice LETTERS] letter_counts:Counter letters letter_counts"
BigCodeBench,BigCodeBench/859,python,True,100.0,True,True,True,200,200,203,203,,
BigCodeBench,BigCodeBench/859,kern_compact,True,100.0,True,True,True,200,126,203,131,,
BigCodeBench,BigCodeBench/859,python_minifier,True,100.0,True,True,False,200,130,203,134,,
BigCodeBench,BigCodeBench/859,sigil,True,100.0,False,False,,200,136,203,140,decode,"ValueError: Parse errors in Sigil source:
line 6, col 51: unexpected token '.load_iris() (X_train X_test y_train y_t' in: @tf = warnings.simplefilter 'always' iris:datasets.load_iris() (X_train X_test y_train y_test):model_selection.train_test_split iris.data iris.target test_size:0.33 random_state:42 clf:svm.SVC rando…"
BigCodeBench,BigCodeBench/860,python,True,100.0,True,True,True,66,66,67,67,,
BigCodeBench,BigCodeBench/860,kern_compact,True,100.0,True,True,True,66,47,67,49,,
BigCodeBench,BigCodeBench/860,python_minifier,True,100.0,True,True,False,66,54,67,55,,
BigCodeBench,BigCodeBench/860,sigil,True,100.0,False,False,,66,54,67,55,decode,"ValueError: Parse errors in Sigil source:
line 1, col 1: unexpected token '<re>\n<random>\n<string>\n@tf n pa se = se' in: <re>"
BigCodeBench,BigCodeBench/861,python,True,100.0,True,True,True,107,107,105,105,,
BigCodeBench,BigCodeBench/861,kern_compact,True,100.0,True,True,True,107,72,105,71,,
BigCodeBench,BigCodeBench/861,python_minifier,True,100.0,True,True,False,107,79,105,78,,
BigCodeBench,BigCodeBench/861,sigil,True,75.0,False,False,,107,109,105,108,decode,"ValueError: Parse errors in Sigil source:
line 1, col 1: unexpected token '<collections.Counter>\n<random.choice>\n<r' in: <collections.Counter>"
BigCodeBench,BigCodeBench/862,python,True,100.0,True,True,True,68,68,70,70,,
BigCodeBench,BigCodeBench/862,kern_compact,True,100.0,True,True,True,68,49,70,52,,
BigCodeBench,BigCodeBench/862,python_minifier,True,100.0,True,True,False,68,51,70,54,,
BigCodeBench,BigCodeBench/862,sigil,True,75.0,False,False,,68,82,70,84,decode,"ValueError: Parse errors in Sigil source:
line 1, col 1: unexpected token '<random>\n<string>\n<collections.defaultdi' in: <random>"
BigCodeBench,BigCodeBench/863,python,True,100.0,True,True,True,78,78,78,78,,
BigCodeBench,BigCodeBench/863,kern_compact,True,100.0,True,True,True,78,60,78,60,,
BigCodeBench,BigCodeBench/863,python_minifier,True,100.0,True,True,False,78,60,78,60,,
BigCodeBench,BigCodeBench/863,sigil,True,75.0,False,False,,78,86,78,86,decode,"ValueError: Parse errors in Sigil source:
line 1, col 1: unexpected token '<numpy>\n<math>\nPOSSIBLE_NUMBERS:np.arang' in: <numpy>"
BigCodeBench,BigCodeBench/864,python,True,100.0,True,True,True,185,185,188,188,,
BigCodeBench,BigCodeBench/864,kern_compact,True,100.0,True,True,True,185,113,188,117,,
BigCodeBench,BigCodeBench/864,python_minifier,True,100.0,True,True,False,185,115,188,119,,
BigCodeBench,BigCodeBench/864,sigil,True,100.0,False,False,,185,122,188,124,decode,"ValueError: Parse errors in Sigil source:
line 3, col 59: unexpected token ':zip *fr fruits = unique_values = list(s' in: @tf fr = len fr==0 ? pd.DataFrame() : None (fruits counts):zip *fr fruits = unique_values = list(set(fruits)) total_counts:{fruit: np.sum([count for fruit_, count in fruit_data if fruit_ == fruit]) …"
BigCodeBench,BigCodeBench/865,python,True,100.0,True,True,True,147,147,153,153,,
BigCodeBench,BigCodeBench/865,kern_compact,True,100.0,True,True,True,147,80,153,82,,
BigCodeBench,BigCodeBench/865,python_minifier,True,100.0,True,True,False,147,83,153,86,,
BigCodeBench,BigCodeBench/865,sigil,True,100.0,False,False,,147,87,153,92,decode,"ValueError: Parse errors in Sigil source:
line 1, col 1: unexpected token '<pandas>\n<numpy>\n<scipy.stats.zscore>\n<s' in: <pandas>"
BigCodeBench,BigCodeBench/866,python,True,100.0,True,True,True,82,82,83,83,,
BigCodeBench,BigCodeBench/866,kern_compact,True,100.0,True,True,True,82,59,83,59,,
BigCodeBench,BigCodeBench/866,python_minifier,True,100.0,True,True,False,82,65,83,65,,
BigCodeBench,BigCodeBench/866,sigil,True,100.0,False,False,,82,58,83,58,decode,"ValueError: Parse errors in Sigil source:
line 1, col 1: unexpected token '<numpy>\n<sklearn.cluster.KMeans>\n@tf da' in: <numpy>"
BigCodeBench,BigCodeBench/867,python,True,100.0,True,True,True,90,90,95,95,,
BigCodeBench,BigCodeBench/867,kern_compact,True,100.0,True,True,True,90,49,95,50,,
BigCodeBench,BigCodeBench/867,python_minifier,True,100.0,True,True,False,90,50,95,51,,
BigCodeBench,BigCodeBench/867,sigil,True,66.66666666666666,False,False,,90,91,95,96,decode,"ValueError: Parse errors in Sigil source:
line 1, col 1: unexpected token '<re>\n<string>\n;; TODO: manual conversion' in: <re>"
BigCodeBench,BigCodeBench/868,python,True,100.0,True,True,True,111,111,112,112,,
BigCodeBench,BigCodeBench/868,kern_compact,True,100.0,True,True,True,111,76,112,77,,
BigCodeBench,BigCodeBench/868,python_minifier,True,100.0,True,True,False,111,87,112,87,,
BigCodeBench,BigCodeBench/868,sigil,True,66.66666666666666,False,False,,111,117,112,119,decode,"ValueError: Parse errors in Sigil source:
line 1, col 1: unexpected token '<itertools.cycle>\n<random.choice>\n<rando' in: <itertools.cycle>"
BigCodeBench,BigCodeBench/869,python,True,100.0,True,True,True,163,163,166,166,,
BigCodeBench,BigCodeBench/869,kern_compact,True,100.0,True,True,True,163,125,166,130,,
BigCodeBench,BigCodeBench/869,python_minifier,True,100.0,True,True,False,163,131,166,135,,
BigCodeBench,BigCodeBench/869,sigil,True,75.0,False,False,,163,175,166,179,decode,"ValueError: Parse errors in Sigil source:
line 1, col 1: unexpected token '<pandas>\n<itertools.cycle>\n<random.randi' in: <pandas>"
BigCodeBench,BigCodeBench/870,python,True,100.0,True,True,True,257,257,258,258,,
BigCodeBench,BigCodeBench/870,kern_compact,True,100.0,True,True,True,257,141,258,142,,
BigCodeBench,BigCodeBench/870,python_minifier,True,100.0,True,True,False,257,146,258,147,,
BigCodeBench,BigCodeBench/870,sigil,True,75.0,False,False,,257,203,258,204,decode,"ValueError: Parse errors in Sigil source:
line 1, col 1: unexpected token '<pandas>\n<numpy>\n<itertools>\n;; TODO: ma' in: <pandas>"
BigCodeBench,BigCodeBench/871,python,True,100.0,True,True,True,201,201,203,203,,
BigCodeBench,BigCodeBench/871,kern_compact,True,100.0,True,True,True,201,105,203,106,,
BigCodeBench,BigCodeBench/871,python_minifier,True,100.0,True,True,False,201,108,203,110,,
BigCodeBench,BigCodeBench/871,sigil,True,66.66666666666666,False,False,,201,164,203,166,decode,"ValueError: Parse errors in Sigil source:
line 1, col 1: unexpected token '<numpy>\n<itertools>\n;; TODO: manual conv' in: <numpy>"
BigCodeBench,BigCodeBench/872,python,True,100.0,True,True,True,104,104,105,105,,
BigCodeBench,BigCodeBench/872,kern_compact,True,100.0,True,True,True,104,51,105,51,,
BigCodeBench,BigCodeBench/872,python_minifier,True,100.0,True,True,False,104,55,105,55,,
BigCodeBench,BigCodeBench/872,sigil,True,100.0,False,False,,104,56,105,56,decode,"ValueError: Parse errors in Sigil source:
line 3, col 67: unexpected token '.nan mean_values:[column <- unzipped_dat' in: @tf da = unzipped_data:list itertools.zip_longest *da fillvalue:np.nan mean_values:[column <- unzipped_data => np.nanmean [val <- column isinstance val (int float) & => val]] mean_values"
BigCodeBench,BigCodeBench/873,python,True,100.0,True,True,True,103,103,106,106,,
BigCodeBench,BigCodeBench/873,kern_compact,True,100.0,True,True,True,103,83,106,86,,
BigCodeBench,BigCodeBench/873,python_minifier,True,100.0,True,True,False,103,93,106,95,,
BigCodeBench,BigCodeBench/873,sigil,True,66.66666666666666,False,False,,103,121,106,124,decode,"ValueError: Parse errors in Sigil source:
line 1, col 1: unexpected token '<csv>\n<os>\n;; TODO: manual conversion ne' in: <csv>"
BigCodeBench,BigCodeBench/874,python,True,100.0,True,True,True,64,64,65,65,,
BigCodeBench,BigCodeBench/874,kern_compact,True,100.0,True,True,True,64,47,65,49,,
BigCodeBench,BigCodeBench/874,python_minifier,True,100.0,True,True,False,64,54,65,55,,
BigCodeBench,BigCodeBench/874,sigil,True,66.66666666666666,False,False,,64,76,65,77,decode,"ValueError: Parse errors in Sigil source:
line 1, col 1: unexpected token '<itertools.zip_longest>\n<scipy.spatial.d' in: <itertools.zip_longest>"
BigCodeBench,BigCodeBench/875,python,True,100.0,True,True,True,119,119,119,119,,
BigCodeBench,BigCodeBench/875,kern_compact,True,100.0,True,True,True,119,98,119,98,,
BigCodeBench,BigCodeBench/875,python_minifier,True,100.0,True,True,False,119,105,119,105,,
BigCodeBench,BigCodeBench/875,sigil,True,66.66666666666666,False,False,,119,133,119,133,decode,"ValueError: Parse errors in Sigil source:
line 1, col 1: unexpected token '<pandas>\n<random>\n;; TODO: manual conver' in: <pandas>"
BigCodeBench,BigCodeBench/876,python,True,100.0,True,True,True,143,143,143,143,,
BigCodeBench,BigCodeBench/876,kern_compact,True,100.0,True,True,True,143,85,143,85,,
BigCodeBench,BigCodeBench/876,python_minifier,True,100.0,True,True,False,143,95,143,95,,
BigCodeBench,BigCodeBench/876,sigil,True,100.0,False,False,,143,82,143,82,decode,"ValueError: Parse errors in Sigil source:
line 5, col 53: unexpected token '.Counter da.values() sorted_dict:sorted' in: @tf da so ba = da.update {'a':1} counter:collections.Counter da.values() sorted_dict:sorted counter.items() key:operator.itemgetter 1 reverse:True backup_status:False os.path.isdir so ? shutil.copytr…"
BigCodeBench,BigCodeBench/877,python,True,100.0,True,True,True,156,156,165,165,,
BigCodeBench,BigCodeBench/877,kern_compact,True,100.0,True,True,True,156,132,165,142,,
BigCodeBench,BigCodeBench/877,python_minifier,True,100.0,True,True,False,156,139,165,147,,
BigCodeBench,BigCodeBench/877,sigil,True,75.0,False,False,,156,172,165,181,decode,"ValueError: Parse errors in Sigil source:
line 1, col 1: unexpected token '<pandas>\n<sklearn.preprocessing.Standard' in: <pandas>"
BigCodeBench,BigCodeBench/878,python,True,100.0,True,True,True,195,195,203,203,,
BigCodeBench,BigCodeBench/878,kern_compact,True,100.0,True,True,True,195,129,203,136,,
BigCodeBench,BigCodeBench/878,python_minifier,True,100.0,True,True,False,195,142,203,149,,
BigCodeBench,BigCodeBench/878,sigil,True,80.0,False,False,,195,182,203,189,decode,"ValueError: Parse errors in Sigil source:
line 1, col 1: unexpected token '<pandas>\n<sklearn.model_selection.train_' in: <pandas>"
BigCodeBench,BigCodeBench/879,python,True,100.0,True,True,True,324,324,334,334,,
BigCodeBench,BigCodeBench/879,kern_compact,True,100.0,True,False,,324,233,334,245,parse,"SyntaxError: invalid decimal literal (<unknown>, line 13)"
BigCodeBench,BigCodeBench/879,python_minifier,True,100.0,True,True,False,324,236,334,244,,
BigCodeBench,BigCodeBench/879,sigil,True,75.0,False,False,,324,285,334,294,decode,"ValueError: Parse errors in Sigil source:
line 1, col 1: unexpected token '<pandas>\n<numpy>\n<scipy.stats.chi2_conti' in: <pandas>"
BigCodeBench,BigCodeBench/880,python,True,100.0,True,True,True,96,96,98,98,,
BigCodeBench,BigCodeBench/880,kern_compact,True,100.0,True,True,True,96,83,98,86,,
BigCodeBench,BigCodeBench/880,python_minifier,True,100.0,True,True,False,96,85,98,87,,
BigCodeBench,BigCodeBench/880,sigil,True,66.66666666666666,False,False,,96,109,98,111,decode,"ValueError: Parse errors in Sigil source:
line 1, col 1: unexpected token '<pandas>\n<sklearn.cluster.KMeans>\n;; TOD' in: <pandas>"
BigCodeBench,BigCodeBench/881,python,True,100.0,True,True,True,152,152,151,151,,
BigCodeBench,BigCodeBench/881,kern_compact,True,100.0,True,True,True,152,90,151,91,,
BigCodeBench,BigCodeBench/881,python_minifier,True,100.0,True,True,False,152,94,151,94,,
BigCodeBench,BigCodeBench/881,sigil,True,100.0,False,False,,152,70,151,70,decode,"ValueError: Parse errors in Sigil source:
line 4, col 90: unexpected token 'not None ? random.seed se sa:min sa len' in: @tf cs co pa sa se = df:pd.read_csv cs matches:df[df[co].str.contains pa na:False] sa is not None ? random.seed se sa:min sa len matches sampled_indices:random.sample range len matches sa matches:mat…"
BigCodeBench,BigCodeBench/882,python,True,100.0,True,True,True,136,136,139,139,,
BigCodeBench,BigCodeBench/882,kern_compact,True,100.0,True,True,True,136,99,139,104,,
BigCodeBench,BigCodeBench/882,python_minifier,True,100.0,True,True,False,136,105,139,107,,
BigCodeBench,BigCodeBench/882,sigil,True,75.0,False,False,,136,133,139,135,decode,"ValueError: Parse errors in Sigil source:
line 1, col 1: unexpected token '<sqlite3>\n<pandas>\n<os>\n;; TODO: manual' in: <sqlite3>"
BigCodeBench,BigCodeBench/883,python,True,100.0,True,True,True,163,163,163,163,,
BigCodeBench,BigCodeBench/883,kern_compact,True,100.0,True,True,True,163,89,163,93,,
BigCodeBench,BigCodeBench/883,python_minifier,True,100.0,True,True,False,163,85,163,85,,
BigCodeBench,BigCodeBench/883,sigil,True,100.0,False,False,,163,91,163,93,decode,"ValueError: Parse errors in Sigil source:
line 1, col 1: unexpected token '<pandas>\n<statsmodels.tsa.stattools.adfu' in: <pandas>"
BigCodeBench,BigCodeBench/884,python,True,100.0,True,True,True,244,244,255,255,,
BigCodeBench,BigCodeBench/884,kern_compact,True,100.0,True,True,True,244,147,255,155,,
BigCodeBench,BigCodeBench/884,python_minifier,True,100.0,True,True,False,244,152,255,158,,
BigCodeBench,BigCodeBench/884,sigil,True,66.66666666666666,False,False,,244,211,255,222,decode,"ValueError: Parse errors in Sigil source:
line 1, col 1: unexpected token '<pandas>\n<scipy.stats.chi2_contingency>' in: <pandas>"
BigCodeBench,BigCodeBench/885,python,True,100.0,True,True,True,287,287,287,287,,
BigCodeBench,BigCodeBench/885,kern_compact,True,100.0,True,True,True,287,176,287,178,,
BigCodeBench,BigCodeBench/885,python_minifier,True,100.0,True,True,False,287,178,287,180,,
BigCodeBench,BigCodeBench/885,sigil,True,100.0,False,False,,287,173,287,174,decode,"ValueError: Parse errors in Sigil source:
line 4, col 98: unexpected token '!{df[[co co2 co3]]:df[[co co2 co3]].app' in: @tf df co co2 co3 se = df.empty | !all (col in df for col in [col_a, col_b, col_c]) ? None : None !{df[[co co2 co3]]:df[[co co2 co3]].apply pd.to_numeric errors:'raise'}~>{None} selected:df[df[co2]>5…"
BigCodeBench,BigCodeBench/886,python,True,100.0,True,True,True,148,148,150,150,,
BigCodeBench,BigCodeBench/886,kern_compact,True,100.0,True,True,True,148,99,150,102,,
BigCodeBench,BigCodeBench/886,python_minifier,True,100.0,True,True,False,148,105,150,107,,
BigCodeBench,BigCodeBench/886,sigil,True,66.66666666666666,False,False,,148,139,150,141,decode,"ValueError: Parse errors in Sigil source:
line 1, col 1: unexpected token '<pandas>\n<collections.Counter>\n;; TODO:' in: <pandas>"
BigCodeBench,BigCodeBench/887,python,True,100.0,True,True,True,119,119,120,120,,
BigCodeBench,BigCodeBench/887,kern_compact,True,100.0,True,True,True,119,88,120,89,,
BigCodeBench,BigCodeBench/887,python_minifier,True,100.0,True,True,False,119,92,120,93,,
BigCodeBench,BigCodeBench/887,sigil,True,100.0,False,False,,119,86,120,87,decode,"ValueError: Parse errors in Sigil source:
line 4, col 154: unexpected token '.random.randint 0 100 size:(ro total_col' in: @tf T1 ro se = np.random.seed se int_list:[x <- T1 => list map int x] flattened_list:list itertools.chain *int_list total_cols:sum flattened_list data:np.random.randint 0 100 size:(ro total_cols) d…"
BigCodeBench,BigCodeBench/888,python,True,100.0,True,True,True,80,80,82,82,,
BigCodeBench,BigCodeBench/888,kern_compact,True,100.0,True,True,True,80,55,82,57,,
BigCodeBench,BigCodeBench/888,python_minifier,True,100.0,True,True,False,80,52,82,53,,
BigCodeBench,BigCodeBench/888,sigil,True,66.66666666666666,False,False,,80,92,82,94,decode,"ValueError: Parse errors in Sigil source:
line 1, col 1: unexpected token '<pandas>\n<os>\n;; TODO: manual conversion' in: <pandas>"
BigCodeBench,BigCodeBench/889,python,True,100.0,True,True,True,113,113,116,116,,
BigCodeBench,BigCodeBench/889,kern_compact,True,100.0,True,True,True,113,83,116,87,,
BigCodeBench,BigCodeBench/889,python_minifier,True,100.0,True,True,False,113,82,116,84,,
BigCodeBench,BigCodeBench/889,sigil,True,75.0,False,False,,113,119,116,122,decode,"ValueError: Parse errors in Sigil source:
line 1, col 1: unexpected token '<os>\n<pandas>\n<numpy>\n;; TODO: manual co' in: <os>"
BigCodeBench,BigCodeBench/890,python,True,100.0,True,True,True,127,127,128,128,,
BigCodeBench,BigCodeBench/890,kern_compact,True,100.0,True,True,True,127,96,128,99,,
BigCodeBench,BigCodeBench/890,python_minifier,True,100.0,True,True,False,127,99,128,101,,
BigCodeBench,BigCodeBench/890,sigil,True,100.0,False,False,,127,78,128,79,decode,"ValueError: Parse errors in Sigil source:
line 4, col 78: unexpected token '.path.join da file !{df:pd.read_csv file' in: @tf da cs se = random.seed se file:cs[random.randint 0 len cs-1] file_path:os.path.join da file !{df:pd.read_csv file_path}~>{(file pd.DataFrame())} selected_rows:df.sample n:random.randint 1 len df…"
BigCodeBench,BigCodeBench/891,python,True,100.0,True,True,True,131,131,131,131,,
BigCodeBench,BigCodeBench/891,kern_compact,True,100.0,True,True,True,131,94,131,94,,
BigCodeBench,BigCodeBench/891,python_minifier,True,100.0,True,True,False,131,100,131,100,,
BigCodeBench,BigCodeBench/891,sigil,True,100.0,False,False,,131,89,131,90,decode,"ValueError: Parse errors in Sigil source:
line 4, col 41: unexpected token '.drop columns:[at] y:df[at] (X_train X_t' in: @tf cs at te ra = df:pd.read_csv cs X:df.drop columns:[at] y:df[at] (X_train X_test y_train y_test):train_test_split X y test_size:te random_state:ra model:LinearRegression() model.fit X_train y_tra…"
BigCodeBench,BigCodeBench/892,python,True,100.0,True,True,True,64,64,65,65,,
BigCodeBench,BigCodeBench/892,kern_compact,True,100.0,True,True,True,64,45,65,47,,
BigCodeBench,BigCodeBench/892,python_minifier,True,100.0,True,True,False,64,50,65,51,,
BigCodeBench,BigCodeBench/892,sigil,True,100.0,False,False,,64,49,65,50,decode,"ValueError: Parse errors in Sigil source:
line 3, col 76: unexpected token '.choices xs k:10 pattern_counts:Counter' in: @tf xs:list>dict = !xs ? Counter() : None pattern:'}' random_choices:random.choices xs k:10 pattern_counts:Counter [string <- random_choices => string.count pattern] pattern_counts"
BigCodeBench,BigCodeBench/893,python,True,100.0,True,True,True,174,174,178,178,,
BigCodeBench,BigCodeBench/893,kern_compact,True,100.0,True,True,True,174,111,178,114,,
BigCodeBench,BigCodeBench/893,python_minifier,True,100.0,True,True,False,174,115,178,116,,
BigCodeBench,BigCodeBench/893,sigil,True,66.66666666666666,False,False,,174,196,178,199,decode,"ValueError: Parse errors in Sigil source:
line 1, col 1: unexpected token '<re>\n<datetime.time>\n;; TODO: manual con' in: <re>"
BigCodeBench,BigCodeBench/894,python,True,100.0,True,True,True,187,187,187,187,,
BigCodeBench,BigCodeBench/894,kern_compact,True,100.0,True,True,True,187,152,187,154,,
BigCodeBench,BigCodeBench/894,python_minifier,True,100.0,True,True,False,187,156,187,162,,
BigCodeBench,BigCodeBench/894,sigil,True,100.0,False,False,,187,149,187,150,decode,"ValueError: Parse errors in Sigil source:
line 1, col 1: unexpected token '<numpy>\n<matplotlib.pyplot>\nARRAY_SIZE:1' in: <numpy>"
BigCodeBench,BigCodeBench/895,python,True,100.0,True,True,True,106,106,106,106,,
BigCodeBench,BigCodeBench/895,kern_compact,True,100.0,True,True,True,106,80,106,82,,
BigCodeBench,BigCodeBench/895,python_minifier,True,100.0,True,True,False,106,82,106,84,,
BigCodeBench,BigCodeBench/895,sigil,True,100.0,False,False,,106,80,106,81,decode,"ValueError: Parse errors in Sigil source:
line 1, col 1: unexpected token '<numpy>\n<matplotlib.pyplot>\nARRAY_SIZE:1' in: <numpy>"
BigCodeBench,BigCodeBench/896,python,True,100.0,True,True,True,75,75,77,77,,
BigCodeBench,BigCodeBench/896,kern_compact,True,100.0,True,True,True,75,58,77,61,,
BigCodeBench,BigCodeBench/896,python_minifier,True,100.0,True,True,False,75,61,77,64,,
BigCodeBench,BigCodeBench/896,sigil,True,100.0,True,True,False,75,60,77,61,,
BigCodeBench,BigCodeBench/897,python,True,100.0,True,True,True,178,178,181,181,,
BigCodeBench,BigCodeBench/897,kern_compact,True,100.0,True,True,True,178,116,181,122,,
BigCodeBench,BigCodeBench/897,python_minifier,True,100.0,True,True,False,178,119,181,125,,
BigCodeBench,BigCodeBench/897,sigil,True,100.0,False,False,,178,116,181,119,decode,"ValueError: Parse errors in Sigil source:
line 1, col 1: unexpected token '<numpy>\n<matplotlib.pyplot>\n<random>\nNUM' in: <numpy>"
BigCodeBench,BigCodeBench/898,python,True,100.0,True,True,True,73,73,74,74,,
BigCodeBench,BigCodeBench/898,kern_compact,True,100.0,True,True,True,73,56,74,58,,
BigCodeBench,BigCodeBench/898,python_minifier,True,100.0,True,True,False,73,59,74,61,,
BigCodeBench,BigCodeBench/898,sigil,True,100.0,False,False,,73,55,74,56,decode,"ValueError: Parse errors in Sigil source:
line 1, col 1: unexpected token '<collections.Counter>\n<random>\nLETTERS:[' in: <collections.Counter>"
BigCodeBench,BigCodeBench/899,python,True,100.0,True,True,True,89,89,90,90,,
BigCodeBench,BigCodeBench/899,kern_compact,True,100.0,True,True,True,89,64,90,66,,
BigCodeBench,BigCodeBench/899,python_minifier,True,100.0,True,True,False,89,71,90,74,,
BigCodeBench,BigCodeBench/899,sigil,True,66.66666666666666,False,False,,89,94,90,95,decode,"ValueError: Parse errors in Sigil source:
line 1, col 1: unexpected token '<numpy>\n<random>\n;; TODO: manual convers' in: <numpy>"
BigCodeBench,BigCodeBench/900,python,True,100.0,True,True,True,197,197,200,200,,
BigCodeBench,BigCodeBench/900,kern_compact,True,100.0,True,True,True,197,143,200,147,,
BigCodeBench,BigCodeBench/900,python_minifier,True,100.0,True,True,False,197,146,200,149,,
BigCodeBench,BigCodeBench/900,sigil,True,66.66666666666666,False,False,,197,186,200,189,decode,"ValueError: Parse errors in Sigil source:
line 1, col 1: unexpected token '<pandas>\n<numpy>\n;; TODO: manual convers' in: <pandas>"
BigCodeBench,BigCodeBench/901,python,True,100.0,True,True,True,115,115,119,119,,
BigCodeBench,BigCodeBench/901,kern_compact,True,100.0,True,True,True,115,64,119,69,,
BigCodeBench,BigCodeBench/901,python_minifier,True,100.0,True,True,False,115,73,119,77,,
BigCodeBench,BigCodeBench/901,sigil,True,100.0,False,False,,115,72,119,76,decode,"ValueError: Parse errors in Sigil source:
line 3, col 61: unexpected token '.DataFrame d scaler:MinMaxScaler() scale' in: @tf d = !d ? pd.DataFrame columns:['x' 'y' 'z'] : None df:pd.DataFrame d scaler:MinMaxScaler() scaled_df:pd.DataFrame scaler.fit_transform df[['x' 'y' 'z']] columns:['x' 'y' 'z'] scaled_df"
BigCodeBench,BigCodeBench/902,python,True,100.0,True,True,True,73,73,74,74,,
BigCodeBench,BigCodeBench/902,kern_compact,True,100.0,True,True,True,73,60,74,61,,
BigCodeBench,BigCodeBench/902,python_minifier,True,100.0,True,True,False,73,59,74,60,,
BigCodeBench,BigCodeBench/902,sigil,True,66.66666666666666,False,False,,73,86,74,87,decode,"ValueError: Parse errors in Sigil source:
line 1, col 1: unexpected token '<pandas>\n<collections.Counter>\n;; TODO:' in: <pandas>"
BigCodeBench,BigCodeBench/903,python,True,100.0,True,True,True,72,72,73,73,,
BigCodeBench,BigCodeBench/903,kern_compact,True,100.0,True,True,True,72,54,73,55,,
BigCodeBench,BigCodeBench/903,python_minifier,True,100.0,True,True,False,72,61,73,63,,
BigCodeBench,BigCodeBench/903,sigil,True,100.0,False,False,,72,56,73,57,decode,"ValueError: Parse errors in Sigil source:
line 3, col 40: unexpected token ':[k <- df.columns k!=ta & => k] X:df[pre' in: @tf d ta = df:pd.DataFrame d predictors:[k <- df.columns k!=ta & => k] X:df[predictors] y:df[ta] model:LinearRegression().fit X y model"
BigCodeBench,BigCodeBench/904,python,True,100.0,True,True,True,135,135,139,139,,
BigCodeBench,BigCodeBench/904,kern_compact,True,100.0,True,True,True,135,65,139,68,,
BigCodeBench,BigCodeBench/904,python_minifier,True,100.0,True,True,False,135,65,139,68,,
BigCodeBench,BigCodeBench/904,sigil,True,66.66666666666666,False,False,,135,100,139,103,decode,"ValueError: Parse errors in Sigil source:
line 1, col 1: unexpected token '<pandas>\n<matplotlib.pyplot>\n;; TODO: ma' in: <pandas>"
BigCodeBench,BigCodeBench/905,python,True,100.0,True,True,True,84,84,84,84,,
BigCodeBench,BigCodeBench/905,kern_compact,True,100.0,True,True,True,84,68,84,68,,
BigCodeBench,BigCodeBench/905,python_minifier,True,100.0,True,True,False,84,70,84,70,,
BigCodeBench,BigCodeBench/905,sigil,True,75.0,False,False,,84,99,84,99,decode,"ValueError: Parse errors in Sigil source:
line 1, col 1: unexpected token '<os>\n<glob>\n<csv>\n;; TODO: manual conver' in: <os>"
BigCodeBench,BigCodeBench/906,python,True,100.0,True,True,True,156,156,157,157,,
BigCodeBench,BigCodeBench/906,kern_compact,True,100.0,True,True,True,156,115,157,118,,
BigCodeBench,BigCodeBench/906,python_minifier,True,100.0,True,True,False,156,115,157,118,,
BigCodeBench,BigCodeBench/906,sigil,True,80.0,False,False,,156,159,157,160,decode,"ValueError: Parse errors in Sigil source:
line 1, col 1: unexpected token '<zipfile>\n<os>\n<re>\n<shutil>\n;; TODO: ma' in: <zipfile>"
BigCodeBench,BigCodeBench/907,python,True,100.0,True,True,True,86,86,86,86,,
BigCodeBench,BigCodeBench/907,kern_compact,True,100.0,True,True,True,86,63,86,64,,
BigCodeBench,BigCodeBench/907,python_minifier,True,100.0,True,True,False,86,70,86,70,,
BigCodeBench,BigCodeBench/907,sigil,True,66.66666666666666,False,False,,86,102,86,102,decode,"ValueError: Parse errors in Sigil source:
line 1, col 1: unexpected token '<os>\n<re>\n;; TODO: manual conversion nee' in: <os>"
BigCodeBench,BigCodeBench/908,python,True,100.0,True,True,True,92,92,92,92,,
BigCodeBench,BigCodeBench/908,kern_compact,True,100.0,True,True,True,92,70,92,73,,
BigCodeBench,BigCodeBench/908,python_minifier,True,100.0,True,True,False,92,73,92,74,,
BigCodeBench,BigCodeBench/908,sigil,True,80.0,False,False,,92,104,92,105,decode,"ValueError: Parse errors in Sigil source:
line 1, col 1: unexpected token '<os>\n<pandas>\n<re>\n<matplotlib.pyplot>\n;' in: <os>"
BigCodeBench,BigCodeBench/909,python,True,100.0,True,True,True,129,129,130,130,,
BigCodeBench,BigCodeBench/909,kern_compact,True,100.0,True,True,True,129,99,130,102,,
BigCodeBench,BigCodeBench/909,python_minifier,True,100.0,True,True,False,129,108,130,112,,
BigCodeBench,BigCodeBench/909,sigil,True,100.0,False,False,,129,68,130,69,decode,"ValueError: Parse errors in Sigil source:
line 4, col 189: unexpected token "".DataFrame {'Letter':flattened_list, 'Ca"" in: @tf le ca = flattened_list:list itertools.chain *[_ <- range len ca => le] expanded_categories:list itertools.chain *[category <- ca => [category]*len le] shuffle expanded_categories df:pd.DataFram…"
BigCodeBench,BigCodeBench/910,python,True,100.0,True,True,True,143,143,144,144,,
BigCodeBench,BigCodeBench/910,kern_compact,True,100.0,True,True,True,143,101,144,105,,
BigCodeBench,BigCodeBench/910,python_minifier,True,100.0,True,True,False,143,107,144,110,,
BigCodeBench,BigCodeBench/910,sigil,True,66.66666666666666,False,False,,143,134,144,136,decode,"ValueError: Parse errors in Sigil source:
line 1, col 1: unexpected token '<numpy>\n<matplotlib.pyplot>\n;; TODO: man' in: <numpy>"
BigCodeBench,BigCodeBench/911,python,True,100.0,True,True,True,106,106,107,107,,
BigCodeBench,BigCodeBench/911,kern_compact,True,100.0,True,True,True,106,53,107,54,,
BigCodeBench,BigCodeBench/911,python_minifier,True,100.0,True,True,False,106,54,107,55,,
BigCodeBench,BigCodeBench/911,sigil,True,100.0,False,False,,106,57,107,58,decode,"ValueError: Parse errors in Sigil source:
line 1, col 1: unexpected token '<functools.reduce>\n<operator>\n<string>\n@' in: <functools.reduce>"
BigCodeBench,BigCodeBench/912,python,True,100.0,True,True,True,84,84,84,84,,
BigCodeBench,BigCodeBench/912,kern_compact,True,100.0,True,True,True,84,43,84,43,,
BigCodeBench,BigCodeBench/912,python_minifier,True,100.0,True,True,False,84,42,84,42,,
BigCodeBench,BigCodeBench/912,sigil,True,100.0,True,True,False,84,37,84,37,,
BigCodeBench,BigCodeBench/913,python,True,100.0,True,True,True,265,265,269,269,,
BigCodeBench,BigCodeBench/913,kern_compact,True,100.0,True,True,True,265,157,269,161,,
BigCodeBench,BigCodeBench/913,python_minifier,True,100.0,True,True,False,265,166,269,171,,
BigCodeBench,BigCodeBench/913,sigil,True,75.0,False,False,,265,226,269,229,decode,"ValueError: Parse errors in Sigil source:
line 1, col 1: unexpected token '<typing.List>\n<typing.Union>\n<numpy>\n<sc' in: <typing.List>"
BigCodeBench,BigCodeBench/914,python,True,100.0,True,True,True,224,224,224,224,,
BigCodeBench,BigCodeBench/914,kern_compact,True,100.0,True,True,True,224,154,224,156,,
BigCodeBench,BigCodeBench/914,python_minifier,True,100.0,True,True,False,224,157,224,159,,
BigCodeBench,BigCodeBench/914,sigil,True,100.0,False,False,,224,155,224,156,decode,"ValueError: Parse errors in Sigil source:
line 5, col 57: unexpected token "":df['date'].map pd.Timestamp.timestamp X"" in: @tf df = df['date']:pd.to_datetime df['date'] df['date']:df['date'].map pd.Timestamp.timestamp X:df['date'].values.reshape -1 1 y:df['closing_price'].values model:LinearRegression() model.fit X y fu…"
BigCodeBench,BigCodeBench/915,python,True,100.0,True,True,True,190,190,193,193,,
BigCodeBench,BigCodeBench/915,kern_compact,True,100.0,True,True,True,190,136,193,138,,
BigCodeBench,BigCodeBench/915,python_minifier,True,100.0,True,True,False,190,140,193,142,,
BigCodeBench,BigCodeBench/915,sigil,True,100.0,False,False,,190,133,193,137,decode,"ValueError: Parse errors in Sigil source:
line 4, col 99: unexpected token ':plt.subplots figsize:(10 5) ax.plot df[' in: @tf df z_ = df['Z_score']:zscore df['closing_price'] outliers:df[np.abs df['Z_score']>z_] (fig ax):plt.subplots figsize:(10 5) ax.plot df['closing_price'] color:'blue' label:'Normal' ax.plot outlier…"
BigCodeBench,BigCodeBench/916,python,True,100.0,True,True,True,152,152,153,153,,
BigCodeBench,BigCodeBench/916,kern_compact,True,100.0,True,True,True,152,105,153,107,,
BigCodeBench,BigCodeBench/916,python_minifier,True,100.0,True,True,False,152,103,153,104,,
BigCodeBench,BigCodeBench/916,sigil,True,100.0,False,False,,152,117,153,118,decode,"ValueError: Parse errors in Sigil source:
line 1, col 1: unexpected token '<pandas>\n<matplotlib.pyplot>\n<seaborn>\n@' in: <pandas>"
BigCodeBench,BigCodeBench/917,python,True,100.0,True,True,True,199,199,202,202,,
BigCodeBench,BigCodeBench/917,kern_compact,True,100.0,True,True,True,199,145,202,149,,
BigCodeBench,BigCodeBench/917,python_minifier,True,100.0,True,True,False,199,140,202,144,,
BigCodeBench,BigCodeBench/917,sigil,True,100.0,False,False,,199,149,202,151,decode,"ValueError: Parse errors in Sigil source:
line 1, col 1: unexpected token '<pandas>\n<matplotlib.pyplot>\n<matplotlib' in: <pandas>"
BigCodeBench,BigCodeBench/918,python,True,100.0,True,True,True,95,95,96,96,,
BigCodeBench,BigCodeBench/918,kern_compact,True,100.0,True,True,True,95,68,96,69,,
BigCodeBench,BigCodeBench/918,python_minifier,True,100.0,True,True,False,95,71,96,72,,
BigCodeBench,BigCodeBench/918,sigil,True,66.66666666666666,False,False,,95,98,96,99,decode,"ValueError: Parse errors in Sigil source:
line 1, col 1: unexpected token '<pandas>\n<re>\n;; TODO: manual conversion' in: <pandas>"
BigCodeBench,BigCodeBench/919,python,True,100.0,True,True,True,156,156,158,158,,
BigCodeBench,BigCodeBench/919,kern_compact,True,100.0,True,True,True,156,97,158,99,,
BigCodeBench,BigCodeBench/919,python_minifier,True,100.0,True,True,False,156,103,158,106,,
BigCodeBench,BigCodeBench/919,sigil,True,66.66666666666666,False,False,,156,151,158,154,decode,"ValueError: Parse errors in Sigil source:
line 1, col 1: unexpected token '<pandas>\n<matplotlib.pyplot>\n;; TODO: ma' in: <pandas>"
BigCodeBench,BigCodeBench/920,python,True,100.0,True,True,True,60,60,62,62,,
BigCodeBench,BigCodeBench/920,kern_compact,True,100.0,True,True,True,60,49,62,49,,
BigCodeBench,BigCodeBench/920,python_minifier,True,100.0,True,True,False,60,51,62,51,,
BigCodeBench,BigCodeBench/920,sigil,True,100.0,False,False,,60,48,62,49,decode,"ValueError: Parse errors in Sigil source:
line 3, col 50: unexpected token '.corr() ax:sns.heatmap correlation_matri' in: @tf da = df:pd.DataFrame da correlation_matrix:df.corr() ax:sns.heatmap correlation_matrix annot:True cmap:'coolwarm' ax.set_title 'Correlation Matrix' ax"
BigCodeBench,BigCodeBench/921,python,True,100.0,True,True,True,93,93,96,96,,
BigCodeBench,BigCodeBench/921,kern_compact,True,100.0,True,True,True,93,44,96,47,,
BigCodeBench,BigCodeBench/921,python_minifier,True,100.0,True,True,False,93,49,96,51,,
BigCodeBench,BigCodeBench/921,sigil,True,100.0,False,False,,93,48,96,50,decode,"ValueError: Parse errors in Sigil source:
line 3, col 64: unexpected token '.copy() df_copy[co]:scaler.fit_transform' in: @tf da co = df:pd.DataFrame da scaler:MinMaxScaler() df_copy:df.copy() df_copy[co]:scaler.fit_transform df_copy[co] df_copy"
BigCodeBench,BigCodeBench/922,python,True,100.0,True,True,True,483,483,482,482,,
BigCodeBench,BigCodeBench/922,kern_compact,True,100.0,True,True,True,483,332,482,331,,
BigCodeBench,BigCodeBench/922,python_minifier,True,100.0,True,True,False,483,335,482,335,,
BigCodeBench,BigCodeBench/922,sigil,True,100.0,False,False,,483,456,482,455,decode,"ValueError: Parse errors in Sigil source:
line 1, col 1: unexpected token ""<pandas>\n<re>\nSTOPWORDS:set ['i' 'me' 'm"" in: <pandas>"
BigCodeBench,BigCodeBench/923,python,True,100.0,True,True,True,147,147,149,149,,
BigCodeBench,BigCodeBench/923,kern_compact,True,100.0,True,True,True,147,103,149,106,,
BigCodeBench,BigCodeBench/923,python_minifier,True,100.0,True,True,False,147,113,149,114,,
BigCodeBench,BigCodeBench/923,sigil,True,75.0,False,False,,147,145,149,147,decode,"ValueError: Parse errors in Sigil source:
line 1, col 1: unexpected token '<pandas>\n<random>\n<re>\n;; TODO: manual c' in: <pandas>"
BigCodeBench,BigCodeBench/924,python,True,100.0,True,True,True,131,131,133,133,,
BigCodeBench,BigCodeBench/924,kern_compact,True,100.0,True,True,True,131,104,133,107,,
BigCodeBench,BigCodeBench/924,python_minifier,True,100.0,True,True,False,131,102,133,103,,
BigCodeBench,BigCodeBench/924,sigil,True,100.0,False,False,,131,97,133,99,decode,"ValueError: Parse errors in Sigil source:
line 1, col 1: unexpected token '<pandas>\n<os>\n<sys>\n@tf s:s s2:s>pd.Data' in: <pandas>"
BigCodeBench,BigCodeBench/925,python,True,100.0,True,True,True,101,101,102,102,,
BigCodeBench,BigCodeBench/925,kern_compact,True,100.0,True,True,True,101,68,102,71,,
BigCodeBench,BigCodeBench/925,python_minifier,True,100.0,True,True,False,101,73,102,74,,
BigCodeBench,BigCodeBench/925,sigil,True,100.0,False,False,,101,44,102,45,decode,"ValueError: Parse errors in Sigil source:
line 3, col 39: unexpected token '.DataFrame np.random.randint 1 101 size:' in: @tf da co se = np.random.seed se df:pd.DataFrame np.random.randint 1 101 size:(da len co) columns:co df[df<10]:-1 df"
BigCodeBench,BigCodeBench/926,python,True,100.0,True,True,True,93,93,94,94,,
BigCodeBench,BigCodeBench/926,kern_compact,True,100.0,True,True,True,93,76,94,77,,
BigCodeBench,BigCodeBench/926,python_minifier,True,100.0,True,True,False,93,73,94,73,,
BigCodeBench,BigCodeBench/926,sigil,True,100.0,False,False,,93,67,94,68,decode,"ValueError: Parse errors in Sigil source:
line 1, col 1: unexpected token '<pandas>\n<sqlite3>\n@tf s:s s2:s s3:s>pd.' in: <pandas>"
BigCodeBench,BigCodeBench/927,python,True,100.0,True,True,True,119,119,121,121,,
BigCodeBench,BigCodeBench/927,kern_compact,True,100.0,True,True,True,119,69,121,71,,
BigCodeBench,BigCodeBench/927,python_minifier,True,100.0,True,True,False,119,66,121,66,,
BigCodeBench,BigCodeBench/927,sigil,True,100.0,False,False,,119,64,121,65,decode,"ValueError: Parse errors in Sigil source:
line 1, col 1: unexpected token '<pandas>\n<sklearn.preprocessing.LabelEnc' in: <pandas>"
BigCodeBench,BigCodeBench/928,python,True,100.0,True,True,True,165,165,167,167,,
BigCodeBench,BigCodeBench/928,kern_compact,True,100.0,True,True,True,165,84,167,90,,
BigCodeBench,BigCodeBench/928,python_minifier,True,100.0,True,True,False,165,83,167,88,,
BigCodeBench,BigCodeBench/928,sigil,True,100.0,True,False,,165,98,167,102,parse,"SyntaxError: invalid syntax (<unknown>, line 6)"
BigCodeBench,BigCodeBench/929,python,True,100.0,True,True,True,80,80,80,80,,
BigCodeBench,BigCodeBench/929,kern_compact,True,100.0,True,True,True,80,53,80,54,,
BigCodeBench,BigCodeBench/929,python_minifier,True,100.0,True,True,False,80,49,80,49,,
BigCodeBench,BigCodeBench/929,sigil,True,100.0,False,False,,80,55,80,55,decode,"ValueError: Parse errors in Sigil source:
line 1, col 1: unexpected token '<numpy>\n<scipy.stats>\n@tf s:s>np.ndarray' in: <numpy>"
BigCodeBench,BigCodeBench/930,python,True,100.0,True,True,True,126,126,126,126,,
BigCodeBench,BigCodeBench/930,kern_compact,True,100.0,True,True,True,126,101,126,105,,
BigCodeBench,BigCodeBench/930,python_minifier,True,100.0,True,True,False,126,107,126,108,,
BigCodeBench,BigCodeBench/930,sigil,True,75.0,False,False,,126,137,126,137,decode,"ValueError: Parse errors in Sigil source:
line 1, col 1: unexpected token ""<random>\n<string>\nPOSSIBLE_LETTERS:['a'"" in: <random>"
BigCodeBench,BigCodeBench/931,python,True,100.0,True,True,True,93,93,94,94,,
BigCodeBench,BigCodeBench/931,kern_compact,True,100.0,True,True,True,93,58,94,61,,
BigCodeBench,BigCodeBench/931,python_minifier,True,100.0,True,True,False,93,57,94,59,,
BigCodeBench,BigCodeBench/931,sigil,True,66.66666666666666,False,False,,93,94,94,94,decode,"ValueError: Parse errors in Sigil source:
line 1, col 1: unexpected token '<collections.defaultdict>\n<re>\n;; TODO:' in: <collections.defaultdict>"
BigCodeBench,BigCodeBench/932,python,True,100.0,True,True,True,127,127,127,127,,
BigCodeBench,BigCodeBench/932,kern_compact,True,100.0,True,True,True,127,65,127,67,,
BigCodeBench,BigCodeBench/932,python_minifier,True,100.0,True,True,False,127,64,127,66,,
BigCodeBench,BigCodeBench/932,sigil,True,100.0,False,False,,127,72,127,72,decode,"ValueError: Parse errors in Sigil source:
line 3, col 193: unexpected token '.most_common 1 most_common' in: @tf s:s>list = clean_word:re.sub '[^a-z]' '' s.lower() len clean_word<2 ? [] : None pairs:[i <- range len clean_word-1 => clean_word[i:i+2]] pair_counter:Counter pairs most_common:pair_counter.most_common 1 most…"
BigCodeBench,BigCodeBench/933,python,True,100.0,True,True,True,97,97,97,97,,
BigCodeBench,BigCodeBench/933,kern_compact,True,100.0,True,True,True,97,59,97,59,,
BigCodeBench,BigCodeBench/933,python_minifier,True,100.0,True,True,False,97,56,97,58,,
BigCodeBench,BigCodeBench/933,sigil,True,100.0,True,True,False,97,56,97,56,,
BigCodeBench,BigCodeBench/934,python,True,100.0,True,True,True,74,74,75,75,,
BigCodeBench,BigCodeBench/934,kern_compact,True,100.0,True,True,True,74,50,75,51,,
BigCodeBench,BigCodeBench/934,python_minifier,True,100.0,True,True,False,74,48,75,49,,
BigCodeBench,BigCodeBench/934,sigil,True,100.0,True,True,False,74,45,75,46,,
BigCodeBench,BigCodeBench/935,python,True,100.0,True,True,True,116,116,122,122,,
BigCodeBench,BigCodeBench/935,kern_compact,True,100.0,True,True,True,116,81,122,88,,
BigCodeBench,BigCodeBench/935,python_minifier,True,100.0,True,True,False,116,94,122,99,,
BigCodeBench,BigCodeBench/935,sigil,True,66.66666666666666,False,False,,116,114,122,119,decode,"ValueError: Parse errors in Sigil source:
line 1, col 1: unexpected token '<pandas>\n<string>\n;; TODO: manual conver' in: <pandas>"
BigCodeBench,BigCodeBench/936,python,True,100.0,True,True,True,203,203,201,201,,
BigCodeBench,BigCodeBench/936,kern_compact,True,100.0,True,True,True,203,119,201,120,,
BigCodeBench,BigCodeBench/936,python_minifier,True,100.0,True,True,False,203,119,201,119,,
BigCodeBench,BigCodeBench/936,sigil,True,80.0,False,False,,203,154,201,153,decode,"ValueError: Parse errors in Sigil source:
line 1, col 1: unexpected token '<numpy>\n<matplotlib.pyplot>\n<string>\nALP' in: <numpy>"
BigCodeBench,BigCodeBench/937,python,True,100.0,True,True,True,49,49,49,49,,
BigCodeBench,BigCodeBench/937,kern_compact,True,100.0,True,True,True,49,34,49,35,,
BigCodeBench,BigCodeBench/937,python_minifier,True,100.0,True,True,False,49,39,49,40,,
BigCodeBench,BigCodeBench/937,sigil,True,100.0,False,False,,49,37,49,38,decode,"ValueError: Parse errors in Sigil source:
line 3, col 48: unexpected token 'in.lower() freq_dict:Counter cleaned_str' in: @tf in = cleaned_str:re.sub '[^A-Za-z0-9]+' '' in.lower() freq_dict:Counter cleaned_str freq_dict"
BigCodeBench,BigCodeBench/938,python,True,100.0,True,True,True,113,113,113,113,,
BigCodeBench,BigCodeBench/938,kern_compact,True,100.0,True,True,True,113,81,113,85,,
BigCodeBench,BigCodeBench/938,python_minifier,True,100.0,True,True,False,113,92,113,95,,
BigCodeBench,BigCodeBench/938,sigil,True,66.66666666666666,False,False,,113,126,113,126,decode,"ValueError: Parse errors in Sigil source:
line 1, col 1: unexpected token '<re>\n<pandas>\n;; TODO: manual conversion' in: <re>"
BigCodeBench,BigCodeBench/939,python,True,100.0,True,True,True,103,103,103,103,,
BigCodeBench,BigCodeBench/939,kern_compact,True,100.0,True,True,True,103,70,103,72,,
BigCodeBench,BigCodeBench/939,python_minifier,True,100.0,True,True,False,103,72,103,73,,
BigCodeBench,BigCodeBench/939,sigil,True,75.0,False,False,,103,119,103,119,decode,"ValueError: Parse errors in Sigil source:
line 1, col 1: unexpected token '<re>\n<os>\n<glob>\n;; TODO: manual convers' in: <re>"
BigCodeBench,BigCodeBench/940,python,True,100.0,True,True,True,60,60,62,62,,
BigCodeBench,BigCodeBench/940,kern_compact,True,100.0,True,True,True,60,46,62,49,,
BigCodeBench,BigCodeBench/940,python_minifier,True,100.0,True,True,False,60,50,62,53,,
BigCodeBench,BigCodeBench/940,sigil,True,100.0,False,False,,60,46,62,48,decode,"ValueError: Parse errors in Sigil source:
line 4, col 57: unexpected token ':word_tokenize cleaned_str freq_dict:Cou' in: @tf in = cleaned_str:re.sub '[^A-Za-z0-9 ]+' '' in words:word_tokenize cleaned_str freq_dict:Counter words freq_dict"
BigCodeBench,BigCodeBench/941,python,True,100.0,True,True,True,174,174,176,176,,
BigCodeBench,BigCodeBench/941,kern_compact,True,100.0,True,True,True,174,132,176,136,,
BigCodeBench,BigCodeBench/941,python_minifier,True,100.0,True,True,False,174,129,176,131,,
BigCodeBench,BigCodeBench/941,sigil,True,100.0,False,False,,174,131,176,134,decode,"ValueError: Parse errors in Sigil source:
line 1, col 1: unexpected token '<pandas>\n<numpy>\n<matplotlib.pyplot>\n@tf' in: <pandas>"
BigCodeBench,BigCodeBench/942,python,True,100.0,True,True,True,246,246,249,249,,
BigCodeBench,BigCodeBench/942,kern_compact,True,100.0,True,True,True,246,188,249,193,,
BigCodeBench,BigCodeBench/942,python_minifier,True,100.0,True,True,False,246,201,249,207,,
BigCodeBench,BigCodeBench/942,sigil,True,87.5,False,False,,246,247,249,251,decode,"ValueError: Parse errors in Sigil source:
line 1, col 1: unexpected token '<pandas>\n<matplotlib.pyplot>\n<numpy>\nSTA' in: <pandas>"
BigCodeBench,BigCodeBench/943,python,True,100.0,True,True,True,180,180,180,180,,
BigCodeBench,BigCodeBench/943,kern_compact,True,100.0,True,True,True,180,143,180,142,,
BigCodeBench,BigCodeBench/943,python_minifier,True,100.0,True,True,False,180,149,180,150,,
BigCodeBench,BigCodeBench/943,sigil,True,100.0,False,False,,180,130,180,130,decode,"ValueError: Parse errors in Sigil source:
line 4, col 85: unexpected token '.random.randint low:100 high:500 size:pe' in: @tf st pe fr mo = date_range:pd.date_range start:st periods:pe freq:fr sales_data:np.random.randint low:100 high:500 size:pe sales_series:pd.Series sales_data index:date_range !{decomposition:season…"
BigCodeBench,BigCodeBench/944,python,True,100.0,True,True,True,215,215,216,216,,
BigCodeBench,BigCodeBench/944,kern_compact,True,100.0,True,True,True,215,157,216,160,,
BigCodeBench,BigCodeBench/944,python_minifier,True,100.0,True,True,False,215,169,216,171,,
BigCodeBench,BigCodeBench/944,sigil,True,100.0,False,False,,215,143,216,145,decode,"ValueError: Parse errors in Sigil source:
line 1, col 1: unexpected token '<pandas>\n<numpy>\n<matplotlib.pyplot>\n@tf' in: <pandas>"
BigCodeBench,BigCodeBench/945,python,True,100.0,True,True,True,190,190,191,191,,
BigCodeBench,BigCodeBench/945,kern_compact,True,100.0,True,True,True,190,140,191,141,,
BigCodeBench,BigCodeBench/945,python_minifier,True,100.0,True,True,False,190,154,191,155,,
BigCodeBench,BigCodeBench/945,sigil,True,100.0,False,False,,190,122,191,123,decode,"ValueError: Parse errors in Sigil source:
line 4, col 78: unexpected token '.date_range start:st freq:fr periods:pe' in: @tf st pe fr sa = sa:np.random.randint low:100 high:500 size:pe date_range:pd.date_range start:st freq:fr periods:pe sales_df:pd.DataFrame {'Date':date_range, 'Sales':sa} X:np.arange len sales_df.res…"
BigCodeBench,BigCodeBench/946,python,True,100.0,True,True,True,103,103,104,104,,
BigCodeBench,BigCodeBench/946,kern_compact,True,100.0,True,True,True,103,85,104,86,,
BigCodeBench,BigCodeBench/946,python_minifier,True,100.0,True,True,False,103,89,104,90,,
BigCodeBench,BigCodeBench/946,sigil,True,100.0,False,False,,103,61,104,62,decode,"ValueError: Parse errors in Sigil source:
line 4, col 80: unexpected token ':np.array [i <- range ro => [j <- range' in: @tf ro co mi ma se = random.seed se mi==ma ? matrix:np.full (ro co) mi : matrix:np.array [i <- range ro => [j <- range co => random.randrange mi ma]] df:pd.DataFrame matrix df"
BigCodeBench,BigCodeBench/947,python,True,100.0,True,True,True,229,229,231,231,,
BigCodeBench,BigCodeBench/947,kern_compact,True,100.0,True,True,False,229,115,231,118,ast,normalized AST differs
BigCodeBench,BigCodeBench/947,python_minifier,True,100.0,True,True,False,229,126,231,127,,
BigCodeBench,BigCodeBench/947,sigil,True,100.0,False,False,,229,98,231,100,decode,"ValueError: Parse errors in Sigil source:
line 1, col 1: unexpected token '<numpy>\n<random>\n<datetime.datetime>\n@tf' in: <numpy>"
BigCodeBench,BigCodeBench/948,python,True,100.0,True,True,True,76,76,75,75,,
BigCodeBench,BigCodeBench/948,kern_compact,True,100.0,True,True,True,76,51,75,52,,
BigCodeBench,BigCodeBench/948,python_minifier,True,100.0,True,True,False,76,54,75,55,,
BigCodeBench,BigCodeBench/948,sigil,True,100.0,False,False,,76,43,75,44,decode,"ValueError: Parse errors in Sigil source:
line 3, col 43: unexpected token '.random.rand ro co scaler:MinMaxScaler()' in: @tf ro co se = np.random.seed se matrix:np.random.rand ro co scaler:MinMaxScaler() scaled_matrix:scaler.fit_transform matrix scaled_matrix"
BigCodeBench,BigCodeBench/949,python,True,100.0,True,True,True,54,54,55,55,,
BigCodeBench,BigCodeBench/949,kern_compact,True,100.0,True,True,True,54,38,55,39,,
BigCodeBench,BigCodeBench/949,python_minifier,True,100.0,True,True,False,54,45,55,46,,
BigCodeBench,BigCodeBench/949,sigil,True,100.0,False,False,,54,36,55,37,decode,"ValueError: Parse errors in Sigil source:
line 1, col 1: unexpected token '<numpy>\n<pandas>\n@tf ro co se = se is no' in: <numpy>"
BigCodeBench,BigCodeBench/950,python,True,100.0,True,True,True,63,63,63,63,,
BigCodeBench,BigCodeBench/950,kern_compact,True,100.0,True,True,True,63,51,63,51,,
BigCodeBench,BigCodeBench/950,python_minifier,True,100.0,True,True,False,63,52,63,52,,
BigCodeBench,BigCodeBench/950,sigil,True,100.0,False,False,,63,42,63,42,decode,"ValueError: Parse errors in Sigil source:
line 3, col 43: unexpected token '.random.rand ro co (U s Vh):svd matrix (' in: @tf ro co se = np.random.seed se matrix:np.random.rand ro co (U s Vh):svd matrix (U s Vh)"
BigCodeBench,BigCodeBench/951,python,True,100.0,True,True,True,181,181,182,182,,
BigCodeBench,BigCodeBench/951,kern_compact,True,100.0,True,True,True,181,133,182,135,,
BigCodeBench,BigCodeBench/951,python_minifier,True,100.0,True,True,False,181,138,182,140,,
BigCodeBench,BigCodeBench/951,sigil,True,83.33333333333334,False,False,,181,192,182,193,decode,"ValueError: Parse errors in Sigil source:
line 1, col 1: unexpected token '<pandas>\n<numpy>\n<random>\n<random.randin' in: <pandas>"
BigCodeBench,BigCodeBench/952,python,True,100.0,True,True,True,184,184,186,186,,
BigCodeBench,BigCodeBench/952,kern_compact,True,100.0,True,True,True,184,129,186,132,,
BigCodeBench,BigCodeBench/952,python_minifier,True,100.0,True,True,False,184,142,186,144,,
BigCodeBench,BigCodeBench/952,sigil,True,75.0,False,False,,184,194,186,196,decode,"ValueError: Parse errors in Sigil source:
line 1, col 1: unexpected token '<pandas>\n<random>\n<datetime.datetime>\n;;' in: <pandas>"
BigCodeBench,BigCodeBench/953,python,True,100.0,True,True,True,152,152,155,155,,
BigCodeBench,BigCodeBench/953,kern_compact,True,100.0,True,True,True,152,112,155,114,,
BigCodeBench,BigCodeBench/953,python_minifier,True,100.0,True,True,False,152,123,155,124,,
BigCodeBench,BigCodeBench/953,sigil,True,75.0,False,False,,152,173,155,177,decode,"ValueError: Parse errors in Sigil source:
line 1, col 1: unexpected token '<numpy>\n<matplotlib.pyplot>\n<os>\n;; TODO' in: <numpy>"
BigCodeBench,BigCodeBench/954,python,True,100.0,True,True,True,119,119,126,126,,
BigCodeBench,BigCodeBench/954,kern_compact,True,100.0,True,True,True,119,98,126,107,,
BigCodeBench,BigCodeBench/954,python_minifier,True,100.0,True,True,False,119,105,126,112,,
BigCodeBench,BigCodeBench/954,sigil,True,66.66666666666666,False,False,,119,139,126,146,decode,"ValueError: Parse errors in Sigil source:
line 1, col 1: unexpected token '<random>\n<re>\n;; TODO: manual conversion' in: <random>"
BigCodeBench,BigCodeBench/955,python,True,100.0,True,True,True,129,129,130,130,,
BigCodeBench,BigCodeBench/955,kern_compact,True,100.0,True,True,True,129,100,130,104,,
BigCodeBench,BigCodeBench/955,python_minifier,True,100.0,True,True,False,129,105,130,108,,
BigCodeBench,BigCodeBench/955,sigil,True,80.0,False,False,,129,144,130,146,decode,"ValueError: Parse errors in Sigil source:
line 1, col 1: unexpected token '<numpy>\n<matplotlib.pyplot>\n<re>\n<collec' in: <numpy>"
BigCodeBench,BigCodeBench/956,python,True,100.0,True,True,True,113,113,113,113,,
BigCodeBench,BigCodeBench/956,kern_compact,True,100.0,True,True,True,113,87,113,87,,
BigCodeBench,BigCodeBench/956,python_minifier,True,100.0,True,True,False,113,92,113,92,,
BigCodeBench,BigCodeBench/956,sigil,True,75.0,False,False,,113,129,113,130,decode,"ValueError: Parse errors in Sigil source:
line 1, col 1: unexpected token '<re>\n<string>\n<random>\n;; TODO: manual c' in: <re>"
BigCodeBench,BigCodeBench/957,python,True,100.0,True,True,True,56,56,56,56,,
BigCodeBench,BigCodeBench/957,kern_compact,True,100.0,True,True,True,56,44,56,45,,
BigCodeBench,BigCodeBench/957,python_minifier,True,100.0,True,True,False,56,43,56,44,,
BigCodeBench,BigCodeBench/957,sigil,True,100.0,False,False,,56,45,56,45,decode,"ValueError: Parse errors in Sigil source:
line 3, col 41: unexpected token '.sub \'\\\\s\' \'\' re.sub f""[{string.punctuat' in: @tf s:s>tuple = words:s.split() chars:re.sub '\\s' '' re.sub f""[{string.punctuation}]"" '' s (len words len chars len set chars)"
BigCodeBench,BigCodeBench/958,python,True,100.0,True,True,True,117,117,117,117,,
BigCodeBench,BigCodeBench/958,kern_compact,True,100.0,True,True,True,117,76,117,76,,
BigCodeBench,BigCodeBench/958,python_minifier,True,100.0,True,True,False,117,89,117,89,,
BigCodeBench,BigCodeBench/958,sigil,True,66.66666666666666,False,False,,117,140,117,140,decode,"ValueError: Parse errors in Sigil source:
line 1, col 1: unexpected token '<random>\n<re>\n;; TODO: manual conversion' in: <random>"
BigCodeBench,BigCodeBench/959,python,True,100.0,True,True,True,86,86,89,89,,
BigCodeBench,BigCodeBench/959,kern_compact,True,100.0,True,True,True,86,67,89,70,,
BigCodeBench,BigCodeBench/959,python_minifier,True,100.0,True,True,False,86,71,89,74,,
BigCodeBench,BigCodeBench/959,sigil,True,66.66666666666666,False,False,,86,105,89,108,decode,"ValueError: Parse errors in Sigil source:
line 1, col 1: unexpected token '<string>\n<random>\n;; TODO: manual conver' in: <string>"
BigCodeBench,BigCodeBench/960,python,True,100.0,True,True,True,137,137,144,144,,
BigCodeBench,BigCodeBench/960,kern_compact,True,100.0,True,True,True,137,92,144,98,,
BigCodeBench,BigCodeBench/960,python_minifier,True,100.0,True,True,False,137,107,144,111,,
BigCodeBench,BigCodeBench/960,sigil,True,66.66666666666666,False,False,,137,164,144,171,decode,"ValueError: Parse errors in Sigil source:
line 1, col 1: unexpected token '<string>\n<random>\n;; TODO: manual conver' in: <string>"
BigCodeBench,BigCodeBench/961,python,True,100.0,True,True,True,117,117,118,118,,
BigCodeBench,BigCodeBench/961,kern_compact,True,100.0,True,True,True,117,88,118,90,,
BigCodeBench,BigCodeBench/961,python_minifier,True,100.0,True,True,False,117,97,118,98,,
BigCodeBench,BigCodeBench/961,sigil,True,75.0,False,False,,117,128,118,129,decode,"ValueError: Parse errors in Sigil source:
line 1, col 1: unexpected token '<os>\n<glob>\n<collections.Counter>\n;; TOD' in: <os>"
BigCodeBench,BigCodeBench/962,python,True,100.0,True,True,True,209,209,212,212,,
BigCodeBench,BigCodeBench/962,kern_compact,True,100.0,True,True,True,209,156,212,162,,
BigCodeBench,BigCodeBench/962,python_minifier,True,100.0,True,True,False,209,167,212,171,,
BigCodeBench,BigCodeBench/962,sigil,True,80.0,False,False,,209,231,212,236,decode,"ValueError: Parse errors in Sigil source:
line 1, col 1: unexpected token '<os>\n<pathlib.Path>\n<glob>\n<shutil>\n;; T' in: <os>"
BigCodeBench,BigCodeBench/963,python,True,100.0,True,True,True,160,160,163,163,,
BigCodeBench,BigCodeBench/963,kern_compact,True,100.0,True,True,True,160,131,163,136,,
BigCodeBench,BigCodeBench/963,python_minifier,True,100.0,True,True,False,160,139,163,143,,
BigCodeBench,BigCodeBench/963,sigil,True,80.0,False,False,,160,173,163,177,decode,"ValueError: Parse errors in Sigil source:
line 1, col 1: unexpected token '<os>\n<glob>\n<pathlib.Path>\n<zipfile>\n;;' in: <os>"
BigCodeBench,BigCodeBench/964,python,True,100.0,True,True,True,290,290,295,295,,
BigCodeBench,BigCodeBench/964,kern_compact,True,100.0,True,True,True,290,225,295,232,,
BigCodeBench,BigCodeBench/964,python_minifier,True,100.0,True,True,False,290,247,295,252,,
BigCodeBench,BigCodeBench/964,sigil,True,80.0,False,False,,290,317,295,324,decode,"ValueError: Parse errors in Sigil source:
line 1, col 1: unexpected token '<os>\n<pathlib.Path>\n<pandas>\n<docx>\n;; T' in: <os>"
BigCodeBench,BigCodeBench/965,python,True,100.0,True,True,True,141,141,141,141,,
BigCodeBench,BigCodeBench/965,kern_compact,True,100.0,True,True,True,141,103,141,103,,
BigCodeBench,BigCodeBench/965,python_minifier,True,100.0,True,True,False,141,109,141,110,,
BigCodeBench,BigCodeBench/965,sigil,True,75.0,False,False,,141,156,141,156,decode,"ValueError: Parse errors in Sigil source:
line 1, col 1: unexpected token '<os>\n<re>\n<shutil>\n;; TODO: manual conve' in: <os>"
BigCodeBench,BigCodeBench/966,python,True,100.0,True,True,True,90,90,92,92,,
BigCodeBench,BigCodeBench/966,kern_compact,True,100.0,True,True,True,90,69,92,73,,
BigCodeBench,BigCodeBench/966,python_minifier,True,100.0,True,True,False,90,64,92,66,,
BigCodeBench,BigCodeBench/966,sigil,True,100.0,False,False,,90,76,92,79,decode,"ValueError: Parse errors in Sigil source:
line 1, col 1: unexpected token '<pandas>\n<matplotlib.pyplot>\n@tf df:pd.D' in: <pandas>"
BigCodeBench,BigCodeBench/967,python,True,100.0,True,True,True,131,131,131,131,,
BigCodeBench,BigCodeBench/967,kern_compact,True,100.0,True,True,True,131,113,131,114,,
BigCodeBench,BigCodeBench/967,python_minifier,True,100.0,True,True,False,131,118,131,120,,
BigCodeBench,BigCodeBench/967,sigil,True,100.0,False,False,,131,95,131,97,decode,"ValueError: Parse errors in Sigil source:
line 4, col 67: unexpected token '.cumulative_trapezoid y X initial:0 (fig' in: @tf fu x_ nu = X:np.linspace x_[0] x_[1] nu y:fu X y_int:integrate.cumulative_trapezoid y X initial:0 (fig ax):plt.subplots() ax.plot X y label:f""{fu.__name__}(x)"" ax.plot X y_int label:f""Integral o…"
BigCodeBench,BigCodeBench/968,python,True,100.0,True,True,True,72,72,76,76,,
BigCodeBench,BigCodeBench/968,kern_compact,True,100.0,True,True,True,72,53,76,55,,
BigCodeBench,BigCodeBench/968,python_minifier,True,100.0,True,True,False,72,56,76,58,,
BigCodeBench,BigCodeBench/968,sigil,True,66.66666666666666,False,False,,72,85,76,88,decode,"ValueError: Parse errors in Sigil source:
line 1, col 1: unexpected token '<pandas>\n<seaborn>\n;; TODO: manual conve' in: <pandas>"
BigCodeBench,BigCodeBench/969,python,True,100.0,True,True,True,130,130,138,138,,
BigCodeBench,BigCodeBench/969,kern_compact,True,100.0,True,True,True,130,103,138,114,,
BigCodeBench,BigCodeBench/969,python_minifier,True,100.0,True,True,False,130,103,138,110,,
BigCodeBench,BigCodeBench/969,sigil,True,75.0,False,False,,130,142,138,150,decode,"ValueError: Parse errors in Sigil source:
line 1, col 1: unexpected token '<numpy>\n<sklearn.preprocessing.MinMaxSca' in: <numpy>"
BigCodeBench,BigCodeBench/970,python,True,100.0,True,True,True,178,178,179,179,,
BigCodeBench,BigCodeBench/970,kern_compact,True,100.0,True,True,True,178,137,179,144,,
BigCodeBench,BigCodeBench/970,python_minifier,True,100.0,True,True,False,178,136,179,141,,
BigCodeBench,BigCodeBench/970,sigil,True,66.66666666666666,False,False,,178,187,179,190,decode,"ValueError: Parse errors in Sigil source:
line 1, col 1: unexpected token '<numpy>\n<matplotlib.pyplot>\n;; TODO: man' in: <numpy>"
BigCodeBench,BigCodeBench/971,python,True,100.0,True,True,True,159,159,160,160,,
BigCodeBench,BigCodeBench/971,kern_compact,True,100.0,True,True,True,159,113,160,114,,
BigCodeBench,BigCodeBench/971,python_minifier,True,100.0,True,True,False,159,116,160,117,,
BigCodeBench,BigCodeBench/971,sigil,True,75.0,False,False,,159,167,160,170,decode,"ValueError: Parse errors in Sigil source:
line 1, col 1: unexpected token '<os>\n<pathlib.Path>\n<datetime.datetime>' in: <os>"
BigCodeBench,BigCodeBench/972,python,True,100.0,True,True,True,111,111,111,111,,
BigCodeBench,BigCodeBench/972,kern_compact,True,100.0,True,True,True,111,80,111,82,,
BigCodeBench,BigCodeBench/972,python_minifier,True,100.0,True,True,False,111,76,111,78,,
BigCodeBench,BigCodeBench/972,sigil,True,100.0,False,False,,111,80,111,83,decode,"ValueError: Parse errors in Sigil source:
line 3, col 39: unexpected token "".replace '\\\\' '/' path_obj:pathlib.Path"" in: @tf s:s s2:s>list = !s ? [] : None s:s.replace '\\' '/' path_obj:pathlib.Path s invalid_chars:set '<>:""|?*' any (set(str(component)).intersection(invalid_chars) for component in path_obj.parts) ? […"
BigCodeBench,BigCodeBench/973,python,True,100.0,True,True,True,173,173,178,178,,
BigCodeBench,BigCodeBench/973,kern_compact,True,100.0,True,True,True,173,137,178,143,,
BigCodeBench,BigCodeBench/973,python_minifier,True,100.0,True,True,False,173,144,178,150,,
BigCodeBench,BigCodeBench/973,sigil,True,66.66666666666666,False,False,,173,193,178,198,decode,"ValueError: Parse errors in Sigil source:
line 1, col 1: unexpected token '<os>\n<shutil>\n;; TODO: manual conversion' in: <os>"
BigCodeBench,BigCodeBench/974,python,True,100.0,True,True,True,120,120,121,121,,
BigCodeBench,BigCodeBench/974,kern_compact,True,100.0,True,True,True,120,105,121,110,,
BigCodeBench,BigCodeBench/974,python_minifier,True,100.0,True,True,False,120,105,121,109,,
BigCodeBench,BigCodeBench/974,sigil,True,66.66666666666666,False,False,,120,140,121,142,decode,"ValueError: Parse errors in Sigil source:
line 1, col 1: unexpected token '<shutil>\n<pathlib>\n;; TODO: manual conve' in: <shutil>"
BigCodeBench,BigCodeBench/975,python,True,100.0,True,True,True,84,84,86,86,,
BigCodeBench,BigCodeBench/975,kern_compact,True,100.0,True,True,True,84,64,86,66,,
BigCodeBench,BigCodeBench/975,python_minifier,True,100.0,True,True,False,84,69,86,70,,
BigCodeBench,BigCodeBench/975,sigil,True,100.0,False,False,,84,46,86,48,decode,"ValueError: Parse errors in Sigil source:
line 1, col 1: unexpected token '<numpy>\n<pandas>\n@tf ro co se>pd.DataFra' in: <numpy>"
BigCodeBench,BigCodeBench/976,python,True,100.0,True,True,True,151,151,156,156,,
BigCodeBench,BigCodeBench/976,kern_compact,True,100.0,True,True,True,151,118,156,124,,
BigCodeBench,BigCodeBench/976,python_minifier,True,100.0,True,True,False,151,123,156,128,,
BigCodeBench,BigCodeBench/976,sigil,True,75.0,False,False,,151,167,156,170,decode,"ValueError: Parse errors in Sigil source:
line 1, col 1: unexpected token '<numpy>\n<pandas>\n<sklearn.preprocessing.' in: <numpy>"
BigCodeBench,BigCodeBench/977,python,True,100.0,True,True,True,165,165,168,168,,
BigCodeBench,BigCodeBench/977,kern_compact,True,100.0,True,True,True,165,129,168,134,,
BigCodeBench,BigCodeBench/977,python_minifier,True,100.0,True,True,False,165,152,168,155,,
BigCodeBench,BigCodeBench/977,sigil,True,75.0,False,False,,165,174,168,177,decode,"ValueError: Parse errors in Sigil source:
line 1, col 1: unexpected token '<numpy>\n<matplotlib.pyplot>\n<seaborn>\n;;' in: <numpy>"
BigCodeBench,BigCodeBench/978,python,True,100.0,True,True,True,186,186,191,191,,
BigCodeBench,BigCodeBench/978,kern_compact,True,100.0,True,True,True,186,135,191,140,,
BigCodeBench,BigCodeBench/978,python_minifier,True,100.0,True,True,False,186,148,191,153,,
BigCodeBench,BigCodeBench/978,sigil,True,75.0,False,False,,186,205,191,210,decode,"ValueError: Parse errors in Sigil source:
line 1, col 1: unexpected token '<numpy>\n<pandas>\n<sklearn.decomposition.' in: <numpy>"
BigCodeBench,BigCodeBench/979,python,True,100.0,True,True,True,138,138,141,141,,
BigCodeBench,BigCodeBench/979,kern_compact,True,100.0,True,True,True,138,103,141,105,,
BigCodeBench,BigCodeBench/979,python_minifier,True,100.0,True,True,False,138,113,141,116,,
BigCodeBench,BigCodeBench/979,sigil,True,100.0,False,False,,138,83,141,84,decode,"ValueError: Parse errors in Sigil source:
line 1, col 1: unexpected token '<numpy>\n<pandas>\n<sklearn.ensemble.Rando' in: <numpy>"
BigCodeBench,BigCodeBench/980,python,True,100.0,True,True,True,116,116,119,119,,
BigCodeBench,BigCodeBench/980,kern_compact,True,100.0,True,True,True,116,88,119,91,,
BigCodeBench,BigCodeBench/980,python_minifier,True,100.0,True,True,False,116,89,119,93,,
BigCodeBench,BigCodeBench/980,sigil,True,80.0,False,False,,116,132,119,135,decode,"ValueError: Parse errors in Sigil source:
line 1, col 1: unexpected token '<numpy>\n<seaborn>\n<matplotlib.pyplot>\n<s' in: <numpy>"
BigCodeBench,BigCodeBench/981,python,True,100.0,True,True,True,230,230,233,233,,
BigCodeBench,BigCodeBench/981,kern_compact,True,100.0,True,True,True,230,173,233,179,,
BigCodeBench,BigCodeBench/981,python_minifier,True,100.0,True,True,False,230,174,233,180,,
BigCodeBench,BigCodeBench/981,sigil,True,75.0,False,False,,230,256,233,259,decode,"ValueError: Parse errors in Sigil source:
line 1, col 1: unexpected token '<pandas>\n<datetime.datetime>\n<random>\n;;' in: <pandas>"
BigCodeBench,BigCodeBench/982,python,True,100.0,True,True,True,180,180,181,181,,
BigCodeBench,BigCodeBench/982,kern_compact,True,100.0,True,True,True,180,133,181,138,,
BigCodeBench,BigCodeBench/982,python_minifier,True,100.0,True,True,False,180,146,181,152,,
BigCodeBench,BigCodeBench/982,sigil,True,100.0,False,False,,180,128,181,130,decode,"ValueError: Parse errors in Sigil source:
line 1, col 1: unexpected token '<numpy>\n<matplotlib.pyplot>\n<scipy.stats' in: <numpy>"
BigCodeBench,BigCodeBench/983,python,True,100.0,True,True,True,100,100,108,108,,
BigCodeBench,BigCodeBench/983,kern_compact,True,100.0,True,True,True,100,82,108,91,,
BigCodeBench,BigCodeBench/983,python_minifier,True,100.0,True,True,False,100,82,108,89,,
BigCodeBench,BigCodeBench/983,sigil,True,66.66666666666666,False,False,,100,112,108,119,decode,"ValueError: Parse errors in Sigil source:
line 1, col 1: unexpected token '<seaborn>\n<numpy>\n;; TODO: manual conver' in: <seaborn>"
BigCodeBench,BigCodeBench/984,python,True,100.0,True,True,True,98,98,98,98,,
BigCodeBench,BigCodeBench/984,kern_compact,True,100.0,True,True,True,98,75,98,76,,
BigCodeBench,BigCodeBench/984,python_minifier,True,100.0,True,True,False,98,76,98,77,,
BigCodeBench,BigCodeBench/984,sigil,True,100.0,False,False,,98,74,98,75,decode,"ValueError: Parse errors in Sigil source:
line 3, col 83: unexpected token '.fit X Y Y_pred:reg.predict X (fig ax):p' in: @tf df x_ y_ = X:df[x_].values.reshape -1 1 Y:df[y_].values reg:LinearRegression().fit X Y Y_pred:reg.predict X (fig ax):plt.subplots() ax.scatter X Y ax.plot X Y_pred color:'red' ax"
BigCodeBench,BigCodeBench/985,python,True,100.0,True,True,True,305,305,311,311,,
BigCodeBench,BigCodeBench/985,kern_compact,True,100.0,True,True,True,305,230,311,239,,
BigCodeBench,BigCodeBench/985,python_minifier,True,100.0,True,True,False,305,238,311,246,,
BigCodeBench,BigCodeBench/985,sigil,True,80.0,False,False,,305,331,311,337,decode,"ValueError: Parse errors in Sigil source:
line 1, col 1: unexpected token '<pandas>\n<json>\n<os>\n<math>\n;; TODO: man' in: <pandas>"
BigCodeBench,BigCodeBench/986,python,True,100.0,True,True,True,184,184,192,192,,
BigCodeBench,BigCodeBench/986,kern_compact,True,100.0,True,True,True,184,152,192,161,,
BigCodeBench,BigCodeBench/986,python_minifier,True,100.0,True,True,False,184,156,192,166,,
BigCodeBench,BigCodeBench/986,sigil,True,83.33333333333334,False,False,,184,202,192,210,decode,"ValueError: Parse errors in Sigil source:
line 1, col 1: unexpected token '<json>\n<numpy>\n<matplotlib.pyplot>\n<seab' in: <json>"
BigCodeBench,BigCodeBench/987,python,True,100.0,True,True,True,227,227,229,229,,
BigCodeBench,BigCodeBench/987,kern_compact,True,100.0,True,True,True,227,176,229,181,,
BigCodeBench,BigCodeBench/987,python_minifier,True,100.0,True,True,False,227,183,229,187,,
BigCodeBench,BigCodeBench/987,sigil,True,80.0,False,False,,227,250,229,253,decode,"ValueError: Parse errors in Sigil source:
line 1, col 1: unexpected token '<json>\n<pandas>\n<sklearn.preprocessing.M' in: <json>"
BigCodeBench,BigCodeBench/988,python,True,100.0,True,True,True,231,231,236,236,,
BigCodeBench,BigCodeBench/988,kern_compact,True,100.0,True,True,True,231,178,236,184,,
BigCodeBench,BigCodeBench/988,python_minifier,True,100.0,True,True,False,231,178,236,183,,
BigCodeBench,BigCodeBench/988,sigil,True,75.0,False,False,,231,232,236,238,decode,"ValueError: Parse errors in Sigil source:
line 1, col 1: unexpected token '<os>\n<re>\n<pathlib.Path>\n;; TODO: manual' in: <os>"
BigCodeBench,BigCodeBench/989,python,True,100.0,True,True,True,221,221,228,228,,
BigCodeBench,BigCodeBench/989,kern_compact,True,100.0,True,True,True,221,171,228,179,,
BigCodeBench,BigCodeBench/989,python_minifier,True,100.0,True,True,False,221,176,228,183,,
BigCodeBench,BigCodeBench/989,sigil,True,66.66666666666666,False,False,,221,235,228,242,decode,"ValueError: Parse errors in Sigil source:
line 1, col 1: unexpected token '<random>\n<string>\n;; TODO: manual conver' in: <random>"
BigCodeBench,BigCodeBench/990,python,True,100.0,True,True,True,283,283,283,283,,
BigCodeBench,BigCodeBench/990,kern_compact,True,100.0,True,True,True,283,168,283,167,,
BigCodeBench,BigCodeBench/990,python_minifier,True,100.0,True,True,False,283,163,283,162,,
BigCodeBench,BigCodeBench/990,sigil,True,100.0,False,False,,283,186,283,185,decode,"ValueError: Parse errors in Sigil source:
line 5, col 40: unexpected token "".fromhex he.decode 'utf-8' encodings['he"" in: @tf he = encodings:{} decoded_str:bytes.fromhex he.decode 'utf-8' encodings['hex']:binascii.hexlify decoded_str.encode().decode() encodings['base64']:base64.b64encode decoded_str.encode().decode() e…"
BigCodeBench,BigCodeBench/991,python,True,100.0,True,True,True,62,62,64,64,,
BigCodeBench,BigCodeBench/991,kern_compact,True,100.0,True,True,True,62,52,64,55,,
BigCodeBench,BigCodeBench/991,python_minifier,True,100.0,True,True,False,62,49,64,50,,
BigCodeBench,BigCodeBench/991,sigil,True,100.0,False,False,,62,55,64,57,decode,"ValueError: Parse errors in Sigil source:
line 4, col 58: unexpected token '.join (random.choice(HEX_CHARS) for _ in' in: @tf le = HEX_CHARS:string.hexdigits.lower() hex_string:''.join (random.choice(HEX_CHARS) for _ in range(length)) binascii.unhexlify hex_string.decode 'utf-8' 'ignore'"
BigCodeBench,BigCodeBench/992,python,True,100.0,True,True,True,113,113,114,114,,
BigCodeBench,BigCodeBench/992,kern_compact,True,100.0,True,True,True,113,98,114,99,,
BigCodeBench,BigCodeBench/992,python_minifier,True,100.0,True,True,False,113,98,114,100,,
BigCodeBench,BigCodeBench/992,sigil,True,100.0,False,False,,113,81,114,82,decode,"ValueError: Parse errors in Sigil source:
line 1, col 1: unexpected token ""<sys>\n<sqlite3>\nPATH_TO_APPEND:'path/to/"" in: <sys>"
BigCodeBench,BigCodeBench/993,python,True,100.0,True,True,True,199,199,197,197,,
BigCodeBench,BigCodeBench/993,kern_compact,True,100.0,True,True,True,199,124,197,125,,
BigCodeBench,BigCodeBench/993,python_minifier,True,100.0,True,True,False,199,131,197,132,,
BigCodeBench,BigCodeBench/993,sigil,True,100.0,False,False,,199,129,197,129,decode,"ValueError: Parse errors in Sigil source:
line 5, col 46: unexpected token ':[word <- words word & => len word] (_ a' in: @tf te = words:re.split '\\W+' te word_counts:[word <- words word & => len word] (_ ax):plt.subplots() word_counts ? ax.hist word_counts bins:30 edgecolor:'black' alpha:0.7 len word_counts>1 & np.va…"
BigCodeBench,BigCodeBench/994,python,True,100.0,True,True,True,241,241,245,245,,
BigCodeBench,BigCodeBench/994,kern_compact,True,100.0,True,True,True,241,196,245,204,,
BigCodeBench,BigCodeBench/994,python_minifier,True,100.0,True,True,False,241,194,245,198,,
BigCodeBench,BigCodeBench/994,sigil,True,75.0,False,False,,241,246,245,255,decode,"ValueError: Parse errors in Sigil source:
line 1, col 1: unexpected token '<requests>\n<pandas>\n<bs4.BeautifulSoup>' in: <requests>"
BigCodeBench,BigCodeBench/995,python,True,100.0,True,True,True,278,278,284,284,,
BigCodeBench,BigCodeBench/995,kern_compact,True,100.0,True,True,True,278,169,284,176,,
BigCodeBench,BigCodeBench/995,python_minifier,True,100.0,True,True,False,278,163,284,169,,
BigCodeBench,BigCodeBench/995,sigil,True,80.0,False,False,,278,243,284,248,decode,"ValueError: Parse errors in Sigil source:
line 1, col 1: unexpected token '<os>\n<pandas>\n<matplotlib.pyplot>\n<numpy' in: <os>"
BigCodeBench,BigCodeBench/996,python,True,100.0,True,True,True,112,112,114,114,,
BigCodeBench,BigCodeBench/996,kern_compact,True,100.0,True,True,True,112,86,114,88,,
BigCodeBench,BigCodeBench/996,python_minifier,True,100.0,True,True,False,112,88,114,88,,
BigCodeBench,BigCodeBench/996,sigil,True,100.0,False,False,,112,88,114,89,decode,"ValueError: Parse errors in Sigil source:
line 4, col 109: unexpected token '.title ? soup.title.string : None data:{' in: @tf s:s s2:s>s = response:requests.get s timeout:5 soup:BeautifulSoup response.text 'html.parser' title:soup.title ? soup.title.string : None data:{'title':title} json_data:json.dumps data open s2 …"
BigCodeBench,BigCodeBench/997,python,True,100.0,True,True,True,138,138,140,140,,
BigCodeBench,BigCodeBench/997,kern_compact,True,100.0,True,True,True,138,94,140,94,,
BigCodeBench,BigCodeBench/997,python_minifier,True,100.0,True,True,False,138,95,140,95,,
BigCodeBench,BigCodeBench/997,sigil,True,100.0,False,False,,138,89,140,89,decode,"ValueError: Parse errors in Sigil source:
line 1, col 1: unexpected token '<urllib.request>\n<os>\n<zipfile>\nTARGET_D' in: <urllib.request>"
BigCodeBench,BigCodeBench/998,python,True,100.0,True,True,True,206,206,206,206,,
BigCodeBench,BigCodeBench/998,kern_compact,True,100.0,True,True,True,206,167,206,167,,
BigCodeBench,BigCodeBench/998,python_minifier,True,100.0,True,True,False,206,173,206,172,,
BigCodeBench,BigCodeBench/998,sigil,True,85.71428571428571,False,False,,206,227,206,226,decode,"ValueError: Parse errors in Sigil source:
line 1, col 1: unexpected token '<urllib.request>\n<os>\n<hashlib>\n<tarfile' in: <urllib.request>"
BigCodeBench,BigCodeBench/999,python,True,100.0,True,True,True,130,130,131,131,,
BigCodeBench,BigCodeBench/999,kern_compact,True,100.0,True,True,True,130,111,131,111,,
BigCodeBench,BigCodeBench/999,python_minifier,True,100.0,True,True,False,130,114,131,114,,
BigCodeBench,BigCodeBench/999,sigil,True,80.0,False,False,,130,144,131,144,decode,"ValueError: Parse errors in Sigil source:
line 1, col 1: unexpected token '<urllib.request>\n<os>\n<csv>\n<collections' in: <urllib.request>"
BigCodeBench,BigCodeBench/1000,python,True,100.0,True,True,True,79,79,80,80,,
BigCodeBench,BigCodeBench/1000,kern_compact,True,100.0,True,True,True,79,63,80,63,,
BigCodeBench,BigCodeBench/1000,python_minifier,True,100.0,True,True,False,79,65,80,65,,
BigCodeBench,BigCodeBench/1000,sigil,True,100.0,False,False,,79,59,80,59,decode,"ValueError: Parse errors in Sigil source:
line 1, col 1: unexpected token '<urllib.request>\n<os>\n<json>\n<pandas>\nTA' in: <urllib.request>"
BigCodeBench,BigCodeBench/1001,python,True,100.0,True,True,True,214,214,216,216,,
BigCodeBench,BigCodeBench/1001,kern_compact,True,100.0,True,True,True,214,145,216,149,,
BigCodeBench,BigCodeBench/1001,python_minifier,True,100.0,True,True,False,214,134,216,137,,
BigCodeBench,BigCodeBench/1001,sigil,True,100.0,False,False,,214,140,216,143,decode,"ValueError: Parse errors in Sigil source:
line 3, col 102: unexpected token "":df['column1']-mean/std (_ ax):plt.subpl"" in: @tf s:s = df:pd.read_csv s mean:df['column1'].mean() std:df['column1'].std() df['column1_normalized']:df['column1']-mean/std (_ ax):plt.subplots() ax.plot df['column1_normalized'] title:'%*s : %*s'…"
BigCodeBench,BigCodeBench/1002,python,True,100.0,True,True,True,124,124,127,127,,
BigCodeBench,BigCodeBench/1002,kern_compact,True,100.0,True,True,True,124,108,127,113,,
BigCodeBench,BigCodeBench/1002,python_minifier,True,100.0,True,True,False,124,106,127,111,,
BigCodeBench,BigCodeBench/1002,sigil,True,66.66666666666666,False,False,,124,140,127,144,decode,"ValueError: Parse errors in Sigil source:
line 1, col 1: unexpected token '<pandas>\n<matplotlib.pyplot>\n;; TODO: ma' in: <pandas>"
BigCodeBench,BigCodeBench/1003,python,True,100.0,True,True,True,145,145,150,150,,
BigCodeBench,BigCodeBench/1003,kern_compact,True,100.0,True,True,True,145,120,150,126,,
BigCodeBench,BigCodeBench/1003,python_minifier,True,100.0,True,True,False,145,119,150,124,,
BigCodeBench,BigCodeBench/1003,sigil,True,75.0,False,False,,145,168,150,172,decode,"ValueError: Parse errors in Sigil source:
line 1, col 1: unexpected token '<urllib.request>\n<lxml.etree>\n<pandas>\n;' in: <urllib.request>"
BigCodeBench,BigCodeBench/1004,python,True,100.0,True,True,True,139,139,139,139,,
BigCodeBench,BigCodeBench/1004,kern_compact,True,100.0,True,True,True,139,110,139,112,,
BigCodeBench,BigCodeBench/1004,python_minifier,True,100.0,True,True,False,139,113,139,114,,
BigCodeBench,BigCodeBench/1004,sigil,True,100.0,False,False,,139,119,139,119,decode,"ValueError: Parse errors in Sigil source:
line 5, col 55: unexpected token ':response.read().decode() words:re.finda' in: @tf ur = urllib.request.urlopen ur |~ response -> text:response.read().decode() words:re.findall '\\b\\w+\\b' text word_freq:Counter words top_words:word_freq.most_common 10 (_ ax):plt.subplots() ax…"
BigCodeBench,BigCodeBench/1005,python,True,100.0,True,True,True,200,200,201,201,,
BigCodeBench,BigCodeBench/1005,kern_compact,True,100.0,True,True,True,200,120,201,120,,
BigCodeBench,BigCodeBench/1005,python_minifier,True,100.0,True,True,False,200,119,201,118,,
BigCodeBench,BigCodeBench/1005,sigil,True,100.0,False,False,,200,101,201,100,decode,"ValueError: Parse errors in Sigil source:
line 1, col 1: unexpected token '<urllib.request>\n<zipfile>\n<os>\n<urllib.' in: <urllib.request>"
BigCodeBench,BigCodeBench/1006,python,True,100.0,True,True,True,252,252,255,255,,
BigCodeBench,BigCodeBench/1006,kern_compact,True,100.0,True,True,True,252,198,255,203,,
BigCodeBench,BigCodeBench/1006,python_minifier,True,100.0,True,True,False,252,209,255,211,,
BigCodeBench,BigCodeBench/1006,sigil,True,100.0,False,False,,252,188,255,188,decode,"ValueError: Parse errors in Sigil source:
line 5, col 32: unexpected token '? os.makedirs do : None !{response:reque' in: @tf ur do = !os.path.exists do ? os.makedirs do : None !{response:requests.get ur timeout:5 response.raise_for_status() 'application/zip' not in response.headers.get 'Content-Type' '' ? 'Error: The …"
BigCodeBench,BigCodeBench/1007,python,True,100.0,True,True,True,126,126,131,131,,
BigCodeBench,BigCodeBench/1007,kern_compact,True,100.0,True,True,True,126,81,131,86,,
BigCodeBench,BigCodeBench/1007,python_minifier,True,100.0,True,True,False,126,79,131,83,,
BigCodeBench,BigCodeBench/1007,sigil,True,66.66666666666666,False,False,,126,115,131,120,decode,"ValueError: Parse errors in Sigil source:
line 1, col 1: unexpected token '<requests>\n<pandas>\n;; TODO: manual conv' in: <requests>"
BigCodeBench,BigCodeBench/1008,python,True,100.0,True,True,True,162,162,167,167,,
BigCodeBench,BigCodeBench/1008,kern_compact,True,100.0,True,True,True,162,111,167,117,,
BigCodeBench,BigCodeBench/1008,python_minifier,True,100.0,True,True,False,162,117,167,122,,
BigCodeBench,BigCodeBench/1008,sigil,True,80.0,False,False,,162,154,167,158,decode,"ValueError: Parse errors in Sigil source:
line 1, col 1: unexpected token '<requests>\n<bs4.BeautifulSoup>\n<pandas>' in: <requests>"
BigCodeBench,BigCodeBench/1009,python,True,100.0,True,True,True,130,130,131,131,,
BigCodeBench,BigCodeBench/1009,kern_compact,True,100.0,True,True,True,130,114,131,115,,
BigCodeBench,BigCodeBench/1009,python_minifier,True,100.0,True,True,False,130,116,131,117,,
BigCodeBench,BigCodeBench/1009,sigil,True,66.66666666666666,False,False,,130,146,131,146,decode,"ValueError: Parse errors in Sigil source:
line 1, col 1: unexpected token '<xml.etree.ElementTree>\n<csv>\n;; TODO: m' in: <xml.etree.ElementTree>"
BigCodeBench,BigCodeBench/1010,python,True,100.0,True,True,True,75,75,76,76,,
BigCodeBench,BigCodeBench/1010,kern_compact,True,100.0,True,True,True,75,65,76,66,,
BigCodeBench,BigCodeBench/1010,python_minifier,True,100.0,True,True,False,75,67,76,68,,
BigCodeBench,BigCodeBench/1010,sigil,True,75.0,False,False,,75,89,76,90,decode,"ValueError: Parse errors in Sigil source:
line 1, col 1: unexpected token '<requests>\n<PIL.Image>\n<io>\n;; TODO: man' in: <requests>"
BigCodeBench,BigCodeBench/1011,python,True,100.0,True,True,True,130,130,130,130,,
BigCodeBench,BigCodeBench/1011,kern_compact,True,100.0,True,True,True,130,110,130,112,,
BigCodeBench,BigCodeBench/1011,python_minifier,True,100.0,True,True,False,130,111,130,114,,
BigCodeBench,BigCodeBench/1011,sigil,True,100.0,False,False,,130,87,130,88,decode,"ValueError: Parse errors in Sigil source:
line 3, col 50: unexpected token '.groupby co[co2].mean() (_ ax):plt.subpl' in: @tf cs co co2 = df:pd.read_csv cs groupby_data:df.groupby co[co2].mean() (_ ax):plt.subplots figsize:(10 6) ax.bar groupby_data.index groupby_data.values ax.set_title f""Mean of {co2} Grouped by {co}…"
BigCodeBench,BigCodeBench/1012,python,True,100.0,True,True,True,251,251,253,253,,
BigCodeBench,BigCodeBench/1012,kern_compact,True,100.0,True,True,True,251,192,253,196,,
BigCodeBench,BigCodeBench/1012,python_minifier,True,100.0,True,True,False,251,209,253,212,,
BigCodeBench,BigCodeBench/1012,sigil,True,83.33333333333334,False,False,,251,256,253,258,decode,"ValueError: Parse errors in Sigil source:
line 1, col 1: unexpected token '<requests>\n<pathlib.Path>\n<zipfile>\nDOWN' in: <requests>"
BigCodeBench,BigCodeBench/1013,python,True,100.0,True,True,True,170,170,173,173,,
BigCodeBench,BigCodeBench/1013,kern_compact,True,100.0,True,True,True,170,128,173,127,,
BigCodeBench,BigCodeBench/1013,python_minifier,True,100.0,True,True,False,170,130,173,129,,
BigCodeBench,BigCodeBench/1013,sigil,True,80.0,False,False,,170,169,173,171,decode,"ValueError: Parse errors in Sigil source:
line 1, col 1: unexpected token '<requests>\n<urllib.parse.urljoin>\n<bs4.B' in: <requests>"
BigCodeBench,BigCodeBench/1014,python,True,100.0,True,True,True,120,120,124,124,,
BigCodeBench,BigCodeBench/1014,kern_compact,True,100.0,True,True,True,120,68,124,70,,
BigCodeBench,BigCodeBench/1014,python_minifier,True,100.0,True,True,False,120,72,124,74,,
BigCodeBench,BigCodeBench/1014,sigil,True,66.66666666666666,False,False,,120,99,124,101,decode,"ValueError: Parse errors in Sigil source:
line 1, col 1: unexpected token '<requests>\n<pandas>\n;; TODO: manual conv' in: <requests>"
BigCodeBench,BigCodeBench/1015,python,True,100.0,True,True,True,283,283,286,286,,
BigCodeBench,BigCodeBench/1015,kern_compact,True,100.0,True,True,True,283,225,286,228,,
BigCodeBench,BigCodeBench/1015,python_minifier,True,100.0,True,True,False,283,236,286,238,,
BigCodeBench,BigCodeBench/1015,sigil,True,80.0,False,False,,283,297,286,299,decode,"ValueError: Parse errors in Sigil source:
line 1, col 1: unexpected token '<requests>\n<lxml.html>\n<pandas>\n<sqlite3' in: <requests>"
BigCodeBench,BigCodeBench/1016,python,True,100.0,True,True,True,253,253,258,258,,
BigCodeBench,BigCodeBench/1016,kern_compact,True,100.0,True,True,True,253,164,258,171,,
BigCodeBench,BigCodeBench/1016,python_minifier,True,100.0,True,True,False,253,162,258,167,,
BigCodeBench,BigCodeBench/1016,sigil,True,80.0,False,False,,253,222,258,227,decode,"ValueError: Parse errors in Sigil source:
line 1, col 1: unexpected token '<requests>\n<PIL.Image>\n<numpy>\n<matplotl' in: <requests>"
BigCodeBench,BigCodeBench/1017,python,True,100.0,True,True,True,374,374,380,380,,
BigCodeBench,BigCodeBench/1017,kern_compact,True,100.0,True,True,True,374,258,380,263,,
BigCodeBench,BigCodeBench/1017,python_minifier,True,100.0,True,True,False,374,265,380,275,,
BigCodeBench,BigCodeBench/1017,sigil,True,80.0,False,False,,374,364,380,369,decode,"ValueError: Parse errors in Sigil source:
line 1, col 1: unexpected token '<pandas>\n<sklearn.model_selection.train_' in: <pandas>"
BigCodeBench,BigCodeBench/1018,python,True,100.0,True,True,True,143,143,145,145,,
BigCodeBench,BigCodeBench/1018,kern_compact,True,100.0,True,True,True,143,109,145,110,,
BigCodeBench,BigCodeBench/1018,python_minifier,True,100.0,True,True,False,143,117,145,118,,
BigCodeBench,BigCodeBench/1018,sigil,True,100.0,False,False,,143,95,145,96,decode,"ValueError: Parse errors in Sigil source:
line 1, col 1: unexpected token ""<bs4.BeautifulSoup>\n<requests>\nURL:'http"" in: <bs4.BeautifulSoup>"
BigCodeBench,BigCodeBench/1019,python,True,100.0,True,True,True,200,200,204,204,,
BigCodeBench,BigCodeBench/1019,kern_compact,True,100.0,True,True,True,200,152,204,157,,
BigCodeBench,BigCodeBench/1019,python_minifier,True,100.0,True,True,False,200,171,204,174,,
BigCodeBench,BigCodeBench/1019,sigil,True,80.0,False,False,,200,203,204,206,decode,"ValueError: Parse errors in Sigil source:
line 1, col 1: unexpected token '<PIL.Image>\n<codecs>\n<pytesseract>\nIMAGE' in: <PIL.Image>"
BigCodeBench,BigCodeBench/1020,python,True,100.0,True,True,True,169,169,170,170,,
BigCodeBench,BigCodeBench/1020,kern_compact,True,100.0,True,True,True,169,109,170,110,,
BigCodeBench,BigCodeBench/1020,python_minifier,True,100.0,True,True,False,169,128,170,130,,
BigCodeBench,BigCodeBench/1020,sigil,True,80.0,False,False,,169,170,170,171,decode,"ValueError: Parse errors in Sigil source:
line 1, col 1: unexpected token ""<json>\n<requests>\n<chardet>\nAPI_URL:'htt"" in: <json>"
BigCodeBench,BigCodeBench/1021,python,True,100.0,True,True,True,115,115,117,117,,
BigCodeBench,BigCodeBench/1021,kern_compact,True,100.0,True,True,True,115,87,117,92,,
BigCodeBench,BigCodeBench/1021,python_minifier,True,100.0,True,True,False,115,97,117,99,,
BigCodeBench,BigCodeBench/1021,sigil,True,66.66666666666666,False,False,,115,134,117,136,decode,"ValueError: Parse errors in Sigil source:
line 1, col 1: unexpected token '<binascii>\n<hashlib>\n;; TODO: manual con' in: <binascii>"
BigCodeBench,BigCodeBench/1022,python,True,100.0,True,True,True,169,169,174,174,,
BigCodeBench,BigCodeBench/1022,kern_compact,True,100.0,True,True,True,169,142,174,148,,
BigCodeBench,BigCodeBench/1022,python_minifier,True,100.0,True,True,False,169,142,174,147,,
BigCodeBench,BigCodeBench/1022,sigil,True,80.0,False,False,,169,188,174,193,decode,"ValueError: Parse errors in Sigil source:
line 1, col 1: unexpected token '<pandas>\n<os>\n<datetime.datetime>\n<panda' in: <pandas>"
BigCodeBench,BigCodeBench/1023,python,True,100.0,True,True,True,347,347,356,356,,
BigCodeBench,BigCodeBench/1023,kern_compact,True,100.0,True,True,True,347,192,356,204,,
BigCodeBench,BigCodeBench/1023,python_minifier,True,100.0,True,True,False,347,189,356,199,,
BigCodeBench,BigCodeBench/1023,sigil,True,75.0,False,False,,347,264,356,273,decode,"ValueError: Parse errors in Sigil source:
line 1, col 1: unexpected token '<pandas>\n<numpy>\n<matplotlib.pyplot>\n;;' in: <pandas>"
BigCodeBench,BigCodeBench/1024,python,True,100.0,True,True,True,145,145,146,146,,
BigCodeBench,BigCodeBench/1024,kern_compact,True,100.0,True,True,True,145,105,146,106,,
BigCodeBench,BigCodeBench/1024,python_minifier,True,100.0,True,True,False,145,106,146,107,,
BigCodeBench,BigCodeBench/1024,sigil,True,100.0,False,False,,145,111,146,111,decode,"ValueError: Parse errors in Sigil source:
line 1, col 1: unexpected token ""<numpy>\n<pandas>\n<seaborn>\nPLOT_TITLE:'V"" in: <numpy>"
BigCodeBench,BigCodeBench/1025,python,True,100.0,True,True,True,123,123,126,126,,
BigCodeBench,BigCodeBench/1025,kern_compact,True,100.0,True,True,True,123,93,126,99,,
BigCodeBench,BigCodeBench/1025,python_minifier,True,100.0,True,True,False,123,92,126,98,,
BigCodeBench,BigCodeBench/1025,sigil,True,100.0,False,False,,123,95,126,100,decode,"ValueError: Parse errors in Sigil source:
line 1, col 1: unexpected token '<pandas>\n<matplotlib.pyplot>\n<sklearn.pr' in: <pandas>"
BigCodeBench,BigCodeBench/1026,python,True,100.0,True,True,True,504,504,517,517,,
BigCodeBench,BigCodeBench/1026,kern_compact,True,100.0,True,True,True,504,296,517,310,,
BigCodeBench,BigCodeBench/1026,python_minifier,True,100.0,True,True,False,504,310,517,322,,
BigCodeBench,BigCodeBench/1026,sigil,True,75.0,False,False,,504,450,517,462,decode,"ValueError: Parse errors in Sigil source:
line 1, col 1: unexpected token '<numpy>\n<scipy.stats.ttest_ind>\n<matplot' in: <numpy>"
BigCodeBench,BigCodeBench/1027,python,True,100.0,True,True,True,80,80,82,82,,
BigCodeBench,BigCodeBench/1027,kern_compact,True,100.0,True,True,True,80,69,82,69,,
BigCodeBench,BigCodeBench/1027,python_minifier,True,100.0,True,True,False,80,70,82,69,,
BigCodeBench,BigCodeBench/1027,sigil,True,100.0,False,False,,80,64,82,62,decode,"ValueError: Parse errors in Sigil source:
line 1, col 1: unexpected token '<binascii>\n<urllib.parse>\n@tf ur = !{par' in: <binascii>"
BigCodeBench,BigCodeBench/1028,python,True,100.0,True,True,True,376,376,378,378,,
BigCodeBench,BigCodeBench/1028,kern_compact,True,100.0,True,True,True,376,250,378,259,,
BigCodeBench,BigCodeBench/1028,python_minifier,True,100.0,True,True,False,376,264,378,270,,
BigCodeBench,BigCodeBench/1028,sigil,True,83.33333333333334,False,False,,376,355,378,360,decode,"ValueError: Parse errors in Sigil source:
line 1, col 1: unexpected token '<subprocess>\n<time>\n<json>\n<platform>\nLO' in: <subprocess>"
BigCodeBench,BigCodeBench/1029,python,True,100.0,True,True,True,89,89,90,90,,
BigCodeBench,BigCodeBench/1029,kern_compact,True,100.0,True,True,True,89,56,90,58,,
BigCodeBench,BigCodeBench/1029,python_minifier,True,100.0,True,True,False,89,62,90,64,,
BigCodeBench,BigCodeBench/1029,sigil,True,100.0,False,False,,89,50,90,51,decode,"ValueError: Parse errors in Sigil source:
line 3, col 102: unexpected token '.random.choice values size:(ro co) df:pd' in: @tf ro co = column_names:[i <- range co => chr 97+i] values:list 'abcdefghijklmnopqrstuvwxyz' data:np.random.choice values size:(ro co) df:pd.DataFrame data columns:column_names df"
BigCodeBench,BigCodeBench/1030,python,True,100.0,True,True,True,66,66,69,69,,
BigCodeBench,BigCodeBench/1030,kern_compact,True,100.0,True,True,True,66,46,69,49,,
BigCodeBench,BigCodeBench/1030,python_minifier,True,100.0,True,True,False,66,50,69,53,,
BigCodeBench,BigCodeBench/1030,sigil,True,100.0,False,False,,66,49,69,52,decode,"ValueError: Parse errors in Sigil source:
line 4, col 101: unexpected token "".DataFrame combinations columns:['Letter"" in: @tf = LETTERS:list string.ascii_lowercase combinations:list itertools.product LETTERS repeat:3 df:pd.DataFrame combinations columns:['Letter 1' 'Letter 2' 'Letter 3'] df"
BigCodeBench,BigCodeBench/1031,python,True,100.0,True,True,True,173,173,178,178,,
BigCodeBench,BigCodeBench/1031,kern_compact,True,100.0,True,True,True,173,115,178,121,,
BigCodeBench,BigCodeBench/1031,python_minifier,True,100.0,True,True,False,173,119,178,127,,
BigCodeBench,BigCodeBench/1031,sigil,True,75.0,False,False,,173,149,178,154,decode,"ValueError: Parse errors in Sigil source:
line 1, col 1: unexpected token '<random>\n<string>\n<pandas>\n;; TODO: manu' in: <random>"
BigCodeBench,BigCodeBench/1032,python,True,100.0,True,True,True,206,206,216,216,,
BigCodeBench,BigCodeBench/1032,kern_compact,True,100.0,True,True,True,206,125,216,132,,
BigCodeBench,BigCodeBench/1032,python_minifier,True,100.0,True,True,False,206,129,216,136,,
BigCodeBench,BigCodeBench/1032,sigil,True,100.0,False,False,,206,116,216,123,decode,"ValueError: Parse errors in Sigil source:
line 1, col 1: unexpected token '<matplotlib.pyplot>\n<random>\n<string>\n<p' in: <matplotlib.pyplot>"
BigCodeBench,BigCodeBench/1033,python,True,100.0,True,True,True,118,118,121,121,,
BigCodeBench,BigCodeBench/1033,kern_compact,True,100.0,True,True,True,118,69,121,72,,
BigCodeBench,BigCodeBench/1033,python_minifier,True,100.0,True,True,False,118,69,121,72,,
BigCodeBench,BigCodeBench/1033,sigil,True,100.0,False,False,,118,72,121,75,decode,"ValueError: Parse errors in Sigil source:
line 4, col 101: unexpected token "".DataFrame combinations columns:['a' 'b'"" in: @tf = LETTERS:list string.ascii_lowercase combinations:list itertools.product LETTERS repeat:3 df:pd.DataFrame combinations columns:['a' 'b' 'c'] value_counts:df['a'].value_counts().reindex LETTERS…"
BigCodeBench,BigCodeBench/1034,python,True,100.0,True,True,True,196,196,197,197,,
BigCodeBench,BigCodeBench/1034,kern_compact,True,100.0,True,True,True,196,113,197,116,,
BigCodeBench,BigCodeBench/1034,python_minifier,True,100.0,True,True,False,196,114,197,115,,
BigCodeBench,BigCodeBench/1034,sigil,True,100.0,False,False,,196,132,197,133,decode,"ValueError: Parse errors in Sigil source:
line 1, col 1: unexpected token ""<pandas>\n<numpy>\nCATEGORIES:['Electronic"" in: <pandas>"
BigCodeBench,BigCodeBench/1035,python,True,100.0,True,True,True,327,327,330,330,,
BigCodeBench,BigCodeBench/1035,kern_compact,True,100.0,True,True,True,327,211,330,215,,
BigCodeBench,BigCodeBench/1035,python_minifier,True,100.0,True,True,False,327,207,330,211,,
BigCodeBench,BigCodeBench/1035,sigil,True,100.0,False,False,,327,223,330,226,decode,"ValueError: Parse errors in Sigil source:
line 1, col 1: unexpected token '<pandas>\n<sklearn.model_selection.train_' in: <pandas>"
BigCodeBench,BigCodeBench/1036,python,True,100.0,True,True,True,210,210,214,214,,
BigCodeBench,BigCodeBench/1036,kern_compact,True,100.0,True,True,True,210,153,214,156,,
BigCodeBench,BigCodeBench/1036,python_minifier,True,100.0,True,True,False,210,154,214,158,,
BigCodeBench,BigCodeBench/1036,sigil,True,75.0,False,False,,210,198,214,201,decode,"ValueError: Parse errors in Sigil source:
line 1, col 1: unexpected token '<pandas>\n<seaborn>\n<matplotlib.pyplot>\n;' in: <pandas>"
BigCodeBench,BigCodeBench/1037,python,True,100.0,True,True,True,233,233,234,234,,
BigCodeBench,BigCodeBench/1037,kern_compact,True,100.0,True,True,True,233,178,234,180,,
BigCodeBench,BigCodeBench/1037,python_minifier,True,100.0,True,True,False,233,179,234,183,,
BigCodeBench,BigCodeBench/1037,sigil,True,75.0,False,False,,233,228,234,230,decode,"ValueError: Parse errors in Sigil source:
line 1, col 1: unexpected token '<pandas>\n<sklearn.cluster.KMeans>\n<matpl' in: <pandas>"
BigCodeBench,BigCodeBench/1038,python,True,100.0,True,True,True,73,73,73,73,,
BigCodeBench,BigCodeBench/1038,kern_compact,True,100.0,True,True,True,73,59,73,59,,
BigCodeBench,BigCodeBench/1038,python_minifier,True,100.0,True,True,False,73,63,73,63,,
BigCodeBench,BigCodeBench/1038,sigil,True,100.0,False,False,,73,58,73,58,decode,"ValueError: Parse errors in Sigil source:
line 1, col 1: unexpected token '<datetime.datetime>\n<json>\nSERVER_ADDRES' in: <datetime.datetime>"
BigCodeBench,BigCodeBench/1039,python,True,100.0,True,True,True,211,211,213,213,,
BigCodeBench,BigCodeBench/1039,kern_compact,True,100.0,True,True,True,211,166,213,167,,
BigCodeBench,BigCodeBench/1039,python_minifier,True,100.0,True,True,False,211,173,213,175,,
BigCodeBench,BigCodeBench/1039,sigil,True,75.0,False,False,,211,242,213,243,decode,"ValueError: Parse errors in Sigil source:
line 1, col 1: unexpected token '<ssl>\n<os>\n<hashlib>\n;; TODO: manual con' in: <ssl>"
BigCodeBench,BigCodeBench/1040,python,True,100.0,True,True,True,350,350,357,357,,
BigCodeBench,BigCodeBench/1040,kern_compact,True,100.0,True,True,True,350,267,357,269,,
BigCodeBench,BigCodeBench/1040,python_minifier,True,100.0,True,True,False,350,290,357,291,,
BigCodeBench,BigCodeBench/1040,sigil,True,80.0,False,False,,350,386,357,393,decode,"ValueError: Parse errors in Sigil source:
line 1, col 1: unexpected token '<socket>\n<select>\n<queue>\n<datetime.date' in: <socket>"
BigCodeBench,BigCodeBench/1041,python,True,100.0,True,True,True,193,193,194,194,,
BigCodeBench,BigCodeBench/1041,kern_compact,True,100.0,True,False,,193,150,194,152,parse,"SyntaxError: unterminated string literal (detected at line 10) (<unknown>, line 10)"
BigCodeBench,BigCodeBench/1041,python_minifier,True,100.0,True,True,False,193,164,194,166,,
BigCodeBench,BigCodeBench/1041,sigil,True,100.0,False,False,,193,155,194,154,decode,"ValueError: Parse errors in Sigil source:
line 3, col 120: unexpected token ""? !{open file_name 'rb' |~ file -> conte"" in: @tf re = match:re.match '^GET /([\\w\\.\\-]+) HTTP/1\\.1$' re match ? file_name:match.group 1 os.path.exists file_name ? !{open file_name 'rb' |~ file -> content:file.read() response:f""HTTP/1.1 200…"
BigCodeBench,BigCodeBench/1042,python,True,100.0,True,True,True,197,197,200,200,,
BigCodeBench,BigCodeBench/1042,kern_compact,True,100.0,True,True,True,197,174,200,179,,
BigCodeBench,BigCodeBench/1042,python_minifier,True,100.0,True,True,False,197,178,200,183,,
BigCodeBench,BigCodeBench/1042,sigil,True,100.0,False,False,,197,160,200,161,decode,"ValueError: Parse errors in Sigil source:
line 1, col 1: unexpected token '<smtplib>\n<email.message.EmailMessage>\n<' in: <smtplib>"
BigCodeBench,BigCodeBench/1043,python,True,100.0,True,True,True,226,226,227,227,,
BigCodeBench,BigCodeBench/1043,kern_compact,True,100.0,True,True,True,226,143,227,148,,
BigCodeBench,BigCodeBench/1043,python_minifier,True,100.0,True,True,False,226,147,227,151,,
BigCodeBench,BigCodeBench/1043,sigil,True,75.0,False,False,,226,205,227,207,decode,"ValueError: Parse errors in Sigil source:
line 1, col 1: unexpected token '<pandas>\n<matplotlib.pyplot>\nCATEGORIES:' in: <pandas>"
BigCodeBench,BigCodeBench/1044,python,True,100.0,True,True,True,205,205,209,209,,
BigCodeBench,BigCodeBench/1044,kern_compact,True,100.0,True,True,True,205,145,209,149,,
BigCodeBench,BigCodeBench/1044,python_minifier,True,100.0,True,True,False,205,153,209,157,,
BigCodeBench,BigCodeBench/1044,sigil,True,75.0,False,False,,205,192,209,196,decode,"ValueError: Parse errors in Sigil source:
line 1, col 1: unexpected token ""<pandas>\n<datetime.datetime>\nROOMS:['Roo"" in: <pandas>"
BigCodeBench,BigCodeBench/1045,python,True,100.0,True,True,True,229,229,229,229,,
BigCodeBench,BigCodeBench/1045,kern_compact,True,100.0,True,True,False,229,137,229,136,ast,normalized AST differs
BigCodeBench,BigCodeBench/1045,python_minifier,True,100.0,True,True,False,229,141,229,140,,
BigCodeBench,BigCodeBench/1045,sigil,True,100.0,False,False,,229,145,229,145,decode,"ValueError: Parse errors in Sigil source:
line 1, col 1: unexpected token '<datetime.datetime>\n<numpy>\n<dateutil.pa' in: <datetime.datetime>"
BigCodeBench,BigCodeBench/1046,python,True,100.0,True,True,True,116,116,118,118,,
BigCodeBench,BigCodeBench/1046,kern_compact,True,100.0,True,True,True,116,77,118,78,,
BigCodeBench,BigCodeBench/1046,python_minifier,True,100.0,True,True,False,116,81,118,82,,
BigCodeBench,BigCodeBench/1046,sigil,True,100.0,False,False,,116,79,118,80,decode,"ValueError: Parse errors in Sigil source:
line 1, col 1: unexpected token '<datetime.datetime>\n<pandas>\n<itertools.' in: <datetime.datetime>"
BigCodeBench,BigCodeBench/1047,python,True,100.0,True,True,True,80,80,80,80,,
BigCodeBench,BigCodeBench/1047,kern_compact,True,100.0,True,True,True,80,59,80,62,,
BigCodeBench,BigCodeBench/1047,python_minifier,True,100.0,True,True,False,80,61,80,64,,
BigCodeBench,BigCodeBench/1047,sigil,True,100.0,False,False,,80,60,80,62,decode,"ValueError: Parse errors in Sigil source:
line 4, col 65: unexpected token '.day random_values:[_ <- range num_of_va' in: @tf da = date:datetime.strptime da '%Y-%m-%d' num_of_values:date.day random_values:[_ <- range num_of_values => random.randint 1 100] (_ ax):plt.subplots() ax.plot random_values ax"
BigCodeBench,BigCodeBench/1048,python,True,100.0,True,True,True,108,108,108,108,,
BigCodeBench,BigCodeBench/1048,kern_compact,True,100.0,True,True,True,108,85,108,87,,
BigCodeBench,BigCodeBench/1048,python_minifier,True,100.0,True,True,False,108,89,108,92,,
BigCodeBench,BigCodeBench/1048,sigil,True,100.0,False,False,,108,78,108,80,decode,"ValueError: Parse errors in Sigil source:
line 4, col 51: unexpected token '.linspace 0 2*np.pi 1000 frequency:date.' in: @tf da = date:datetime.strptime da '%Y-%m-%d' x:np.linspace 0 2*np.pi 1000 frequency:date.day y:np.sin frequency*x (_ ax):plt.subplots() ax.plot x y ax.set_title f""Sine Wave for {da} (Frequency: {fr…"
BigCodeBench,BigCodeBench/1049,python,True,100.0,True,True,True,119,119,122,122,,
BigCodeBench,BigCodeBench/1049,kern_compact,True,100.0,True,True,True,119,72,122,75,,
BigCodeBench,BigCodeBench/1049,python_minifier,True,100.0,True,True,False,119,71,122,73,,
BigCodeBench,BigCodeBench/1049,sigil,True,100.0,False,False,,119,67,122,69,decode,"ValueError: Parse errors in Sigil source:
line 1, col 1: unexpected token '<re>\n<pandas>\n@tf s:s>pd.DataFrame = s:s' in: <re>"
BigCodeBench,BigCodeBench/1050,python,True,100.0,True,True,True,140,140,142,142,,
BigCodeBench,BigCodeBench/1050,kern_compact,True,100.0,True,True,True,140,99,142,102,,
BigCodeBench,BigCodeBench/1050,python_minifier,True,100.0,True,True,False,140,107,142,108,,
BigCodeBench,BigCodeBench/1050,sigil,True,75.0,False,False,,140,150,142,152,decode,"ValueError: Parse errors in Sigil source:
line 1, col 1: unexpected token ""<os>\n<hashlib>\nDIRECTORY:'./hashed_files"" in: <os>"
BigCodeBench,BigCodeBench/1051,python,True,100.0,True,True,True,188,188,187,187,,
BigCodeBench,BigCodeBench/1051,kern_compact,True,100.0,True,True,True,188,139,187,142,,
BigCodeBench,BigCodeBench/1051,python_minifier,True,100.0,True,True,False,188,135,187,137,,
BigCodeBench,BigCodeBench/1051,sigil,True,100.0,False,False,,188,137,187,137,decode,"ValueError: Parse errors in Sigil source:
line 4, col 85: unexpected token '.Counter da counts:list data_counter.val' in: @tf da = !da ? (None 'The distribution is uniform.') : None data_counter:collections.Counter da counts:list data_counter.values() avg_count:sum counts/len counts uniform:all (abs(count - avg_count) …"
BigCodeBench,BigCodeBench/1052,python,True,100.0,True,True,True,293,293,301,301,,
BigCodeBench,BigCodeBench/1052,kern_compact,True,100.0,True,True,True,293,203,301,212,,
BigCodeBench,BigCodeBench/1052,python_minifier,True,100.0,True,True,False,293,215,301,227,,
BigCodeBench,BigCodeBench/1052,sigil,True,100.0,False,False,,293,213,301,220,decode,"ValueError: Parse errors in Sigil source:
line 1, col 1: unexpected token '<pandas>\n<sklearn.feature_extraction.tex' in: <pandas>"
BigCodeBench,BigCodeBench/1053,python,True,100.0,True,True,True,333,333,345,345,,
BigCodeBench,BigCodeBench/1053,kern_compact,True,100.0,True,True,True,333,225,345,236,,
BigCodeBench,BigCodeBench/1053,python_minifier,True,100.0,True,True,False,333,240,345,253,,
BigCodeBench,BigCodeBench/1053,sigil,True,80.0,False,False,,333,299,345,312,decode,"ValueError: Parse errors in Sigil source:
line 1, col 1: unexpected token '<pandas>\n<sklearn.feature_extraction.tex' in: <pandas>"
BigCodeBench,BigCodeBench/1054,python,True,100.0,True,True,True,244,244,246,246,,
BigCodeBench,BigCodeBench/1054,kern_compact,True,100.0,True,True,True,244,188,246,194,,
BigCodeBench,BigCodeBench/1054,python_minifier,True,100.0,True,True,False,244,190,246,196,,
BigCodeBench,BigCodeBench/1054,sigil,True,80.0,False,False,,244,264,246,267,decode,"ValueError: Parse errors in Sigil source:
line 1, col 1: unexpected token '<csv>\n<numpy>\n<scipy.stats>\n<matplotlib.' in: <csv>"
BigCodeBench,BigCodeBench/1055,python,True,100.0,True,True,True,112,112,113,113,,
BigCodeBench,BigCodeBench/1055,kern_compact,True,100.0,True,True,True,112,83,113,84,,
BigCodeBench,BigCodeBench/1055,python_minifier,True,100.0,True,True,False,112,95,113,96,,
BigCodeBench,BigCodeBench/1055,sigil,True,100.0,False,False,,112,84,113,85,decode,"ValueError: Parse errors in Sigil source:
line 4, col 258: unexpected token '.DataFrame data df' in: @tf co st = combinations:list itertools.product co st random.seed 42 random.shuffle combinations num_columns:min len co len st data:{f'Color:State {i + 1}': [f'{comb[0]}:{comb[1]}' for comb in combinations[i::num_column…"
BigCodeBench,BigCodeBench/1056,python,True,100.0,True,True,True,192,192,193,193,,
BigCodeBench,BigCodeBench/1056,kern_compact,True,100.0,True,True,True,192,148,193,151,,
BigCodeBench,BigCodeBench/1056,python_minifier,True,100.0,True,True,False,192,151,193,154,,
BigCodeBench,BigCodeBench/1056,sigil,True,83.33333333333334,False,False,,192,195,193,197,decode,"ValueError: Parse errors in Sigil source:
line 1, col 1: unexpected token '<numpy>\n<random>\n<matplotlib.pyplot>\nLET' in: <numpy>"
BigCodeBench,BigCodeBench/1057,python,True,100.0,True,True,True,212,212,210,210,,
BigCodeBench,BigCodeBench/1057,kern_compact,True,100.0,True,True,True,212,128,210,127,,
BigCodeBench,BigCodeBench/1057,python_minifier,True,100.0,True,True,False,212,145,210,143,,
BigCodeBench,BigCodeBench/1057,sigil,True,100.0,False,False,,212,143,210,140,decode,"ValueError: Parse errors in Sigil source:
line 4, col 113: unexpected token "": None fo is None ? fo:['Meat' 'Fish' '"" in: @tf an fo = an is None ? an:['Dog' 'Cat' 'Elephant' 'Tiger' 'Lion' 'Zebra' 'Giraffe' 'Bear' 'Monkey' 'Kangaroo'] : None fo is None ? fo:['Meat' 'Fish' 'Grass' 'Fruits' 'Insects' 'Seeds' 'Leaves'] : …"
BigCodeBench,BigCodeBench/1058,python,True,100.0,True,True,True,220,220,222,222,,
BigCodeBench,BigCodeBench/1058,kern_compact,True,100.0,True,True,True,220,147,222,148,,
BigCodeBench,BigCodeBench/1058,python_minifier,True,100.0,True,True,False,220,150,222,151,,
BigCodeBench,BigCodeBench/1058,sigil,True,100.0,False,False,,220,153,222,155,decode,"ValueError: Parse errors in Sigil source:
line 1, col 1: unexpected token '<itertools>\n<seaborn>\n<matplotlib.pyplot' in: <itertools>"
BigCodeBench,BigCodeBench/1059,python,True,100.0,True,True,True,234,234,235,235,,
BigCodeBench,BigCodeBench/1059,kern_compact,True,100.0,True,True,True,234,123,235,123,,
BigCodeBench,BigCodeBench/1059,python_minifier,True,100.0,True,True,False,234,127,235,127,,
BigCodeBench,BigCodeBench/1059,sigil,True,100.0,False,False,,234,133,235,132,decode,"ValueError: Parse errors in Sigil source:
line 1, col 1: unexpected token '<numpy>\n<random>\n<itertools>\n<pandas>\nPL' in: <numpy>"
BigCodeBench,BigCodeBench/1060,python,True,100.0,True,True,True,260,260,262,262,,
BigCodeBench,BigCodeBench/1060,kern_compact,True,100.0,True,True,True,260,202,262,207,,
BigCodeBench,BigCodeBench/1060,python_minifier,True,100.0,True,True,False,260,191,262,196,,
BigCodeBench,BigCodeBench/1060,sigil,True,100.0,False,False,,260,209,262,212,decode,"ValueError: Parse errors in Sigil source:
line 1, col 1: unexpected token '<pandas>\n<matplotlib.pyplot>\n@tf df:pd.D' in: <pandas>"
BigCodeBench,BigCodeBench/1061,python,True,100.0,True,True,True,221,221,221,221,,
BigCodeBench,BigCodeBench/1061,kern_compact,True,100.0,True,True,True,221,134,221,137,,
BigCodeBench,BigCodeBench/1061,python_minifier,True,100.0,True,True,False,221,125,221,128,,
BigCodeBench,BigCodeBench/1061,sigil,True,100.0,False,False,,221,149,221,151,decode,"ValueError: Parse errors in Sigil source:
line 1, col 1: unexpected token '<numpy>\n<matplotlib.pyplot>\n<scipy.stats' in: <numpy>"
BigCodeBench,BigCodeBench/1062,python,True,100.0,True,True,True,116,116,117,117,,
BigCodeBench,BigCodeBench/1062,kern_compact,True,100.0,True,True,True,116,91,117,93,,
BigCodeBench,BigCodeBench/1062,python_minifier,True,100.0,True,True,False,116,89,117,91,,
BigCodeBench,BigCodeBench/1062,sigil,True,100.0,False,False,,116,91,117,93,decode,"ValueError: Parse errors in Sigil source:
line 3, col 103: unexpected token '.sum axis:1 df:pd.DataFrame row_sums col' in: @tf ar = !ar.size ? (_ ax):plt.subplots() ax.set_title 'Time Series of Row Sums' ax : None row_sums:ar.sum axis:1 df:pd.DataFrame row_sums columns:['Sum'] df.index:pd.date_range start:'1/1/2020' pe…"
BigCodeBench,BigCodeBench/1063,python,True,100.0,True,True,True,117,117,120,120,,
BigCodeBench,BigCodeBench/1063,kern_compact,True,100.0,True,True,True,117,92,120,93,,
BigCodeBench,BigCodeBench/1063,python_minifier,True,100.0,True,True,False,117,93,120,94,,
BigCodeBench,BigCodeBench/1063,sigil,True,100.0,False,False,,117,90,120,94,decode,"ValueError: Parse errors in Sigil source:
line 3, col 92: unexpected token ':plt.subplots() ax.bar [0] pca.explained' in: @tf ar = row_sums:ar.sum axis:1 pca:PCA n_components:1 pca.fit row_sums.reshape -1 1 (_ ax):plt.subplots() ax.bar [0] pca.explained_variance_ratio_ ax.set_title 'Explained Variance Ratio of Principa…"
BigCodeBench,BigCodeBench/1064,python,True,100.0,True,True,True,116,116,123,123,,
BigCodeBench,BigCodeBench/1064,kern_compact,True,100.0,True,True,True,116,66,123,66,,
BigCodeBench,BigCodeBench/1064,python_minifier,True,100.0,True,True,False,116,68,123,68,,
BigCodeBench,BigCodeBench/1064,sigil,True,100.0,False,False,,116,60,123,63,decode,"ValueError: Parse errors in Sigil source:
line 3, col 40: unexpected token '.max ar vmin:np.min ar ax:sns.heatmap ar' in: @tf ar = row_sums:ar.sum axis:1 vmax:np.max ar vmin:np.min ar ax:sns.heatmap ar annot:True vmax:vmax vmin:vmin ax.set_title 'Heatmap of the 2D Array' ax"
BigCodeBench,BigCodeBench/1065,python,True,100.0,True,True,True,72,72,73,73,,
BigCodeBench,BigCodeBench/1065,kern_compact,True,100.0,True,True,True,72,56,73,57,,
BigCodeBench,BigCodeBench/1065,python_minifier,True,100.0,True,True,False,72,57,73,58,,
BigCodeBench,BigCodeBench/1065,sigil,True,100.0,False,False,,72,59,73,60,decode,"ValueError: Parse errors in Sigil source:
line 3, col 57: unexpected token '.fft row_sums (_ ax):plt.subplots() ax.p' in: @tf ar = row_sums:ar.sum axis:1 fft_coefficients:fftpack.fft row_sums (_ ax):plt.subplots() ax.plot np.abs fft_coefficients ax.set_title 'Absolute values of FFT coefficients' ax"
BigCodeBench,BigCodeBench/1066,python,True,100.0,True,True,True,234,234,246,246,,
BigCodeBench,BigCodeBench/1066,kern_compact,True,100.0,True,True,True,234,143,246,148,,
BigCodeBench,BigCodeBench/1066,python_minifier,True,100.0,True,True,False,234,146,246,153,,
BigCodeBench,BigCodeBench/1066,sigil,True,100.0,False,False,,234,152,246,161,decode,"ValueError: Parse errors in Sigil source:
line 1, col 1: unexpected token '<numpy>\n<matplotlib.pyplot>\nNUM_SAMPLES:' in: <numpy>"
BigCodeBench,BigCodeBench/1067,python,True,100.0,True,True,True,163,163,164,164,,
BigCodeBench,BigCodeBench/1067,kern_compact,True,100.0,True,True,True,163,117,164,120,,
BigCodeBench,BigCodeBench/1067,python_minifier,True,100.0,True,True,False,163,120,164,122,,
BigCodeBench,BigCodeBench/1067,sigil,True,66.66666666666666,False,False,,163,163,164,164,decode,"ValueError: Parse errors in Sigil source:
line 1, col 1: unexpected token '<requests>\n<logging>\n;; TODO: manual con' in: <requests>"
BigCodeBench,BigCodeBench/1068,python,True,100.0,True,True,True,122,122,122,122,,
BigCodeBench,BigCodeBench/1068,kern_compact,True,100.0,True,True,True,122,104,122,106,,
BigCodeBench,BigCodeBench/1068,python_minifier,True,100.0,True,True,False,122,110,122,110,,
BigCodeBench,BigCodeBench/1068,sigil,True,75.0,False,False,,122,138,122,138,decode,"ValueError: Parse errors in Sigil source:
line 1, col 1: unexpected token '<warnings>\n<sqlite3>\n<pandas>\n;; TODO: m' in: <warnings>"
BigCodeBench,BigCodeBench/1069,python,True,100.0,True,True,True,125,125,126,126,,
BigCodeBench,BigCodeBench/1069,kern_compact,True,100.0,True,True,True,125,82,126,85,,
BigCodeBench,BigCodeBench/1069,python_minifier,True,100.0,True,True,False,125,87,126,90,,
BigCodeBench,BigCodeBench/1069,sigil,True,66.66666666666666,False,False,,125,124,126,126,decode,"ValueError: Parse errors in Sigil source:
line 1, col 1: unexpected token '<pandas>\n<matplotlib.pyplot>\n;; TODO: ma' in: <pandas>"
BigCodeBench,BigCodeBench/1070,python,True,100.0,True,True,True,118,118,119,119,,
BigCodeBench,BigCodeBench/1070,kern_compact,True,100.0,True,True,True,118,83,119,84,,
BigCodeBench,BigCodeBench/1070,python_minifier,True,100.0,True,True,False,118,89,119,89,,
BigCodeBench,BigCodeBench/1070,sigil,True,75.0,False,False,,118,127,119,128,decode,"ValueError: Parse errors in Sigil source:
line 1, col 1: unexpected token '<pandas>\n<random.shuffle>\nPOSSIBLE_VALUE' in: <pandas>"
BigCodeBench,BigCodeBench/1071,python,True,100.0,True,True,True,113,113,114,114,,
BigCodeBench,BigCodeBench/1071,kern_compact,True,100.0,True,True,True,113,84,114,86,,
BigCodeBench,BigCodeBench/1071,python_minifier,True,100.0,True,True,False,113,84,114,86,,
BigCodeBench,BigCodeBench/1071,sigil,True,83.33333333333334,False,False,,113,124,114,127,decode,"ValueError: Parse errors in Sigil source:
line 1, col 1: unexpected token '<matplotlib.pyplot>\n<itertools.cycle>\n<n' in: <matplotlib.pyplot>"
BigCodeBench,BigCodeBench/1072,python,True,100.0,True,True,True,73,73,74,74,,
BigCodeBench,BigCodeBench/1072,kern_compact,True,100.0,True,True,True,73,51,74,51,,
BigCodeBench,BigCodeBench/1072,python_minifier,True,100.0,True,True,False,73,52,74,52,,
BigCodeBench,BigCodeBench/1072,sigil,True,66.66666666666666,False,False,,73,84,74,85,decode,"ValueError: Parse errors in Sigil source:
line 1, col 1: unexpected token '<pandas>\n<numpy>\n;; TODO: manual convers' in: <pandas>"
BigCodeBench,BigCodeBench/1073,python,True,100.0,True,True,True,102,102,103,103,,
BigCodeBench,BigCodeBench/1073,kern_compact,True,100.0,True,True,True,102,84,103,87,,
BigCodeBench,BigCodeBench/1073,python_minifier,True,100.0,True,True,False,102,85,103,88,,
BigCodeBench,BigCodeBench/1073,sigil,True,100.0,False,False,,102,64,103,65,decode,"ValueError: Parse errors in Sigil source:
line 1, col 1: unexpected token '<time>\n<matplotlib.pyplot>\n@tf ti ti2 =' in: <time>"
BigCodeBench,BigCodeBench/1074,python,True,100.0,True,True,True,106,106,108,108,,
BigCodeBench,BigCodeBench/1074,kern_compact,True,100.0,True,True,True,106,88,108,90,,
BigCodeBench,BigCodeBench/1074,python_minifier,True,100.0,True,True,False,106,89,108,90,,
BigCodeBench,BigCodeBench/1074,sigil,True,100.0,False,False,,106,75,108,77,decode,"ValueError: Parse errors in Sigil source:
line 1, col 1: unexpected token '<pytz>\n<dateutil.parser.parse>\nTIME_FORM' in: <pytz>"
BigCodeBench,BigCodeBench/1075,python,True,100.0,True,True,True,137,137,141,141,,
BigCodeBench,BigCodeBench/1075,kern_compact,True,100.0,True,True,True,137,100,141,104,,
BigCodeBench,BigCodeBench/1075,python_minifier,True,100.0,True,True,False,137,101,141,106,,
BigCodeBench,BigCodeBench/1075,sigil,True,100.0,False,False,,137,92,141,96,decode,"ValueError: Parse errors in Sigil source:
line 1, col 1: unexpected token '<datetime>\n<numpy>\n<matplotlib.pyplot>\nT' in: <datetime>"
BigCodeBench,BigCodeBench/1076,python,True,100.0,True,True,True,169,169,172,172,,
BigCodeBench,BigCodeBench/1076,kern_compact,True,100.0,True,True,True,169,116,172,118,,
BigCodeBench,BigCodeBench/1076,python_minifier,True,100.0,True,True,False,169,119,172,121,,
BigCodeBench,BigCodeBench/1076,sigil,True,50.0,False,False,,169,167,172,169,decode,"ValueError: Parse errors in Sigil source:
line 1, col 1: unexpected token '<datetime.datetime>\n<pandas>\n;; TODO: ma' in: <datetime.datetime>"
BigCodeBench,BigCodeBench/1077,python,True,100.0,True,True,True,150,150,152,152,,
BigCodeBench,BigCodeBench/1077,kern_compact,True,100.0,True,True,False,150,110,152,112,ast,normalized AST differs
BigCodeBench,BigCodeBench/1077,python_minifier,True,100.0,True,True,False,150,113,152,115,,
BigCodeBench,BigCodeBench/1077,sigil,True,100.0,False,False,,150,110,152,111,decode,"ValueError: Parse errors in Sigil source:
line 4, col 50: unexpected token '.timezone ti2 parsed_times:[ts <- ti =>' in: @tf ti ti2 = len ti<2 ? 0.0 : None time_zone:pytz.timezone ti2 parsed_times:[ts <- ti => datetime.strptime ts '%d/%m/%y %H:%M:%S.%f'.replace tzinfo:pytz.UTC.astimezone time_zone] differences:[(t1 t2)…"
BigCodeBench,BigCodeBench/1078,python,True,100.0,True,True,True,104,104,103,103,,
BigCodeBench,BigCodeBench/1078,kern_compact,True,100.0,True,True,True,104,77,103,79,,
BigCodeBench,BigCodeBench/1078,python_minifier,True,100.0,True,True,False,104,78,103,80,,
BigCodeBench,BigCodeBench/1078,sigil,True,100.0,False,False,,104,78,103,79,decode,"ValueError: Parse errors in Sigil source:
line 1, col 1: unexpected token '<numpy>\n<matplotlib.pyplot>\n@tf ar = (un' in: <numpy>"
BigCodeBench,BigCodeBench/1079,python,True,100.0,True,True,True,202,202,209,209,,
BigCodeBench,BigCodeBench/1079,kern_compact,True,100.0,True,True,True,202,132,209,141,,
BigCodeBench,BigCodeBench/1079,python_minifier,True,100.0,True,True,False,202,127,209,132,,
BigCodeBench,BigCodeBench/1079,sigil,True,100.0,False,False,,202,141,209,149,decode,"ValueError: Parse errors in Sigil source:
line 4, col 46: unexpected token "":df['Price_String'].apply x->float x.rep"" in: @tf da = df:pd.DataFrame da df['Price_Float']:df['Price_String'].apply x->float x.replace ',' '' mean_price:np.mean df['Price_Float'] median_price:np.median df['Price_Float'] std_dev_price:np.std df…"
BigCodeBench,BigCodeBench/1080,python,True,100.0,True,True,True,205,205,215,215,,
BigCodeBench,BigCodeBench/1080,kern_compact,True,100.0,True,True,True,205,131,215,136,,
BigCodeBench,BigCodeBench/1080,python_minifier,True,100.0,True,True,False,205,137,215,141,,
BigCodeBench,BigCodeBench/1080,sigil,True,100.0,False,False,,205,135,215,142,decode,"ValueError: Parse errors in Sigil source:
line 1, col 1: unexpected token '<pandas>\n<sklearn.linear_model.LinearReg' in: <pandas>"
BigCodeBench,BigCodeBench/1081,python,True,100.0,True,True,True,182,182,188,188,,
BigCodeBench,BigCodeBench/1081,kern_compact,True,100.0,True,True,True,182,126,188,132,,
BigCodeBench,BigCodeBench/1081,python_minifier,True,100.0,True,True,False,182,133,188,138,,
BigCodeBench,BigCodeBench/1081,sigil,True,66.66666666666666,False,False,,182,170,188,174,decode,"ValueError: Parse errors in Sigil source:
line 1, col 1: unexpected token '<pandas>\n<seaborn>\n;; TODO: manual conve' in: <pandas>"
BigCodeBench,BigCodeBench/1082,python,True,100.0,True,True,True,117,117,120,120,,
BigCodeBench,BigCodeBench/1082,kern_compact,True,100.0,True,True,True,117,79,120,83,,
BigCodeBench,BigCodeBench/1082,python_minifier,True,100.0,True,True,False,117,84,120,86,,
BigCodeBench,BigCodeBench/1082,sigil,True,100.0,False,False,,117,79,120,82,decode,"ValueError: Parse errors in Sigil source:
line 3, col 76: unexpected token "":df['Score_String'].astype float df['Gra"" in: @tf da = df:pd.DataFrame da len df<2 ? float 'nan' : None df['Score_Float']:df['Score_String'].astype float df['Grade_Encoded']:df['Grade'].astype 'category'.cat.codes correlation:pearsonr df['Score…"
BigCodeBench,BigCodeBench/1083,python,True,100.0,True,True,True,291,291,300,300,,
BigCodeBench,BigCodeBench/1083,kern_compact,True,100.0,True,True,True,291,187,300,198,,
BigCodeBench,BigCodeBench/1083,python_minifier,True,100.0,True,True,False,291,190,300,200,,
BigCodeBench,BigCodeBench/1083,sigil,True,75.0,False,False,,291,242,300,250,decode,"ValueError: Parse errors in Sigil source:
line 1, col 1: unexpected token '<pandas>\n<sklearn.preprocessing.MinMaxSc' in: <pandas>"
BigCodeBench,BigCodeBench/1084,python,True,100.0,True,True,True,244,244,245,245,,
BigCodeBench,BigCodeBench/1084,kern_compact,True,100.0,True,True,True,244,153,245,154,,
BigCodeBench,BigCodeBench/1084,python_minifier,True,100.0,True,True,False,244,151,245,153,,
BigCodeBench,BigCodeBench/1084,sigil,True,66.66666666666666,False,False,,244,222,245,223,decode,"ValueError: Parse errors in Sigil source:
line 1, col 1: unexpected token '<pandas>\n<sklearn.feature_selection.f_on' in: <pandas>"
BigCodeBench,BigCodeBench/1085,python,True,100.0,True,True,True,131,131,132,132,,
BigCodeBench,BigCodeBench/1085,kern_compact,True,100.0,True,True,True,131,73,132,75,,
BigCodeBench,BigCodeBench/1085,python_minifier,True,100.0,True,True,False,131,73,132,76,,
BigCodeBench,BigCodeBench/1085,sigil,True,100.0,False,False,,131,83,132,85,decode,"ValueError: Parse errors in Sigil source:
line 4, col 81: unexpected token '.split() word_counts:Counter words most_' in: @tf te = cleaned_text:re.sub f""[{punctuation}]"" '' te.lower() words:cleaned_text.split() word_counts:Counter words most_common_words:word_counts.most_common 10 (_ ax):plt.subplots() most_common_word…"
BigCodeBench,BigCodeBench/1086,python,True,100.0,True,True,True,110,110,116,116,,
BigCodeBench,BigCodeBench/1086,kern_compact,True,100.0,True,True,True,110,77,116,83,,
BigCodeBench,BigCodeBench/1086,python_minifier,True,100.0,True,True,False,110,81,116,87,,
BigCodeBench,BigCodeBench/1086,sigil,True,100.0,False,False,,110,76,116,83,decode,"ValueError: Parse errors in Sigil source:
line 1, col 1: unexpected token '<string>\n<random>\n<pandas>\n<numpy>\nNUM_S' in: <string>"
BigCodeBench,BigCodeBench/1087,python,True,100.0,True,True,True,192,192,195,195,,
BigCodeBench,BigCodeBench/1087,kern_compact,True,100.0,True,True,True,192,131,195,137,,
BigCodeBench,BigCodeBench/1087,python_minifier,True,100.0,True,True,False,192,134,195,139,,
BigCodeBench,BigCodeBench/1087,sigil,True,100.0,False,False,,192,124,195,124,decode,"ValueError: Parse errors in Sigil source:
line 4, col 357: unexpected token '.skew sample kurtosis:stats.kurtosis sam' in: @tf me st sa = sample:np.random.normal me st 1000 plot_paths:[] plt.figure() plt.hist sample bins:50 sa ? hist_path:'histogram_plot.png' plt.savefig hist_path plt.close() plot_paths.append hist_pat…"
BigCodeBench,BigCodeBench/1088,python,True,100.0,True,True,True,94,94,96,96,,
BigCodeBench,BigCodeBench/1088,kern_compact,True,100.0,True,True,True,94,65,96,67,,
BigCodeBench,BigCodeBench/1088,python_minifier,True,100.0,True,True,False,94,73,96,75,,
BigCodeBench,BigCodeBench/1088,sigil,True,100.0,False,False,,94,71,96,73,decode,"ValueError: Parse errors in Sigil source:
line 4, col 46: unexpected token ': None df:pd.DataFrame da df[df<0.5]:0' in: @tf da = da is None ? da:np.random.rand 100 5 : None df:pd.DataFrame da df[df<0.5]:0 scaler:StandardScaler() scaled_data:scaler.fit_transform df standardized_df:pd.DataFrame scaled_data columns:df.col…"
BigCodeBench,BigCodeBench/1089,python,True,100.0,True,True,True,74,74,77,77,,
BigCodeBench,BigCodeBench/1089,kern_compact,True,100.0,True,True,True,74,56,77,59,,
BigCodeBench,BigCodeBench/1089,python_minifier,True,100.0,True,True,False,74,60,77,62,,
BigCodeBench,BigCodeBench/1089,sigil,True,100.0,False,False,,74,51,77,51,decode,"ValueError: Parse errors in Sigil source:
line 3, col 96: unexpected token '.sum numeric_values category_counts:Coun' in: @tf li = numeric_values:[pair <- li => pair[0]] categories:[pair <- li => pair[1]] total_sum:np.sum numeric_values category_counts:Counter categories (total_sum dict category_counts)"
BigCodeBench,BigCodeBench/1090,python,True,100.0,True,True,True,83,83,84,84,,
BigCodeBench,BigCodeBench/1090,kern_compact,True,100.0,True,True,True,83,59,84,60,,
BigCodeBench,BigCodeBench/1090,python_minifier,True,100.0,True,True,False,83,65,84,66,,
BigCodeBench,BigCodeBench/1090,sigil,True,75.0,False,False,,83,101,84,102,decode,"ValueError: Parse errors in Sigil source:
line 1, col 1: unexpected token '<ast>\n<json>\n<collections.Counter>\n;; TO' in: <ast>"
BigCodeBench,BigCodeBench/1091,python,True,100.0,True,True,True,79,79,80,80,,
BigCodeBench,BigCodeBench/1091,kern_compact,True,100.0,True,True,True,79,62,80,63,,
BigCodeBench,BigCodeBench/1091,python_minifier,True,100.0,True,True,False,79,63,80,64,,
BigCodeBench,BigCodeBench/1091,sigil,True,80.0,False,False,,79,91,80,92,decode,"ValueError: Parse errors in Sigil source:
line 1, col 1: unexpected token ""<ast>\n<os>\n<glob>\nDIRECTORY:'data'\n;; TO"" in: <ast>"
BigCodeBench,BigCodeBench/1092,python,True,100.0,True,True,True,94,94,96,96,,
BigCodeBench,BigCodeBench/1092,kern_compact,True,100.0,True,True,True,94,74,96,76,,
BigCodeBench,BigCodeBench/1092,python_minifier,True,100.0,True,True,False,94,76,96,78,,
BigCodeBench,BigCodeBench/1092,sigil,True,75.0,False,False,,94,116,96,118,decode,"ValueError: Parse errors in Sigil source:
line 1, col 1: unexpected token '<ast>\n<requests>\n<bs4.BeautifulSoup>\n;;' in: <ast>"
BigCodeBench,BigCodeBench/1093,python,True,100.0,True,True,True,102,102,102,102,,
BigCodeBench,BigCodeBench/1093,kern_compact,True,100.0,True,True,True,102,69,102,68,,
BigCodeBench,BigCodeBench/1093,python_minifier,True,100.0,True,True,False,102,70,102,70,,
BigCodeBench,BigCodeBench/1093,sigil,True,100.0,False,False,,102,72,102,71,decode,"ValueError: Parse errors in Sigil source:
line 3, col 42: unexpected token "":file.read() pattern:re.compile '\\\\{[^{}"" in: @tf s:s>list = open s 'r' |~ file -> text:file.read() pattern:re.compile '\\{[^{}]*\\{[^{}]*\\}[^{}]*\\}|\\{[^{}]*\\}' matches:pattern.findall text results:[match <- matches => ast.literal_eval ma…"
BigCodeBench,BigCodeBench/1094,python,True,100.0,True,True,True,95,95,97,97,,
BigCodeBench,BigCodeBench/1094,kern_compact,True,100.0,True,True,True,95,78,97,79,,
BigCodeBench,BigCodeBench/1094,python_minifier,True,100.0,True,True,False,95,79,97,80,,
BigCodeBench,BigCodeBench/1094,sigil,True,100.0,False,False,,95,81,97,83,decode,"ValueError: Parse errors in Sigil source:
line 3, col 89: unexpected token '.tokenize te normalized_words:[word <- d' in: @tf te = tokenizer:RegexpTokenizer '\\$\\$+\\w*|\\$\\w+' dollar_prefixed_words:tokenizer.tokenize te normalized_words:[word <- dollar_prefixed_words => len word.lstrip '$'>0 ? word.lstrip '$' : word…"
BigCodeBench,BigCodeBench/1095,python,True,100.0,True,True,True,123,123,126,126,,
BigCodeBench,BigCodeBench/1095,kern_compact,True,100.0,True,True,True,123,94,126,98,,
BigCodeBench,BigCodeBench/1095,python_minifier,True,100.0,True,True,False,123,95,126,98,,
BigCodeBench,BigCodeBench/1095,sigil,True,75.0,False,False,,123,137,126,139,decode,"ValueError: Parse errors in Sigil source:
line 1, col 1: unexpected token '<nltk.tokenize.RegexpTokenizer>\n<string.' in: <nltk.tokenize.RegexpTokenizer>"
BigCodeBench,BigCodeBench/1096,python,True,100.0,True,True,True,142,142,147,147,,
BigCodeBench,BigCodeBench/1096,kern_compact,True,100.0,True,True,True,142,112,147,118,,
BigCodeBench,BigCodeBench/1096,python_minifier,True,100.0,True,True,False,142,117,147,121,,
BigCodeBench,BigCodeBench/1096,sigil,True,83.33333333333334,False,False,,142,155,147,159,decode,"ValueError: Parse errors in Sigil source:
line 1, col 1: unexpected token '<nltk.tokenize.RegexpTokenizer>\n<string.' in: <nltk.tokenize.RegexpTokenizer>"
BigCodeBench,BigCodeBench/1097,python,True,100.0,True,True,True,453,453,456,456,,
BigCodeBench,BigCodeBench/1097,kern_compact,True,100.0,True,True,True,453,285,456,285,,
BigCodeBench,BigCodeBench/1097,python_minifier,True,100.0,True,True,False,453,290,456,290,,
BigCodeBench,BigCodeBench/1097,sigil,True,100.0,False,False,,453,381,456,382,decode,"ValueError: Parse errors in Sigil source:
line 1, col 1: unexpected token '<re>\n<string.punctuation>\nPREDEFINED_STO' in: <re>"
BigCodeBench,BigCodeBench/1098,python,True,100.0,True,True,True,92,92,92,92,,
BigCodeBench,BigCodeBench/1098,kern_compact,True,100.0,True,True,True,92,52,92,54,,
BigCodeBench,BigCodeBench/1098,python_minifier,True,100.0,True,True,False,92,58,92,60,,
BigCodeBench,BigCodeBench/1098,sigil,True,100.0,False,False,,92,50,92,50,decode,"ValueError: Parse errors in Sigil source:
line 3, col 55: unexpected token "".findall '\\\\b\\\\w+\\\\b' te word_freq:Count"" in: @tf te to = te:re.sub 'http[s]?://\\S+' '' te words:re.findall '\\b\\w+\\b' te word_freq:Counter words word_freq.most_common to"
BigCodeBench,BigCodeBench/1099,python,True,100.0,True,True,True,443,443,442,442,,
BigCodeBench,BigCodeBench/1099,kern_compact,True,100.0,True,True,True,443,280,442,279,,
BigCodeBench,BigCodeBench/1099,python_minifier,True,100.0,True,True,False,443,286,442,285,,
BigCodeBench,BigCodeBench/1099,sigil,True,75.0,False,False,,443,403,442,401,decode,"ValueError: Parse errors in Sigil source:
line 1, col 1: unexpected token '<re>\n<collections.Counter>\nPREDEFINED_ST' in: <re>"
BigCodeBench,BigCodeBench/1100,python,True,100.0,True,True,True,157,157,164,164,,
BigCodeBench,BigCodeBench/1100,kern_compact,True,100.0,True,True,True,157,94,164,100,,
BigCodeBench,BigCodeBench/1100,python_minifier,True,100.0,True,True,False,157,100,164,106,,
BigCodeBench,BigCodeBench/1100,sigil,True,100.0,False,False,,157,108,164,115,decode,"ValueError: Parse errors in Sigil source:
line 3, col 53: unexpected token '? ([] []) : None cleaned_texts:[text <-' in: @tf te = all (text.strip() == '' for text in texts) ? ([] []) : None cleaned_texts:[text <- te => re.sub 'http[s]?://\\S+' '' text] vectorizer:TfidfVectorizer() tfidf_matrix:vectorizer.fit_transform …"
BigCodeBench,BigCodeBench/1101,python,True,100.0,True,True,True,90,90,90,90,,
BigCodeBench,BigCodeBench/1101,kern_compact,True,100.0,True,True,True,90,60,90,60,,
BigCodeBench,BigCodeBench/1101,python_minifier,True,100.0,True,True,False,90,63,90,63,,
BigCodeBench,BigCodeBench/1101,sigil,True,80.0,False,False,,90,107,90,107,decode,"ValueError: Parse errors in Sigil source:
line 1, col 1: unexpected token '<subprocess>\n<os>\n<glob>\n<time>\n;; TODO:' in: <subprocess>"
BigCodeBench,BigCodeBench/1102,python,True,100.0,True,True,True,131,131,131,131,,
BigCodeBench,BigCodeBench/1102,kern_compact,True,100.0,True,True,True,131,94,131,94,,
BigCodeBench,BigCodeBench/1102,python_minifier,True,100.0,True,True,False,131,96,131,96,,
BigCodeBench,BigCodeBench/1102,sigil,True,100.0,False,False,,131,112,131,112,decode,"ValueError: Parse errors in Sigil source:
line 4, col 60: unexpected token '.Popen shlex.split f""/usr/bin/Rscript --' in: @tf s:s>dict = start_time:datetime.now() process:subprocess.Popen shlex.split f""/usr/bin/Rscript --vanilla {s}"" stdout:subprocess.PIPE stderr:subprocess.PIPE (stdout stderr):process.communicate() en…"
BigCodeBench,BigCodeBench/1103,python,True,100.0,True,True,True,107,107,107,107,,
BigCodeBench,BigCodeBench/1103,kern_compact,True,100.0,True,True,True,107,80,107,80,,
BigCodeBench,BigCodeBench/1103,python_minifier,True,100.0,True,True,False,107,85,107,85,,
BigCodeBench,BigCodeBench/1103,sigil,True,100.0,False,False,,107,79,107,79,decode,"ValueError: Parse errors in Sigil source:
line 1, col 1: unexpected token '<subprocess>\n<shutil>\n<os>\n@tf s:s s2:s>' in: <subprocess>"
BigCodeBench,BigCodeBench/1104,python,True,100.0,True,True,True,101,101,102,102,,
BigCodeBench,BigCodeBench/1104,kern_compact,True,100.0,True,False,,101,81,102,81,parse,"SyntaxError: invalid syntax. Perhaps you forgot a comma? (<unknown>, line 9)"
BigCodeBench,BigCodeBench/1104,python_minifier,True,100.0,True,True,False,101,85,102,85,,
BigCodeBench,BigCodeBench/1104,sigil,True,75.0,False,False,,101,123,102,124,decode,"ValueError: Parse errors in Sigil source:
line 1, col 1: unexpected token '<subprocess>\n<os>\n<threading>\n;; TODO: m' in: <subprocess>"
BigCodeBench,BigCodeBench/1105,python,True,100.0,True,True,True,209,209,209,209,,
BigCodeBench,BigCodeBench/1105,kern_compact,True,100.0,True,True,True,209,103,209,104,,
BigCodeBench,BigCodeBench/1105,python_minifier,True,100.0,True,True,False,209,99,209,100,,
BigCodeBench,BigCodeBench/1105,sigil,True,80.0,False,False,,209,153,209,153,decode,"ValueError: Parse errors in Sigil source:
line 1, col 1: unexpected token '<subprocess>\n<os>\n<time>\n<glob>\n;; TODO:' in: <subprocess>"
BigCodeBench,BigCodeBench/1106,python,True,100.0,True,True,True,94,94,97,97,,
BigCodeBench,BigCodeBench/1106,kern_compact,True,100.0,True,True,True,94,74,97,77,,
BigCodeBench,BigCodeBench/1106,python_minifier,True,100.0,True,True,False,94,78,97,81,,
BigCodeBench,BigCodeBench/1106,sigil,True,80.0,False,False,,94,101,97,105,decode,"ValueError: Parse errors in Sigil source:
line 1, col 1: unexpected token '<datetime.datetime>\n<os>\n<pathlib.Path>' in: <datetime.datetime>"
BigCodeBench,BigCodeBench/1107,python,True,100.0,True,True,True,133,133,136,136,,
BigCodeBench,BigCodeBench/1107,kern_compact,True,100.0,True,True,True,133,69,136,70,,
BigCodeBench,BigCodeBench/1107,python_minifier,True,100.0,True,True,False,133,72,136,73,,
BigCodeBench,BigCodeBench/1107,sigil,True,100.0,False,False,,133,70,136,73,decode,"ValueError: Parse errors in Sigil source:
line 1, col 1: unexpected token ""<datetime.datetime>\n<pytz>\nDATE_FORMAT:'"" in: <datetime.datetime>"
BigCodeBench,BigCodeBench/1108,python,True,100.0,True,True,True,239,239,240,240,,
BigCodeBench,BigCodeBench/1108,kern_compact,True,100.0,True,True,True,239,173,240,175,,
BigCodeBench,BigCodeBench/1108,python_minifier,True,100.0,True,True,False,239,176,240,178,,
BigCodeBench,BigCodeBench/1108,sigil,True,66.66666666666666,False,False,,239,214,240,216,decode,"ValueError: Parse errors in Sigil source:
line 1, col 1: unexpected token '<collections.Counter>\n<re>\n;; TODO: manu' in: <collections.Counter>"
BigCodeBench,BigCodeBench/1109,python,True,100.0,True,True,True,73,73,78,78,,
BigCodeBench,BigCodeBench/1109,kern_compact,True,100.0,True,True,True,73,64,78,69,,
BigCodeBench,BigCodeBench/1109,python_minifier,True,100.0,True,True,False,73,64,78,69,,
BigCodeBench,BigCodeBench/1109,sigil,True,66.66666666666666,False,False,,73,86,78,91,decode,"ValueError: Parse errors in Sigil source:
line 1, col 1: unexpected token '<os>\n<nltk.word_tokenize>\n;; TODO: manua' in: <os>"
BigCodeBench,BigCodeBench/1110,python,True,100.0,True,True,True,69,69,69,69,,
BigCodeBench,BigCodeBench/1110,kern_compact,True,100.0,True,True,True,69,52,69,52,,
BigCodeBench,BigCodeBench/1110,python_minifier,True,100.0,True,True,False,69,55,69,55,,
BigCodeBench,BigCodeBench/1110,sigil,True,100.0,True,True,False,69,52,69,52,,
BigCodeBench,BigCodeBench/1111,python,True,100.0,True,True,True,147,147,147,147,,
BigCodeBench,BigCodeBench/1111,kern_compact,True,100.0,True,True,True,147,104,147,104,,
BigCodeBench,BigCodeBench/1111,python_minifier,True,100.0,True,True,False,147,109,147,109,,
BigCodeBench,BigCodeBench/1111,sigil,True,80.0,False,False,,147,155,147,155,decode,"ValueError: Parse errors in Sigil source:
line 1, col 1: unexpected token '<collections.Counter>\n<operator.itemgett' in: <collections.Counter>"
BigCodeBench,BigCodeBench/1112,python,True,100.0,True,True,True,154,154,153,153,,
BigCodeBench,BigCodeBench/1112,kern_compact,True,100.0,True,True,True,154,112,153,113,,
BigCodeBench,BigCodeBench/1112,python_minifier,True,100.0,True,True,False,154,134,153,135,,
BigCodeBench,BigCodeBench/1112,sigil,True,80.0,False,False,,154,159,153,158,decode,"ValueError: Parse errors in Sigil source:
line 1, col 1: unexpected token ""<csv>\n<random>\nDATA:['Temperature' 'Humi"" in: <csv>"
BigCodeBench,BigCodeBench/1113,python,True,100.0,True,True,True,114,114,117,117,,
BigCodeBench,BigCodeBench/1113,kern_compact,True,100.0,True,True,True,114,94,117,98,,
BigCodeBench,BigCodeBench/1113,python_minifier,True,100.0,True,True,False,114,104,117,107,,
BigCodeBench,BigCodeBench/1113,sigil,True,66.66666666666666,False,False,,114,133,117,136,decode,"ValueError: Parse errors in Sigil source:
line 1, col 1: unexpected token '<csv>\n<collections>\n;; TODO: manual conv' in: <csv>"
BigCodeBench,BigCodeBench/1114,python,True,100.0,True,True,True,85,85,85,85,,
BigCodeBench,BigCodeBench/1114,kern_compact,True,100.0,True,True,True,85,60,85,61,,
BigCodeBench,BigCodeBench/1114,python_minifier,True,100.0,True,True,False,85,67,85,69,,
BigCodeBench,BigCodeBench/1114,sigil,True,66.66666666666666,False,False,,85,98,85,98,decode,"ValueError: Parse errors in Sigil source:
line 1, col 1: unexpected token '<collections.defaultdict>\n<random.randin' in: <collections.defaultdict>"
BigCodeBench,BigCodeBench/1115,python,True,100.0,True,True,True,78,78,78,78,,
BigCodeBench,BigCodeBench/1115,kern_compact,True,100.0,True,True,True,78,60,78,60,,
BigCodeBench,BigCodeBench/1115,python_minifier,True,100.0,True,True,False,78,62,78,62,,
BigCodeBench,BigCodeBench/1115,sigil,True,66.66666666666666,False,False,,78,90,78,91,decode,"ValueError: Parse errors in Sigil source:
line 1, col 1: unexpected token '<random>\n<string.ascii_uppercase>\n;; TOD' in: <random>"
BigCodeBench,BigCodeBench/1116,python,True,100.0,True,True,True,149,149,150,150,,
BigCodeBench,BigCodeBench/1116,kern_compact,True,100.0,True,True,True,149,89,150,91,,
BigCodeBench,BigCodeBench/1116,python_minifier,True,100.0,True,True,False,149,92,150,93,,
BigCodeBench,BigCodeBench/1116,sigil,True,75.0,False,False,,149,155,150,156,decode,"ValueError: Parse errors in Sigil source:
line 1, col 1: unexpected token '<random>\n<statistics>\nAGE_RANGE:(22 60)' in: <random>"
BigCodeBench,BigCodeBench/1117,python,True,100.0,True,True,True,118,118,118,118,,
BigCodeBench,BigCodeBench/1117,kern_compact,True,100.0,True,True,True,118,85,118,85,,
BigCodeBench,BigCodeBench/1117,python_minifier,True,100.0,True,True,False,118,89,118,89,,
BigCodeBench,BigCodeBench/1117,sigil,True,83.33333333333334,False,False,,118,128,118,128,decode,"ValueError: Parse errors in Sigil source:
line 1, col 1: unexpected token '<collections>\n<random>\n<json>\nPREFICES:[' in: <collections>"
BigCodeBench,BigCodeBench/1118,python,True,100.0,True,True,True,122,122,123,123,,
BigCodeBench,BigCodeBench/1118,kern_compact,True,100.0,True,True,True,122,95,123,96,,
BigCodeBench,BigCodeBench/1118,python_minifier,True,100.0,True,True,False,122,97,123,98,,
BigCodeBench,BigCodeBench/1118,sigil,True,100.0,False,False,,122,83,123,84,decode,"ValueError: Parse errors in Sigil source:
line 1, col 1: unexpected token '<json>\n<csv>\n<requests>\n<io.StringIO>\nCS' in: <json>"
BigCodeBench,BigCodeBench/1119,python,True,100.0,True,True,True,110,110,111,111,,
BigCodeBench,BigCodeBench/1119,kern_compact,True,100.0,True,True,False,110,87,111,89,ast,normalized AST differs
BigCodeBench,BigCodeBench/1119,python_minifier,True,100.0,True,True,False,110,92,111,94,,
BigCodeBench,BigCodeBench/1119,sigil,True,100.0,False,False,,110,93,111,92,decode,"ValueError: Parse errors in Sigil source:
line 5, col 93: unexpected token '.join (random.choice(password_chars) for' in: @tf pa sa = password_chars:string.ascii_letters+string.digits+string.punctuation password:''.join (random.choice(password_chars) for i in range(password_length)) password:codecs.encode password 'lat…"
BigCodeBench,BigCodeBench/1120,python,True,100.0,True,True,True,101,101,101,101,,
BigCodeBench,BigCodeBench/1120,kern_compact,True,100.0,True,True,True,101,82,101,80,,
BigCodeBench,BigCodeBench/1120,python_minifier,True,100.0,True,True,False,101,84,101,82,,
BigCodeBench,BigCodeBench/1120,sigil,True,80.0,False,False,,101,116,101,116,decode,"ValueError: Parse errors in Sigil source:
line 1, col 1: unexpected token '<re>\n<urllib.parse>\n<requests>\n<json>\n;;' in: <re>"
BigCodeBench,BigCodeBench/1121,python,True,100.0,True,True,True,101,101,101,101,,
BigCodeBench,BigCodeBench/1121,kern_compact,True,100.0,True,True,True,101,82,101,80,,
BigCodeBench,BigCodeBench/1121,python_minifier,True,100.0,True,True,False,101,84,101,82,,
BigCodeBench,BigCodeBench/1121,sigil,True,80.0,False,False,,101,116,101,116,decode,"ValueError: Parse errors in Sigil source:
line 1, col 1: unexpected token '<re>\n<urllib.parse>\n<requests>\n<json>\n;;' in: <re>"
BigCodeBench,BigCodeBench/1122,python,True,100.0,True,True,True,101,101,102,102,,
BigCodeBench,BigCodeBench/1122,kern_compact,True,100.0,True,True,True,101,72,102,71,,
BigCodeBench,BigCodeBench/1122,python_minifier,True,100.0,True,True,False,101,75,102,74,,
BigCodeBench,BigCodeBench/1122,sigil,True,75.0,False,False,,101,111,102,111,decode,"ValueError: Parse errors in Sigil source:
line 1, col 1: unexpected token '<re>\n<socket>\n<urllib.parse>\n;; TODO: ma' in: <re>"
BigCodeBench,BigCodeBench/1123,python,True,100.0,True,True,True,144,144,147,147,,
BigCodeBench,BigCodeBench/1123,kern_compact,True,100.0,True,True,True,144,105,147,103,,
BigCodeBench,BigCodeBench/1123,python_minifier,True,100.0,True,True,False,144,111,147,109,,
BigCodeBench,BigCodeBench/1123,sigil,True,80.0,False,False,,144,155,147,157,decode,"ValueError: Parse errors in Sigil source:
line 1, col 1: unexpected token '<re>\n<urllib.parse>\n<ssl>\n<socket>\n;; TO' in: <re>"
BigCodeBench,BigCodeBench/1124,python,True,100.0,True,True,True,201,201,205,205,,
BigCodeBench,BigCodeBench/1124,kern_compact,True,100.0,True,True,True,201,139,205,143,,
BigCodeBench,BigCodeBench/1124,python_minifier,True,100.0,True,True,False,201,141,205,145,,
BigCodeBench,BigCodeBench/1124,sigil,True,100.0,False,False,,201,139,205,139,decode,"ValueError: Parse errors in Sigil source:
line 5, col 59: unexpected token "".search '(https?://\\\\S+)' my !url_match"" in: @tf my = HEADERS:{'User-Agent':'Mozilla/5.0'} url_match:re.search '(https?://\\S+)' my !url_match ? 'No valid URL found in the provided string.' : None url:url_match.group() domain:urlparse url.net…"
BigCodeBench,BigCodeBench/1125,python,True,100.0,True,True,True,83,83,83,83,,
BigCodeBench,BigCodeBench/1125,kern_compact,True,100.0,True,True,True,83,66,83,66,,
BigCodeBench,BigCodeBench/1125,python_minifier,True,100.0,True,True,False,83,68,83,68,,
BigCodeBench,BigCodeBench/1125,sigil,True,100.0,False,False,,83,69,83,69,decode,"ValueError: Parse errors in Sigil source:
line 4, col 129: unexpected token "".post 'https://api.example.com/urls' hea"" in: @tf my to = url:re.search '(https?://\\S+)' my.group() headers:{'Authorization':'Bearer '+to} data:{'url':url} response:requests.post 'https://api.example.com/urls' headers:headers data:json.dumps …"
BigCodeBench,BigCodeBench/1126,python,True,100.0,True,True,True,50,50,51,51,,
BigCodeBench,BigCodeBench/1126,kern_compact,True,100.0,True,True,True,50,37,51,39,,
BigCodeBench,BigCodeBench/1126,python_minifier,True,100.0,True,True,False,50,41,51,43,,
BigCodeBench,BigCodeBench/1126,sigil,True,100.0,False,False,,50,42,51,44,decode,"ValueError: Parse errors in Sigil source:
line 3, col 61: unexpected token ':hashlib.sha256 cleaned_str.encode().hex' in: @tf in = cleaned_str:re.sub '[^A-Za-z0-9]+' '' in hashed_str:hashlib.sha256 cleaned_str.encode().hexdigest() hashed_str"
BigCodeBench,BigCodeBench/1127,python,True,100.0,True,True,True,106,106,107,107,,
BigCodeBench,BigCodeBench/1127,kern_compact,True,100.0,True,True,True,106,76,107,78,,
BigCodeBench,BigCodeBench/1127,python_minifier,True,100.0,True,True,False,106,85,107,87,,
BigCodeBench,BigCodeBench/1127,sigil,True,75.0,False,False,,106,120,107,121,decode,"ValueError: Parse errors in Sigil source:
line 1, col 1: unexpected token '<os>\n<re>\n<hashlib>\n;; TODO: manual conv' in: <os>"
BigCodeBench,BigCodeBench/1128,python,True,100.0,True,True,True,148,148,149,149,,
BigCodeBench,BigCodeBench/1128,kern_compact,True,100.0,True,True,True,148,108,149,110,,
BigCodeBench,BigCodeBench/1128,python_minifier,True,100.0,True,True,False,148,113,149,114,,
BigCodeBench,BigCodeBench/1128,sigil,True,100.0,False,False,,148,121,149,122,decode,"ValueError: Parse errors in Sigil source:
line 6, col 37: unexpected token "":json.load f value:data['A'][un]['mainda"" in: @tf fi un = open fi 'r' |~ f -> data:json.load f value:data['A'][un]['maindata'][0]['Info'] hashed_value:hashlib.sha256 value.encode().digest() hashed_str:base64.b64encode hashed_value.decode() new_…"
BigCodeBench,BigCodeBench/1129,python,True,100.0,True,True,True,145,145,149,149,,
BigCodeBench,BigCodeBench/1129,kern_compact,True,100.0,True,True,True,145,97,149,102,,
BigCodeBench,BigCodeBench/1129,python_minifier,True,100.0,True,True,False,145,102,149,106,,
BigCodeBench,BigCodeBench/1129,sigil,True,100.0,False,False,,145,89,149,93,decode,"ValueError: Parse errors in Sigil source:
line 5, col 65: unexpected token '.get url timestamp:datetime.now().strfti' in: @tf js un sa = data:json.loads js url:data[un] response:requests.get url timestamp:datetime.now().strftime '%Y%m%d%H%M%S%f' filename:f""{un}_{timestamp}.txt"" sa:sa | os.getcwd() file_path:os.path.joi…"
BigCodeBench,BigCodeBench/1130,python,True,100.0,True,True,True,152,152,153,153,,
BigCodeBench,BigCodeBench/1130,kern_compact,True,100.0,True,True,True,152,99,153,101,,
BigCodeBench,BigCodeBench/1130,python_minifier,True,100.0,True,True,False,152,106,153,107,,
BigCodeBench,BigCodeBench/1130,sigil,True,80.0,False,False,,152,156,153,158,decode,"ValueError: Parse errors in Sigil source:
line 1, col 1: unexpected token '<os>\n<hashlib>\n<json>\n<pathlib.Path>\n;;' in: <os>"
BigCodeBench,BigCodeBench/1131,python,True,100.0,True,True,True,148,148,148,148,,
BigCodeBench,BigCodeBench/1131,kern_compact,True,100.0,True,True,True,148,116,148,117,,
BigCodeBench,BigCodeBench/1131,python_minifier,True,100.0,True,True,False,148,118,148,120,,
BigCodeBench,BigCodeBench/1131,sigil,True,66.66666666666666,False,False,,148,170,148,170,decode,"ValueError: Parse errors in Sigil source:
line 1, col 1: unexpected token '<hashlib>\n<binascii>\n;; TODO: manual con' in: <hashlib>"
BigCodeBench,BigCodeBench/1132,python,True,100.0,True,True,True,88,88,89,89,,
BigCodeBench,BigCodeBench/1132,kern_compact,True,100.0,True,True,True,88,68,89,70,,
BigCodeBench,BigCodeBench/1132,python_minifier,True,100.0,True,True,False,88,72,89,74,,
BigCodeBench,BigCodeBench/1132,sigil,True,75.0,False,False,,88,102,89,103,decode,"ValueError: Parse errors in Sigil source:
line 1, col 1: unexpected token '<os>\n<hashlib>\n<base64>\n;; TODO: manual' in: <os>"
BigCodeBench,BigCodeBench/1133,python,True,100.0,True,True,True,104,104,105,105,,
BigCodeBench,BigCodeBench/1133,kern_compact,True,100.0,True,True,True,104,79,105,80,,
BigCodeBench,BigCodeBench/1133,python_minifier,True,100.0,True,True,False,104,80,105,81,,
BigCodeBench,BigCodeBench/1133,sigil,True,66.66666666666666,False,False,,104,112,105,113,decode,"ValueError: Parse errors in Sigil source:
line 1, col 1: unexpected token '<json>\n<requests>\n;; TODO: manual conver' in: <json>"
BigCodeBench,BigCodeBench/1134,python,True,100.0,True,True,True,176,176,179,179,,
BigCodeBench,BigCodeBench/1134,kern_compact,True,100.0,True,False,,176,134,179,136,parse,"SyntaxError: unterminated string literal (detected at line 14) (<unknown>, line 14)"
BigCodeBench,BigCodeBench/1134,python_minifier,True,100.0,True,True,False,176,141,179,146,,
BigCodeBench,BigCodeBench/1134,sigil,True,75.0,False,False,,176,193,179,196,decode,"ValueError: Parse errors in Sigil source:
line 1, col 1: unexpected token '<os>\n<glob>\n<hashlib>\n;; TODO: manual co' in: <os>"
BigCodeBench,BigCodeBench/1135,python,True,100.0,True,True,True,95,95,95,95,,
BigCodeBench,BigCodeBench/1135,kern_compact,True,100.0,True,True,True,95,78,95,78,,
BigCodeBench,BigCodeBench/1135,python_minifier,True,100.0,True,True,False,95,77,95,78,,
BigCodeBench,BigCodeBench/1135,sigil,True,100.0,False,False,,95,71,95,71,decode,"ValueError: Parse errors in Sigil source:
line 4, col 59: unexpected token "".loads response.text repos:{repo['name']"" in: @tf us AP = response:requests.get AP+us+'/repos' data:json.loads response.text repos:{repo['name']: repo['created_at'] for repo in data} sorted_repos:collections.OrderedDict sorted repos.items() key…"
BigCodeBench,BigCodeBench/1136,python,True,100.0,True,True,True,168,168,169,169,,
BigCodeBench,BigCodeBench/1136,kern_compact,True,100.0,True,True,True,168,139,169,140,,
BigCodeBench,BigCodeBench/1136,python_minifier,True,100.0,True,True,False,168,148,169,149,,
BigCodeBench,BigCodeBench/1136,sigil,True,80.0,False,False,,168,182,169,183,decode,"ValueError: Parse errors in Sigil source:
line 1, col 1: unexpected token '<bs4>\n<requests>\n<re>\n<csv>\n;; TODO: man' in: <bs4>"
BigCodeBench,BigCodeBench/1137,python,True,100.0,True,True,True,194,194,195,195,,
BigCodeBench,BigCodeBench/1137,kern_compact,True,100.0,True,True,True,194,150,195,151,,
BigCodeBench,BigCodeBench/1137,python_minifier,True,100.0,True,True,False,194,151,195,153,,
BigCodeBench,BigCodeBench/1137,sigil,True,100.0,False,False,,194,159,195,159,decode,"ValueError: Parse errors in Sigil source:
line 5, col 198: unexpected token ': response:requests.get s headers:HEADE' in: @tf s:s s2:s>list = HEADERS:{'User-Agent':'Mozilla/5.0'} PHONE_REGEX:'\\+\\d{1,3}?\\s?\\(?\\d{1,4}?\\)?\\s?\\d{1,4}?\\s?\\d{1,9}' s.startswith 'file://' ? open s[7:] 'r' |~ file -> text:file.read() …"
BigCodeBench,BigCodeBench/1138,python,True,100.0,True,True,True,46,46,46,46,,
BigCodeBench,BigCodeBench/1138,kern_compact,True,100.0,True,True,True,46,30,46,31,,
BigCodeBench,BigCodeBench/1138,python_minifier,True,100.0,True,True,False,46,32,46,33,,
BigCodeBench,BigCodeBench/1138,sigil,True,100.0,True,True,False,46,34,46,34,,
BigCodeBench,BigCodeBench/1139,python,True,100.0,True,True,True,132,132,133,133,,
BigCodeBench,BigCodeBench/1139,kern_compact,True,100.0,True,True,True,132,91,133,92,,
BigCodeBench,BigCodeBench/1139,python_minifier,True,100.0,True,True,False,132,93,133,94,,
BigCodeBench,BigCodeBench/1139,sigil,True,100.0,False,False,,132,97,133,98,decode,"ValueError: Parse errors in Sigil source:
line 5, col 91: unexpected token ':train_test_split X y test_size:0.2 rand' in: @tf da = df:pd.DataFrame da X:df[['Hours']] y:df['Scores'] (X_train X_test y_train y_test):train_test_split X y test_size:0.2 random_state:42 model:LinearRegression() model.fit X_train y_train predi…"
